lot_id,timestamp_hour,crop_type,temperature_C,humidity_RH,initial_quality,cnn_ripeness_score,transport_duration_h,T_ref_C,Q10,r_ref_per_day,delta_t_days,degradation_rate,cumulative_degradation_D,RSL_physics_days,RSL_actual_days,delta_RSL_ML_target_days,S0_days,degradation_increment
1,0,Tomato,23.05,71.84,0.876,0.412,3.97,25.0,2.0,1.0,0.041667,0.8735728959166943,0.0363991618541609,9.963600838145839,9.8812,-0.08240083814583876,10.0,0.0363991618541609
1,1,Tomato,23.58,70.35,0.876,0.412,3.97,25.0,2.0,1.0,0.041667,0.9062619382673343,0.07416037803594591,9.925839621964053,9.8013,-0.12453962196405399,10.0,0.03776121618178502
1,2,Tomato,24.35,76.2,0.876,0.412,3.97,25.0,2.0,1.0,0.041667,0.9559453175937422,0.11399175158412438,9.886008248415875,9.6645,-0.22150824841587458,10.0,0.03983137354817846
1,3,Tomato,24.89,75.83,0.876,0.412,3.97,25.0,2.0,1.0,0.041667,0.9924043746858187,0.15534226466415837,9.844657735335842,9.6979,-0.14675773533584113,10.0,0.041350513080034006
1,4,Tomato,25.95,79.54,0.876,0.412,3.97,25.0,2.0,1.0,0.041667,1.0680654080478515,0.19984534602128823,9.800154653978712,9.8131,0.012945346021288273,10.0,0.04450308135712983
1,5,Tomato,25.81,87.5,0.876,0.412,3.97,25.0,2.0,1.0,0.041667,1.057750963618427,0.24391865542237723,9.756081344577623,9.7226,-0.03348134457762342,10.0,0.044073309401089
1,6,Tomato,25.9,90.21,0.876,0.412,3.97,25.0,2.0,1.0,0.041667,1.0643701824533598,0.28826776781466135,9.711732232185339,9.6723,-0.03943223218533909,10.0,0.044349112392284146
1,7,Tomato,28.18,81.64,0.876,0.412,3.97,25.0,2.0,1.0,0.041667,1.2466011942750974,0.34020989977652183,9.659790100223479,9.5673,-0.09249010022347903,10.0,0.05194213196186049
1,8,Tomato,27.58,82.08,0.876,0.412,3.97,25.0,2.0,1.0,0.041667,1.195819796776124,0.3900361232487926,9.609963876751207,9.4761,-0.1338638767512066,10.0,0.04982622347227076
1,9,Tomato,28.3,72.57,0.876,0.412,3.97,25.0,2.0,1.0,0.041667,1.2570133745218284,0.4424120995249936,9.557587900475006,9.4284,-0.1291879004750065,10.0,0.052375976276201025
1,10,Tomato,33.93,78.66,0.876,0.412,3.97,25.0,2.0,1.0,0.041667,1.857033704613458,0.5197891228951226,9.480210877104877,9.4624,-0.01781087710487661,10.0,0.07737702337012896
1,11,Tomato,27.49,71.15,0.876,0.412,3.97,25.0,2.0,1.0,0.041667,1.1883831050569318,0.5693054817335298,9.43069451826647,9.2307,-0.19999451826646997,10.0,0.04951635883840718
1,12,Tomato,28.23,67.1,0.876,0.412,3.97,25.0,2.0,1.0,0.041667,1.2509290801132664,0.6214279437146093,9.37857205628539,9.2106,-0.16797205628539125,10.0,0.052122461981079476
1,13,Tomato,27.39,68.8,0.876,0.412,3.97,25.0,2.0,1.0,0.041667,1.1801743433362017,0.6706022680783987,9.3293977319216,9.3274,-0.001997731921600021,10.0,0.049174324363789525
1,14,Tomato,26.65,65.58,0.876,0.412,3.97,25.0,2.0,1.0,0.041667,1.1211660780285087,0.7173178950516127,9.282682104948387,9.3346,0.05191789505161282,10.0,0.046715626973213874
1,15,Tomato,24.81,73.17,0.876,0.412,3.97,25.0,2.0,1.0,0.041667,0.9869165458858418,0.758439746769038,9.241560253230961,9.149,-0.09256025323096218,10.0,0.04112185171742537
1,16,Tomato,22.6,61.05,0.876,0.412,3.97,25.0,2.0,1.0,0.041667,0.8467453123625273,0.7937210836992474,9.206278916300752,9.0106,-0.19567891630075174,10.0,0.03528133693020943
1,17,Tomato,22.92,60.55,0.876,0.412,3.97,25.0,2.0,1.0,0.041667,0.8657365655196585,0.829793729174755,9.170206270825245,9.165,-0.005206270825246051,10.0,0.03607264547550761
1,18,Tomato,23.3,66.24,0.876,0.412,3.97,25.0,2.0,1.0,0.041667,0.8888426811665703,0.8668291371709226,9.133170862829077,9.0618,-0.07137086282907745,10.0,0.03703540799616749
1,19,Tomato,21.86,61.89,0.876,0.412,3.97,25.0,2.0,1.0,0.041667,0.8044083709419158,0.9003464207629593,9.09965357923704,9.0403,-0.05935357923704032,10.0,0.0335172835920368
1,20,Tomato,26.92,60.0,0.876,0.412,3.97,25.0,2.0,1.0,0.041667,1.1423462468485455,0.9479445618303977,9.052055438169603,8.9331,-0.11895543816960341,10.0,0.04759814106743835
1,21,Tomato,22.41,65.64,0.876,0.412,3.97,25.0,2.0,1.0,0.041667,0.8356669589218535,0.9827642970077946,9.017235702992206,8.8513,-0.16593570299220595,10.0,0.03481973517739687
1,22,Tomato,23.33,62.68,0.876,0.412,3.97,25.0,2.0,1.0,0.041667,0.8906929006066808,1.019876798097373,8.980123201902627,8.888,-0.09212320190262702,10.0,0.03711250108957857
1,23,Tomato,22.41,69.68,0.876,0.412,3.97,25.0,2.0,1.0,0.041667,0.8356669589218535,1.05469653327477,8.94530346672523,8.8688,-0.07650346672522979,10.0,0.03481973517739687
1,24,Tomato,22.53,73.48,0.876,0.412,3.97,25.0,2.0,1.0,0.041667,0.8426468295031517,1.0898070987196777,8.910192901280322,8.6797,-0.2304929012803214,10.0,0.03511056544490782
1,25,Tomato,24.05,72.64,0.876,0.412,3.97,25.0,2.0,1.0,0.041667,0.9362722474344923,1.1288187544535309,8.871181245546468,8.6704,-0.2007812455464677,10.0,0.03901165573385299
1,26,Tomato,25.31,80.07,0.876,0.412,3.97,25.0,2.0,1.0,0.041667,1.0217200827143014,1.1713907651399875,8.828609234860012,8.8232,-0.005409234860012546,10.0,0.042572010686456795
1,27,Tomato,24.39,82.87,0.876,0.412,3.97,25.0,2.0,1.0,0.041667,0.9585994384929766,1.2113327279436745,8.788667272056326,8.7088,-0.07986727205632604,10.0,0.03994196280368686
1,28,Tomato,30.94,83.29,0.876,0.412,3.97,25.0,2.0,1.0,0.041667,1.5094259685205598,1.2742259797740207,8.725774020225979,8.3979,-0.32787402022597867,10.0,0.06289325183034616
1,29,Tomato,25.53,86.6,0.876,0.412,3.97,25.0,2.0,1.0,0.041667,1.0374199365656114,1.3174521562709,8.6825478437291,8.3006,-0.38194784372910107,10.0,0.043226176496879334
1,30,Tomato,26.71,80.8,0.876,0.412,3.97,25.0,2.0,1.0,0.041667,1.1258385861367626,1.3643624726394605,8.63563752736054,8.4724,-0.16323752736053976,10.0,0.04691031636856049
1,31,Tomato,27.72,85.05,0.876,0.412,3.97,25.0,2.0,1.0,0.041667,1.2074805914864961,1.4146745664449283,8.585325433555072,8.3148,-0.27052543355507197,10.0,0.050312093805467833
1,32,Tomato,28.55,83.66,0.876,0.412,3.97,25.0,2.0,1.0,0.041667,1.278985581277429,1.467966058660015,8.532033941339986,8.1982,-0.3338339413399858,10.0,0.05329149221508663
1,33,Tomato,28.22,78.9,0.876,0.412,3.97,25.0,2.0,1.0,0.041667,1.250062302585209,1.5200524046218329,8.479947595378167,8.2934,-0.18654759537816723,10.0,0.0520863459618179
1,34,Tomato,30.78,81.16,0.876,0.412,3.97,25.0,2.0,1.0,0.041667,1.492778383296953,1.582252001518667,8.417747998481333,8.2217,-0.19604799848133325,10.0,0.062199596896834144
1,35,Tomato,28.34,70.16,0.876,0.412,3.97,25.0,2.0,1.0,0.041667,1.2605033915829855,1.6347733963357554,8.365226603664244,8.2696,-0.09562660366424325,10.0,0.052521394817088264
1,36,Tomato,28.38,72.88,0.876,0.412,3.97,25.0,2.0,1.0,0.041667,1.2640030984528068,1.6874406134389883,8.312559386561011,8.2836,-0.028959386561011158,10.0,0.052667217103233105
1,37,Tomato,25.41,65.6,0.876,0.412,3.97,25.0,2.0,1.0,0.041667,1.0288267078935756,1.73030873587679,8.26969126412321,8.2108,-0.05889126412320955,10.0,0.042868122437801616
1,38,Tomato,25.72,65.73,0.876,0.412,3.97,25.0,2.0,1.0,0.041667,1.0511729090877064,1.7741079574797474,8.225892042520252,8.2095,-0.016392042520251948,10.0,0.04379922160295747
1,39,Tomato,23.9,63.79,0.876,0.412,3.97,25.0,2.0,1.0,0.041667,0.9265880618903708,1.8127161022545335,8.187283897745466,8.0613,-0.12598389774546703,10.0,0.03860814477478608
1,40,Tomato,24.26,73.48,0.876,0.412,3.97,25.0,2.0,1.0,0.041667,0.9500003828748861,1.8522997682077813,8.147700231792218,8.0036,-0.14410023179221731,10.0,0.03958366595324788
1,41,Tomato,24.07,61.83,0.876,0.412,3.97,25.0,2.0,1.0,0.041667,0.9375710964571098,1.8913655430838598,8.10863445691614,7.9069,-0.20173445691614056,10.0,0.039065774876078395
1,42,Tomato,21.64,59.35,0.876,0.412,3.97,25.0,2.0,1.0,0.041667,0.7922348109249692,1.9243755909506706,8.075624409049329,7.8983,-0.1773244090493291,10.0,0.03301004786681069
1,43,Tomato,22.64,64.03,0.876,0.412,3.97,25.0,2.0,1.0,0.041667,0.8490962464468398,1.959754884251371,8.040245115748629,7.9063,-0.1339451157486291,10.0,0.03537929330070048
1,44,Tomato,21.12,66.86,0.876,0.412,3.97,25.0,2.0,1.0,0.041667,0.7641882603825834,1.991596316496732,8.008403683503268,7.9361,-0.07230368350326799,10.0,0.0318414322453611
1,45,Tomato,20.76,63.33,0.876,0.412,3.97,25.0,2.0,1.0,0.041667,0.7453551933994603,2.0226530313401074,7.977346968659893,7.8753,-0.10204696865989238,10.0,0.031056714843375317
1,46,Tomato,25.53,72.43,0.876,0.412,3.97,25.0,2.0,1.0,0.041667,1.0374199365656114,2.0658792078369865,7.9341207921630135,7.7978,-0.13632079216301385,10.0,0.043226176496879334
1,47,Tomato,22.04,73.25,0.876,0.412,3.97,25.0,2.0,1.0,0.041667,0.8145075630702153,2.0998172944674334,7.900182705532567,7.6343,-0.265882705532567,10.0,0.033938086630446666
1,48,Tomato,22.84,68.22,0.876,0.412,3.97,25.0,2.0,1.0,0.041667,0.860949188338904,2.1356904642979506,7.864309535702049,7.7112,-0.15310953570204955,10.0,0.03587316983051712
1,49,Tomato,22.93,79.35,0.876,0.412,3.97,25.0,2.0,1.0,0.041667,0.8663368564000873,2.171788122093573,7.828211877906427,7.4749,-0.35331187790642726,10.0,0.03609765779562244
1,50,Tomato,24.68,85.48,0.876,0.412,3.97,25.0,2.0,1.0,0.041667,0.9780634734473393,2.212541092841703,7.787458907158297,7.4734,-0.3140589071582971,10.0,0.04075297074813029
1,51,Tomato,23.01,80.66,0.876,0.412,3.97,25.0,2.0,1.0,0.041667,0.8711541921422563,2.2488394745656946,7.7511605254343054,7.3663,-0.3848605254343056,10.0,0.0362983817239914
1,52,Tomato,31.4,82.86,0.876,0.412,3.97,25.0,2.0,1.0,0.041667,1.5583291593209996,2.3137703756471226,7.686229624352878,7.379,-0.30722962435287826,10.0,0.0649309010814281
1,53,Tomato,26.05,80.99,0.876,0.412,3.97,25.0,2.0,1.0,0.041667,1.0754943904573782,2.3585830004143102,7.64141699958569,7.3791,-0.26231699958569,10.0,0.04481262476718758
1,54,Tomato,28.14,88.24,0.876,0.412,3.97,25.0,2.0,1.0,0.041667,1.2431496689039396,2.4103813176685307,7.589618682331469,7.0135,-0.5761186823314697,10.0,0.051798317254220454
1,55,Tomato,26.85,83.1,0.876,0.412,3.97,25.0,2.0,1.0,0.041667,1.136816973236014,2.4577490704923557,7.542250929507644,7.1742,-0.3680509295076444,10.0,0.047367752823825
1,56,Tomato,28.55,79.7,0.876,0.412,3.97,25.0,2.0,1.0,0.041667,1.278985581277429,2.5110405627074424,7.488959437292557,7.078,-0.4109594372925569,10.0,0.05329149221508663
1,57,Tomato,27.77,74.12,0.876,0.412,3.97,25.0,2.0,1.0,0.041667,1.211672660430243,2.5615273274495896,7.438472672550411,7.1265,-0.31197267255041083,10.0,0.05048676474214694
1,58,Tomato,28.05,75.74,0.876,0.412,3.97,25.0,2.0,1.0,0.041667,1.2354186371269291,2.613003515802757,7.386996484197243,7.2747,-0.11229648419724292,10.0,0.05147618835316776
1,59,Tomato,26.79,74.41,0.876,0.412,3.97,25.0,2.0,1.0,0.041667,1.1320989021106738,2.6601746807570024,7.339825319242998,7.0568,-0.2830253192429977,10.0,0.04717116495424545
1,60,Tomato,26.89,64.72,0.876,0.412,3.97,25.0,2.0,1.0,0.041667,1.139973272693461,2.707673947110321,7.292326052889679,7.2168,-0.07552605288967928,10.0,0.04749926635331844
1,61,Tomato,28.56,62.06,0.876,0.412,3.97,25.0,2.0,1.0,0.041667,1.2798724138443078,2.7610023909779717,7.238997609022029,7.0811,-0.15789760902202854,10.0,0.05332844386765078
1,62,Tomato,25.38,79.05,0.876,0.412,3.97,25.0,2.0,1.0,0.041667,1.026689545719999,2.803781464279487,7.196218535720513,6.7994,-0.39681853572051295,10.0,0.042779073301515196
1,63,Tomato,24.61,62.83,0.876,0.412,3.97,25.0,2.0,1.0,0.041667,0.9733293741582382,2.8443371793125385,7.1556628206874615,6.9997,-0.1559628206874617,10.0,0.04055571503305131
1,64,Tomato,24.91,60.17,0.876,0.412,3.97,25.0,2.0,1.0,0.041667,0.9937810933225548,2.8857450561280094,7.114254943871991,6.8822,-0.232054943871991,10.0,0.041407876815470895
1,65,Tomato,22.04,58.39,0.876,0.412,3.97,25.0,2.0,1.0,0.041667,0.8145075630702153,2.9196831427584558,7.080316857241544,7.015,-0.06531685724154457,10.0,0.033938086630446666
1,66,Tomato,22.6,66.04,0.876,0.412,3.97,25.0,2.0,1.0,0.041667,0.8467453123625273,2.954964479688665,7.045035520311335,6.8408,-0.20423552031133507,10.0,0.03528133693020943
1,67,Tomato,27.99,65.43,0.876,0.412,3.97,25.0,2.0,1.0,0.041667,1.2302913447511443,3.0062270291504114,6.993772970849589,6.8196,-0.17417297084958872,10.0,0.05126254946174593
1,68,Tomato,22.03,69.98,0.876,0.412,3.97,25.0,2.0,1.0,0.041667,0.8139431850704346,3.040141599842741,6.959858400157259,6.7798,-0.18005840015725916,10.0,0.0339145706923298
1,69,Tomato,21.1,62.5,0.876,0.412,3.97,25.0,2.0,1.0,0.041667,0.7631296044802797,3.0719389210726207,6.92806107892738,6.7791,-0.1489610789273801,10.0,0.03179732122987981
1,70,Tomato,22.63,66.34,0.876,0.412,3.97,25.0,2.0,1.0,0.041667,0.8485079017058962,3.1072936998130003,6.892706300186999,6.6718,-0.22090630018699908,10.0,0.03535477874037958
1,71,Tomato,23.2,70.53,0.876,0.412,3.97,25.0,2.0,1.0,0.041667,0.8827029962906549,3.1440732855594433,6.855926714440557,6.6058,-0.25012671444055634,10.0,0.03677958574644272
1,72,Tomato,22.26,72.28,0.876,0.412,3.97,25.0,2.0,1.0,0.041667,0.8270233684432657,3.178532868252369,6.821467131747632,6.5256,-0.2958671317476318,10.0,0.03445958269292555
1,73,Tomato,22.93,76.78,0.876,0.412,3.97,25.0,2.0,1.0,0.041667,0.8663368564000873,3.214630526047991,6.785369473952009,6.287,-0.4983694739520095,10.0,0.03609765779562244
1,74,Tomato,22.8,76.32,0.876,0.412,3.97,25.0,2.0,1.0,0.041667,0.8585654364377538,3.250404372088043,6.749595627911956,6.4782,-0.27139562791195626,10.0,0.03577384604005189
1,75,Tomato,25.11,84.53,0.876,0.412,3.97,25.0,2.0,1.0,0.041667,1.007653760410504,3.2923902813230677,6.707609718676933,6.0968,-0.6108097186769328,10.0,0.041985909235024474
1,76,Tomato,29.12,82.31,0.876,0.412,3.97,25.0,2.0,1.0,0.041667,1.3305290410806863,3.3478294348777764,6.652170565122224,6.078,-0.5741705651222233,10.0,0.05543915355470896
1,77,Tomato,26.8,82.21,0.876,0.412,3.97,25.0,2.0,1.0,0.041667,1.1328838852957988,3.3950333077263966,6.604966692273603,6.0671,-0.5378666922736031,10.0,0.04720387284862005
1,78,Tomato,27.41,82.55,0.876,0.412,3.97,25.0,2.0,1.0,0.041667,1.1818115469343653,3.4442758494525108,6.555724150547489,6.027,-0.5287241505474887,10.0,0.049242541726114204
1,79,Tomato,27.94,81.29,0.876,0.412,3.97,25.0,2.0,1.0,0.041667,1.2260348600531565,3.4953610439663456,6.504638956033654,5.9789,-0.5257389560336536,10.0,0.05108519451383488
1,80,Tomato,29.52,82.38,0.876,0.412,3.97,25.0,2.0,1.0,0.041667,1.3679353039024909,3.552358804274051,6.447641195725949,5.9272,-0.5204411957259492,10.0,0.05699776030770509
1,81,Tomato,27.9,80.79,0.876,0.412,3.97,25.0,2.0,1.0,0.041667,1.2226402776920684,3.603302556724646,6.396697443275354,5.8952,-0.5014974432753538,10.0,0.05094375245059542
1,82,Tomato,26.72,73.29,0.876,0.412,3.97,25.0,2.0,1.0,0.041667,1.1266192284972791,3.6502454001184423,6.349754599881558,5.9953,-0.35445459988155736,10.0,0.04694284339379613
1,83,Tomato,25.96,74.11,0.876,0.412,3.97,25.0,2.0,1.0,0.041667,1.0688059912110082,3.6947793393542314,6.305220660645769,5.9802,-0.3250206606457686,10.0,0.04453393923578908
1,84,Tomato,28.56,73.95,0.876,0.412,3.97,25.0,2.0,1.0,0.041667,1.2798724138443078,3.748107783221882,6.251892216778118,5.8286,-0.4232922167781181,10.0,0.05332844386765078
1,85,Tomato,26.91,64.62,0.876,0.412,3.97,25.0,2.0,1.0,0.041667,1.1415547071267738,3.7956729432037335,6.2043270567962665,5.9905,-0.21382705679626657,10.0,0.047565159981851284
1,86,Tomato,26.19,60.91,0.876,0.412,3.97,25.0,2.0,1.0,0.041667,1.0859818563222943,3.8409225492111143,6.159077450788885,5.8729,-0.2861774507888857,10.0,0.04524960600738104
1,87,Tomato,25.4,64.8,0.876,0.412,3.97,25.0,2.0,1.0,0.041667,1.0281138266560663,3.8837609680263925,6.116239031973608,5.997,-0.11923903197360808,10.0,0.04283841881527832
1,88,Tomato,24.67,61.31,0.876,0.412,3.97,25.0,2.0,1.0,0.041667,0.9773857664108054,3.9244857007554317,6.075514299244569,5.8825,-0.19301429924456848,10.0,0.04072473272903903
1,89,Tomato,22.41,63.66,0.876,0.412,3.97,25.0,2.0,1.0,0.041667,0.8356669589218535,3.9593054359328286,6.040694564067172,5.7293,-0.3113945640671716,10.0,0.03481973517739687
1,90,Tomato,22.73,66.78,0.876,0.412,3.97,25.0,2.0,1.0,0.041667,0.8544097408897331,3.994906126606481,6.005093873393519,5.7345,-0.27059387339351915,10.0,0.03560069067365251
1,91,Tomato,22.64,66.33,0.876,0.412,3.97,25.0,2.0,1.0,0.041667,0.8490962464468398,4.030285419907182,5.969714580092818,5.6138,-0.3559145800928176,10.0,0.03537929330070048
1,92,Tomato,27.17,68.71,0.876,0.412,3.97,25.0,2.0,1.0,0.041667,1.1623141075181174,4.078715561825139,5.921284438174861,5.6704,-0.25088443817486095,10.0,0.0484301419179574
1,93,Tomato,22.96,60.86,0.876,0.412,3.97,25.0,2.0,1.0,0.041667,0.8681402276010429,4.1148883606885915,5.8851116393114085,5.6091,-0.2760116393114087,10.0,0.036172798863452656
1,94,Tomato,22.71,66.98,0.876,0.412,3.97,25.0,2.0,1.0,0.041667,0.8532260981120675,4.1504397325186275,5.8495602674813725,5.6621,-0.1874602674813728,10.0,0.03555137183003552
1,95,Tomato,20.79,70.81,0.876,0.412,3.97,25.0,2.0,1.0,0.041667,0.7469067285561712,4.181561095177377,5.818438904822623,5.2825,-0.5359389048226229,10.0,0.031121362658749988
2,0,Banana,27.5,78.9,0.916,0.446,4.58,25.0,2.2,1.0,0.041667,1.2178832856309068,0.050745542862382996,7.949254457137617,6.9621,-0.987154457137617,8.0,0.050745542862382996
2,1,Banana,28.49,79.43,0.916,0.446,4.58,25.0,2.2,1.0,0.041667,1.3167566356279305,0.10561084159909198,7.894389158400908,6.8672,-1.0271891584009074,8.0,0.054865298736708985
2,2,Banana,27.44,76.85,0.916,0.446,4.58,25.0,2.2,1.0,0.041667,1.2121353979998906,0.15611688722755343,7.843883112772446,6.8409,-1.002983112772446,8.0,0.05050604562846144
2,3,Banana,27.07,77.37,0.916,0.446,4.58,25.0,2.2,1.0,0.041667,1.1772846863620643,0.20517080825420156,7.794829191745799,6.611,-1.183829191745799,8.0,0.049053921026648135
2,4,Banana,27.25,75.45,0.916,0.446,4.58,25.0,2.2,1.0,0.041667,1.1941121112502338,0.25492587759366503,7.745074122406335,6.7304,-1.0146741224063343,8.0,0.04975506933946349
2,5,Banana,27.36,70.02,0.916,0.446,4.58,25.0,2.2,1.0,0.041667,1.2045137241188797,0.3051143509365264,7.694885649063473,6.736,-0.9588856490634736,8.0,0.05018847334286136
2,6,Banana,26.82,62.73,0.916,0.446,4.58,25.0,2.2,1.0,0.041667,1.1543059330567251,0.353210816249201,7.646789183750799,6.7751,-0.8716891837507985,8.0,0.04809646531267457
2,7,Banana,29.97,68.93,0.916,0.446,4.58,25.0,2.2,1.0,0.041667,1.4797354297316254,0.4148669523998286,7.585133047600172,6.5965,-0.9886330476001719,8.0,0.06165613615062764
2,8,Banana,24.83,65.33,0.916,0.446,4.58,25.0,2.2,1.0,0.041667,0.9866856554525896,0.45597918360557166,7.544020816394428,6.4674,-1.0766208163944286,8.0,0.041112231205743054
2,9,Banana,24.11,61.52,0.916,0.446,4.58,25.0,2.2,1.0,0.041667,0.9322328046682317,0.4948225278776829,7.505177472122317,6.4034,-1.1017774721223166,8.0,0.03884334427211121
2,10,Banana,24.35,65.13,0.916,0.446,4.58,25.0,2.2,1.0,0.041667,0.9500413885672393,0.534407902415114,7.465592097584886,6.3762,-1.089392097584886,8.0,0.03958537453743116
2,11,Banana,23.43,66.57,0.916,0.446,4.58,25.0,2.2,1.0,0.041667,0.8835673090473547,0.5712235014811902,7.428776498518809,6.4449,-0.9838764985188098,8.0,0.03681559906607613
2,12,Banana,22.48,60.28,0.916,0.446,4.58,25.0,2.2,1.0,0.041667,0.8198029644842251,0.6053822316023544,7.394617768397645,6.2143,-1.1803177683976456,8.0,0.03415873012116421
2,13,Banana,23.21,59.03,0.916,0.446,4.58,25.0,2.2,1.0,0.041667,0.8683730569817524,0.6415647317676131,7.358435268232387,6.3723,-0.9861352682323865,8.0,0.03618250016525868
2,14,Banana,21.67,62.89,0.916,0.446,4.58,25.0,2.2,1.0,0.041667,0.7690830630030955,0.6736101157537631,7.326389884246237,6.2249,-1.101489884246237,8.0,0.032045383986149985
2,15,Banana,21.51,66.95,0.916,0.446,4.58,25.0,2.2,1.0,0.041667,0.7594417775788336,0.7052537763001403,7.2947462236998595,6.1829,-1.1118462236998594,8.0,0.03164366054637726
2,16,Banana,22.47,68.94,0.916,0.446,4.58,25.0,2.2,1.0,0.041667,0.8191568395572788,0.7393855843339735,7.260614415666026,6.1462,-1.114414415666026,8.0,0.03413180803383314
2,17,Banana,21.96,72.07,0.916,0.446,4.58,25.0,2.2,1.0,0.041667,0.7868709370859137,0.7721721356695322,7.227827864330468,6.2154,-1.0124278643304683,8.0,0.032786551335558765
2,18,Banana,23.77,72.08,0.916,0.446,4.58,25.0,2.2,1.0,0.041667,0.9075739257087423,0.8099880184320384,7.190011981567961,6.1344,-1.055611981567961,8.0,0.037815882762506164
2,19,Banana,21.1,77.58,0.916,0.446,4.58,25.0,2.2,1.0,0.041667,0.7352840656612796,0.8406250995959469,7.159374900404053,5.9816,-1.177774900404053,8.0,0.03063708116390854
2,20,Banana,23.27,79.71,0.916,0.446,4.58,25.0,2.2,1.0,0.041667,0.8724908401613948,0.8769791754329518,7.123020824567048,5.9903,-1.1327208245670475,8.0,0.03635407583700484
2,21,Banana,24.71,83.56,0.916,0.446,4.58,25.0,2.2,1.0,0.041667,0.9773941656192138,0.9177042581318076,7.082295741868192,5.8736,-1.2086957418681923,8.0,0.04072508269885578
2,22,Banana,26.84,83.91,0.916,0.446,4.58,25.0,2.2,1.0,0.041667,1.1561276110126881,0.9658766272998732,7.034123372700127,5.7159,-1.3182233727001265,8.0,0.04817236916806568
2,23,Banana,25.63,83.11,0.916,0.446,4.58,25.0,2.2,1.0,0.041667,1.0509271911424118,1.009665610573204,6.9903343894267955,5.7692,-1.2211343894267959,8.0,0.043788983273330875
2,24,Banana,27.61,86.46,0.916,0.446,4.58,25.0,2.2,1.0,0.041667,1.2284919632726266,1.0608531852068845,6.939146814793116,5.6426,-1.2965468147931158,8.0,0.05118757463368053
2,25,Banana,28.16,81.96,0.916,0.446,4.58,25.0,2.2,1.0,0.041667,1.2829376993426505,1.114309350325395,6.885690649674605,5.6785,-1.2071906496746054,8.0,0.05345616511851022
2,26,Banana,25.93,80.31,0.916,0.446,4.58,25.0,2.2,1.0,0.041667,1.076081857418651,1.1591464530784579,6.840853546921542,5.655,-1.1858535469215417,8.0,0.044837102753062935
2,27,Banana,29.17,71.58,0.916,0.446,4.58,25.0,2.2,1.0,0.041667,1.3892815170135973,1.2170336460478632,6.782966353952137,5.631,-1.1519663539521368,8.0,0.05788719296940556
2,28,Banana,26.46,74.86,0.916,0.446,4.58,25.0,2.2,1.0,0.041667,1.1220022075513976,1.2637841120299074,6.736215887970093,5.6595,-1.0767158879700922,8.0,0.04675046598204408
2,29,Banana,27.65,67.79,0.916,0.446,4.58,25.0,2.2,1.0,0.041667,1.2323725335067637,1.3151333783835337,6.684866621616466,5.6647,-1.0201666216164664,8.0,0.05134926635362633
2,30,Banana,27.53,73.37,0.916,0.446,4.58,25.0,2.2,1.0,0.041667,1.2207674424600539,1.3659990954085168,6.634000904591483,5.4442,-1.1898009045914826,8.0,0.05086571702498307
2,31,Banana,26.8,78.68,0.916,0.446,4.58,25.0,2.2,1.0,0.041667,1.1524871254677906,1.4140197764653832,6.585980223534617,5.3271,-1.258880223534617,8.0,0.04802068105686644
2,32,Banana,26.14,66.09,0.916,0.446,4.58,25.0,2.2,1.0,0.041667,1.0940475190114094,1.4596054544400316,6.540394545559968,5.4047,-1.1356945455599678,8.0,0.0455856779746484
2,33,Banana,24.05,62.17,0.916,0.446,4.58,25.0,2.2,1.0,0.041667,0.9278330649966224,1.4982654747592459,6.501734525240754,5.3467,-1.1550345252407537,8.0,0.03866002031921427
2,34,Banana,24.94,66.47,0.916,0.446,4.58,25.0,2.2,1.0,0.041667,0.9952804281831993,1.5397358243603554,6.460264175639645,5.2733,-1.1869641756396447,8.0,0.04147034960110937
2,35,Banana,22.32,62.51,0.916,0.446,4.58,25.0,2.2,1.0,0.041667,0.8095258504084252,1.5734663379693232,6.4265336620306766,5.3746,-1.0519336620306765,8.0,0.03373051360896785
2,36,Banana,23.42,62.12,0.916,0.446,4.58,25.0,2.2,1.0,0.041667,0.882870928468432,1.6102529209458174,6.389747079054183,5.4627,-0.9270470790541827,8.0,0.036786582976494155
2,37,Banana,28.1,63.56,0.916,0.446,4.58,25.0,2.2,1.0,0.041667,1.2768827827341218,1.6634567958539999,6.336543204146,5.2679,-1.0686432041460003,8.0,0.05320387490818266
2,38,Banana,22.28,66.1,0.916,0.446,4.58,25.0,2.2,1.0,0.041667,0.806976765749811,1.6970810967524974,6.302918903247503,5.0563,-1.2466189032475024,8.0,0.033624300898497377
2,39,Banana,23.7,63.83,0.916,0.446,4.58,25.0,2.2,1.0,0.041667,0.9025786399907679,1.7346888409449928,6.265311159055007,5.1206,-1.1447111590550074,8.0,0.03760774419249533
2,40,Banana,24.41,70.76,0.916,0.446,4.58,25.0,2.2,1.0,0.041667,0.954546439038754,1.7744619274204205,6.22553807257958,5.1253,-1.1002380725795797,8.0,0.039773086475427766
2,41,Banana,25.92,74.33,0.916,0.446,4.58,25.0,2.2,1.0,0.041667,1.075233747151143,1.8192636919629672,6.180736308037033,4.7741,-1.406636308037033,8.0,0.04480176454254668
2,42,Banana,21.77,70.48,0.916,0.446,4.58,25.0,2.2,1.0,0.041667,0.7751709235746577,1.8515627388355524,6.148437261164448,4.9339,-1.2145372611644474,8.0,0.032299046872585266
2,43,Banana,22.21,76.78,0.916,0.446,4.58,25.0,2.2,1.0,0.041667,0.8025351666706625,1.8850019716252189,6.114998028374782,4.7552,-1.3597980283747813,8.0,0.0334392327896665
2,44,Banana,24.09,81.0,0.916,0.446,4.58,25.0,2.2,1.0,0.041667,0.9307639114994214,1.9237841115256653,6.0762158884743345,4.7533,-1.3229158884743342,8.0,0.03878213990044639
2,45,Banana,24.08,80.55,0.916,0.446,4.58,25.0,2.2,1.0,0.041667,0.9300303330782942,1.9625356854140386,6.037464314585962,4.7477,-1.2897643145859616,8.0,0.03875157388837329
2,46,Banana,25.86,81.53,0.916,0.446,4.58,25.0,2.2,1.0,0.041667,1.0701591042616154,2.0071260048113073,5.992873995188693,4.6221,-1.370773995188693,8.0,0.044590319397268735
2,47,Banana,30.49,79.86,0.916,0.446,4.58,25.0,2.2,1.0,0.041667,1.5416651381723034,2.0713625661235326,5.928637433876467,4.628,-1.3006374338764672,8.0,0.06423656131222537
2,48,Banana,28.42,73.74,0.916,0.446,4.58,25.0,2.2,1.0,0.041667,1.3095092088016658,2.1259258863266717,5.874074113673329,4.5237,-1.350374113673329,8.0,0.05456332020313901
2,49,Banana,27.82,76.55,0.916,0.446,4.58,25.0,2.2,1.0,0.041667,1.2490021788565258,2.1779680601130864,5.822031939886914,4.4698,-1.3522319398869138,8.0,0.05204217378641486
2,50,Banana,27.59,79.02,0.916,0.446,4.58,25.0,2.2,1.0,0.041667,1.2265562628298259,2.229074979916417,5.770925020083583,4.4423,-1.3286250200835825,8.0,0.05110691980333036
2,51,Banana,28.03,85.09,0.916,0.446,4.58,25.0,2.2,1.0,0.041667,1.2698548215428191,2.2819860207656415,5.7180139792343585,4.1501,-1.5679139792343584,8.0,0.05291104084922465
2,52,Banana,27.41,76.28,0.916,0.446,4.58,25.0,2.2,1.0,0.041667,1.2092716350386605,2.3323727419827973,5.667627258017203,4.3425,-1.3251272580172024,8.0,0.05038672121715587
2,53,Banana,27.22,72.93,0.916,0.446,4.58,25.0,2.2,1.0,0.041667,1.1912909296880114,2.382010261150108,5.617989738849892,4.3622,-1.2557897388498924,8.0,0.04963751916731037
2,54,Banana,26.1,71.48,0.916,0.446,4.58,25.0,2.2,1.0,0.041667,1.0906025150685459,2.427452396145469,5.572547603854531,4.333,-1.2395476038545308,8.0,0.0454421349953611
2,55,Banana,25.31,63.47,0.916,0.446,4.58,25.0,2.2,1.0,0.041667,1.0247433368604273,2.470150376762432,5.529849623237568,4.2662,-1.2636496232375674,8.0,0.04269798061696343
2,56,Banana,24.3,66.91,0.916,0.446,4.58,25.0,2.2,1.0,0.041667,0.9463034258416327,2.5095800016069756,5.490419998393024,4.0997,-1.390719998393024,8.0,0.039429624844543314
2,57,Banana,26.45,66.37,0.916,0.446,4.58,25.0,2.2,1.0,0.041667,1.1211179053156235,2.556293621367762,5.443706378632238,4.219,-1.2247063786322379,8.0,0.046713619760786085
2,58,Banana,23.83,62.23,0.916,0.446,4.58,25.0,2.2,1.0,0.041667,0.9118775975183618,2.5942888252235594,5.405711174776441,4.0875,-1.3182111747764402,8.0,0.037995203855797584
2,59,Banana,24.11,58.14,0.916,0.446,4.58,25.0,2.2,1.0,0.041667,0.9322328046682317,2.6331321694956706,5.366867830504329,4.1606,-1.2062678305043297,8.0,0.03884334427211121
2,60,Banana,23.0,59.35,0.916,0.446,4.58,25.0,2.2,1.0,0.041667,0.8541132591147453,2.6687205066632047,5.331279493336796,4.1953,-1.1359794933367962,8.0,0.035588337167534095
2,61,Banana,22.79,68.09,0.916,0.446,4.58,25.0,2.2,1.0,0.041667,0.8400876253936351,2.7037244377504814,5.296275562249519,4.1613,-1.1349755622495188,8.0,0.0350039310872766
2,62,Banana,20.43,60.93,0.916,0.446,4.58,25.0,2.2,1.0,0.041667,0.6974496085614733,2.732785070590412,5.2672149294095885,4.0824,-1.1848149294095887,8.0,0.02906063283993091
2,63,Banana,21.35,62.5,0.916,0.446,4.58,25.0,2.2,1.0,0.041667,0.749921356062651,2.7640320437334744,5.235967956266526,4.0522,-1.183767956266526,8.0,0.03124697314306248
2,64,Banana,21.29,65.14,0.916,0.446,4.58,25.0,2.2,1.0,0.041667,0.7463820483657605,2.795131544542731,5.2048684554572695,3.8929,-1.3119684554572695,8.0,0.031099500809256143
2,65,Banana,24.81,72.06,0.916,0.446,4.58,25.0,2.2,1.0,0.041667,0.9851309624490826,2.8361789963550965,5.1638210036449035,3.8468,-1.3170210036449035,8.0,0.04104745181236593
2,66,Banana,22.41,74.73,0.916,0.446,4.58,25.0,2.2,1.0,0.041667,0.8152907700237648,2.870149716869677,5.129850283130323,3.8492,-1.2806502831303228,8.0,0.03397072051458021
2,67,Banana,22.93,77.34,0.916,0.446,4.58,25.0,2.2,1.0,0.041667,0.8494122208368369,2.9055421758752855,5.0944578241247145,3.6537,-1.4407578241247143,8.0,0.03539245900560849
2,68,Banana,23.73,84.35,0.916,0.446,4.58,25.0,2.2,1.0,0.041667,0.9047161012558047,2.943238981666311,5.056761018333689,3.5068,-1.549961018333689,8.0,0.03769680579102562
2,69,Banana,25.95,75.26,0.916,0.446,4.58,25.0,2.2,1.0,0.041667,1.0777800853687407,2.9881468444833703,5.011853155516629,3.7057,-1.306153155516629,8.0,0.04490786281705932
2,70,Banana,25.78,83.46,0.916,0.446,4.58,25.0,2.2,1.0,0.041667,1.063430149965804,3.0324567885419955,4.967543211458004,3.4233,-1.5442432114580043,8.0,0.044309944058625164
2,71,Banana,27.11,85.86,0.916,0.446,4.58,25.0,2.2,1.0,0.041667,1.1810035026405459,3.081665661486519,4.918334338513481,3.2828,-1.635534338513481,8.0,0.04920887294452363
2,72,Banana,27.11,76.73,0.916,0.446,4.58,25.0,2.2,1.0,0.041667,1.1810035026405459,3.130874534431043,4.869125465568957,3.4661,-1.4030254655689571,8.0,0.04920887294452363
2,73,Banana,27.82,93.11,0.916,0.446,4.58,25.0,2.2,1.0,0.041667,1.2490021788565258,3.1829167082174576,4.817083291782542,2.3278,-2.4892832917825425,8.0,0.05204217378641486
2,74,Banana,28.32,78.59,0.916,0.446,4.58,25.0,2.2,1.0,0.041667,1.2992248840960916,3.2370515114630893,4.76294848853691,3.3753,-1.38764848853691,8.0,0.05413480324563185
2,75,Banana,27.93,89.19,0.916,0.446,4.58,25.0,2.2,1.0,0.041667,1.2598819254181435,3.2895470116494874,4.710452988350513,2.6132,-2.0972529883505127,8.0,0.05249550018639779
2,76,Banana,27.49,73.88,0.916,0.446,4.58,25.0,2.2,1.0,0.041667,1.2169234150485255,3.340252559584314,4.659747440415686,3.3414,-1.3183474404156854,8.0,0.050705547934826914
2,77,Banana,26.76,73.47,0.916,0.446,4.58,25.0,2.2,1.0,0.041667,1.1488581033071048,3.388122030174811,4.611877969825189,3.0395,-1.572377969825189,8.0,0.04786947059049714
2,78,Banana,28.0,65.18,0.916,0.446,4.58,25.0,2.2,1.0,0.041667,1.2668546920110242,3.440908064626835,4.559091935373165,3.2729,-1.2861919353731652,8.0,0.052786034452023345
2,79,Banana,27.4,70.87,0.916,0.446,4.58,25.0,2.2,1.0,0.041667,1.2083185516994963,3.4912550737204975,4.508744926279503,3.0663,-1.442444926279503,8.0,0.050347009093662916
2,80,Banana,27.77,64.0,0.916,0.446,4.58,25.0,2.2,1.0,0.041667,1.2440879470715211,3.5430924862111266,4.456907513788874,3.1233,-1.3336075137888739,8.0,0.05183741249062908
2,81,Banana,26.23,60.84,0.916,0.446,4.58,25.0,2.2,1.0,0.041667,1.1018386179606035,3.589002795905691,4.4109972040943095,3.1726,-1.2383972040943094,8.0,0.045910309694564465
2,82,Banana,22.94,59.65,0.916,0.446,4.58,25.0,2.2,1.0,0.041667,0.8500822102486717,3.6244231713601227,4.375576828639877,3.0669,-1.3086768286398773,8.0,0.035420375454431406
2,83,Banana,23.65,58.79,0.916,0.446,4.58,25.0,2.2,1.0,0.041667,0.8990274206925201,3.6618829468981176,4.3381170531018824,3.0828,-1.2553170531018822,8.0,0.03745977553799523
2,84,Banana,23.71,61.64,0.916,0.446,4.58,25.0,2.2,1.0,0.041667,0.9032905653873041,3.6995203548861104,4.30047964511389,2.8968,-1.4036796451138898,8.0,0.0376374079879928
2,85,Banana,22.71,66.73,0.916,0.446,4.58,25.0,2.2,1.0,0.041667,0.8348053162367638,3.734304187997748,4.265695812002252,3.0478,-1.217895812002252,8.0,0.03478383311163724
2,86,Banana,21.51,63.18,0.916,0.446,4.58,25.0,2.2,1.0,0.041667,0.7594417775788336,3.765947848544125,4.2340521514558755,2.8612,-1.3728521514558754,8.0,0.03164366054637726
2,87,Banana,23.07,65.68,0.916,0.446,4.58,25.0,2.2,1.0,0.041667,0.8588403151027223,3.8017331479535104,4.19826685204649,2.7665,-1.4317668520464895,8.0,0.03578529940938513
2,88,Banana,21.37,70.61,0.916,0.446,4.58,25.0,2.2,1.0,0.041667,0.7511048509784464,3.8330294337792292,4.166970566220771,2.7536,-1.4133705662207707,8.0,0.031296285825718924
2,89,Banana,21.08,69.25,0.916,0.446,4.58,25.0,2.2,1.0,0.041667,0.7341254991146222,3.863618240950838,4.136381759049161,2.7392,-1.3971817590491615,8.0,0.030588807171608966
2,90,Banana,22.38,73.2,0.916,0.446,4.58,25.0,2.2,1.0,0.041667,0.8133645829709989,3.897508703029491,4.102491296970509,2.6383,-1.464191296970509,8.0,0.033890462078652615
2,91,Banana,23.86,74.25,0.916,0.446,4.58,25.0,2.2,1.0,0.041667,0.9140370803122049,3.935593886054859,4.064406113945141,2.5608,-1.5036061139451413,8.0,0.038085183025368646
2,92,Banana,23.05,76.72,0.916,0.446,4.58,25.0,2.2,1.0,0.041667,0.8574870644279595,3.9713227995683793,4.028677200431621,2.4236,-1.6050772004316207,8.0,0.03572891351351979
2,93,Banana,25.27,70.1,0.916,0.446,4.58,25.0,2.2,1.0,0.041667,1.0215165621778277,4.013886330164643,3.9861136698353574,2.4708,-1.5153136698353573,8.0,0.04256353059626355
2,94,Banana,25.41,84.73,0.916,0.446,4.58,25.0,2.2,1.0,0.041667,1.0328549373578872,4.0569222968395335,3.9430777031604665,2.1251,-1.8179777031604663,8.0,0.04303596667489109
2,95,Banana,26.24,84.8,0.916,0.446,4.58,25.0,2.2,1.0,0.041667,1.1027077133061551,4.102868819129862,3.8971311808701383,2.0517,-1.8454311808701385,8.0,0.04594652229032757
3,0,Banana,22.77,65.63,0.94,0.622,23.03,25.0,2.2,1.0,0.041667,0.8387639228077967,0.03494877637163247,7.965051223628367,6.9273,-1.0377512236283675,8.0,0.03494877637163247
3,1,Banana,22.45,67.94,0.94,0.622,23.03,25.0,2.2,1.0,0.041667,0.8178661170255416,0.06902680386973571,7.930973196130264,6.9431,-0.9878731961302636,8.0,0.03407802749810324
3,2,Banana,22.47,73.96,0.94,0.622,23.03,25.0,2.2,1.0,0.041667,0.8191568395572788,0.10315861190356884,7.896841388096431,6.7504,-1.1464413880964308,8.0,0.03413180803383314
3,3,Banana,22.64,74.95,0.94,0.622,23.03,25.0,2.2,1.0,0.041667,0.8302105488515835,0.13775099484256778,7.862249005157432,6.7826,-1.0796490051574317,8.0,0.03459238293899893
3,4,Banana,23.8,77.26,0.94,0.622,23.03,25.0,2.2,1.0,0.041667,0.9097232166684526,0.1756564321114922,7.824343567888508,6.7496,-1.0747435678885076,8.0,0.03790543726892442
3,5,Banana,25.24,75.78,0.94,0.622,23.03,25.0,2.2,1.0,0.041667,1.0191031508544104,0.21811940309814293,7.781880596901857,6.7384,-1.0434805969018566,8.0,0.04246297098665072
3,6,Banana,29.29,78.83,0.94,0.622,23.03,25.0,2.2,1.0,0.041667,1.4024885685237225,0.2765568942828209,7.7234431057171795,6.577,-1.1464431057171796,8.0,0.05843749118467795
3,7,Banana,25.71,75.47,0.94,0.622,23.03,25.0,2.2,1.0,0.041667,1.057577031790291,0.3206229564664269,7.679377043533573,6.3382,-1.3411770435335733,8.0,0.04406606218360606
3,8,Banana,26.18,77.65,0.94,0.622,23.03,25.0,2.2,1.0,0.041667,1.0975034050602666,0.3663526308450731,7.633647369154927,6.2156,-1.4180473691549267,8.0,0.045729674378646126
3,9,Banana,27.74,84.69,0.94,0.622,23.03,25.0,2.2,1.0,0.041667,1.241148693759379,0.4180675734679451,7.581932426532055,6.3678,-1.2141324265320552,8.0,0.051714942622872045
3,10,Banana,28.8,82.76,0.94,0.622,23.03,25.0,2.2,1.0,0.041667,1.3493375886264758,0.47429042277324446,7.525709577226755,6.1919,-1.3338095772267549,8.0,0.05622284930529937
3,11,Banana,26.81,84.26,0.94,0.622,23.03,25.0,2.2,1.0,0.041667,1.1533961707492189,0.5223489810198522,7.477651018980148,6.1768,-1.3008510189801479,8.0,0.04805855824660771
3,12,Banana,27.81,73.5,0.94,0.622,23.03,25.0,2.2,1.0,0.041667,1.2480177820239562,0.5743501379434444,7.425649862056556,6.1754,-1.250249862056556,8.0,0.05200115692359219
3,13,Banana,28.34,74.79,0.94,0.622,23.03,25.0,2.2,1.0,0.041667,1.301275267156091,0.6285703745000372,7.371429625499963,6.026,-1.3454296254999631,8.0,0.054220236556592846
3,14,Banana,28.22,74.23,0.94,0.622,23.03,25.0,2.2,1.0,0.041667,1.289021328073883,0.6822800261768917,7.317719973823109,5.9906,-1.327119973823109,8.0,0.053709651676854486
3,15,Banana,28.21,71.18,0.94,0.622,23.03,25.0,2.2,1.0,0.041667,1.2880053902845414,0.7359473467738777,7.2640526532261225,5.8375,-1.4265526532261221,8.0,0.05366732059698599
3,16,Banana,25.77,67.14,0.94,0.622,23.03,25.0,2.2,1.0,0.041667,1.0625920110986298,0.7802223681003243,7.219777631899675,5.6302,-1.589577631899675,8.0,0.04427502132644661
3,17,Banana,24.29,66.84,0.94,0.622,23.03,25.0,2.2,1.0,0.041667,0.9455576000049629,0.8196209166197311,7.180379083380269,5.6527,-1.527679083380269,8.0,0.039398548519406794
3,18,Banana,24.93,62.14,0.94,0.622,23.03,25.0,2.2,1.0,0.041667,0.9944960012881887,0.861058581505406,7.138941418494594,5.4151,-1.7238414184945938,8.0,0.04143766488567496
3,19,Banana,25.1,59.14,0.94,0.622,23.03,25.0,2.2,1.0,0.041667,1.0079157387081061,0.9030554065901567,7.096944593409844,5.534,-1.5629445934098438,8.0,0.04199682508475066
3,20,Banana,22.94,61.99,0.94,0.622,23.03,25.0,2.2,1.0,0.041667,0.8500822102486717,0.9384757820445881,7.061524217955412,5.3768,-1.684724217955412,8.0,0.035420375454431406
3,21,Banana,27.29,67.61,0.94,0.622,23.03,25.0,2.2,1.0,0.041667,1.1978840821329704,0.9883880180948226,7.011611981905178,5.3572,-1.6544119819051781,8.0,0.04991223605023448
3,22,Banana,25.0,60.19,0.94,0.622,23.03,25.0,2.2,1.0,0.041667,1.0,1.0300550180948227,6.9699449819051775,5.2933,-1.6766449819051772,8.0,0.041667
3,23,Banana,22.98,66.59,0.94,0.622,23.03,25.0,2.2,1.0,0.041667,0.8527674567299532,1.0655872797143895,6.934412720285611,5.2636,-1.6708127202856105,8.0,0.03553226161956696
3,24,Banana,21.28,66.92,0.94,0.622,23.03,25.0,2.2,1.0,0.041667,0.7457937898849224,1.0966622695575245,6.903337730442475,5.1257,-1.7776377304424749,8.0,0.031074989843135063
3,25,Banana,22.47,71.17,0.94,0.622,23.03,25.0,2.2,1.0,0.041667,0.8191568395572788,1.1307940775913579,6.869205922408642,5.099,-1.7702059224086417,8.0,0.03413180803383314
3,26,Banana,23.28,77.92,0.94,0.622,23.03,25.0,2.2,1.0,0.041667,0.8731790332559738,1.1671768283700343,6.832823171629966,4.9295,-1.9033231716299657,8.0,0.03638275077867666
3,27,Banana,22.58,74.91,0.94,0.622,23.03,25.0,2.2,1.0,0.041667,0.8262923105432127,1.2016059500734384,6.798394049926562,4.8509,-1.9474940499265614,8.0,0.03442912170340405
3,28,Banana,23.07,76.66,0.94,0.622,23.03,25.0,2.2,1.0,0.041667,0.8588403151027223,1.2373912494828236,6.762608750517177,5.0258,-1.7368087505171763,8.0,0.03578529940938513
3,29,Banana,23.43,81.11,0.94,0.622,23.03,25.0,2.2,1.0,0.041667,0.8835673090473547,1.2742068485488998,6.7257931514511,4.6649,-2.0608931514510997,8.0,0.03681559906607613
3,30,Banana,25.56,79.73,0.94,0.622,23.03,25.0,2.2,1.0,0.041667,1.0451428892361567,1.3177548173147027,6.682245182685297,4.5548,-2.127445182685297,8.0,0.04354796876580295
3,31,Banana,26.67,84.2,0.94,0.622,23.03,25.0,2.2,1.0,0.041667,1.140734529658891,1.3652858029619996,6.634714197038001,4.4172,-2.2175141970380006,8.0,0.04753098564729702
3,32,Banana,28.35,85.23,0.94,0.622,23.03,25.0,2.2,1.0,0.041667,1.3023016718033165,1.4195488067210285,6.5804511932789715,4.4213,-2.159151193278972,8.0,0.05426300375902879
3,33,Banana,25.69,80.01,0.94,0.622,23.03,25.0,2.2,1.0,0.041667,1.0559106372269285,1.463545435242363,6.536454564757637,4.4812,-2.055254564757637,8.0,0.04399662852133443
3,34,Banana,26.49,78.93,0.94,0.622,23.03,25.0,2.2,1.0,0.041667,1.1246593015171389,1.5104066143586776,6.489593385641323,4.3969,-2.092693385641323,8.0,0.04686117911631463
3,35,Banana,28.2,78.41,0.94,0.622,23.03,25.0,2.2,1.0,0.041667,1.286990253203124,1.564031637238892,6.435968362761108,4.269,-2.166968362761108,8.0,0.053625022880214576
3,36,Banana,28.96,80.7,0.94,0.622,23.03,25.0,2.2,1.0,0.041667,1.3664677350178265,1.6209682483538799,6.37903175164612,4.0335,-2.34553175164612,8.0,0.05693661111498778
3,37,Banana,28.22,74.62,0.94,0.622,23.03,25.0,2.2,1.0,0.041667,1.289021328073883,1.6746779000307344,6.325322099969266,4.2208,-2.104522099969266,8.0,0.053709651676854486
3,38,Banana,26.93,72.16,0.94,0.622,23.03,25.0,2.2,1.0,0.041667,1.1643608042321514,1.7231933216606754,6.276806678339325,4.108,-2.168806678339325,8.0,0.048515421629941054
3,39,Banana,25.2,70.47,0.94,0.622,23.03,25.0,2.2,1.0,0.041667,1.015894136335507,1.765522582639367,6.234477417360633,4.0605,-2.173977417360633,8.0,0.04232926097869157
3,40,Banana,25.2,76.37,0.94,0.622,23.03,25.0,2.2,1.0,0.041667,1.015894136335507,1.8078518436180586,6.192148156381942,3.8577,-2.3344481563819417,8.0,0.04232926097869157
3,41,Banana,25.44,71.38,0.94,0.622,23.03,25.0,2.2,1.0,0.041667,1.0353009152740356,1.850989726854782,6.149010273145218,3.9336,-2.215410273145218,8.0,0.04313788323672324
3,42,Banana,25.16,62.51,0.94,0.622,23.03,25.0,2.2,1.0,0.041667,1.0126952265583797,1.89318569885979,6.10681430114021,3.7874,-2.3194143011402097,8.0,0.04219597200500801
3,43,Banana,28.2,62.58,0.94,0.622,23.03,25.0,2.2,1.0,0.041667,1.286990253203124,1.9468107217400044,6.053189278259996,3.7316,-2.3215892782599963,8.0,0.053625022880214576
3,44,Banana,23.86,64.75,0.94,0.622,23.03,25.0,2.2,1.0,0.041667,0.9140370803122049,1.9848959047653731,6.015104095234626,3.7054,-2.3097040952346264,8.0,0.038085183025368646
3,45,Banana,20.95,71.08,0.94,0.622,23.03,25.0,2.2,1.0,0.041667,0.7266391853212262,2.0151727797001526,5.984827220299847,3.4853,-2.499527220299847,8.0,0.030276874934779534
3,46,Banana,22.96,61.32,0.94,0.622,23.03,25.0,2.2,1.0,0.041667,0.8514237748883555,2.0506490541284257,5.949350945871574,3.7029,-2.246450945871574,8.0,0.035476274428273114
3,47,Banana,22.58,61.97,0.94,0.622,23.03,25.0,2.2,1.0,0.041667,0.8262923105432127,2.0850781758318297,5.91492182416817,3.4819,-2.43302182416817,8.0,0.03442912170340405
3,48,Banana,23.8,78.86,0.94,0.622,23.03,25.0,2.2,1.0,0.041667,0.9097232166684526,2.1229836131007542,5.877016386899246,3.3636,-2.5134163868992463,8.0,0.03790543726892442
3,49,Banana,23.11,72.68,0.94,0.622,23.03,25.0,2.2,1.0,0.041667,0.8615532267556291,2.158881951399981,5.841118048600019,3.4022,-2.438918048600019,8.0,0.0358983382992268
3,50,Banana,21.4,74.71,0.94,0.622,23.03,25.0,2.2,1.0,0.041667,0.752883596290837,2.1902523522066315,5.809747647793369,3.1667,-2.643047647793369,8.0,0.03137040080665031
3,51,Banana,24.37,75.66,0.94,0.622,23.03,25.0,2.2,1.0,0.041667,0.9515407046542859,2.2299001987474614,5.770099801252538,3.1996,-2.570499801252538,8.0,0.03964784654083013
3,52,Banana,22.44,78.9,0.94,0.622,23.03,25.0,2.2,1.0,0.041667,0.8172215186183533,2.2639513677637324,5.736048632236267,3.0537,-2.682348632236267,8.0,0.03405116901627093
3,53,Banana,24.14,86.5,0.94,0.622,23.03,25.0,2.2,1.0,0.041667,0.9344404920892362,2.3028866997476145,5.6971133002523855,2.5995,-3.0976133002523856,8.0,0.03893533198388221
3,54,Banana,23.57,77.53,0.94,0.622,23.03,25.0,2.2,1.0,0.041667,0.8933745094567698,2.3401109354331497,5.65988906456685,2.7018,-2.9580890645668503,8.0,0.03722423568553523
3,55,Banana,24.66,79.77,0.94,0.622,23.03,25.0,2.2,1.0,0.041667,0.9735485826759066,2.3806757842275066,5.619324215772494,2.862,-2.7573242157724938,8.0,0.040564848794357004
3,56,Banana,27.92,84.94,0.94,0.622,23.03,25.0,2.2,1.0,0.041667,1.2588889537502093,2.4331299102634167,5.566870089736583,2.5144,-3.052470089736583,8.0,0.05245412603590997
3,57,Banana,26.75,81.67,0.94,0.622,23.03,25.0,2.2,1.0,0.041667,1.147952634688145,2.480961652692968,5.519038347307032,2.6897,-2.829338347307032,8.0,0.04783174242955094
3,58,Banana,25.98,84.96,0.94,0.622,23.03,25.0,2.2,1.0,0.041667,1.0803324537526493,2.5259758650434794,5.474024134956521,2.4185,-3.0555241349565208,8.0,0.04501421235051164
3,59,Banana,27.68,80.46,0.94,0.622,23.03,25.0,2.2,1.0,0.041667,1.2352910033638531,2.577446735280641,5.422553264719359,2.4179,-3.004653264719359,8.0,0.051470870237161674
3,60,Banana,28.5,72.18,0.94,0.622,23.03,25.0,2.2,1.0,0.041667,1.3177952514874536,2.632355310024369,5.367644689975631,2.4378,-2.9298446899756305,8.0,0.054908574743727734
3,61,Banana,28.76,73.03,0.94,0.622,23.03,25.0,2.2,1.0,0.041667,1.3450887116514862,2.6884011213727512,5.311598878627249,2.4678,-2.8437988786272492,8.0,0.056045811348382484
3,62,Banana,28.27,69.35,0.94,0.622,23.03,25.0,2.2,1.0,0.041667,1.294113049761952,2.7423229298171825,5.257677070182817,2.2884,-2.969277070182817,8.0,0.05392180844443126
3,63,Banana,26.21,71.36,0.94,0.622,23.03,25.0,2.2,1.0,0.041667,1.1001024816532894,2.7881608999202303,5.21183910007977,2.2158,-2.9960391000797695,8.0,0.04583797010304761
3,64,Banana,25.61,67.2,0.94,0.622,23.03,25.0,2.2,1.0,0.041667,1.0492712745470552,2.831880886116782,5.168119113883218,2.2251,-2.9430191138832185,8.0,0.04371998619655215
3,65,Banana,25.21,65.34,0.94,0.622,23.03,25.0,2.2,1.0,0.041667,1.016695441400578,2.87424353507362,5.12575646492638,2.2282,-2.89755646492638,8.0,0.04236264895683788
3,66,Banana,25.29,61.39,0.94,0.622,23.03,25.0,2.2,1.0,0.041667,1.0231286774322668,2.9168742376761903,5.08312576232381,2.0094,-3.0737257623238103,8.0,0.042630702602570264
3,67,Banana,25.21,61.52,0.94,0.622,23.03,25.0,2.2,1.0,0.041667,1.016695441400578,2.959236886633028,5.040763113366972,2.0488,-2.991963113366972,8.0,0.04236264895683788
3,68,Banana,22.83,61.12,0.94,0.622,23.03,25.0,2.2,1.0,0.041667,0.84274130090038,2.9943513884176443,5.005648611582355,2.0227,-2.9829486115823554,8.0,0.035114501784616135
3,69,Banana,23.06,59.92,0.94,0.622,23.03,25.0,2.2,1.0,0.041667,0.8581634230202408,3.0301084837646286,4.969891516235371,1.898,-3.0718915162353717,8.0,0.035757095346984374
3,70,Banana,21.72,72.13,0.94,0.622,23.03,25.0,2.2,1.0,0.041667,0.7721209932735517,3.062280449191358,4.937719550808643,1.6812,-3.2565195508086426,8.0,0.03217196542672908
3,71,Banana,22.96,71.35,0.94,0.622,23.03,25.0,2.2,1.0,0.041667,0.8514237748883555,3.097756723619631,4.90224327638037,1.6278,-3.27444327638037,8.0,0.035476274428273114
3,72,Banana,24.32,67.99,0.94,0.622,23.03,25.0,2.2,1.0,0.041667,0.9477968428302667,3.1372485746698398,4.86275142533016,1.5504,-3.31235142533016,8.0,0.03949185105020872
3,73,Banana,23.63,67.46,0.94,0.622,23.03,25.0,2.2,1.0,0.041667,0.8976108483189503,3.174649325886745,4.825350674113254,1.5964,-3.2289506741132543,8.0,0.037400751216905705
3,74,Banana,23.89,68.4,0.94,0.622,23.03,25.0,2.2,1.0,0.041667,0.916201677132261,3.2128247011678153,4.787175298832185,1.4102,-3.3769752988321855,8.0,0.03817537528106992
3,75,Banana,22.95,71.99,0.94,0.622,23.03,25.0,2.2,1.0,0.041667,0.8507527281268985,3.2482730150906787,4.751726984909322,1.3641,-3.3876269849093217,8.0,0.03544831392286348
3,76,Banana,22.14,78.12,0.94,0.622,23.03,25.0,2.2,1.0,0.041667,0.7981180141471239,3.281528198386147,4.718471801613854,1.3546,-3.3638718016138536,8.0,0.03325518329546821
3,77,Banana,25.38,75.23,0.94,0.622,23.03,25.0,2.2,1.0,0.041667,1.0304147382523998,3.32446248928491,4.67553751071509,1.2876,-3.3879375107150898,8.0,0.042934290898762745
3,78,Banana,25.43,80.8,0.94,0.622,23.03,25.0,2.2,1.0,0.041667,1.0344849463678123,3.3675663735452175,4.632433626454782,0.9319,-3.7005336264547823,8.0,0.04310388426030764
3,79,Banana,26.31,78.81,0.94,0.622,23.03,25.0,2.2,1.0,0.041667,1.1088106054501956,3.4137671850425106,4.586232814957489,0.9319,-3.654332814957489,8.0,0.046200811497293305
3,80,Banana,25.73,85.94,0.94,0.622,23.03,25.0,2.2,1.0,0.041667,1.0592460561887391,3.457902790465727,4.542097209534273,0.4676,-4.074497209534273,8.0,0.04413560542321619
3,81,Banana,26.17,80.78,0.94,0.622,23.03,25.0,2.2,1.0,0.041667,1.096638411472614,3.5035964231565564,4.496403576843443,0.8449,-3.651503576843443,8.0,0.04569363269082941
3,82,Banana,27.75,78.56,0.94,0.622,23.03,25.0,2.2,1.0,0.041667,1.24212767247305,3.555352156885491,4.4446478431145096,0.72,-3.72464784311451,8.0,0.05175573372893457
3,83,Banana,28.03,78.82,0.94,0.622,23.03,25.0,2.2,1.0,0.041667,1.2698548215428191,3.6082631977347157,4.391736802265284,0.548,-3.8437368022652842,8.0,0.05291104084922465
3,84,Banana,26.8,77.52,0.94,0.622,23.03,25.0,2.2,1.0,0.041667,1.1524871254677906,3.656283878791582,4.343716121208418,0.6078,-3.735916121208418,8.0,0.04802068105686644
3,85,Banana,26.89,68.42,0.94,0.622,23.03,25.0,2.2,1.0,0.041667,1.1606943935033744,3.704646532085687,4.295353467914313,0.6253,-3.670053467914313,8.0,0.04836265329410511
3,86,Banana,28.33,71.15,0.94,0.622,23.03,25.0,2.2,1.0,0.041667,1.3002496714662082,3.7588240351466697,4.24117596485333,0.5296,-3.71157596485333,8.0,0.0541775030609825
3,87,Banana,27.16,69.41,0.94,0.622,23.03,25.0,2.2,1.0,0.041667,1.1856685465906456,3.8082272864774622,4.191772713522537,0.4628,-3.7289727135225372,8.0,0.04940325133079243
3,88,Banana,26.74,65.74,0.94,0.622,23.03,25.0,2.2,1.0,0.041667,1.147047879711207,3.856021330481389,4.143978669518611,0.408,-3.735978669518611,8.0,0.04779404400392686
3,89,Banana,26.21,62.45,0.94,0.622,23.03,25.0,2.2,1.0,0.041667,1.1001024816532894,3.9018593005844364,4.098140699415564,0.45,-3.6481406994155634,8.0,0.04583797010304761
3,90,Banana,25.38,70.89,0.94,0.622,23.03,25.0,2.2,1.0,0.041667,1.0304147382523998,3.944793591483199,4.055206408516801,0.158,-3.897206408516801,8.0,0.042934290898762745
3,91,Banana,24.18,58.49,0.94,0.622,23.03,25.0,2.2,1.0,0.041667,0.9373922101855549,3.983851912705001,4.016148087294999,0.1703,-3.845848087294999,8.0,0.039058321221801515
3,92,Banana,26.69,62.17,0.94,0.622,23.03,25.0,2.2,1.0,0.041667,1.1425347897864486,4.031457909791032,3.9685420902089676,0.1828,-3.785742090208968,8.0,0.047605997086031956
3,93,Banana,21.22,60.33,0.94,0.622,23.03,25.0,2.2,1.0,0.041667,0.7422739625330363,4.062386238987897,3.937613761012103,0.1011,-3.8365137610121027,8.0,0.030928329196864026
3,94,Banana,21.66,67.79,0.94,0.622,23.03,25.0,2.2,1.0,0.041667,0.7684769127945377,4.094406366513307,3.905593633486693,0.0599,-3.845693633486693,8.0,0.03202012752541
3,95,Banana,21.47,64.53,0.94,0.622,23.03,25.0,2.2,1.0,0.041667,0.7570504007211826,4.125950385560156,3.874049614439844,0.0,-3.874049614439844,8.0,0.03154401904684952
4,0,Tomato,22.21,61.77,0.904,0.471,5.44,25.0,2.0,1.0,0.041667,0.8241620849532405,0.03434036159374668,9.965659638406253,9.8425,-0.12315963840625344,10.0,0.03434036159374668
4,1,Tomato,22.84,58.11,0.904,0.471,5.44,25.0,2.0,1.0,0.041667,0.860949188338904,0.07021353142426379,9.929786468575736,9.9984,0.06861353142426374,10.0,0.03587316983051712
4,2,Tomato,21.92,70.98,0.904,0.471,5.44,25.0,2.0,1.0,0.041667,0.8077607776096082,0.10387049974492334,9.896129500255077,9.9774,0.08127049974492273,10.0,0.03365696832065954
4,3,Tomato,21.98,75.61,0.904,0.471,5.44,25.0,2.0,1.0,0.041667,0.8111271555770427,0.13766773493635198,9.862332265063648,9.629,-0.23333226506364824,10.0,0.03379723519142864
4,4,Tomato,22.18,74.3,0.904,0.471,5.44,25.0,2.0,1.0,0.041667,0.8224500687124643,0.17193676194939422,9.828063238050605,9.7943,-0.03376323805060544,10.0,0.03426902701304225
4,5,Tomato,23.77,69.78,0.904,0.471,5.44,25.0,2.0,1.0,0.041667,0.9182761623009238,0.21019857480398682,9.789801425196012,9.92,0.13019857480398755,10.0,0.0382618128545926
4,6,Tomato,23.91,75.14,0.904,0.471,5.44,25.0,2.0,1.0,0.041667,0.9272305464354625,0.24883348998231325,9.751166510017686,9.6885,-0.06266651001768686,10.0,0.03863491517832642
4,7,Tomato,26.24,77.2,0.904,0.471,5.44,25.0,2.0,1.0,0.041667,1.089752112213328,0.294240191241906,9.705759808758094,9.4637,-0.24205980875809452,10.0,0.045406701259592744
4,8,Tomato,24.88,84.29,0.904,0.471,5.44,25.0,2.0,1.0,0.041667,0.9917167307382931,0.3355620522615784,9.664437947738422,9.6273,-0.03713794773842238,10.0,0.04132186101967246
4,9,Tomato,31.49,88.36,0.904,0.471,5.44,25.0,2.0,1.0,0.041667,1.568080908151477,0.40089927946152604,9.599100720538473,9.4073,-0.19180072053847397,10.0,0.0653372271999476
4,10,Tomato,27.14,84.33,0.904,0.471,5.44,25.0,2.0,1.0,0.041667,1.1598996545054345,0.449228818365804,9.550771181634197,9.3421,-0.2086711816341964,10.0,0.04832953890427794
4,11,Tomato,27.49,87.35,0.904,0.471,5.44,25.0,2.0,1.0,0.041667,1.1883831050569318,0.4987451772042112,9.501254822795788,9.3538,-0.1474548227957886,10.0,0.04951635883840718
4,12,Tomato,28.02,78.68,0.904,0.471,5.44,25.0,2.0,1.0,0.041667,1.2328523254638066,0.5501144350493116,9.449885564950689,9.2811,-0.16878556495068864,10.0,0.051369257845100436
4,13,Tomato,29.15,81.83,0.904,0.471,5.44,25.0,2.0,1.0,0.041667,1.3332986770911985,0.6056689910276706,9.39433100897233,9.2169,-0.177431008972329,10.0,0.055554555978358976
4,14,Tomato,27.56,74.68,0.904,0.471,5.44,25.0,2.0,1.0,0.041667,1.1941631870745892,0.6554261885435075,9.344573811456492,9.1726,-0.1719738114564926,10.0,0.04975719751583691
4,15,Tomato,31.77,75.3,0.904,0.471,5.44,25.0,2.0,1.0,0.041667,1.5988116607049445,0.7220438740101004,9.277956125989899,9.2637,-0.014256125989899004,10.0,0.06661768546659293
4,16,Tomato,27.04,70.12,0.904,0.471,5.44,25.0,2.0,1.0,0.041667,1.1518876423493576,0.7700395764038711,9.229960423596129,9.1572,-0.07276042359612944,10.0,0.047995702393770684
4,17,Tomato,34.61,66.41,0.904,0.471,5.44,25.0,2.0,1.0,0.041667,1.9466587483164763,0.8511510064699737,9.148848993530027,9.1204,-0.028448993530027167,10.0,0.08111143006610262
4,18,Tomato,27.38,71.45,0.904,0.471,5.44,25.0,2.0,1.0,0.041667,1.179356592261216,0.9002912575997218,9.099708742400278,8.9036,-0.19610874240027698,10.0,0.04914025112974809
4,19,Tomato,25.63,61.04,0.904,0.471,5.44,25.0,2.0,1.0,0.041667,1.0446357628642315,0.9438180959309858,9.056181904069014,8.7899,-0.26628190406901453,10.0,0.04352683833126394
4,20,Tomato,25.04,63.27,0.904,0.471,5.44,25.0,2.0,1.0,0.041667,1.0027764359010776,0.985600781685676,9.014399218314324,8.9165,-0.0978992183143248,10.0,0.0417826857546902
4,21,Tomato,23.62,64.69,0.904,0.471,5.44,25.0,2.0,1.0,0.041667,0.9087781164485201,1.0234668394637365,8.976533160536263,8.8094,-0.16713316053626315,10.0,0.03786605777806049
4,22,Tomato,23.86,59.62,0.904,0.471,5.44,25.0,2.0,1.0,0.041667,0.9240225724468233,1.0619680879898783,8.938031912010121,8.8829,-0.05513191201012191,10.0,0.03850124852614179
4,23,Tomato,23.23,63.24,0.904,0.471,5.44,25.0,2.0,1.0,0.041667,0.8845404353315406,1.0988242343088375,8.901175765691162,8.6655,-0.23567576569116255,10.0,0.0368561463189593
4,24,Tomato,22.11,63.7,0.904,0.471,5.44,25.0,2.0,1.0,0.041667,0.818469181590804,1.1329273896981815,8.867072610301818,8.7319,-0.1351726103018187,10.0,0.03410315538934403
4,25,Tomato,20.67,66.7,0.904,0.471,5.44,25.0,2.0,1.0,0.041667,0.74071989901016,1.1637909657302379,8.836209034269762,8.8202,-0.016009034269762523,10.0,0.030863576032056337
4,26,Tomato,20.33,68.24,0.904,0.471,5.44,25.0,2.0,1.0,0.041667,0.7234674429352628,1.1939356836750215,8.806064316324978,8.6658,-0.14026431632497705,10.0,0.030144717944783597
4,27,Tomato,23.07,76.83,0.904,0.471,5.44,25.0,2.0,1.0,0.041667,0.8747847649058218,1.2303853404743523,8.769614659525647,8.4506,-0.31901465952564756,10.0,0.036449656799330876
4,28,Tomato,22.49,70.58,0.904,0.471,5.44,25.0,2.0,1.0,0.041667,0.8403137522332818,1.2653986935886565,8.734601306411344,8.6754,-0.059201306411344135,10.0,0.035013353114304153
4,29,Tomato,23.6,74.12,0.904,0.471,5.44,25.0,2.0,1.0,0.041667,0.907519155317161,1.3032122942332567,8.696787705766743,8.3871,-0.3096877057667431,10.0,0.03781360064460015
4,30,Tomato,23.81,88.21,0.904,0.471,5.44,25.0,2.0,1.0,0.041667,0.9208256972050398,1.341580338558699,8.6584196614413,8.0929,-0.5655196614413001,10.0,0.0383680443254424
4,31,Tomato,23.7,81.99,0.904,0.471,5.44,25.0,2.0,1.0,0.041667,0.9138314502294005,1.3796569535954075,8.620343046404592,8.296,-0.3243430464045929,10.0,0.03807661503670843
4,32,Tomato,24.74,74.89,0.904,0.471,5.44,25.0,2.0,1.0,0.041667,0.9821395952633913,1.4205797641112472,8.579420235888753,8.1949,-0.3845202358887523,10.0,0.04092281051583973
4,33,Tomato,27.54,77.31,0.904,0.471,5.44,25.0,2.0,1.0,0.041667,1.1925088723306316,1.4702680312946477,8.529731968705352,8.3579,-0.17183196870535156,10.0,0.04968826718340043
4,34,Tomato,27.06,79.43,0.904,0.471,5.44,25.0,2.0,1.0,0.041667,1.1534856050600224,1.5183303160006836,8.481669683999316,8.196,-0.28566968399931625,10.0,0.048062284706035956
4,35,Tomato,26.81,87.49,0.904,0.471,5.44,25.0,2.0,1.0,0.041667,1.1336694127784224,1.5655669194229223,8.434433080577078,8.0394,-0.3950330805770772,10.0,0.04723660342223853
4,36,Tomato,27.24,82.52,0.904,0.471,5.44,25.0,2.0,1.0,0.041667,1.1679673946131177,1.6142326168542669,8.385767383145733,8.124,-0.2617673831457328,10.0,0.04866569743134478
4,37,Tomato,27.4,78.49,0.904,0.471,5.44,25.0,2.0,1.0,0.041667,1.1809926614295303,1.663441038078051,8.336558961921948,8.1402,-0.19635896192194835,10.0,0.04920842122378424
4,38,Tomato,27.57,73.33,0.904,0.471,5.44,25.0,2.0,1.0,0.041667,1.1949912048567823,1.7132327366108187,8.286767263389182,8.0425,-0.24426726338918137,10.0,0.049791698532767555
4,39,Tomato,26.51,70.41,0.904,0.471,5.44,25.0,2.0,1.0,0.041667,1.1103388336286393,1.7594972247916232,8.240502775208377,8.1221,-0.11840277520837716,10.0,0.04626448818080452
4,40,Tomato,27.01,71.66,0.904,0.471,5.44,25.0,2.0,1.0,0.041667,1.1494948480346772,1.8073932266246842,8.192606773375315,8.0048,-0.18780677337531593,10.0,0.0478960018330609
4,41,Tomato,25.01,66.87,0.904,0.471,5.44,25.0,2.0,1.0,0.041667,1.0006933874625807,1.8490891180000875,8.150910881999913,7.8107,-0.340210881999913,10.0,0.04169589137540335
4,42,Tomato,25.59,68.37,0.904,0.471,5.44,25.0,2.0,1.0,0.041667,1.0417434290082213,1.8924954414565731,8.107504558543427,7.9206,-0.1869045585434268,10.0,0.043406323456485554
4,43,Tomato,25.13,65.72,0.904,0.471,5.44,25.0,2.0,1.0,0.041667,1.0090516338446813,1.9345395958839793,8.06546040411602,7.7702,-0.2952604041160205,10.0,0.04204415442740634
4,44,Tomato,23.52,62.68,0.904,0.471,5.44,25.0,2.0,1.0,0.041667,0.9025007274624299,1.9721440936951564,8.027855906304843,7.5461,-0.48175590630484333,10.0,0.03760449781117707
4,45,Tomato,23.63,60.3,0.904,0.471,5.44,25.0,2.0,1.0,0.041667,0.909408251800733,2.0100364073229375,7.9899635926770625,7.7697,-0.2202635926770622,10.0,0.03789231362778114
4,46,Tomato,23.46,60.34,0.904,0.471,5.44,25.0,2.0,1.0,0.041667,0.8987551266110299,2.0474848371834393,7.95251516281656,7.6109,-0.34161516281656024,10.0,0.037448429860501786
4,47,Tomato,21.76,62.01,0.904,0.471,5.44,25.0,2.0,1.0,0.041667,0.798851916449148,2.080770599986126,7.919229400013874,7.6794,-0.23982940001387387,10.0,0.03328576280268665
4,48,Tomato,21.92,68.66,0.904,0.471,5.44,25.0,2.0,1.0,0.041667,0.8077607776096082,2.1144275683067857,7.885572431693214,7.5327,-0.35287243169321414,10.0,0.03365696832065954
4,49,Tomato,22.0,58.5,0.904,0.471,5.44,25.0,2.0,1.0,0.041667,0.8122523963562356,2.1482716889057607,7.85172831109424,7.6418,-0.20992831109423982,10.0,0.03384412059897527
4,50,Tomato,22.26,68.27,0.904,0.471,5.44,25.0,2.0,1.0,0.041667,0.8270233684432657,2.182731271598686,7.817268728401314,7.4888,-0.32846872840131347,10.0,0.03445958269292555
4,51,Tomato,21.72,72.9,0.904,0.471,5.44,25.0,2.0,1.0,0.041667,0.7966400962855826,2.215924874490618,7.784075125509382,7.3095,-0.4745751255093822,10.0,0.03319360289193137
4,52,Tomato,21.47,80.37,0.904,0.471,5.44,25.0,2.0,1.0,0.041667,0.7829542962565428,2.248548231152739,7.751451768847261,7.2255,-0.5259517688472606,10.0,0.03262335666212137
4,53,Tomato,22.96,73.46,0.904,0.471,5.44,25.0,2.0,1.0,0.041667,0.8681402276010429,2.284721030016192,7.7152789699838085,7.2556,-0.4596789699838082,10.0,0.036172798863452656
4,54,Tomato,24.85,85.93,0.904,0.471,5.44,25.0,2.0,1.0,0.041667,0.989656656415207,2.325957053919044,7.674042946080956,6.9869,-0.6871429460809555,10.0,0.04123602390285243
4,55,Tomato,24.83,77.34,0.904,0.471,5.44,25.0,2.0,1.0,0.041667,0.9882856515007324,2.367135952160125,7.632864047839875,7.1866,-0.4462640478398745,10.0,0.04117889824108102
4,56,Tomato,24.34,80.99,0.904,0.471,5.44,25.0,2.0,1.0,0.041667,0.9552829363824373,2.4069397262703722,7.593060273729628,7.0505,-0.5425602737296273,10.0,0.03980377411024702
4,57,Tomato,28.04,83.75,0.904,0.471,5.44,25.0,2.0,1.0,0.041667,1.2345626068935383,2.458380246411805,7.541619753588195,7.1102,-0.4314197535881954,10.0,0.05144052014143306
4,58,Tomato,28.15,82.11,0.904,0.471,5.44,25.0,2.0,1.0,0.041667,1.2440116532984686,2.5102144799697927,7.489785520030207,6.8887,-0.6010855200302068,10.0,0.051834233557987296
4,59,Tomato,27.97,79.86,0.904,0.471,5.44,25.0,2.0,1.0,0.041667,1.2285869804456497,2.5614060136840213,7.438593986315979,6.8462,-0.5923939863159795,10.0,0.05119153371422889
4,60,Tomato,26.5,80.33,0.904,0.471,5.44,25.0,2.0,1.0,0.041667,1.109569472067845,2.6076384448766725,7.392361555123328,6.8325,-0.5598615551233284,10.0,0.04623243119265091
4,61,Tomato,28.44,80.88,0.904,0.471,5.44,25.0,2.0,1.0,0.041667,1.269270886019805,2.6605251548844597,7.33947484511554,6.784,-0.5554748451155405,10.0,0.05288671000778722
4,62,Tomato,27.09,75.98,0.904,0.471,5.44,25.0,2.0,1.0,0.041667,1.1558867065547986,2.7086874862864785,7.291312513713521,6.9027,-0.3886125137135208,10.0,0.048162331402018796
4,63,Tomato,27.23,73.82,0.904,0.471,5.44,25.0,2.0,1.0,0.041667,1.1671581018184676,2.7573194629149484,7.242680537085052,6.6539,-0.5887805370850518,10.0,0.04863197662847009
4,64,Tomato,27.65,74.98,0.904,0.471,5.44,25.0,2.0,1.0,0.041667,1.2016360495268505,2.807388032190584,7.192611967809416,6.7577,-0.4349119678094162,10.0,0.050068569275635286
4,65,Tomato,26.58,69.79,0.904,0.471,5.44,25.0,2.0,1.0,0.041667,1.115739322324964,2.853877542533898,7.146122457466102,6.6429,-0.5032224574661024,10.0,0.046489510343314285
4,66,Tomato,26.82,64.77,0.904,0.471,5.44,25.0,2.0,1.0,0.041667,1.134455484935954,2.9011468992247247,7.098853100775275,6.6772,-0.4216531007752753,10.0,0.0472693566908264
4,67,Tomato,24.84,61.31,0.904,0.471,5.44,25.0,2.0,1.0,0.041667,0.9889709163809315,2.9423543503975687,7.057645649602431,6.7079,-0.34974564960243093,10.0,0.04120745117284427
4,68,Tomato,23.86,63.44,0.904,0.471,5.44,25.0,2.0,1.0,0.041667,0.9240225724468233,2.9808555989237107,7.019144401076289,6.6715,-0.34764440107628936,10.0,0.03850124852614179
4,69,Tomato,23.78,58.92,0.904,0.471,5.44,25.0,2.0,1.0,0.041667,0.91891288347905,3.019143942039632,6.980856057960368,6.6201,-0.36075605796036836,10.0,0.03828834311592158
4,70,Tomato,26.71,61.3,0.904,0.471,5.44,25.0,2.0,1.0,0.041667,1.1258385861367626,3.0660542584081925,6.933945741591808,6.5795,-0.35444574159180764,10.0,0.04691031636856049
4,71,Tomato,22.86,60.28,0.904,0.471,5.44,25.0,2.0,1.0,0.041667,0.8621435450175959,3.1019771934984406,6.89802280650156,6.5392,-0.35882280650155973,10.0,0.03592293509024817
4,72,Tomato,22.35,67.91,0.904,0.471,5.44,25.0,2.0,1.0,0.041667,0.8321987347115246,3.136652418177666,6.8633475818223335,6.514,-0.3493475818223333,10.0,0.0346752246792251
4,73,Tomato,21.91,65.5,0.904,0.471,5.44,25.0,2.0,1.0,0.041667,0.8072010745047649,3.170286065349056,6.829713934650944,6.2252,-0.604513934650944,10.0,0.03363364717139004
4,74,Tomato,21.14,66.49,0.904,0.471,5.44,25.0,2.0,1.0,0.041667,0.7652483849113338,3.2021716698031564,6.797828330196843,6.3326,-0.46522833019684295,10.0,0.03188560445410055
4,75,Tomato,21.93,68.53,0.904,0.471,5.44,25.0,2.0,1.0,0.041667,0.808320868805567,3.235851975443678,6.764148024556322,6.1187,-0.6454480245563223,10.0,0.03368030564052156
4,76,Tomato,23.77,77.69,0.904,0.471,5.44,25.0,2.0,1.0,0.041667,0.9182761623009238,3.2741137882982705,6.725886211701729,6.1276,-0.5982862117017289,10.0,0.0382618128545926
4,77,Tomato,23.22,76.78,0.904,0.471,5.44,25.0,2.0,1.0,0.041667,0.8839275310636712,3.3109443967351004,6.689055603264899,6.0013,-0.6877556032648995,10.0,0.03683060843682999
4,78,Tomato,23.52,78.55,0.904,0.471,5.44,25.0,2.0,1.0,0.041667,0.9025007274624299,3.3485488945462776,6.651451105453722,6.0378,-0.6136511054537221,10.0,0.03760449781117707
4,79,Tomato,24.27,83.95,0.904,0.471,5.44,25.0,2.0,1.0,0.041667,0.9506591012298182,3.3881600073172207,6.611839992682779,5.8575,-0.7543399926827794,10.0,0.03961111277094284
4,80,Tomato,28.49,79.14,0.904,0.471,5.44,25.0,2.0,1.0,0.041667,1.2736774753264992,3.4412303266816497,6.55876967331835,5.9297,-0.6290696733183498,10.0,0.05307031936442925
4,81,Tomato,26.83,83.12,0.904,0.471,5.44,25.0,2.0,1.0,0.041667,1.1352421021460644,3.4885324593517697,6.51146754064823,5.6803,-0.83116754064823,10.0,0.04730213267012007
4,82,Tomato,26.03,82.39,0.904,0.471,5.44,25.0,2.0,1.0,0.041667,1.0740044716201245,3.5332830036707654,6.466716996329234,5.6897,-0.7770169963292339,10.0,0.04475054431899573
4,83,Tomato,28.42,79.7,0.904,0.471,5.44,25.0,2.0,1.0,0.041667,1.2675125220344248,3.586096447926374,6.413903552073625,5.6846,-0.7293035520736257,10.0,0.05281344425560838
4,84,Tomato,27.6,81.31,0.904,0.471,5.44,25.0,2.0,1.0,0.041667,1.1974787046189288,3.6359917931117307,6.364008206888269,5.6123,-0.751708206888269,10.0,0.04989534518535691
4,85,Tomato,28.27,75.42,0.904,0.471,5.44,25.0,2.0,1.0,0.041667,1.2544022045209948,3.688258969767507,6.311741030232493,5.7328,-0.5789410302324933,10.0,0.05226717665577629
4,86,Tomato,28.56,74.83,0.904,0.471,5.44,25.0,2.0,1.0,0.041667,1.2798724138443078,3.741587413635158,6.258412586364842,5.5222,-0.7362125863648421,10.0,0.05332844386765078
4,87,Tomato,27.82,73.42,0.904,0.471,5.44,25.0,2.0,1.0,0.041667,1.2158792831830971,3.792249455727548,6.207750544272452,5.5372,-0.6705505442724515,10.0,0.050662042092390114
4,88,Tomato,25.88,73.21,0.904,0.471,5.44,25.0,2.0,1.0,0.041667,1.0628956743585531,3.8365371297910458,6.163462870208955,5.5479,-0.6155628702089544,10.0,0.04428767406349784
4,89,Tomato,27.57,68.03,0.904,0.471,5.44,25.0,2.0,1.0,0.041667,1.1949912048567823,3.8863288283238133,6.113671171676186,5.5363,-0.5773711716761865,10.0,0.049791698532767555
4,90,Tomato,26.14,64.65,0.904,0.471,5.44,25.0,2.0,1.0,0.041667,1.0822246445257149,3.931421882587266,6.068578117412734,5.4947,-0.5738781174127343,10.0,0.04509305426345296
4,91,Tomato,25.34,61.39,0.904,0.471,5.44,25.0,2.0,1.0,0.041667,1.0238469004284423,3.9740825113874183,6.025917488612581,5.5241,-0.5018174886125815,10.0,0.04266062880015191
4,92,Tomato,24.76,64.76,0.904,0.471,5.44,25.0,2.0,1.0,0.041667,0.9835020740262485,4.01506209230587,5.98493790769413,5.5106,-0.47433790769412987,10.0,0.0409795809184517
4,93,Tomato,26.19,60.15,0.904,0.471,5.44,25.0,2.0,1.0,0.041667,1.0859818563222943,4.060311698313251,5.939688301686749,5.261,-0.6786883016867487,10.0,0.04524960600738104
4,94,Tomato,23.9,62.75,0.904,0.471,5.44,25.0,2.0,1.0,0.041667,0.9265880618903708,4.098919843088037,5.901080156911963,5.4608,-0.440280156911963,10.0,0.03860814477478608
4,95,Tomato,24.14,62.92,0.904,0.471,5.44,25.0,2.0,1.0,0.041667,0.9421312739048088,4.138175626877829,5.861824373122171,5.1899,-0.6719243731221711,10.0,0.03925578378979167
5,0,Tomato,21.84,64.39,0.99,0.73,22.42,25.0,2.0,1.0,0.041667,0.8032939967570338,0.03347085096287533,9.966529149037125,10.0,0.03347085096287472,10.0,0.03347085096287533
5,1,Tomato,25.1,61.95,0.99,0.73,22.42,25.0,2.0,1.0,0.041667,1.0069555500567189,0.07542766786708864,9.924572332132911,9.8804,-0.04417233213291105,10.0,0.04195681690421331
5,2,Tomato,22.27,68.44,0.99,0.73,22.42,25.0,2.0,1.0,0.041667,0.8275968160782053,0.10991114440261923,9.89008885559738,9.8694,-0.02068885559737943,10.0,0.034483476535530584
5,3,Tomato,22.52,71.48,0.99,0.73,22.42,25.0,2.0,1.0,0.041667,0.842062953608416,0.14499738149062108,9.85500261850938,9.7014,-0.15360261850937995,10.0,0.03508623708800187
5,4,Tomato,23.5,73.89,0.99,0.73,22.42,25.0,2.0,1.0,0.041667,0.9012504626108302,0.18254978451622655,9.817450215483774,9.7613,-0.056150215483773636,10.0,0.03755240302560547
5,5,Tomato,23.82,76.04,0.99,0.73,22.42,25.0,2.0,1.0,0.041667,0.921464186198704,0.22094443276256798,9.779055567237432,9.8528,0.07374443276256848,10.0,0.0383946482463414
5,6,Tomato,24.82,78.99,0.99,0.73,22.42,25.0,2.0,1.0,0.041667,0.9876008614453725,0.2620947978564123,9.737905202143587,9.5676,-0.17030520214358624,10.0,0.041150365093844336
5,7,Tomato,24.04,76.64,0.99,0.73,22.42,25.0,2.0,1.0,0.041667,0.9356234978314001,0.3010794221405533,9.698920577859447,9.422,-0.2769205778594461,10.0,0.03898462428414095
5,8,Tomato,27.2,82.4,0.99,0.73,22.42,25.0,2.0,1.0,0.041667,1.1647335864684558,0.3496103764879344,9.650389623512066,9.4014,-0.248989623512065,10.0,0.04853095434738115
5,9,Tomato,26.79,79.17,0.99,0.73,22.42,25.0,2.0,1.0,0.041667,1.1320989021106738,0.39678154144217986,9.60321845855782,9.3595,-0.2437184585578187,10.0,0.04717116495424545
5,10,Tomato,26.65,82.6,0.99,0.73,22.42,25.0,2.0,1.0,0.041667,1.1211660780285087,0.4434971684153937,9.556502831584606,9.2677,-0.28880283158460607,10.0,0.046715626973213874
5,11,Tomato,26.88,93.35,0.99,0.73,22.42,25.0,2.0,1.0,0.041667,1.1391833772221147,0.4909635221941076,9.509036477805893,9.0555,-0.45353647780589235,10.0,0.04746635377871386
5,12,Tomato,28.68,75.9,0.99,0.73,22.42,25.0,2.0,1.0,0.041667,1.290562490451779,0.5447373894837618,9.455262610516238,9.1573,-0.2979626105162385,10.0,0.053773867289654276
5,13,Tomato,27.98,81.14,0.99,0.73,22.42,25.0,2.0,1.0,0.041667,1.2294388672545808,0.5959644187656585,9.404035581234341,9.0155,-0.3885355812343416,10.0,0.051227029281896624
5,14,Tomato,25.96,67.0,0.99,0.73,22.42,25.0,2.0,1.0,0.041667,1.0688059912110082,0.6404983580014476,9.359501641998552,9.0468,-0.31270164199855266,10.0,0.04453393923578908
5,15,Tomato,28.08,71.55,0.99,0.73,22.42,25.0,2.0,1.0,0.041667,1.2379902908374454,0.6920816994497714,9.307918300550229,8.7928,-0.5151183005502293,10.0,0.05158334144832384
5,16,Tomato,27.43,66.98,0.99,0.73,22.42,25.0,2.0,1.0,0.041667,1.183451021752571,0.7413925531731358,9.258607446826865,8.9346,-0.3240074468268652,10.0,0.049310853723364384
5,17,Tomato,26.15,66.35,0.99,0.73,22.42,25.0,2.0,1.0,0.041667,1.0829750455259246,0.7865168743950645,9.213483125604936,8.8067,-0.406783125604937,10.0,0.04512432122192871
5,18,Tomato,23.55,68.57,0.99,0.73,22.42,25.0,2.0,1.0,0.041667,0.9043793775610881,0.8241996499199024,9.175800350080097,8.7259,-0.44990035008009777,10.0,0.03768277552483786
5,19,Tomato,23.36,61.37,0.99,0.73,22.42,25.0,2.0,1.0,0.041667,0.8925469714729767,0.8613894045802669,9.138610595419733,8.5819,-0.5567105954197338,10.0,0.03718975466036452
5,20,Tomato,24.31,62.19,0.99,0.73,22.42,25.0,2.0,1.0,0.041667,0.9532985452881588,0.9011104950667886,9.098889504933211,8.5206,-0.5782895049332115,10.0,0.03972109048652172
5,21,Tomato,22.46,61.52,0.99,0.73,22.42,25.0,2.0,1.0,0.041667,0.8385681844409313,0.9360511156078889,9.063948884392111,8.5424,-0.5215488843921108,10.0,0.03494062054110029
5,22,Tomato,23.92,68.61,0.99,0.73,22.42,25.0,2.0,1.0,0.041667,0.9278734764712828,0.9747128197520178,9.025287180247982,8.3396,-0.6856871802479816,10.0,0.03866170414412894
5,23,Tomato,21.71,64.3,0.99,0.73,22.42,25.0,2.0,1.0,0.041667,0.7960880987787798,1.0078834225638333,8.992116577436168,8.2918,-0.7003165774361673,10.0,0.03317060281181542
5,24,Tomato,26.07,65.49,0.99,0.73,22.42,25.0,2.0,1.0,0.041667,1.0769863761930485,1.052758213900669,8.947241786099331,8.3739,-0.5733417860993306,10.0,0.04487479133683575
5,25,Tomato,21.99,69.27,0.99,0.73,22.42,25.0,2.0,1.0,0.041667,0.8116895809772785,1.0865788836712493,8.91342111632875,8.0359,-0.8775211163287508,10.0,0.033820669770580264
5,26,Tomato,21.01,67.54,0.99,0.73,22.42,25.0,2.0,1.0,0.041667,0.7583837726872211,1.1181784603278078,8.881821539672192,8.114,-0.767821539672191,10.0,0.031599576656558444
5,27,Tomato,24.21,74.49,0.99,0.73,22.42,25.0,2.0,1.0,0.041667,0.946713631236714,1.157625177200548,8.842374822799453,7.9053,-0.9370748227994525,10.0,0.039446716872740165
5,28,Tomato,22.61,75.72,0.99,0.73,22.42,25.0,2.0,1.0,0.041667,0.8473324349461182,1.1929309777674477,8.807069022232552,7.8749,-0.9321690222325518,10.0,0.03530580056689991
5,29,Tomato,24.16,79.91,0.99,0.73,22.42,25.0,2.0,1.0,0.041667,0.94343825089536,1.2322412193675047,8.767758780632494,7.799,-0.968758780632494,10.0,0.03931024160005697
5,30,Tomato,23.88,72.6,0.99,0.73,22.42,25.0,2.0,1.0,0.041667,0.9253044280378522,1.270795878970558,8.729204121029442,7.7603,-0.9689041210294418,10.0,0.03855465960305319
5,31,Tomato,25.92,84.09,0.99,0.73,22.42,25.0,2.0,1.0,0.041667,1.0658467360679427,1.315206514922301,8.6847934850777,7.5602,-1.1245934850776997,10.0,0.04441063595174297
5,32,Tomato,29.67,77.39,0.99,0.73,22.42,25.0,2.0,1.0,0.041667,1.382232206528583,1.3727999842717273,8.627200015728272,7.5991,-1.0281000157282723,10.0,0.057593469349426475
5,33,Tomato,27.26,83.25,0.99,0.73,22.42,25.0,2.0,1.0,0.041667,1.1695876640519476,1.42153319346978,8.57846680653022,7.457,-1.1214668065302194,10.0,0.048733209198052505
5,34,Tomato,27.18,79.07,0.99,0.73,22.42,25.0,2.0,1.0,0.041667,1.1631200415478509,1.4699969162409543,8.530003083759045,7.469,-1.0610030837590445,10.0,0.048463722771174306
5,35,Tomato,28.2,79.57,0.99,0.73,22.42,25.0,2.0,1.0,0.041667,1.2483305489016119,1.5220111052220378,8.477988894777962,7.1655,-1.312488894777962,10.0,0.05201418898108347
5,36,Tomato,29.13,79.66,0.99,0.73,22.42,25.0,2.0,1.0,0.041667,1.3314516132363707,1.5774886995907575,8.422511300409242,7.157,-1.2655113004092424,10.0,0.055477594368719865
5,37,Tomato,26.0,84.84,0.99,0.73,22.42,25.0,2.0,1.0,0.041667,1.0717734625362931,1.6221462844542573,8.377853715545744,7.0334,-1.3444537155457432,10.0,0.04465758486349973
5,38,Tomato,27.91,74.12,0.99,0.73,22.42,25.0,2.0,1.0,0.041667,1.2234880411318663,1.6731253606640988,8.326874639335902,7.2093,-1.1175746393359018,10.0,0.050979076209841476
5,39,Tomato,27.03,69.81,0.99,0.73,22.42,25.0,2.0,1.0,0.041667,1.1510894913277627,1.7210878064992525,8.278912193500748,7.0888,-1.190112193500748,10.0,0.04796244583515389
5,40,Tomato,23.96,73.65,0.99,0.73,22.42,25.0,2.0,1.0,0.041667,0.9304496577030154,1.7598568523867641,8.240143147613235,6.9174,-1.3227431476132354,10.0,0.038769045887511545
5,41,Tomato,25.2,66.79,0.99,0.73,22.42,25.0,2.0,1.0,0.041667,1.013959479790029,1.8021055020311754,8.197894497968825,6.8668,-1.3310944979688255,10.0,0.04224864964441114
5,42,Tomato,25.9,72.37,0.99,0.73,22.42,25.0,2.0,1.0,0.041667,1.0643701824533598,1.8464546144234595,8.15354538557654,6.8595,-1.294045385576541,10.0,0.044349112392284146
5,43,Tomato,24.8,64.75,0.99,0.73,22.42,25.0,2.0,1.0,0.041667,0.9862327044933592,1.8875479725215842,8.112452027478415,6.8357,-1.2767520274784152,10.0,0.0410933580981248
5,44,Tomato,24.67,63.09,0.99,0.73,22.42,25.0,2.0,1.0,0.041667,0.9773857664108054,1.9282727052506232,8.071727294749376,6.7914,-1.2803272947493758,10.0,0.04072473272903903
5,45,Tomato,22.23,62.08,0.99,0.73,22.42,25.0,2.0,1.0,0.041667,0.8253054085126573,1.9626607057071201,8.03733929429288,6.6228,-1.4145392942928794,10.0,0.0343880004564969
5,46,Tomato,21.97,57.26,0.99,0.73,22.42,25.0,2.0,1.0,0.041667,0.810565119885309,1.9964345225573814,8.003565477442619,6.588,-1.4155654774426187,10.0,0.03377381685026117
5,47,Tomato,23.45,64.35,0.99,0.73,22.42,25.0,2.0,1.0,0.041667,0.8981323728839342,2.033857004138336,7.966142995861664,6.4873,-1.4788429958616636,10.0,0.03742248158095489
5,48,Tomato,21.36,63.96,0.99,0.73,22.42,25.0,2.0,1.0,0.041667,0.7770072687840495,2.0662325660067613,7.933767433993239,6.3593,-1.574467433993239,10.0,0.03237556186842499
5,49,Tomato,21.93,70.68,0.99,0.73,22.42,25.0,2.0,1.0,0.041667,0.808320868805567,2.099912871647283,7.900087128352717,6.1874,-1.7126871283527167,10.0,0.03368030564052156
5,50,Tomato,22.22,71.31,0.99,0.73,22.42,25.0,2.0,1.0,0.041667,0.8247335486100813,2.134277044417219,7.865722955582781,6.2576,-1.6081229555827807,10.0,0.03436417276993626
5,51,Tomato,22.03,74.74,0.99,0.73,22.42,25.0,2.0,1.0,0.041667,0.8139431850704346,2.168191615109549,7.831808384890451,6.3061,-1.525708384890451,10.0,0.0339145706923298
5,52,Tomato,22.24,76.85,0.99,0.73,22.42,25.0,2.0,1.0,0.041667,0.8258776649357198,2.2026034597744255,7.7973965402255745,5.9997,-1.7976965402255747,10.0,0.03441184466487664
5,53,Tomato,24.87,80.1,0.99,0.73,22.42,25.0,2.0,1.0,0.041667,0.9910295632640792,2.24389668858695,7.7561033114130495,5.8344,-1.92170331141305,10.0,0.04129322881252439
5,54,Tomato,24.94,80.11,0.99,0.73,22.42,25.0,2.0,1.0,0.041667,0.9958497530944582,2.2853907602491366,7.714609239750864,5.7074,-2.007209239750864,10.0,0.04149407166218679
5,55,Tomato,25.96,78.55,0.99,0.73,22.42,25.0,2.0,1.0,0.041667,1.0688059912110082,2.3299246994849256,7.670075300515075,5.7354,-1.9346753005150745,10.0,0.04453393923578908
5,56,Tomato,26.41,80.98,0.99,0.73,22.42,25.0,2.0,1.0,0.041667,1.102669163068913,2.375869615502518,7.624130384497482,5.6848,-1.9393303844974819,10.0,0.045944916017592395
5,57,Tomato,26.26,85.23,0.99,0.73,22.42,25.0,2.0,1.0,0.041667,1.0912638770549352,2.421339307467766,7.5786606925322335,5.5015,-2.0771606925322335,10.0,0.045469691965247985
5,58,Tomato,27.1,81.85,0.99,0.73,22.42,25.0,2.0,1.0,0.041667,1.1566881839052876,2.469535034026548,7.530464965973453,5.5014,-2.0290649659734523,10.0,0.04819572655878162
5,59,Tomato,27.66,81.93,0.99,0.73,22.42,25.0,2.0,1.0,0.041667,1.2024692488981776,2.519638320220388,7.480361679779612,5.3915,-2.0888616797796127,10.0,0.05010328619384037
5,60,Tomato,29.78,88.17,0.99,0.73,22.42,25.0,2.0,1.0,0.041667,1.392811480669035,2.5776725961854248,7.422327403814576,5.0533,-2.3690274038145755,10.0,0.058034275965036686
5,61,Tomato,28.8,79.13,0.99,0.73,22.42,25.0,2.0,1.0,0.041667,1.3013418554419336,2.6318956072761237,7.368104392723876,5.2671,-2.101004392723876,10.0,0.05422301109069905
5,62,Tomato,27.83,73.48,0.99,0.73,22.42,25.0,2.0,1.0,0.041667,1.2167223586340676,2.6825927777933294,7.31740722220667,5.2215,-2.0959072222066704,10.0,0.0506971705172057
5,63,Tomato,27.08,68.91,0.99,0.73,22.42,25.0,2.0,1.0,0.041667,1.155085784553584,2.7307217371783237,7.269278262821676,5.1041,-2.1651782628216765,10.0,0.04812895938499419
5,64,Tomato,24.54,63.56,0.99,0.73,22.42,25.0,2.0,1.0,0.041667,0.9686181892266276,2.7710811512688296,7.228918848731171,5.0827,-2.146218848731171,10.0,0.04035941409050589
5,65,Tomato,25.48,69.93,0.99,0.73,22.42,25.0,2.0,1.0,0.041667,1.0338307362479644,2.8141577765560735,7.1858422234439265,5.1043,-2.0815422234439263,10.0,0.04307662528724394
5,66,Tomato,24.1,62.99,0.99,0.73,22.42,25.0,2.0,1.0,0.041667,0.9395227492140119,2.8533048709475737,7.146695129052427,5.0763,-2.070395129052427,10.0,0.039147094391500235
5,67,Tomato,22.94,65.06,0.99,0.73,22.42,25.0,2.0,1.0,0.041667,0.8669375635146868,2.88942755840654,7.11057244159346,4.9073,-2.2032724415934597,10.0,0.036122687458966456
5,68,Tomato,24.62,66.68,0.99,0.73,22.42,25.0,2.0,1.0,0.041667,0.9740042685432411,2.9300113942639316,7.069988605736068,4.8195,-2.2504886057360682,10.0,0.040583835857391226
5,69,Tomato,22.67,63.96,0.99,0.73,22.42,25.0,2.0,1.0,0.041667,0.8508637295065407,2.9654643332812807,7.034535666718719,4.8381,-2.1964356667187195,10.0,0.035452939017349035
5,70,Tomato,21.56,64.23,0.99,0.73,22.42,25.0,2.0,1.0,0.041667,0.7878538860493461,2.9982918411512984,7.001708158848702,4.678,-2.323708158848702,10.0,0.032827507870018105
5,71,Tomato,21.94,56.42,0.99,0.73,22.42,25.0,2.0,1.0,0.041667,0.8088813483617392,3.0319955002934873,6.968004499706513,4.6954,-2.272604499706513,10.0,0.03370365914218859
5,72,Tomato,22.02,66.33,0.99,0.73,22.42,25.0,2.0,1.0,0.041667,0.8133791981321259,3.0658865713420584,6.934113428657941,4.6587,-2.2754134286579415,10.0,0.033891071048571295
5,73,Tomato,23.02,66.41,0.99,0.73,22.42,25.0,2.0,1.0,0.041667,0.8717582395370621,3.102210121908849,6.897789878091151,4.5249,-2.3728898780911516,10.0,0.03632355056679077
5,74,Tomato,22.52,71.43,0.99,0.73,22.42,25.0,2.0,1.0,0.041667,0.842062953608416,3.137296358996851,6.862703641003149,4.5237,-2.339003641003149,10.0,0.03508623708800187
5,75,Tomato,23.68,69.68,0.99,0.73,22.42,25.0,2.0,1.0,0.041667,0.9125654885434519,3.175320225207991,6.824679774792009,4.4074,-2.417279774792009,10.0,0.03802386621114001
5,76,Tomato,24.01,71.42,0.99,0.73,22.42,25.0,2.0,1.0,0.041667,0.9336799449153133,3.2142238674727777,6.785776132527222,4.1875,-2.5982761325272223,10.0,0.03890364226478636
5,77,Tomato,23.44,76.04,0.99,0.73,22.42,25.0,2.0,1.0,0.041667,0.8975100506672615,3.25162041875393,6.74837958124607,4.0542,-2.69417958124607,10.0,0.03739655128115279
5,78,Tomato,24.84,80.25,0.99,0.73,22.42,25.0,2.0,1.0,0.041667,0.9889709163809315,3.2928278699267746,6.707172130073225,3.9845,-2.722672130073225,10.0,0.04120745117284427
5,79,Tomato,25.47,79.45,0.99,0.73,22.42,25.0,2.0,1.0,0.041667,1.0331143876841324,3.3358746471184095,6.664125352881591,3.9269,-2.737225352881591,10.0,0.04304677719163475
5,80,Tomato,25.5,78.63,0.99,0.73,22.42,25.0,2.0,1.0,0.041667,1.0352649238413776,3.379011030700108,6.6209889692998924,3.8534,-2.7675889692998923,10.0,0.04313638358169868
5,81,Tomato,25.87,86.58,0.99,0.73,22.42,25.0,2.0,1.0,0.041667,1.0621591864953726,3.4232680175238106,6.57673198247619,3.4466,-3.1301319824761897,10.0,0.04425698682370269
5,82,Tomato,27.32,84.03,0.99,0.73,22.42,25.0,2.0,1.0,0.041667,1.1744619712136535,3.47220432447837,6.52779567552163,3.4866,-3.04119567552163,10.0,0.048936306954559305
5,83,Tomato,26.88,79.19,0.99,0.73,22.42,25.0,2.0,1.0,0.041667,1.1391833772221147,3.519670678257084,6.480329321742916,3.5756,-2.904729321742916,10.0,0.04746635377871386
5,84,Tomato,26.53,77.17,0.99,0.73,22.42,25.0,2.0,1.0,0.041667,1.111879157517107,3.5659993471133493,6.434000652886651,3.4986,-2.9354006528866505,10.0,0.0463286688562653
5,85,Tomato,29.9,69.74,0.99,0.73,22.42,25.0,2.0,1.0,0.041667,1.404444875737997,3.6245183517507242,6.375481648249275,3.5446,-2.8308816482492754,10.0,0.058519004637375124
5,86,Tomato,26.55,71.59,0.99,0.73,22.42,25.0,2.0,1.0,0.041667,1.1134216182286865,3.6709112903174588,6.329088709682541,3.4949,-2.834188709682541,10.0,0.04639293856673468
5,87,Tomato,27.25,71.26,0.99,0.73,22.42,25.0,2.0,1.0,0.041667,1.1687772485612455,3.7196107319332605,6.28038926806674,3.3129,-2.96748926806674,10.0,0.04869944161580142
5,88,Tomato,26.74,69.05,0.99,0.73,22.42,25.0,2.0,1.0,0.041667,1.1281821374565113,3.766618697054661,6.2333813029453395,3.3294,-2.9039813029453394,10.0,0.04700796512140046
5,89,Tomato,25.82,61.84,0.99,0.73,22.42,25.0,2.0,1.0,0.041667,1.0584843948751328,3.810722566335923,6.189277433664077,3.434,-2.7552774336640766,10.0,0.04410386928126216
5,90,Tomato,26.18,68.26,0.99,0.73,22.42,25.0,2.0,1.0,0.041667,1.0852293718818071,3.855940818574122,6.144059181425877,3.2131,-2.9309591814258775,10.0,0.04521825223819926
5,91,Tomato,24.9,61.98,0.99,0.73,22.42,25.0,2.0,1.0,0.041667,0.9930924954370358,3.8973200035814974,6.102679996418503,3.1136,-2.9890799964185026,10.0,0.041379185007374975
5,92,Tomato,22.63,60.63,0.99,0.73,22.42,25.0,2.0,1.0,0.041667,0.8485079017058962,3.932674782321877,6.067325217678123,3.1218,-2.945525217678123,10.0,0.03535477874037958
5,93,Tomato,22.95,60.69,0.99,0.73,22.42,25.0,2.0,1.0,0.041667,0.8675386871520679,3.968822516799442,6.031177483200558,2.9704,-3.060777483200558,10.0,0.03614773447756522
5,94,Tomato,21.05,60.99,0.99,0.73,22.42,25.0,2.0,1.0,0.041667,0.7604893766205046,4.000509827655089,5.999490172344911,3.0717,-2.9277901723449116,10.0,0.03168731085564657
5,95,Tomato,22.36,64.79,0.99,0.73,22.42,25.0,2.0,1.0,0.041667,0.8327757708805489,4.035209095700369,5.964790904299631,2.9933,-2.9714909042996314,10.0,0.034699268045279834
6,0,Tomato,21.86,61.05,0.896,0.576,14.19,25.0,2.0,1.0,0.041667,0.8044083709419158,0.0335172835920368,9.966482716407963,9.8197,-0.14678271640796403,10.0,0.0335172835920368
6,1,Tomato,25.29,64.84,0.896,0.576,14.19,25.0,2.0,1.0,0.041667,1.0203046592484577,0.07603031782894229,9.923969682171057,9.865,-0.0589696821710568,10.0,0.042513034236905486
6,2,Tomato,22.1,67.83,0.896,0.576,14.19,25.0,2.0,1.0,0.041667,0.8179020585577812,0.11010984290286936,9.889890157097131,9.9546,0.06470984290286808,10.0,0.03407952507392707
6,3,Tomato,22.15,70.7,0.896,0.576,14.19,25.0,2.0,1.0,0.041667,0.8207416088104983,0.1443076835171764,9.855692316482823,9.7457,-0.10999231648282404,10.0,0.034197840614307036
6,4,Tomato,22.14,73.66,0.896,0.576,14.19,25.0,2.0,1.0,0.041667,0.8201729111967263,0.1784818282080104,9.82151817179199,9.5955,-0.22601817179199024,10.0,0.034174144690834
6,5,Tomato,22.74,71.86,0.896,0.576,14.19,25.0,2.0,1.0,0.041667,0.8550021778919726,0.21410720395423521,9.785892796045765,9.5751,-0.21079279604576406,10.0,0.035625375746224826
6,6,Tomato,21.0,76.61,0.896,0.576,14.19,25.0,2.0,1.0,0.041667,0.757858283255199,0.24568488504262959,9.75431511495737,9.6973,-0.05701511495736966,10.0,0.03157768108839438
6,7,Tomato,23.08,75.39,0.896,0.576,14.19,25.0,2.0,1.0,0.041667,0.8753913296942639,0.2821598155770005,9.717840184423,9.5763,-0.14154018442300043,10.0,0.0364749305343709
6,8,Tomato,23.21,86.91,0.896,0.576,14.19,25.0,2.0,1.0,0.041667,0.8833150514814653,0.3189649038270787,9.681035096172922,9.4914,-0.18963509617292118,10.0,0.036805088250078215
6,9,Tomato,23.29,78.05,0.896,0.576,14.19,25.0,2.0,1.0,0.041667,0.8882267958424048,0.3559746497294442,9.644025350270557,9.334,-0.310025350270557,10.0,0.037009745902365485
6,10,Tomato,27.43,84.4,0.896,0.576,14.19,25.0,2.0,1.0,0.041667,1.183451021752571,0.40528550345280856,9.59471449654719,9.2372,-0.35751449654719103,10.0,0.049310853723364384
6,11,Tomato,25.9,80.49,0.896,0.576,14.19,25.0,2.0,1.0,0.041667,1.0643701824533598,0.44963461584509273,9.550365384154908,9.3146,-0.23576538415490766,10.0,0.044349112392284146
6,12,Tomato,28.81,76.0,0.896,0.576,14.19,25.0,2.0,1.0,0.041667,1.3022441895690284,0.5038952244918654,9.496104775508135,9.3572,-0.1389047755081343,10.0,0.054260608646772714
6,13,Tomato,28.19,81.06,0.896,0.576,14.19,25.0,2.0,1.0,0.041667,1.247465571914046,0.555873372476808,9.444126627523191,9.2366,-0.20752662752319218,10.0,0.05197814798494255
6,14,Tomato,26.56,80.3,0.896,0.576,14.19,25.0,2.0,1.0,0.041667,1.1141936508193322,0.6022984793254971,9.397701520674502,9.0616,-0.33610152067450194,10.0,0.04642510684868912
6,15,Tomato,27.08,77.46,0.896,0.576,14.19,25.0,2.0,1.0,0.041667,1.155085784553584,0.6504274387104914,9.34957256128951,8.9831,-0.366472561289509,10.0,0.04812895938499419
6,16,Tomato,28.66,76.09,0.896,0.576,14.19,25.0,2.0,1.0,0.041667,1.2887746304850156,0.7041268112389104,9.295873188761089,9.0141,-0.2817731887610897,10.0,0.05369937252841915
6,17,Tomato,28.08,73.01,0.896,0.576,14.19,25.0,2.0,1.0,0.041667,1.2379902908374454,0.7557101526872343,9.244289847312766,8.8158,-0.4284898473127665,10.0,0.05158334144832384
6,18,Tomato,25.49,64.32,0.896,0.576,14.19,25.0,2.0,1.0,0.041667,1.0345475815189091,0.7988166467663826,9.201183353233617,8.9164,-0.2847833532336175,10.0,0.04310649407914839
6,19,Tomato,26.8,65.73,0.896,0.576,14.19,25.0,2.0,1.0,0.041667,1.1328838852957988,0.8460205196150027,9.153979480384997,8.816,-0.3379794803849965,10.0,0.04720387284862005
6,20,Tomato,25.6,62.34,0.896,0.576,14.19,25.0,2.0,1.0,0.041667,1.0424657608411214,0.8894569404719698,9.11054305952803,8.698,-0.41254305952802994,10.0,0.04343642085696701
6,21,Tomato,24.82,65.36,0.896,0.576,14.19,25.0,2.0,1.0,0.041667,0.9876008614453725,0.9306073055658141,9.069392694434185,8.687,-0.382392694434186,10.0,0.041150365093844336
6,22,Tomato,25.3,62.18,0.896,0.576,14.19,25.0,2.0,1.0,0.041667,1.0210121257071934,0.9731498178076557,9.026850182192344,8.6004,-0.4264501821923439,10.0,0.04254251224184163
6,23,Tomato,24.26,60.68,0.896,0.576,14.19,25.0,2.0,1.0,0.041667,0.9500003828748861,1.0127334837609037,8.987266516239096,8.4531,-0.5341665162390967,10.0,0.03958366595324788
6,24,Tomato,22.84,65.27,0.896,0.576,14.19,25.0,2.0,1.0,0.041667,0.860949188338904,1.0486066535914207,8.95139334640858,8.5547,-0.3966933464085791,10.0,0.03587316983051712
6,25,Tomato,23.9,63.09,0.896,0.576,14.19,25.0,2.0,1.0,0.041667,0.9265880618903708,1.0872147983662068,8.912785201633794,8.4208,-0.4919852016337938,10.0,0.03860814477478608
6,26,Tomato,21.1,62.77,0.896,0.576,14.19,25.0,2.0,1.0,0.041667,0.7631296044802797,1.1190121195960865,8.880987880403914,8.4558,-0.4251878804039144,10.0,0.03179732122987981
6,27,Tomato,21.28,66.76,0.896,0.576,14.19,25.0,2.0,1.0,0.041667,0.7727105496479874,1.1512086500682692,8.84879134993173,8.1606,-0.6881913499317296,10.0,0.03219653047218269
6,28,Tomato,21.92,70.41,0.896,0.576,14.19,25.0,2.0,1.0,0.041667,0.8077607776096082,1.1848656183889288,8.81513438161107,8.3338,-0.48133438161107023,10.0,0.03365696832065954
6,29,Tomato,23.78,72.43,0.896,0.576,14.19,25.0,2.0,1.0,0.041667,0.91891288347905,1.2231539615048503,8.77684603849515,8.0461,-0.7307460384951501,10.0,0.03828834311592158
6,30,Tomato,23.07,74.43,0.896,0.576,14.19,25.0,2.0,1.0,0.041667,0.8747847649058218,1.2596036183041812,8.740396381695819,7.9764,-0.7639963816958186,10.0,0.036449656799330876
6,31,Tomato,24.11,77.56,0.896,0.576,14.19,25.0,2.0,1.0,0.041667,0.940174202509126,1.2987778568001291,8.701222143199871,7.9286,-0.7726221431998708,10.0,0.039174238495947755
6,32,Tomato,24.23,85.16,0.896,0.576,14.19,25.0,2.0,1.0,0.041667,0.9480269651286454,1.3382792963561443,8.661720703643855,7.7686,-0.8931207036438549,10.0,0.03950143955601527
6,33,Tomato,25.0,78.55,0.896,0.576,14.19,25.0,2.0,1.0,0.041667,1.0,1.3799462963561444,8.620053703643855,7.791,-0.8290537036438543,10.0,0.041667
6,34,Tomato,26.41,83.13,0.896,0.576,14.19,25.0,2.0,1.0,0.041667,1.102669163068913,1.4258912123737366,8.574108787626264,7.7428,-0.8313087876262637,10.0,0.045944916017592395
6,35,Tomato,27.15,86.91,0.896,0.576,14.19,25.0,2.0,1.0,0.041667,1.16070391438372,1.474254262374363,8.525745737625638,7.6704,-0.8553457376256377,10.0,0.04836305000062646
6,36,Tomato,28.57,84.2,0.896,0.576,14.19,25.0,2.0,1.0,0.041667,1.2807598613297704,1.5276196835163907,8.472380316483608,7.6269,-0.8454803164836084,10.0,0.053365421142027546
6,37,Tomato,26.46,81.46,0.896,0.576,14.19,25.0,2.0,1.0,0.041667,1.1064973530922722,1.5737241087276863,8.426275891272313,7.59,-0.8362758912723134,10.0,0.04610442521129571
6,38,Tomato,29.49,80.1,0.896,0.576,14.19,25.0,2.0,1.0,0.041667,1.3650937178851663,1.6306034686708077,8.369396531329192,7.5027,-0.8666965313291923,10.0,0.05687935994312123
6,39,Tomato,27.71,77.35,0.896,0.576,14.19,25.0,2.0,1.0,0.041667,1.2066439197207628,1.6808807008738127,8.319119299126188,7.4438,-0.8753192991261871,10.0,0.05027723220300503
6,40,Tomato,27.34,74.36,0.896,0.576,14.19,25.0,2.0,1.0,0.041667,1.1760912502909648,1.7298848949996863,8.270115105000313,7.3335,-0.9366151050003131,10.0,0.04900419412587363
6,41,Tomato,27.12,70.1,0.896,0.576,14.19,25.0,2.0,1.0,0.041667,1.1582928061946434,1.7781474813553986,8.221852518644601,7.4353,-0.7865525186446014,10.0,0.048262586355712206
6,42,Tomato,32.94,66.51,0.896,0.576,14.19,25.0,2.0,1.0,0.041667,1.733875127029373,1.8503928562733314,8.14960714372667,7.2043,-0.9453071437266694,10.0,0.0722453749179329
6,43,Tomato,26.58,73.57,0.896,0.576,14.19,25.0,2.0,1.0,0.041667,1.115739322324964,1.8968823666166457,8.103117633383354,7.225,-0.8781176333833542,10.0,0.046489510343314285
6,44,Tomato,24.56,61.33,0.896,0.576,14.19,25.0,2.0,1.0,0.041667,0.9699619103417347,1.9372977695348548,8.062702230465145,7.3318,-0.7309022304651451,10.0,0.04041540291820906
6,45,Tomato,24.14,60.94,0.896,0.576,14.19,25.0,2.0,1.0,0.041667,0.9421312739048088,1.9765535533246463,8.023446446675354,7.1562,-0.8672464466753542,10.0,0.03925578378979167
6,46,Tomato,24.03,63.42,0.896,0.576,14.19,25.0,2.0,1.0,0.041667,0.9349751977514554,2.0155111648893564,7.984488835110644,6.9669,-1.0175888351106437,10.0,0.03895761156470989
6,47,Tomato,23.2,64.72,0.896,0.576,14.19,25.0,2.0,1.0,0.041667,0.8827029962906549,2.052290750635799,7.947709249364201,7.094,-0.8537092493642007,10.0,0.03677958574644272
6,48,Tomato,22.34,60.98,0.896,0.576,14.19,25.0,2.0,1.0,0.041667,0.8316220983749063,2.086941948608786,7.913058051391214,6.8318,-1.081258051391214,10.0,0.03465119797298722
6,49,Tomato,22.41,65.11,0.896,0.576,14.19,25.0,2.0,1.0,0.041667,0.8356669589218535,2.121761683786183,7.878238316213817,6.9719,-0.9063383162138177,10.0,0.03481973517739687
6,50,Tomato,23.93,63.83,0.896,0.576,14.19,25.0,2.0,1.0,0.041667,0.928516852306729,2.1604501954712476,7.839549804528753,6.7281,-1.1114498045287524,10.0,0.03868851168506448
6,51,Tomato,20.23,66.72,0.896,0.576,14.19,25.0,2.0,1.0,0.041667,0.7184700882720316,2.190386688639278,7.809613311360722,6.8592,-0.9504133113607214,10.0,0.029936493168030744
6,52,Tomato,21.69,70.91,0.896,0.576,14.19,25.0,2.0,1.0,0.041667,0.7949852509489742,2.223511339090569,7.776488660909431,6.7135,-1.062988660909431,10.0,0.03312465045129091
6,53,Tomato,22.41,69.74,0.896,0.576,14.19,25.0,2.0,1.0,0.041667,0.8356669589218535,2.258331074267966,7.741668925732034,6.7159,-1.0257689257320335,10.0,0.03481973517739687
6,54,Tomato,23.83,72.9,0.896,0.576,14.19,25.0,2.0,1.0,0.041667,0.9221031179126311,2.296752344882032,7.703247655117968,6.502,-1.2012476551179683,10.0,0.038421270614065604
6,55,Tomato,24.34,74.99,0.896,0.576,14.19,25.0,2.0,1.0,0.041667,0.9552829363824373,2.3365561189922786,7.663443881007721,6.4076,-1.2558438810077206,10.0,0.03980377411024702
6,56,Tomato,22.88,81.66,0.896,0.576,14.19,25.0,2.0,1.0,0.041667,0.8633395585744118,2.372528888379399,7.627471111620601,6.2771,-1.3503711116206008,10.0,0.03597276938712002
6,57,Tomato,26.5,80.94,0.896,0.576,14.19,25.0,2.0,1.0,0.041667,1.109569472067845,2.4187613195720497,7.58123868042795,6.3031,-1.2781386804279506,10.0,0.04623243119265091
6,58,Tomato,26.97,81.97,0.896,0.576,14.19,25.0,2.0,1.0,0.041667,1.1463121857283778,2.466524709414794,7.533475290585206,6.2685,-1.2649752905852054,10.0,0.04776338984274432
6,59,Tomato,25.06,82.99,0.896,0.576,14.19,25.0,2.0,1.0,0.041667,1.004167543238973,2.5083653584389323,7.491634641561068,6.0619,-1.429734641561068,10.0,0.04184064902413829
6,60,Tomato,27.66,81.65,0.896,0.576,14.19,25.0,2.0,1.0,0.041667,1.2024692488981776,2.5584686446327725,7.4415313553672275,5.9659,-1.4756313553672271,10.0,0.05010328619384037
6,61,Tomato,28.17,81.47,0.896,0.576,14.19,25.0,2.0,1.0,0.041667,1.245737415569474,2.610374785527306,7.389625214472694,5.9105,-1.4791252144726945,10.0,0.05190614089453328
6,62,Tomato,28.09,83.16,0.896,0.576,14.19,25.0,2.0,1.0,0.041667,1.2388486977839088,2.661993894217868,7.3380061057821315,5.8347,-1.5033061057821318,10.0,0.05161910869056213
6,63,Tomato,28.32,74.98,0.896,0.576,14.19,25.0,2.0,1.0,0.041667,1.2587571735048577,2.714442529366295,7.285557470633705,5.902,-1.383557470633705,10.0,0.05244863514842691
6,64,Tomato,26.41,74.9,0.896,0.576,14.19,25.0,2.0,1.0,0.041667,1.102669163068913,2.7603874453838873,7.239612554616112,5.8017,-1.437912554616112,10.0,0.045944916017592395
6,65,Tomato,26.62,73.55,0.896,0.576,14.19,25.0,2.0,1.0,0.041667,1.1188371010357114,2.8070060308727425,7.192993969127258,5.9778,-1.2151939691272577,10.0,0.04661858548885499
6,66,Tomato,27.87,60.99,0.896,0.576,14.19,25.0,2.0,1.0,0.041667,1.2201005102722233,2.857843958834255,7.1421560411657445,5.8537,-1.2884560411657446,10.0,0.050837927961512736
6,67,Tomato,24.79,66.73,0.896,0.576,14.19,25.0,2.0,1.0,0.041667,0.9855493369393707,2.8989088430565078,7.101091156943492,5.8438,-1.2572911569434924,10.0,0.04106488422225276
6,68,Tomato,25.42,61.19,0.896,0.576,14.19,25.0,2.0,1.0,0.041667,1.0295400834339972,2.9418066897129522,7.058193310287048,5.7661,-1.292093310287048,10.0,0.04289784665644436
6,69,Tomato,23.68,65.26,0.896,0.576,14.19,25.0,2.0,1.0,0.041667,0.9125654885434519,2.9798305559240923,7.020169444075908,5.6518,-1.368369444075908,10.0,0.03802386621114001
6,70,Tomato,26.63,62.84,0.896,0.576,14.19,25.0,2.0,1.0,0.041667,1.1196128886542394,3.0264814661556483,6.973518533844352,5.8181,-1.155418533844352,10.0,0.046650910231556195
6,71,Tomato,22.02,68.89,0.896,0.576,14.19,25.0,2.0,1.0,0.041667,0.8133791981321259,3.06037253720422,6.93962746279578,5.5664,-1.3732274627957803,10.0,0.033891071048571295
6,72,Tomato,23.62,63.24,0.896,0.576,14.19,25.0,2.0,1.0,0.041667,0.9087781164485201,3.09823859498228,6.901761405017719,5.3315,-1.5702614050177193,10.0,0.03786605777806049
6,73,Tomato,21.99,60.24,0.896,0.576,14.19,25.0,2.0,1.0,0.041667,0.8116895809772785,3.1320592647528605,6.8679407352471395,5.4292,-1.4387407352471397,10.0,0.033820669770580264
6,74,Tomato,21.92,69.15,0.896,0.576,14.19,25.0,2.0,1.0,0.041667,0.8077607776096082,3.1657162330735202,6.83428376692648,5.3083,-1.5259837669264797,10.0,0.03365696832065954
6,75,Tomato,22.91,66.54,0.896,0.576,14.19,25.0,2.0,1.0,0.041667,0.8651366905849882,3.2017638835601248,6.798236116439876,5.3308,-1.4674361164398757,10.0,0.03604765048660471
6,76,Tomato,22.05,74.94,0.896,0.576,14.19,25.0,2.0,1.0,0.041667,0.8150723324026254,3.2357255024343448,6.764274497565655,5.045,-1.7192744975656549,10.0,0.033961618874220195
6,77,Tomato,22.13,71.64,0.896,0.576,14.19,25.0,2.0,1.0,0.041667,0.8196046076375171,3.269875967620777,6.730124032379223,5.1127,-1.6174240323792226,10.0,0.03415046518643242
6,78,Tomato,24.92,75.17,0.896,0.576,14.19,25.0,2.0,1.0,0.041667,0.9944701686732145,3.3113125561388843,6.688687443861116,4.993,-1.6956874438611154,10.0,0.04143658851810683
6,79,Tomato,31.36,79.06,0.896,0.576,14.19,25.0,2.0,1.0,0.041667,1.554014537568099,3.376063679875734,6.623936320124265,4.9827,-1.641236320124265,10.0,0.06475112373684998
6,80,Tomato,25.22,84.42,0.896,0.576,14.19,25.0,2.0,1.0,0.041667,1.0153661008694295,3.4183709392006607,6.581629060799339,4.6156,-1.9660290607993396,10.0,0.04230725932492652
6,81,Tomato,26.86,84.54,0.896,0.576,14.19,25.0,2.0,1.0,0.041667,1.1376052278725046,3.465771536230424,6.534228463769576,4.6521,-1.8821284637695763,10.0,0.04740059702976365
6,82,Tomato,25.93,80.5,0.896,0.576,14.19,25.0,2.0,1.0,0.041667,1.0665857808317645,3.5102129659603416,6.489787034039658,4.6521,-1.837687034039658,10.0,0.04444142972991713
6,83,Tomato,27.26,84.24,0.896,0.576,14.19,25.0,2.0,1.0,0.041667,1.1695876640519476,3.558946175158394,6.441053824841606,4.4321,-2.0089538248416057,10.0,0.048733209198052505
6,84,Tomato,26.57,82.35,0.896,0.576,14.19,25.0,2.0,1.0,0.041667,1.1149662187276974,3.605403472594121,6.394596527405879,4.3686,-2.025996527405879,10.0,0.04645729743572697
6,85,Tomato,27.26,77.53,0.896,0.576,14.19,25.0,2.0,1.0,0.041667,1.1695876640519476,3.6541366817921737,6.345863318207826,4.423,-1.9228633182078259,10.0,0.048733209198052505
6,86,Tomato,28.01,80.63,0.896,0.576,14.19,25.0,2.0,1.0,0.041667,1.231998073445756,3.705470345518438,6.294529654481562,4.2763,-2.018229654481562,10.0,0.05133366372626432
6,87,Tomato,29.31,78.96,0.896,0.576,14.19,25.0,2.0,1.0,0.041667,1.3481677317370564,3.7616444503967257,6.238355549603274,4.3498,-1.8885555496032742,10.0,0.05617410487828793
6,88,Tomato,26.7,75.77,0.896,0.576,14.19,25.0,2.0,1.0,0.041667,1.1250584846888094,3.808522262278254,6.191477737721746,4.196,-1.995477737721746,10.0,0.046877811881528626
6,89,Tomato,26.45,67.45,0.896,0.576,14.19,25.0,2.0,1.0,0.041667,1.1057306533202689,3.85459474141015,6.14540525858985,4.4285,-1.7169052585898505,10.0,0.04607247913189565
6,90,Tomato,27.42,64.29,0.896,0.576,14.19,25.0,2.0,1.0,0.041667,1.182631000244143,3.9038714272973225,6.0961285727026775,4.2923,-1.8038285727026775,10.0,0.049276685887172704
6,91,Tomato,26.48,62.9,0.896,0.576,14.19,25.0,2.0,1.0,0.041667,1.108032347864926,3.9500398111358104,6.04996018886419,4.3975,-1.6524601888641897,10.0,0.04616838383848788
6,92,Tomato,30.5,59.25,0.896,0.576,14.19,25.0,2.0,1.0,0.041667,1.4640856959456254,4.011043869828777,5.988956130171223,4.2563,-1.7326561301712227,10.0,0.06100405869296638
6,93,Tomato,24.14,63.69,0.896,0.576,14.19,25.0,2.0,1.0,0.041667,0.9421312739048088,4.050299653618569,5.949700346381431,4.1695,-1.7802003463814309,10.0,0.03925578378979167
6,94,Tomato,23.03,62.44,0.896,0.576,14.19,25.0,2.0,1.0,0.041667,0.8723627057707586,4.086648390479919,5.913351609520081,4.1816,-1.7317516095200807,10.0,0.0363487368613502
6,95,Tomato,22.29,66.59,0.896,0.576,14.19,25.0,2.0,1.0,0.041667,0.8287449044879921,4.12117970441522,5.87882029558478,3.985,-1.89382029558478,10.0,0.03453131393530117
7,0,Banana,25.85,95.73,0.848,0.612,9.89,25.0,2.2,1.0,0.041667,1.0693156619919273,0.04455517568821764,7.955444824311782,6.8901,-1.065344824311782,8.0,0.04455517568821764
7,1,Banana,27.0,87.82,0.848,0.612,9.89,25.0,2.2,1.0,0.041667,1.1708049129648923,0.0933391039967258,7.906660896003274,6.9117,-0.9949608960032741,8.0,0.04878392830850817
7,2,Banana,28.31,80.94,0.848,0.612,9.89,25.0,2.2,1.0,0.041667,1.2982009044086658,0.1474312410807217,7.852568758919278,6.8442,-1.0083687589192785,8.0,0.05409213708399588
7,3,Banana,26.09,79.88,0.848,0.612,9.89,25.0,2.2,1.0,0.041667,1.0897429603939428,0.1928375610114561,7.807162438988544,6.6401,-1.1670624389885438,8.0,0.04540631993073442
7,4,Banana,28.23,82.31,0.848,0.612,9.89,25.0,2.2,1.0,0.041667,1.2900380672027216,0.24658957715759192,7.753410422842408,6.6516,-1.1018104228424077,8.0,0.053752016146135805
7,5,Banana,27.9,76.8,0.848,0.612,9.89,25.0,2.2,1.0,0.041667,1.2569053576192912,0.2989610526935149,7.701038947306485,6.5629,-1.1381389473064853,8.0,0.05237147553592301
7,6,Banana,27.84,82.51,0.848,0.612,9.89,25.0,2.2,1.0,0.041667,1.2509733025170853,0.3510853572894943,7.648914642710506,6.4382,-1.2107146427105056,8.0,0.052124304595979394
7,7,Banana,26.64,76.77,0.848,0.612,9.89,25.0,2.2,1.0,0.041667,1.1380394567322,0.3985040473331549,7.601495952666845,6.2876,-1.3138959526668446,8.0,0.04741869004366058
7,8,Banana,27.79,77.53,0.848,0.612,9.89,25.0,2.2,1.0,0.041667,1.246051315294413,0.4504232674875272,7.549576732512473,6.2709,-1.2786767325124728,8.0,0.05191922015437231
7,9,Banana,27.39,72.99,0.848,0.612,9.89,25.0,2.2,1.0,0.041667,1.2073662195297346,0.5007305957566727,7.499269404243328,6.1763,-1.3229694042433273,8.0,0.050307328269145454
7,10,Banana,29.02,67.35,0.848,0.612,9.89,25.0,2.2,1.0,0.041667,1.3729474591519883,0.5579371975371585,7.442062802462841,6.1012,-1.3408628024628406,8.0,0.0572066017804859
7,11,Banana,25.65,66.93,0.848,0.612,9.89,25.0,2.2,1.0,0.041667,1.0525857210369576,0.6017952867756055,7.398204713224395,6.0704,-1.3278047132243946,8.0,0.04385808923844691
7,12,Banana,24.6,59.74,0.848,0.612,9.89,25.0,2.2,1.0,0.041667,0.9689538502228232,0.6421686868528398,7.357831313147161,6.1341,-1.2237313131471605,8.0,0.040373400077234375
7,13,Banana,23.82,62.87,0.848,0.612,9.89,25.0,2.2,1.0,0.041667,0.9111589042815658,0.6801339449175399,7.319866055082461,6.0544,-1.2654660550824604,8.0,0.037965258064700004
7,14,Banana,23.34,60.46,0.848,0.612,9.89,25.0,2.2,1.0,0.041667,0.877319606143455,0.7166892209467192,7.283310779053281,5.9641,-1.3192107790532805,8.0,0.036555276029179344
7,15,Banana,23.0,63.39,0.848,0.612,9.89,25.0,2.2,1.0,0.041667,0.8541132591147453,0.7522775581142533,7.247722441885747,5.8759,-1.3718224418857474,8.0,0.035588337167534095
7,16,Banana,22.12,63.03,0.848,0.612,9.89,25.0,2.2,1.0,0.041667,0.7968604419044238,0.785480342147085,7.214519657852915,5.7571,-1.457419657852915,8.0,0.03320278403283163
7,17,Banana,20.51,63.85,0.848,0.612,9.89,25.0,2.2,1.0,0.041667,0.7018627865589119,0.8147248588746351,7.185275141125365,5.7556,-1.4296751411253643,8.0,0.02924451672755018
7,18,Banana,21.33,65.07,0.848,0.612,9.89,25.0,2.2,1.0,0.041667,0.7487397259467083,0.8459225970356566,7.154077402964344,5.6866,-1.4674774029643434,8.0,0.031197738161021497
7,19,Banana,21.84,70.83,0.848,0.612,9.89,25.0,2.2,1.0,0.041667,0.779461076334711,0.878400401703295,7.121599598296705,5.5663,-1.5552995982967053,8.0,0.0324778046676384
7,20,Banana,22.41,71.35,0.848,0.612,9.89,25.0,2.2,1.0,0.041667,0.8152907700237648,0.9123711222178752,7.087628877782125,5.6915,-1.3961288777821252,8.0,0.03397072051458021
7,21,Banana,22.03,75.06,0.848,0.612,9.89,25.0,2.2,1.0,0.041667,0.7912258431071271,0.9453391294226199,7.05466087057738,5.5342,-1.5204608705773799,8.0,0.032968007204744666
7,22,Banana,23.72,80.12,0.848,0.612,9.89,25.0,2.2,1.0,0.041667,0.9040030523280068,0.9830062246039709,7.016993775396029,5.48,-1.536993775396029,8.0,0.037667095181351064
7,23,Banana,23.42,72.4,0.848,0.612,9.89,25.0,2.2,1.0,0.041667,0.882870928468432,1.0197928075804652,6.980207192419535,5.5965,-1.3837071924195348,8.0,0.036786582976494155
7,24,Banana,25.88,82.05,0.848,0.612,9.89,25.0,2.2,1.0,0.041667,1.0718479851672553,1.0644534975784292,6.935546502421571,5.2359,-1.6996465024215706,8.0,0.04466068999796403
7,25,Banana,24.97,80.26,0.848,0.612,9.89,25.0,2.2,1.0,0.041667,0.9976374232070482,1.1060220560911973,6.893977943908803,5.08,-1.813977943908803,8.0,0.041568558512768077
7,26,Banana,25.41,84.85,0.848,0.612,9.89,25.0,2.2,1.0,0.041667,1.0328549373578872,1.1490580227660883,6.850941977233912,5.1904,-1.6605419772339118,8.0,0.04303596667489109
7,27,Banana,26.83,75.65,0.848,0.612,9.89,25.0,2.2,1.0,0.041667,1.1552164129558768,1.1971924250447208,6.802807574955279,5.2657,-1.5371075749552796,8.0,0.048134402278632527
7,28,Banana,26.59,87.09,0.848,0.612,9.89,25.0,2.2,1.0,0.041667,1.1335618106835896,1.244424545010474,6.7555754549895255,5.0079,-1.7476754549895253,8.0,0.04723211996575313
7,29,Banana,26.07,81.35,0.848,0.612,9.89,25.0,2.2,1.0,0.041667,1.0880258828761102,1.2897593194722727,6.710240680527727,4.9769,-1.7333406805277276,8.0,0.045334774461798885
7,30,Banana,28.25,74.8,0.848,0.612,9.89,25.0,2.2,1.0,0.041667,1.2920739520076736,1.3435961648305765,6.6564038351694235,5.0091,-1.6473038351694234,8.0,0.05383684535830374
7,31,Banana,28.16,73.6,0.848,0.612,9.89,25.0,2.2,1.0,0.041667,1.2829376993426505,1.397052329949087,6.602947670050913,4.9615,-1.6414476700509129,8.0,0.05345616511851022
7,32,Banana,26.56,69.41,0.848,0.612,9.89,25.0,2.2,1.0,0.041667,1.1308836838562923,1.444172860404327,6.555827139595673,4.9348,-1.6210271395956726,8.0,0.04712053045524014
7,33,Banana,27.28,70.4,0.848,0.612,9.89,25.0,2.2,1.0,0.041667,1.19693997385502,1.494045758294944,6.505954241705056,4.8262,-1.679754241705056,8.0,0.04987289789061712
7,34,Banana,25.65,75.21,0.848,0.612,9.89,25.0,2.2,1.0,0.041667,1.0525857210369576,1.537903847533391,6.462096152466609,4.7163,-1.7457961524666086,8.0,0.04385808923844691
7,35,Banana,25.99,68.32,0.848,0.612,9.89,25.0,2.2,1.0,0.041667,1.081184585718166,1.5829535656665097,6.41704643433349,4.6078,-1.80924643433349,8.0,0.045049718133118824
7,36,Banana,24.2,65.62,0.848,0.612,9.89,25.0,2.2,1.0,0.041667,0.9388715638616331,1.6220735271179325,6.377926472882067,4.7377,-1.640226472882067,8.0,0.039119961451422665
7,37,Banana,23.12,60.23,0.848,0.612,9.89,25.0,2.2,1.0,0.041667,0.862232792607754,1.6580001808875198,6.3419998191124805,4.5145,-1.8274998191124805,8.0,0.035926653769587286
7,38,Banana,21.36,61.88,0.848,0.612,9.89,25.0,2.2,1.0,0.041667,0.7505128702367413,1.689271800651674,6.3107281993483255,4.5502,-1.7605281993483253,8.0,0.0312716197641543
7,39,Banana,22.22,66.63,0.848,0.612,9.89,25.0,2.2,1.0,0.041667,0.803168180949365,1.7227374092472911,6.277262590752709,4.5971,-1.6801625907527091,8.0,0.033465608595617195
7,40,Banana,20.36,63.63,0.848,0.612,9.89,25.0,2.2,1.0,0.041667,0.6936108468143977,1.7516380924015067,6.248361907598493,4.6259,-1.6224619075984936,8.0,0.02890068315421551
7,41,Banana,20.17,70.41,0.848,0.612,9.89,25.0,2.2,1.0,0.041667,0.6832975210873911,1.780109050212655,6.219890949787345,4.4624,-1.7574909497873454,8.0,0.028470957811148324
7,42,Banana,21.63,68.13,0.848,0.612,9.89,25.0,2.2,1.0,0.041667,0.7666613270744501,1.8120535277278662,6.187946472272134,4.3662,-1.8217464722721335,8.0,0.031944477515211116
7,43,Banana,21.81,66.44,0.848,0.612,9.89,25.0,2.2,1.0,0.041667,0.7776195396847534,1.8444546010879108,6.155545398912089,4.3616,-1.793945398912089,8.0,0.03240107336004462
7,44,Banana,22.87,74.69,0.848,0.612,9.89,25.0,2.2,1.0,0.041667,0.8454033588585292,1.8796800228414692,6.12031997715853,4.1902,-1.9301199771585305,8.0,0.03522542175355834
7,45,Banana,22.92,87.8,0.848,0.612,9.89,25.0,2.2,1.0,0.041667,0.8487427594748858,1.9150445874005093,6.0849554125994905,4.0506,-2.0343554125994903,8.0,0.035364564559040065
7,46,Banana,23.86,76.78,0.848,0.612,9.89,25.0,2.2,1.0,0.041667,0.9140370803122049,1.9531297704258779,6.046870229574122,4.1476,-1.899270229574122,8.0,0.038085183025368646
7,47,Banana,24.94,79.96,0.848,0.612,9.89,25.0,2.2,1.0,0.041667,0.9952804281831993,1.9946001200269872,6.005399879973012,3.9696,-2.0357998799730126,8.0,0.04147034960110937
7,48,Banana,26.3,78.2,0.848,0.612,9.89,25.0,2.2,1.0,0.041667,1.1079367001308922,2.040764518511341,5.959235481488658,4.0929,-1.8663354814886581,8.0,0.046164398484353886
7,49,Banana,26.93,84.88,0.848,0.612,9.89,25.0,2.2,1.0,0.041667,1.1643608042321514,2.089279940141282,5.910720059858718,3.7204,-2.1903200598587182,8.0,0.048515421629941054
7,50,Banana,25.58,77.07,0.848,0.612,9.89,25.0,2.2,1.0,0.041667,1.0467922905842992,2.132896634513058,5.867103365486942,3.8692,-1.997903365486942,8.0,0.043616694371775996
7,51,Banana,26.88,78.07,0.848,0.612,9.89,25.0,2.2,1.0,0.041667,1.1597795961524267,2.1812211709459413,5.818778829054059,3.7368,-2.081978829054059,8.0,0.04832453643288316
7,52,Banana,27.99,80.69,0.848,0.612,9.89,25.0,2.2,1.0,0.041667,1.2658562247807403,2.2339656022638805,5.766034397736119,3.4854,-2.280634397736119,8.0,0.052744431317939114
7,53,Banana,29.82,77.64,0.848,0.612,9.89,25.0,2.2,1.0,0.041667,1.4623378873090755,2.294896835014388,5.705103164985612,3.7494,-1.955703164985612,8.0,0.060931232750507255
7,54,Banana,28.14,73.77,0.848,0.612,9.89,25.0,2.2,1.0,0.041667,1.2809162102756095,2.3482687707479415,5.651731229252059,3.7916,-1.860131229252059,8.0,0.053371935733553824
7,55,Banana,27.57,75.95,0.848,0.612,9.89,25.0,2.2,1.0,0.041667,1.2246236124160985,2.399295162806483,5.600704837193517,3.5195,-2.081204837193517,8.0,0.05102639205854158
7,56,Banana,27.01,75.24,0.848,0.612,9.89,25.0,2.2,1.0,0.041667,1.1717284067359588,2.4481175703299503,5.55188242967005,3.4811,-2.0707824296700497,8.0,0.0488224075234672
7,57,Banana,27.13,74.14,0.848,0.612,9.89,25.0,2.2,1.0,0.041667,1.1828673135983376,2.4974041026856524,5.502595897314348,3.5107,-1.9918958973143477,8.0,0.049286532355701934
7,58,Banana,24.8,69.37,0.848,0.612,9.89,25.0,2.2,1.0,0.041667,0.9843545348210792,2.538419203088042,5.461580796911958,3.4552,-2.0063807969119583,8.0,0.041015100402389905
7,59,Banana,26.28,68.38,0.848,0.612,9.89,25.0,2.2,1.0,0.041667,1.1061909552459805,2.5845108616202763,5.415489138379724,3.5493,-1.8661891383797236,8.0,0.04609165853223427
7,60,Banana,25.46,68.95,0.848,0.612,9.89,25.0,2.2,1.0,0.041667,1.0369347844252998,2.6277168232829253,5.372283176717074,3.2539,-2.1183831767170744,8.0,0.04320596166264897
7,61,Banana,23.85,62.52,0.848,0.612,9.89,25.0,2.2,1.0,0.041667,0.9133166850863664,2.665771989600419,5.334228010399581,3.4472,-1.8870280103995811,8.0,0.03805516631749363
7,62,Banana,28.79,59.15,0.848,0.612,9.89,25.0,2.2,1.0,0.041667,1.3482741127808797,2.72195052705766,5.278049472942341,3.2609,-2.0171494729423407,8.0,0.05617853745724092
7,63,Banana,21.13,64.21,0.848,0.612,9.89,25.0,2.2,1.0,0.041667,0.7370253446363344,2.752660162092622,5.2473398379073775,3.2037,-2.0436398379073775,8.0,0.030709635034962147
7,64,Banana,22.68,62.32,0.848,0.612,9.89,25.0,2.2,1.0,0.041667,0.8328330245699901,2.78736181572738,5.21263818427262,3.3103,-1.9023381842726206,8.0,0.03470165363475778
7,65,Banana,20.77,67.2,0.848,0.612,9.89,25.0,2.2,1.0,0.041667,0.7163993877372359,2.8172120290162272,5.182787970983773,3.1198,-2.0629879709837726,8.0,0.029850213288847408
7,66,Banana,22.4,63.52,0.848,0.612,9.89,25.0,2.2,1.0,0.041667,0.8146482013675842,2.8511559756226106,5.148844024377389,2.9538,-2.195044024377389,8.0,0.033943946606383134
7,67,Banana,21.21,67.92,0.848,0.612,9.89,25.0,2.2,1.0,0.041667,0.741688941826119,2.8820599287616795,5.117940071238321,3.0786,-2.039340071238321,8.0,0.030903953139068904
7,68,Banana,22.49,76.03,0.848,0.612,9.89,25.0,2.2,1.0,0.041667,0.8204495990540147,2.916245602205463,5.083754397794538,2.7811,-2.3026543977945377,8.0,0.034185673443783635
7,69,Banana,22.37,68.29,0.848,0.612,9.89,25.0,2.2,1.0,0.041667,0.8127235324326135,2.9501093536313325,5.0498906463686675,2.9024,-2.1474906463686674,8.0,0.03386375142586971
7,70,Banana,29.93,73.93,0.848,0.612,9.89,25.0,2.2,1.0,0.041667,1.4750759480352305,3.0115713431581166,4.988428656841883,2.6934,-2.295028656841883,8.0,0.06146198952678395
7,71,Banana,24.54,80.71,0.848,0.612,9.89,25.0,2.2,1.0,0.041667,0.9643808029395309,3.0517541980741982,4.948245801925802,2.4844,-2.4638458019258023,8.0,0.04018285491608144
7,72,Banana,25.08,81.41,0.848,0.612,9.89,25.0,2.2,1.0,0.041667,1.0063275940559213,3.093684849935726,4.906315150064274,2.5232,-2.383115150064274,8.0,0.04193065186152808
7,73,Banana,26.68,75.61,0.848,0.612,9.89,25.0,2.2,1.0,0.041667,1.141634304865601,3.141253326516561,4.858746673483439,2.5474,-2.3113466734834387,8.0,0.047568476580835004
7,74,Banana,27.81,80.6,0.848,0.612,9.89,25.0,2.2,1.0,0.041667,1.2480177820239562,3.1932544834401533,4.806745516559847,2.3448,-2.4619455165598465,8.0,0.05200115692359219
7,75,Banana,28.87,78.97,0.848,0.612,9.89,25.0,2.2,1.0,0.041667,1.3568054440426651,3.249788495877079,4.750211504122921,2.2235,-2.5267115041229213,8.0,0.05653401243692573
7,76,Banana,27.37,76.84,0.848,0.612,9.89,25.0,2.2,1.0,0.041667,1.2054638063307583,3.300016556295463,4.699983443704538,2.2611,-2.4388834437045377,8.0,0.05022806041838371
7,77,Banana,26.59,79.72,0.848,0.612,9.89,25.0,2.2,1.0,0.041667,1.1335618106835896,3.347248676261216,4.652751323738784,2.1929,-2.459851323738784,8.0,0.04723211996575313
7,78,Banana,28.61,81.02,0.848,0.612,9.89,25.0,2.2,1.0,0.041667,1.3292742373523243,3.402635545908975,4.597364454091025,2.031,-2.566364454091025,8.0,0.0553868696477593
7,79,Banana,27.16,79.62,0.848,0.612,9.89,25.0,2.2,1.0,0.041667,1.1856685465906456,3.4520387972397675,4.5479612027602325,2.0545,-2.4934612027602325,8.0,0.04940325133079243
7,80,Banana,27.23,70.87,0.848,0.612,9.89,25.0,2.2,1.0,0.041667,1.1922305821791415,3.5017154689074257,4.498284531092574,2.2031,-2.2951845310925743,8.0,0.04967667166765829
7,81,Banana,26.75,69.93,0.848,0.612,9.89,25.0,2.2,1.0,0.041667,1.147952634688145,3.549547211336977,4.450452788663023,1.9054,-2.545052788663023,8.0,0.04783174242955094
7,82,Banana,26.39,65.95,0.848,0.612,9.89,25.0,2.2,1.0,0.041667,1.1158267088463851,3.5960403628144793,4.403959637185521,2.0581,-2.3458596371855207,8.0,0.04649315147750233
7,83,Banana,25.43,65.89,0.848,0.612,9.89,25.0,2.2,1.0,0.041667,1.0344849463678123,3.639144247074787,4.360855752925213,2.0911,-2.269755752925213,8.0,0.04310388426030764
7,84,Banana,25.25,67.17,0.848,0.612,9.89,25.0,2.2,1.0,0.041667,1.0199069870883266,3.6816407115057963,4.318359288494204,1.8903,-2.428059288494204,8.0,0.04249646443100931
7,85,Banana,25.45,65.45,0.848,0.612,9.89,25.0,2.2,1.0,0.041667,1.0361175277906447,3.724812620536249,4.275187379463751,1.7958,-2.479387379463751,8.0,0.043171909030452794
7,86,Banana,23.79,55.26,0.848,0.612,9.89,25.0,2.2,1.0,0.041667,0.9090062213996187,3.762688182763307,4.237311817236693,1.9551,-2.2822118172366928,8.0,0.037875562227057916
7,87,Banana,22.43,58.83,0.848,0.612,9.89,25.0,2.2,1.0,0.041667,0.8165774282492141,3.796712514466167,4.203287485533833,1.7896,-2.413687485533833,8.0,0.034024331702860004
7,88,Banana,21.6,60.17,0.848,0.612,9.89,25.0,2.2,1.0,0.041667,0.7648500308150505,3.8285815207001375,4.171418479299863,1.7858,-2.385618479299863,8.0,0.031869006233970716
7,89,Banana,22.49,64.17,0.848,0.612,9.89,25.0,2.2,1.0,0.041667,0.8204495990540147,3.8627671941439212,4.137232805856079,1.5564,-2.5808328058560788,8.0,0.034185673443783635
7,90,Banana,27.95,67.11,0.848,0.612,9.89,25.0,2.2,1.0,0.041667,1.2618702190454425,3.9153455405608875,4.084654459439113,1.6001,-2.4845544594391127,8.0,0.05257834641696645
7,91,Banana,22.49,69.61,0.848,0.612,9.89,25.0,2.2,1.0,0.041667,0.8204495990540147,3.949531214004671,4.050468785995329,1.426,-2.6244687859953286,8.0,0.034185673443783635
7,92,Banana,23.39,74.97,0.848,0.612,9.89,25.0,2.2,1.0,0.041667,0.8807850781016607,3.9862308858539333,4.013769114146067,1.185,-2.8287691141460667,8.0,0.0366996718492619
7,93,Banana,24.17,74.2,0.848,0.612,9.89,25.0,2.2,1.0,0.041667,0.9366534076932915,4.025258423392289,3.9747415766077108,1.3646,-2.6101415766077105,8.0,0.03902753753835638
7,94,Banana,23.25,77.04,0.848,0.612,9.89,25.0,2.2,1.0,0.041667,0.8711160807359112,4.061555217128313,3.938444782871687,1.1349,-2.803544782871687,8.0,0.036296793736023215
7,95,Banana,25.1,77.04,0.848,0.612,9.89,25.0,2.2,1.0,0.041667,1.0079157387081061,4.103552042213064,3.896447957786936,0.9926,-2.9038479577869363,8.0,0.04199682508475066
8,0,Tomato,24.24,64.21,0.893,0.562,7.49,25.0,2.0,1.0,0.041667,0.9486843151404538,0.03952882935895729,9.960471170641043,9.8747,-0.085771170641042,10.0,0.03952882935895729
8,1,Tomato,21.82,68.68,0.893,0.562,7.49,25.0,2.0,1.0,0.041667,0.8021811663524864,0.07295331201736635,9.927046687982633,9.9063,-0.02074668798263346,10.0,0.033424482658409055
8,2,Tomato,21.66,64.63,0.893,0.562,7.49,25.0,2.0,1.0,0.041667,0.7933338431911429,0.1060091532616117,9.893990846738388,9.7711,-0.1228908467383878,10.0,0.03305584124424535
8,3,Tomato,21.49,66.43,0.893,0.562,7.49,25.0,2.0,1.0,0.041667,0.7840404540757385,0.1386777668615855,9.861322233138415,9.7151,-0.1462222331384151,10.0,0.0326686135999738
8,4,Tomato,22.89,67.58,0.893,0.562,7.49,25.0,2.0,1.0,0.041667,0.8639381874002773,0.17467547931599284,9.825324520684006,9.6962,-0.12912452068400704,10.0,0.03599771245440735
8,5,Tomato,23.25,67.16,0.893,0.562,7.49,25.0,2.0,1.0,0.041667,0.8857675191023606,0.2115827545344309,9.788417245465569,9.6945,-0.09391724546556901,10.0,0.03690727521843806
8,6,Tomato,23.11,76.31,0.893,0.562,7.49,25.0,2.0,1.0,0.041667,0.8772135487328221,0.2481336114694814,9.75186638853052,9.833,0.08113361146948073,10.0,0.0365508569350505
8,7,Tomato,22.18,67.92,0.893,0.562,7.49,25.0,2.0,1.0,0.041667,0.8224500687124643,0.28240263848252367,9.717597361517477,9.5539,-0.16369736151747638,10.0,0.03426902701304225
8,8,Tomato,22.98,77.25,0.893,0.562,7.49,25.0,2.0,1.0,0.041667,0.8693445600900217,0.31862561826779456,9.681374381732205,9.5701,-0.11127438173220483,10.0,0.036222979785270934
8,9,Tomato,25.17,80.18,0.893,0.562,7.49,25.0,2.0,1.0,0.041667,1.011853201026929,0.36078650559498365,9.639213494405016,9.4332,-0.20601349440501693,10.0,0.042160887327189055
8,10,Tomato,25.6,81.36,0.893,0.562,7.49,25.0,2.0,1.0,0.041667,1.0424657608411214,0.4042229264519507,9.59577707354805,9.5634,-0.03237707354804975,10.0,0.04343642085696701
8,11,Tomato,26.94,76.12,0.893,0.562,7.49,25.0,2.0,1.0,0.041667,1.1439309732038077,0.45188709831243373,9.548112901687567,9.5285,-0.019612901687567685,10.0,0.04766417186048306
8,12,Tomato,25.65,84.09,0.893,0.562,7.49,25.0,2.0,1.0,0.041667,1.0460849397925291,0.495474319498769,9.504525680501231,9.4007,-0.10382568050123098,10.0,0.04358722118633532
8,13,Tomato,27.59,85.12,0.893,0.562,7.49,25.0,2.0,1.0,0.041667,1.1966489632307145,0.5453350918497032,9.454664908150297,9.2403,-0.21436490815029785,10.0,0.04986077235093418
8,14,Tomato,26.72,84.94,0.893,0.562,7.49,25.0,2.0,1.0,0.041667,1.1266192284972791,0.5922779352434994,9.4077220647565,9.1197,-0.2880220647565004,10.0,0.04694284339379613
8,15,Tomato,29.26,76.64,0.893,0.562,7.49,25.0,2.0,1.0,0.041667,1.343503425721297,0.6482576924830287,9.351742307516972,9.2854,-0.06634230751697245,10.0,0.05597975723952928
8,16,Tomato,27.5,75.38,0.893,0.562,7.49,25.0,2.0,1.0,0.041667,1.189207115002721,0.697808385343847,9.302191614656152,9.204,-0.09819161465615167,10.0,0.04955069286081838
8,17,Tomato,29.7,70.71,0.893,0.562,7.49,25.0,2.0,1.0,0.041667,1.3851094681109246,0.7555217415516249,9.244478258448375,9.1052,-0.13927825844837471,10.0,0.0577133562077779
8,18,Tomato,26.74,72.34,0.893,0.562,7.49,25.0,2.0,1.0,0.041667,1.1281821374565113,0.8025297066730254,9.197470293326974,9.1075,-0.08997029332697437,10.0,0.04700796512140046
8,19,Tomato,27.49,72.49,0.893,0.562,7.49,25.0,2.0,1.0,0.041667,1.1883831050569318,0.8520460655114326,9.147953934488568,8.9778,-0.17015393448856742,10.0,0.04951635883840718
8,20,Tomato,30.39,68.82,0.893,0.562,7.49,25.0,2.0,1.0,0.041667,1.45296504957137,0.9125867602319229,9.087413239768077,8.9307,-0.15671323976807727,10.0,0.06054069472049028
8,21,Tomato,27.27,69.31,0.893,0.562,7.49,25.0,2.0,1.0,0.041667,1.17039864147459,0.9613537604262445,9.038646239573755,8.6737,-0.3649462395737544,10.0,0.048767000194321744
8,22,Tomato,24.42,62.86,0.893,0.562,7.49,25.0,2.0,1.0,0.041667,0.9605948639534768,1.001378866622594,8.998621133377405,8.7601,-0.23852113337740555,10.0,0.04002510619634952
8,23,Tomato,25.01,67.32,0.893,0.562,7.49,25.0,2.0,1.0,0.041667,1.0006933874625807,1.0430747579979975,8.956925242002002,8.6254,-0.3315252420020016,10.0,0.04169589137540335
8,24,Tomato,22.86,74.92,0.893,0.562,7.49,25.0,2.0,1.0,0.041667,0.8621435450175959,1.0789976930882457,8.921002306911754,8.6416,-0.27940230691175394,10.0,0.03592293509024817
8,25,Tomato,25.52,55.65,0.893,0.562,7.49,25.0,2.0,1.0,0.041667,1.0367011010197207,1.1221939178644342,8.877806082135566,8.6587,-0.21910608213556593,10.0,0.0431962247761887
8,26,Tomato,21.27,61.02,0.893,0.562,7.49,25.0,2.0,1.0,0.041667,0.772175133091785,1.1543681391349698,8.84563186086503,8.5431,-0.30253186086502915,10.0,0.03217422127053541
8,27,Tomato,22.41,67.97,0.893,0.562,7.49,25.0,2.0,1.0,0.041667,0.8356669589218535,1.1891878743123665,8.810812125687633,8.5105,-0.30031212568763266,10.0,0.03481973517739687
8,28,Tomato,21.27,61.11,0.893,0.562,7.49,25.0,2.0,1.0,0.041667,0.772175133091785,1.221362095582902,8.778637904417097,8.3938,-0.38483790441709687,10.0,0.03217422127053541
8,29,Tomato,21.7,68.94,0.893,0.562,7.49,25.0,2.0,1.0,0.041667,0.7955364837549186,1.2545097142515182,8.745490285748481,8.3077,-0.43779028574848056,10.0,0.033147618668616194
8,30,Tomato,23.23,73.28,0.893,0.562,7.49,25.0,2.0,1.0,0.041667,0.8845404353315406,1.2913658605704774,8.708634139429522,8.3741,-0.3345341394295218,10.0,0.0368561463189593
8,31,Tomato,24.03,79.69,0.893,0.562,7.49,25.0,2.0,1.0,0.041667,0.9349751977514554,1.3303234721351873,8.669676527864812,8.1409,-0.528776527864812,10.0,0.03895761156470989
8,32,Tomato,23.05,75.22,0.893,0.562,7.49,25.0,2.0,1.0,0.041667,0.8735728959166943,1.3667226339893483,8.633277366010653,8.4059,-0.22737736601065173,10.0,0.0363991618541609
8,33,Tomato,23.44,78.77,0.893,0.562,7.49,25.0,2.0,1.0,0.041667,0.8975100506672615,1.404119185270501,8.5958808147295,8.0549,-0.5409808147294992,10.0,0.03739655128115279
8,34,Tomato,25.38,76.2,0.893,0.562,7.49,25.0,2.0,1.0,0.041667,1.026689545719999,1.4468982585720163,8.553101741427984,8.2467,-0.30640174142798315,10.0,0.042779073301515196
8,35,Tomato,25.55,84.03,0.893,0.562,7.49,25.0,2.0,1.0,0.041667,1.0388591032976644,1.49018440082912,8.50981559917088,7.8154,-0.6944155991708794,10.0,0.04328614225710378
8,36,Tomato,26.62,85.79,0.893,0.562,7.49,25.0,2.0,1.0,0.041667,1.1188371010357114,1.536802986317975,8.463197013682025,7.7813,-0.6818970136820255,10.0,0.04661858548885499
8,37,Tomato,28.91,83.41,0.893,0.562,7.49,25.0,2.0,1.0,0.041667,1.311302014215647,1.5914410073442984,8.408558992655701,7.9663,-0.44225899265570057,10.0,0.05463802102632337
8,38,Tomato,27.15,80.72,0.893,0.562,7.49,25.0,2.0,1.0,0.041667,1.16070391438372,1.6398040573449248,8.360195942655075,7.9055,-0.45469594265507496,10.0,0.04836305000062646
8,39,Tomato,26.78,79.0,0.893,0.562,7.49,25.0,2.0,1.0,0.041667,1.1313144628459004,1.686942537068325,8.313057462931674,7.889,-0.4240574629316738,10.0,0.047138479723400135
8,40,Tomato,28.19,75.05,0.893,0.562,7.49,25.0,2.0,1.0,0.041667,1.247465571914046,1.7389206850532675,8.261079314946732,7.7141,-0.5469793149467321,10.0,0.05197814798494255
8,41,Tomato,27.5,77.09,0.893,0.562,7.49,25.0,2.0,1.0,0.041667,1.189207115002721,1.788471377914086,8.211528622085915,7.5709,-0.6406286220859148,10.0,0.04955069286081838
8,42,Tomato,25.84,71.12,0.893,0.562,7.49,25.0,2.0,1.0,0.041667,1.0599527833972817,1.8326364305399006,8.1673635694601,7.6262,-0.5411635694601005,10.0,0.04416505262581454
8,43,Tomato,28.13,68.44,0.893,0.562,7.49,25.0,2.0,1.0,0.041667,1.2422882817844394,1.8843988563770127,8.115601143622987,7.7594,-0.3562011436229868,10.0,0.05176242583711224
8,44,Tomato,26.84,69.59,0.893,0.562,7.49,25.0,2.0,1.0,0.041667,1.1360292647866863,1.9317337877528795,8.06826621224712,7.7296,-0.3386662122471211,10.0,0.04733493137586686
8,45,Tomato,25.49,60.77,0.893,0.562,7.49,25.0,2.0,1.0,0.041667,1.0345475815189091,1.974840281832028,8.025159718167972,7.4396,-0.5855597181679713,10.0,0.04310649407914839
8,46,Tomato,24.21,62.92,0.893,0.562,7.49,25.0,2.0,1.0,0.041667,0.946713631236714,2.014286998704768,7.985713001295232,7.4778,-0.5079130012952318,10.0,0.039446716872740165
8,47,Tomato,23.82,63.35,0.893,0.562,7.49,25.0,2.0,1.0,0.041667,0.921464186198704,2.0526816469511098,7.947318353048891,7.5044,-0.44291835304889027,10.0,0.0383946482463414
8,48,Tomato,23.86,66.24,0.893,0.562,7.49,25.0,2.0,1.0,0.041667,0.9240225724468233,2.0911828954772513,7.908817104522749,7.3445,-0.5643171045227486,10.0,0.03850124852614179
8,49,Tomato,23.76,61.88,0.893,0.562,7.49,25.0,2.0,1.0,0.041667,0.9176398823113652,2.129418196453519,7.8705818035464805,7.3181,-0.5524818035464802,10.0,0.03823530097626766
8,50,Tomato,21.83,63.33,0.893,0.562,7.49,25.0,2.0,1.0,0.041667,0.8027373887159533,2.1628658552291466,7.837134144770854,7.3761,-0.4610341447708537,10.0,0.03344765877562763
8,51,Tomato,22.45,70.96,0.893,0.562,7.49,25.0,2.0,1.0,0.041667,0.8379871346679485,2.197782265169356,7.802217734830644,7.14,-0.6622177348306444,10.0,0.03491640994020941
8,52,Tomato,21.37,68.71,0.893,0.562,7.49,25.0,2.0,1.0,0.041667,0.7775460358825584,2.230180275846475,7.769819724153525,7.1966,-0.5732197241535246,10.0,0.03239801067711857
8,53,Tomato,25.54,76.19,0.893,0.562,7.49,25.0,2.0,1.0,0.041667,1.0381392705430572,2.2734364248321923,7.726563575167807,7.0589,-0.6676635751678068,10.0,0.043256148985717564
8,54,Tomato,22.1,76.96,0.893,0.562,7.49,25.0,2.0,1.0,0.041667,0.8179020585577812,2.307515949906119,7.692484050093881,6.9069,-0.7855840500938811,10.0,0.03407952507392707
8,55,Tomato,22.37,69.63,0.893,0.562,7.49,25.0,2.0,1.0,0.041667,0.8333532071592185,2.3422392779888224,7.657760722011178,7.1174,-0.5403607220111777,10.0,0.034723328082703155
8,56,Tomato,24.08,76.57,0.893,0.562,7.49,25.0,2.0,1.0,0.041667,0.938221196500671,2.381332140583416,7.618667859416584,6.8167,-0.8019678594165844,10.0,0.039092862594593464
8,57,Tomato,23.95,79.16,0.893,0.562,7.49,25.0,2.0,1.0,0.041667,0.9298049426131618,2.4200743231272783,7.579925676872722,6.8801,-0.699825676872722,10.0,0.038742182543862615
8,58,Tomato,25.01,84.16,0.893,0.562,7.49,25.0,2.0,1.0,0.041667,1.0006933874625807,2.461770214502682,7.538229785497318,6.6411,-0.8971297854973184,10.0,0.04169589137540335
8,59,Tomato,26.78,81.44,0.893,0.562,7.49,25.0,2.0,1.0,0.041667,1.1313144628459004,2.508908694226082,7.491091305773918,6.6783,-0.812791305773918,10.0,0.047138479723400135
8,60,Tomato,26.83,78.1,0.893,0.562,7.49,25.0,2.0,1.0,0.041667,1.1352421021460644,2.556210826896202,7.443789173103799,6.6312,-0.8125891731037989,10.0,0.04730213267012007
8,61,Tomato,26.41,77.26,0.893,0.562,7.49,25.0,2.0,1.0,0.041667,1.102669163068913,2.6021557429137943,7.397844257086206,6.5812,-0.8166442570862058,10.0,0.045944916017592395
8,62,Tomato,27.38,78.78,0.893,0.562,7.49,25.0,2.0,1.0,0.041667,1.179356592261216,2.6512959940435423,7.348704005956458,6.4511,-0.8976040059564578,10.0,0.04914025112974809
8,63,Tomato,26.71,80.72,0.893,0.562,7.49,25.0,2.0,1.0,0.041667,1.1258385861367626,2.698206310412103,7.301793689587897,6.2021,-1.0996936895878973,10.0,0.04691031636856049
8,64,Tomato,28.97,76.86,0.893,0.562,7.49,25.0,2.0,1.0,0.041667,1.3167669220592433,2.7530720377535456,7.246927962246454,6.5211,-0.7258279622464547,10.0,0.054865727341442495
8,65,Tomato,29.65,77.35,0.893,0.562,7.49,25.0,2.0,1.0,0.041667,1.380317353396629,2.8105857209175227,7.189414279082477,6.3139,-0.875514279082477,10.0,0.05751368316397735
8,66,Tomato,27.86,69.17,0.893,0.562,7.49,25.0,2.0,1.0,0.041667,1.2192550940763032,2.8613884229224,7.1386115770776,6.3176,-0.8210115770776003,10.0,0.050802702004877326
8,67,Tomato,27.07,65.66,0.893,0.562,7.49,25.0,2.0,1.0,0.041667,1.1542854175168384,2.909484033414074,7.090515966585926,6.3517,-0.7388159665859257,10.0,0.04809561049167411
8,68,Tomato,27.56,71.43,0.893,0.562,7.49,25.0,2.0,1.0,0.041667,1.1941631870745892,2.959241230929911,7.040758769070089,6.1127,-0.9280587690700886,10.0,0.04975719751583691
8,69,Tomato,27.57,64.73,0.893,0.562,7.49,25.0,2.0,1.0,0.041667,1.1949912048567823,3.0090329294626788,6.990967070537321,6.2249,-0.7660670705373214,10.0,0.049791698532767555
8,70,Tomato,25.31,65.51,0.893,0.562,7.49,25.0,2.0,1.0,0.041667,1.0217200827143014,3.0516049401491356,6.948395059850864,6.058,-0.8903950598508645,10.0,0.042572010686456795
8,71,Tomato,23.92,64.2,0.893,0.562,7.49,25.0,2.0,1.0,0.041667,0.9278734764712828,3.0902666442932647,6.909733355706735,6.0846,-0.8251333557067353,10.0,0.03866170414412894
8,72,Tomato,22.43,70.01,0.893,0.562,7.49,25.0,2.0,1.0,0.041667,0.8368262426833915,3.125134683347153,6.874865316652847,5.9369,-0.9379653166528472,10.0,0.034868039053888876
8,73,Tomato,21.85,62.24,0.893,0.562,7.49,25.0,2.0,1.0,0.041667,0.8038509907431515,3.1586287425784483,6.841371257421551,6.0417,-0.7996712574215517,10.0,0.03349405923129489
8,74,Tomato,21.14,57.7,0.893,0.562,7.49,25.0,2.0,1.0,0.041667,0.7652483849113338,3.1905143470325488,6.809485652967451,5.9472,-0.8622856529674516,10.0,0.03188560445410055
8,75,Tomato,23.13,69.28,0.893,0.562,7.49,25.0,2.0,1.0,0.041667,0.8784304682383617,3.2271159093526367,6.772884090647363,5.7428,-1.030084090647363,10.0,0.03660156232008782
8,76,Tomato,22.31,66.86,0.893,0.562,7.49,25.0,2.0,1.0,0.041667,0.8298945855899824,3.2616951270504146,6.738304872949586,5.8537,-0.8846048729495859,10.0,0.034579217697777796
8,77,Tomato,21.09,69.8,0.893,0.562,7.49,25.0,2.0,1.0,0.041667,0.762600826628142,3.293470415693529,6.706529584306471,5.5856,-1.120929584306471,10.0,0.031775288643114796
8,78,Tomato,22.66,68.33,0.893,0.562,7.49,25.0,2.0,1.0,0.041667,0.8502741600641959,3.3288987891209243,6.671101210879076,5.8705,-0.8006012108790763,10.0,0.035428373427394855
8,79,Tomato,21.68,67.93,0.893,0.562,7.49,25.0,2.0,1.0,0.041667,0.7944344000961047,3.3620004872697287,6.637999512730271,5.6388,-0.9991995127302715,10.0,0.0331016981488044
8,80,Tomato,22.26,76.73,0.893,0.562,7.49,25.0,2.0,1.0,0.041667,0.8270233684432657,3.396460069962654,6.603539930037346,5.4229,-1.180639930037346,10.0,0.03445958269292555
8,81,Tomato,24.32,78.04,0.893,0.562,7.49,25.0,2.0,1.0,0.041667,0.9539595505475581,3.436208702555319,6.563791297444681,5.4476,-1.1161912974446802,10.0,0.039748632592665104
8,82,Tomato,23.33,81.31,0.893,0.562,7.49,25.0,2.0,1.0,0.041667,0.8906929006066808,3.4733212036448977,6.526678796355102,5.3991,-1.1275787963551025,10.0,0.03711250108957857
8,83,Tomato,26.31,77.95,0.893,0.562,7.49,25.0,2.0,1.0,0.041667,1.0950524707935745,3.5189487549454537,6.481051245054546,5.3496,-1.1314512450545466,10.0,0.045627551300555874
8,84,Tomato,27.94,77.51,0.893,0.562,7.49,25.0,2.0,1.0,0.041667,1.2260348600531565,3.5700339494592885,6.4299660505407115,5.2955,-1.1344660505407118,10.0,0.05108519451383488
8,85,Tomato,26.76,83.82,0.893,0.562,7.49,25.0,2.0,1.0,0.041667,1.1297472145701237,3.617107126648782,6.382892873351218,5.0563,-1.3265928733512178,10.0,0.047073177189493345
8,86,Tomato,26.68,81.0,0.893,0.562,7.49,25.0,2.0,1.0,0.041667,1.123499903031645,3.6639199971084015,6.336080002891599,5.1552,-1.1808800028915991,10.0,0.04681287045961956
8,87,Tomato,25.58,80.54,0.893,0.562,7.49,25.0,2.0,1.0,0.041667,1.0410215976841113,3.7072962440191053,6.292703755980895,5.1495,-1.1432037559808954,10.0,0.04337624691070387
8,88,Tomato,29.12,79.16,0.893,0.562,7.49,25.0,2.0,1.0,0.041667,1.3305290410806863,3.762735397573814,6.237264602426186,5.0321,-1.2051646024261862,10.0,0.05543915355470896
8,89,Tomato,28.69,73.22,0.893,0.562,7.49,25.0,2.0,1.0,0.041667,1.291457350302335,3.8165465509888614,6.183453449011139,5.0092,-1.1742534490111387,10.0,0.05381115341504739
8,90,Tomato,28.17,67.68,0.893,0.562,7.49,25.0,2.0,1.0,0.041667,1.245737415569474,3.868452691883395,6.131547308116605,5.0388,-1.0927473081166053,10.0,0.05190614089453328
8,91,Tomato,27.45,70.79,0.893,0.562,7.49,25.0,2.0,1.0,0.041667,1.185092770941582,3.917831952370218,6.082168047629782,4.8755,-1.2066680476297824,10.0,0.049379260486822896
8,92,Tomato,26.03,72.91,0.893,0.562,7.49,25.0,2.0,1.0,0.041667,1.0740044716201245,3.9625824966892136,6.037417503310786,4.9682,-1.069217503310786,10.0,0.04475054431899573
8,93,Tomato,26.52,65.49,0.893,0.562,7.49,25.0,2.0,1.0,0.041667,1.1111087286550936,4.008879064086085,5.991120935913915,5.0436,-0.9475209359139152,10.0,0.04629656739687179
8,94,Tomato,26.35,67.43,0.893,0.562,7.49,25.0,2.0,1.0,0.041667,1.0980928137870498,4.0546332973581505,5.9453667026418495,4.7924,-1.1529667026418497,10.0,0.04575423327206501
8,95,Tomato,25.34,61.88,0.893,0.562,7.49,25.0,2.0,1.0,0.041667,1.0238469004284423,4.097293926158303,5.902706073841697,4.8992,-1.003506073841697,10.0,0.04266062880015191
9,0,Tomato,23.04,64.61,0.92,0.62,10.13,25.0,2.0,1.0,0.041667,0.8729675911337629,0.0363739406197705,9.96362605938023,9.8427,-0.12092605938022949,10.0,0.0363739406197705
9,1,Tomato,22.18,69.78,0.92,0.62,10.13,25.0,2.0,1.0,0.041667,0.8224500687124643,0.07064296763281275,9.929357032367188,9.9819,0.052542967632811965,10.0,0.03426902701304225
9,2,Tomato,23.14,71.75,0.92,0.62,10.13,25.0,2.0,1.0,0.041667,0.879039560911787,0.10726990901732418,9.892730090982676,9.9055,0.01276990901732411,10.0,0.03662694138451143
9,3,Tomato,24.06,77.3,0.92,0.62,10.13,25.0,2.0,1.0,0.041667,0.9369214468724254,0.14630861494415753,9.853691385055843,9.6535,-0.20019138505584344,10.0,0.03903870592683335
9,4,Tomato,23.68,80.9,0.92,0.62,10.13,25.0,2.0,1.0,0.041667,0.9125654885434519,0.18433248115529755,9.815667518844702,9.8131,-0.002567518844701411,10.0,0.03802386621114001
9,5,Tomato,22.98,77.2,0.92,0.62,10.13,25.0,2.0,1.0,0.041667,0.8693445600900217,0.2205554609405685,9.779444539059432,9.6829,-0.0965445390594315,10.0,0.036222979785270934
9,6,Tomato,25.82,76.15,0.92,0.62,10.13,25.0,2.0,1.0,0.041667,1.0584843948751328,0.26465933022183064,9.73534066977817,9.5486,-0.18674066977816928,10.0,0.04410386928126216
9,7,Tomato,25.03,81.56,0.92,0.62,10.13,25.0,2.0,1.0,0.041667,1.0020816050796328,0.3064130644606837,9.693586935539317,9.5924,-0.10118693553931735,10.0,0.04175373423885306
9,8,Tomato,26.82,80.3,0.92,0.62,10.13,25.0,2.0,1.0,0.041667,1.134455484935954,0.3536824211515101,9.64631757884849,9.543,-0.10331757884849146,10.0,0.0472693566908264
9,9,Tomato,27.36,82.74,0.92,0.62,10.13,25.0,2.0,1.0,0.041667,1.1777227895949816,0.40275459662556423,9.597245403374435,9.4447,-0.152545403374436,10.0,0.0490721754740541
9,10,Tomato,29.66,83.61,0.92,0.62,10.13,25.0,2.0,1.0,0.041667,1.3812744481438568,0.4603081590563743,9.539691840943625,9.2997,-0.2399918409436257,10.0,0.057553562430810085
9,11,Tomato,29.01,75.27,0.92,0.62,10.13,25.0,2.0,1.0,0.041667,1.3204228410150003,0.5153262175729463,9.484673782427054,9.2925,-0.1921737824270533,10.0,0.05501805851657202
9,12,Tomato,28.3,78.18,0.92,0.62,10.13,25.0,2.0,1.0,0.041667,1.2570133745218284,0.5677021938491473,9.432297806150853,9.1686,-0.26369780615085325,10.0,0.052375976276201025
9,13,Tomato,26.83,77.02,0.92,0.62,10.13,25.0,2.0,1.0,0.041667,1.1352421021460644,0.6150043265192674,9.384995673480732,9.1701,-0.2148956734807328,10.0,0.04730213267012007
9,14,Tomato,27.38,70.91,0.92,0.62,10.13,25.0,2.0,1.0,0.041667,1.179356592261216,0.6641445776490155,9.335855422350985,9.1994,-0.13645542235098418,10.0,0.04914025112974809
9,15,Tomato,27.17,73.07,0.92,0.62,10.13,25.0,2.0,1.0,0.041667,1.1623141075181174,0.7125747195669729,9.287425280433027,9.2422,-0.04522528043302643,10.0,0.0484301419179574
9,16,Tomato,26.61,68.11,0.92,0.62,10.13,25.0,2.0,1.0,0.041667,1.1180618509658617,0.7591610027111675,9.240838997288833,9.0268,-0.21403899728883324,10.0,0.046586283144194565
9,17,Tomato,26.73,68.08,0.92,0.62,10.13,25.0,2.0,1.0,0.041667,1.1274004121454215,0.8061363956840307,9.19386360431597,8.8879,-0.3059636043159699,10.0,0.04697539297286328
9,18,Tomato,25.15,63.54,0.92,0.62,10.13,25.0,2.0,1.0,0.041667,1.0104514464867638,0.8482388761047948,9.151761123895206,8.902,-0.24976112389520644,10.0,0.04210248042076399
9,19,Tomato,23.25,59.82,0.92,0.62,10.13,25.0,2.0,1.0,0.041667,0.8857675191023606,0.8851461513232328,9.114853848676766,8.7927,-0.32215384867676633,10.0,0.03690727521843806
9,20,Tomato,24.59,62.07,0.92,0.62,10.13,25.0,2.0,1.0,0.041667,0.9719809879813525,0.9256456831494518,9.074354316850549,8.7575,-0.31685431685054866,10.0,0.040499531826219015
9,21,Tomato,21.48,58.4,0.92,0.62,10.13,25.0,2.0,1.0,0.041667,0.7834971869493408,0.95829166043807,9.04170833956193,8.8115,-0.23020833956192988,10.0,0.032645977288618185
9,22,Tomato,22.19,59.94,0.92,0.62,10.13,25.0,2.0,1.0,0.041667,0.8230203452787082,0.9925844491647979,9.007415550835201,8.6826,-0.32481555083520064,10.0,0.03429278872672793
9,23,Tomato,21.9,64.63,0.92,0.62,10.13,25.0,2.0,1.0,0.041667,0.8066417592221262,1.0261947913463063,8.973805208653694,8.5005,-0.4733052086536933,10.0,0.03361034218150834
9,24,Tomato,20.4,68.56,0.92,0.62,10.13,25.0,2.0,1.0,0.041667,0.7269862586601552,1.056486127785899,8.943513872214101,8.5292,-0.41431387221410176,10.0,0.030291336439592687
9,25,Tomato,21.07,62.5,0.92,0.62,10.13,25.0,2.0,1.0,0.041667,0.7615443698516307,1.0882173970445068,8.911782602955494,8.377,-0.5347826029554934,10.0,0.0317312692586079
9,26,Tomato,22.61,72.02,0.92,0.62,10.13,25.0,2.0,1.0,0.041667,0.8473324349461182,1.1235231976114068,8.876476802388593,8.4514,-0.4250768023885936,10.0,0.03530580056689991
9,27,Tomato,22.58,74.14,0.92,0.62,10.13,25.0,2.0,1.0,0.041667,0.8455722873775164,1.1587556581095657,8.841244341890434,8.3286,-0.5126443418904341,10.0,0.03523246049815898
9,28,Tomato,24.1,77.48,0.92,0.62,10.13,25.0,2.0,1.0,0.041667,0.9395227492140119,1.197902752501066,8.802097247498935,8.2868,-0.5152972474989355,10.0,0.039147094391500235
9,29,Tomato,23.48,78.55,0.92,0.62,10.13,25.0,2.0,1.0,0.041667,0.9000019297935121,1.2354031329097723,8.764596867090228,8.3623,-0.4022968670902287,10.0,0.03750038040870627
9,30,Tomato,23.82,80.36,0.92,0.62,10.13,25.0,2.0,1.0,0.041667,0.921464186198704,1.2737977811561136,8.726202218843886,8.1436,-0.5826022188438866,10.0,0.0383946482463414
9,31,Tomato,25.3,75.76,0.92,0.62,10.13,25.0,2.0,1.0,0.041667,1.0210121257071934,1.3163402933979553,8.683659706602045,8.1706,-0.5130597066020446,10.0,0.04254251224184163
9,32,Tomato,26.61,82.74,0.92,0.62,10.13,25.0,2.0,1.0,0.041667,1.1180618509658617,1.3629265765421499,8.63707342345785,7.8921,-0.7449734234578491,10.0,0.046586283144194565
9,33,Tomato,30.56,85.56,0.92,0.62,10.13,25.0,2.0,1.0,0.041667,1.4701873363890408,1.424184872287472,8.575815127712527,7.8293,-0.7465151277125273,10.0,0.06125829574532216
9,34,Tomato,28.6,78.3,0.92,0.62,10.13,25.0,2.0,1.0,0.041667,1.2834258975629043,1.4776613791612254,8.522338620838774,7.8556,-0.6667386208387738,10.0,0.053476506873753535
9,35,Tomato,28.15,75.07,0.92,0.62,10.13,25.0,2.0,1.0,0.041667,1.2440116532984686,1.5294956127192127,8.470504387280787,7.9432,-0.527304387280787,10.0,0.051834233557987296
9,36,Tomato,27.72,70.74,0.92,0.62,10.13,25.0,2.0,1.0,0.041667,1.2074805914864961,1.5798077065246807,8.420192293475319,7.8269,-0.5932922934753186,10.0,0.050312093805467833
9,37,Tomato,26.9,71.38,0.92,0.62,10.13,25.0,2.0,1.0,0.041667,1.1407637158684236,1.6273399082737703,8.37266009172623,7.734,-0.63866009172623,10.0,0.04753220174908961
9,38,Tomato,27.78,72.51,0.92,0.62,10.13,25.0,2.0,1.0,0.041667,1.2125128190617374,1.6778616799056156,8.322138320094384,7.7929,-0.5292383200943833,10.0,0.050521771631845416
9,39,Tomato,26.83,78.62,0.92,0.62,10.13,25.0,2.0,1.0,0.041667,1.1352421021460644,1.7251638125757358,8.274836187424263,7.5623,-0.7125361874242637,10.0,0.04730213267012007
9,40,Tomato,26.56,64.41,0.92,0.62,10.13,25.0,2.0,1.0,0.041667,1.1141936508193322,1.771588919424425,8.228411080575576,7.5054,-0.7230110805755761,10.0,0.04642510684868912
9,41,Tomato,24.53,65.38,0.92,0.62,10.13,25.0,2.0,1.0,0.041667,0.9679470268937375,1.8119203681940061,8.188079631805994,7.5662,-0.621879631805994,10.0,0.04033144876958136
9,42,Tomato,23.08,65.69,0.92,0.62,10.13,25.0,2.0,1.0,0.041667,0.8753913296942639,1.8483952987283772,8.151604701271623,7.6127,-0.5389047012716226,10.0,0.0364749305343709
9,43,Tomato,23.31,62.63,0.92,0.62,10.13,25.0,2.0,1.0,0.041667,0.8894589935378976,1.8854563866121208,8.114543613387879,7.4314,-0.6831436133878785,10.0,0.03706108788374358
9,44,Tomato,23.26,63.67,0.92,0.62,10.13,25.0,2.0,1.0,0.041667,0.8863816991948674,1.9223892528724733,8.077610747127526,7.3989,-0.6787107471275258,10.0,0.03693286626035254
9,45,Tomato,22.41,63.16,0.92,0.62,10.13,25.0,2.0,1.0,0.041667,0.8356669589218535,1.9572089880498702,8.04279101195013,7.3057,-0.7370910119501293,10.0,0.03481973517739687
9,46,Tomato,23.38,62.22,0.92,0.62,10.13,25.0,2.0,1.0,0.041667,0.8937851623567868,1.9944503344097904,8.005549665590209,7.28,-0.7255496655902087,10.0,0.03724134635992024
9,47,Tomato,23.13,66.4,0.92,0.62,10.13,25.0,2.0,1.0,0.041667,0.8784304682383617,2.031051896729878,7.968948103270122,7.3239,-0.6450481032701223,10.0,0.03660156232008782
9,48,Tomato,20.72,67.92,0.92,0.62,10.13,25.0,2.0,1.0,0.041667,0.7432914922155075,2.0620226233360217,7.937977376663978,7.0925,-0.845477376663978,10.0,0.030970726606143553
9,49,Tomato,21.27,68.51,0.92,0.62,10.13,25.0,2.0,1.0,0.041667,0.772175133091785,2.0941968446065573,7.905803155393443,7.2034,-0.7024031553934424,10.0,0.03217422127053541
9,50,Tomato,21.25,69.08,0.92,0.62,10.13,25.0,2.0,1.0,0.041667,0.7711054127039704,2.1263264938376936,7.873673506162307,7.1834,-0.6902735061623071,10.0,0.032129649231136335
9,51,Tomato,22.85,70.32,0.92,0.62,10.13,25.0,2.0,1.0,0.041667,0.8615461597120172,2.162224537674414,7.837775462325586,7.1095,-0.7282754623255867,10.0,0.03589804383672062
9,52,Tomato,27.71,75.93,0.92,0.62,10.13,25.0,2.0,1.0,0.041667,1.2066439197207628,2.212501769877419,7.787498230122581,6.8674,-0.9200982301225809,10.0,0.05027723220300503
9,53,Tomato,23.83,74.94,0.92,0.62,10.13,25.0,2.0,1.0,0.041667,0.9221031179126311,2.2509230404914846,7.749076959508516,6.7912,-0.9578769595085159,10.0,0.038421270614065604
9,54,Tomato,24.91,80.66,0.92,0.62,10.13,25.0,2.0,1.0,0.041667,0.9937810933225548,2.2923309173069555,7.7076690826930445,6.6936,-1.0140690826930445,10.0,0.041407876815470895
9,55,Tomato,26.35,81.03,0.92,0.62,10.13,25.0,2.0,1.0,0.041667,1.0980928137870498,2.3380851505790208,7.661914849420979,6.693,-0.9689148494209796,10.0,0.04575423327206501
9,56,Tomato,25.9,82.42,0.92,0.62,10.13,25.0,2.0,1.0,0.041667,1.0643701824533598,2.3824342629713047,7.617565737028695,6.6232,-0.9943657370286951,10.0,0.044349112392284146
9,57,Tomato,26.8,80.36,0.92,0.62,10.13,25.0,2.0,1.0,0.041667,1.1328838852957988,2.429638135819925,7.570361864180075,6.628,-0.9423618641800751,10.0,0.04720387284862005
9,58,Tomato,27.08,83.49,0.92,0.62,10.13,25.0,2.0,1.0,0.041667,1.155085784553584,2.477767095204919,7.52223290479508,6.3922,-1.1300329047950806,10.0,0.04812895938499419
9,59,Tomato,27.72,74.04,0.92,0.62,10.13,25.0,2.0,1.0,0.041667,1.2074805914864961,2.528079189010387,7.471920810989613,6.4513,-1.0206208109896133,10.0,0.050312093805467833
9,60,Tomato,28.7,76.78,0.92,0.62,10.13,25.0,2.0,1.0,0.041667,1.2923528306374923,2.5819276544045593,7.418072345595441,6.401,-1.017072345595441,10.0,0.053848465394172394
9,61,Tomato,28.48,73.8,0.92,0.62,10.13,25.0,2.0,1.0,0.041667,1.272794935275943,2.634961200972702,7.365038799027298,6.2809,-1.084138799027298,10.0,0.053033546568142714
9,62,Tomato,28.48,70.79,0.92,0.62,10.13,25.0,2.0,1.0,0.041667,1.272794935275943,2.6879947475408446,7.312005252459155,6.3719,-0.9401052524591549,10.0,0.053033546568142714
9,63,Tomato,27.16,71.09,0.92,0.62,10.13,25.0,2.0,1.0,0.041667,1.161508731925722,2.736391331873994,7.263608668126006,6.1962,-1.0674086681260055,10.0,0.04839658433314906
9,64,Tomato,27.35,71.98,0.92,0.62,10.13,25.0,2.0,1.0,0.041667,1.1769067372187674,2.7854295048936883,7.214570495106312,6.0702,-1.1443704951063118,10.0,0.04903817301969438
9,65,Tomato,24.96,68.78,0.92,0.62,10.13,25.0,2.0,1.0,0.041667,0.9972312513520696,2.8269811394437747,7.173018860556225,6.1531,-1.019918860556225,10.0,0.04155163455008669
9,66,Tomato,26.31,66.35,0.92,0.62,10.13,25.0,2.0,1.0,0.041667,1.0950524707935745,2.8726086907443307,7.127391309255669,6.0324,-1.0949913092556693,10.0,0.045627551300555874
9,67,Tomato,23.28,54.57,0.92,0.62,10.13,25.0,2.0,1.0,0.041667,0.8876113372694979,2.909592792334339,7.0904072076656615,5.9845,-1.1059072076656618,10.0,0.03698410159000817
9,68,Tomato,24.13,66.49,0.92,0.62,10.13,25.0,2.0,1.0,0.041667,0.9414784645412062,2.9488213755163772,7.051178624483622,5.9634,-1.0877786244836223,10.0,0.039228583182038444
9,69,Tomato,23.64,63.74,0.92,0.62,10.13,25.0,2.0,1.0,0.041667,0.9100388240808992,2.9867399631993563,7.013260036800643,6.0111,-1.0021600368006434,10.0,0.03791858768297883
9,70,Tomato,23.7,57.78,0.92,0.62,10.13,25.0,2.0,1.0,0.041667,0.9138314502294005,3.0248165782360648,6.975183421763935,5.9729,-1.0022834217639351,10.0,0.03807661503670843
9,71,Tomato,21.75,62.63,0.92,0.62,10.13,25.0,2.0,1.0,0.041667,0.7982983863566498,3.0580792771003873,6.941920722899613,5.8073,-1.134620722899613,10.0,0.03326269886432253
9,72,Tomato,19.85,69.59,0.92,0.62,10.13,25.0,2.0,1.0,0.041667,0.699792932797598,3.0872375492312645,6.912762450768735,5.7138,-1.198962450768735,10.0,0.02915827213087752
9,73,Tomato,22.63,70.73,0.92,0.62,10.13,25.0,2.0,1.0,0.041667,0.8485079017058962,3.122592327971644,6.877407672028356,5.7159,-1.161507672028356,10.0,0.03535477874037958
9,74,Tomato,21.73,68.53,0.92,0.62,10.13,25.0,2.0,1.0,0.041667,0.7971924765405362,3.155808946891659,6.844191053108341,5.6994,-1.1447910531083414,10.0,0.03321661892001452
9,75,Tomato,22.9,73.9,0.92,0.62,10.13,25.0,2.0,1.0,0.041667,0.8645372313078651,3.1918316197085637,6.808168380291436,5.4654,-1.342768380291436,10.0,0.03602267281690482
9,76,Tomato,25.33,78.03,0.92,0.62,10.13,25.0,2.0,1.0,0.041667,1.023137469734432,3.2344626886599883,6.765537311340012,5.414,-1.351537311340012,10.0,0.04263106895142458
9,77,Tomato,23.82,80.18,0.92,0.62,10.13,25.0,2.0,1.0,0.041667,0.921464186198704,3.2728573369063296,6.72714266309367,5.4713,-1.25584266309367,10.0,0.0383946482463414
9,78,Tomato,26.31,85.05,0.92,0.62,10.13,25.0,2.0,1.0,0.041667,1.0950524707935745,3.3184848882068856,6.681515111793114,4.9205,-1.7610151117931148,10.0,0.045627551300555874
9,79,Tomato,26.24,82.24,0.92,0.62,10.13,25.0,2.0,1.0,0.041667,1.089752112213328,3.363891589466478,6.636108410533522,5.1689,-1.4672084105335221,10.0,0.045406701259592744
9,80,Tomato,25.68,81.25,0.92,0.62,10.13,25.0,2.0,1.0,0.041667,1.0482624755169287,3.407569542033842,6.592430457966158,5.2946,-1.2978304579661577,10.0,0.04367795256736387
9,81,Tomato,27.44,75.4,0.92,0.62,10.13,25.0,2.0,1.0,0.041667,1.1842716118536327,3.456914587284947,6.543085412715053,5.2842,-1.2588854127150526,10.0,0.04934504525110532
9,82,Tomato,26.97,81.97,0.92,0.62,10.13,25.0,2.0,1.0,0.041667,1.1463121857283778,3.5046779771276917,6.495322022872308,4.7991,-1.6962220228723082,10.0,0.04776338984274432
9,83,Tomato,26.07,87.46,0.92,0.62,10.13,25.0,2.0,1.0,0.041667,1.0769863761930485,3.5495527684645274,6.450447231535472,4.5489,-1.9015472315354724,10.0,0.04487479133683575
9,84,Tomato,32.45,76.65,0.92,0.62,10.13,25.0,2.0,1.0,0.041667,1.6759742693358974,3.6193855883449464,6.380614411655054,5.0302,-1.3504144116550538,10.0,0.06983281988041884
9,85,Tomato,27.87,75.97,0.92,0.62,10.13,25.0,2.0,1.0,0.041667,1.2201005102722233,3.670223516306459,6.329776483693541,4.6205,-1.7092764836935412,10.0,0.050837927961512736
9,86,Tomato,26.95,69.82,0.92,0.62,10.13,25.0,2.0,1.0,0.041667,1.1447241605986846,3.7179207379061245,6.282079262093875,4.8297,-1.4523792620938751,10.0,0.0476972215996654
9,87,Tomato,29.28,69.98,0.92,0.62,10.13,25.0,2.0,1.0,0.041667,1.3453672085218262,3.773978153383603,6.226021846616397,4.8974,-1.3286218466163966,10.0,0.05605741547747894
9,88,Tomato,26.18,65.42,0.92,0.62,10.13,25.0,2.0,1.0,0.041667,1.0852293718818071,3.8191964056218026,6.180803594378197,4.8156,-1.3652035943781975,10.0,0.04521825223819926
9,89,Tomato,27.15,70.44,0.92,0.62,10.13,25.0,2.0,1.0,0.041667,1.16070391438372,3.867559455622429,6.132440544377571,4.6463,-1.4861405443775713,10.0,0.04836305000062646
9,90,Tomato,24.11,68.12,0.92,0.62,10.13,25.0,2.0,1.0,0.041667,0.940174202509126,3.906733694118377,6.093266305881623,4.719,-1.3742663058816227,10.0,0.039174238495947755
9,91,Tomato,23.42,68.78,0.92,0.62,10.13,25.0,2.0,1.0,0.041667,0.896266699569405,3.9440784386893353,6.055921561310665,4.5121,-1.543821561310665,10.0,0.0373447445709584
9,92,Tomato,22.33,61.93,0.92,0.62,10.13,25.0,2.0,1.0,0.041667,0.8310458615936477,3.978705626604358,6.0212943733956426,4.5534,-1.4678943733956427,10.0,0.03462718791502252
9,93,Tomato,23.61,68.96,0.92,0.62,10.13,25.0,2.0,1.0,0.041667,0.9081484177215094,4.0165454467255595,5.9834545532744405,4.4961,-1.4873545532744403,10.0,0.037839820121202135
9,94,Tomato,23.36,63.04,0.92,0.62,10.13,25.0,2.0,1.0,0.041667,0.8925469714729767,4.0537352013859245,5.9462647986140755,4.534,-1.4122647986140757,10.0,0.03718975466036452
9,95,Tomato,22.28,63.33,0.92,0.62,10.13,25.0,2.0,1.0,0.041667,0.8281706613345458,4.088242588331751,5.911757411668249,4.4701,-1.441657411668249,10.0,0.03450738694582652
10,0,Banana,22.81,65.08,0.88,0.513,31.91,25.0,2.2,1.0,0.041667,0.8414134169922317,0.03505917284581532,7.964940827154185,6.9568,-1.0081408271541843,8.0,0.03505917284581532
10,1,Banana,23.22,65.61,0.88,0.513,31.91,25.0,2.2,1.0,0.041667,0.8690580020995974,0.07127021261929925,7.928729787380701,6.7642,-1.164529787380701,8.0,0.03621103977348392
10,2,Banana,26.5,61.71,0.88,0.513,31.91,25.0,2.2,1.0,0.041667,1.1255463970938844,0.11816835434701012,7.88183164565299,6.7042,-1.1776316456529896,8.0,0.04689814172771088
10,3,Banana,21.76,66.68,0.88,0.513,31.91,25.0,2.2,1.0,0.041667,0.7745599752394313,0.1504419448353115,7.849558055164689,6.7807,-1.0688580551646885,8.0,0.03227359048830139
10,4,Banana,23.43,69.73,0.88,0.513,31.91,25.0,2.2,1.0,0.041667,0.8835673090473547,0.18725754390138766,7.812742456098612,6.6529,-1.1598424560986125,8.0,0.03681559906607613
10,5,Banana,22.72,72.47,0.88,0.513,31.91,25.0,2.2,1.0,0.041667,0.83546378418566,0.22206881339705153,7.777931186602949,6.5194,-1.2585311866029487,8.0,0.0348112694956639
10,6,Banana,22.23,79.82,0.88,0.513,31.91,25.0,2.2,1.0,0.041667,0.8038016945296482,0.2555608186030184,7.744439181396982,6.5213,-1.2231391813969816,8.0,0.03349200520596685
10,7,Banana,22.97,79.8,0.88,0.513,31.91,25.0,2.2,1.0,0.041667,0.8520953509502085,0.29106507559106076,7.708934924408939,6.4103,-1.2986349244089386,8.0,0.03550425698804234
10,8,Banana,23.31,77.42,0.88,0.513,31.91,25.0,2.2,1.0,0.041667,0.875246871201979,0.3275339869734336,7.6724660130265665,6.3797,-1.2927660130265668,8.0,0.03646891138237286
10,9,Banana,26.24,84.76,0.88,0.513,31.91,25.0,2.2,1.0,0.041667,1.1027077133061551,0.3734805092637612,7.626519490736239,6.1159,-1.5106194907362394,8.0,0.04594652229032757
10,10,Banana,26.02,82.57,0.88,0.513,31.91,25.0,2.2,1.0,0.041667,1.0837450165437292,0.41863691286808874,7.581363087131911,6.174,-1.4073630871319107,8.0,0.04515640360432757
10,11,Banana,26.17,78.7,0.88,0.513,31.91,25.0,2.2,1.0,0.041667,1.096638411472614,0.4643305455589182,7.535669454441082,6.1777,-1.3579694544410819,8.0,0.04569363269082941
10,12,Banana,27.19,75.68,0.88,0.513,31.91,25.0,2.2,1.0,0.041667,1.188476413383877,0.5138507922753841,7.4861492077246155,5.8767,-1.6094492077246159,8.0,0.04952024671646601
10,13,Banana,27.67,85.16,0.88,0.513,31.91,25.0,2.2,1.0,0.041667,1.2343174129477614,0.5652810959206785,7.434718904079322,5.8627,-1.5720189040793215,8.0,0.05143030364529438
10,14,Banana,27.32,93.13,0.88,0.513,31.91,25.0,2.2,1.0,0.041667,1.2007208774127585,0.615311532719836,7.384688467280164,5.5019,-1.8827884672801636,8.0,0.05003043679915741
10,15,Banana,28.06,75.93,0.88,0.513,31.91,25.0,2.2,1.0,0.041667,1.2728620558967092,0.6683478760028841,7.331652123997116,5.6747,-1.656952123997116,8.0,0.05303634328304819
10,16,Banana,27.98,75.05,0.88,0.513,31.91,25.0,2.2,1.0,0.041667,1.264858544489019,0.7210507369761081,7.2789492630238914,5.5467,-1.732249263023891,8.0,0.05270286097322396
10,17,Banana,28.34,72.15,0.88,0.513,31.91,25.0,2.2,1.0,0.041667,1.301275267156091,0.7752709735327009,7.224729026467299,5.4651,-1.7596290264672998,8.0,0.054220236556592846
10,18,Banana,26.09,68.34,0.88,0.513,31.91,25.0,2.2,1.0,0.041667,1.0897429603939428,0.8206772934634353,7.179322706536564,5.3816,-1.7977227065365646,8.0,0.04540631993073442
10,19,Banana,26.39,64.2,0.88,0.513,31.91,25.0,2.2,1.0,0.041667,1.1158267088463851,0.8671704449409376,7.132829555059063,5.3359,-1.7969295550590632,8.0,0.04649315147750233
10,20,Banana,23.66,64.59,0.88,0.513,31.91,25.0,2.2,1.0,0.041667,0.8997365449999378,0.9046597675614501,7.09534023243855,5.177,-1.9183402324385508,8.0,0.03748932262051241
10,21,Banana,24.01,65.84,0.88,0.513,31.91,25.0,2.2,1.0,0.041667,0.9249114473230862,0.9431980528370612,7.056801947162938,5.1152,-1.9416019471629387,8.0,0.03853828527561103
10,22,Banana,23.26,60.67,0.88,0.513,31.91,25.0,2.2,1.0,0.041667,0.8718031894638701,0.9795234763324522,7.020476523667548,4.9945,-2.0259765236675475,8.0,0.03632542349539108
10,23,Banana,23.08,67.49,0.88,0.513,31.91,25.0,2.2,1.0,0.041667,0.8595177410962035,1.0153370020507078,6.984662997949292,4.987,-1.9976629979492921,8.0,0.035813525718255516
10,24,Banana,21.71,70.75,0.88,0.513,31.91,25.0,2.2,1.0,0.041667,0.7715124487305514,1.0474836112519637,6.952516388748037,4.8886,-2.0639163887480363,8.0,0.03214660920125589
10,25,Banana,22.53,70.45,0.88,0.513,31.91,25.0,2.2,1.0,0.041667,0.8230412418061721,1.0817772706743014,6.918222729325699,5.0091,-1.9091227293256985,8.0,0.03429365942233777
10,26,Banana,21.88,68.49,0.88,0.513,31.91,25.0,2.2,1.0,0.041667,0.7819232442136405,1.1143576664909511,6.885642333509049,4.8641,-2.021542333509049,8.0,0.03258039581664976
10,27,Banana,21.8,71.2,0.88,0.513,31.91,25.0,2.2,1.0,0.041667,0.7770066614810417,1.1467332030548818,6.853266796945118,4.5805,-2.2727667969451186,8.0,0.032375536563930565
10,28,Banana,22.26,72.09,0.88,0.513,31.91,25.0,2.2,1.0,0.041667,0.8057052350198659,1.1803045230824545,6.819695476917546,4.4953,-2.3243954769175454,8.0,0.03357132002757276
10,29,Banana,23.2,73.35,0.88,0.513,31.91,25.0,2.2,1.0,0.041667,0.8676886517010793,1.2164585061328834,6.783541493867117,4.4932,-2.2903414938671167,8.0,0.03615398305042888
10,30,Banana,23.03,72.04,0.88,0.513,31.91,25.0,2.2,1.0,0.041667,0.8561359460324535,1.2521311225962175,6.747868877403782,4.429,-2.318868877403782,8.0,0.03567261646333424
10,31,Banana,23.67,80.25,0.88,0.513,31.91,25.0,2.2,1.0,0.041667,0.900446228642112,1.2896500156050485,6.710349984394951,4.1965,-2.513849984394951,8.0,0.037518893008830885
10,32,Banana,24.37,79.83,0.88,0.513,31.91,25.0,2.2,1.0,0.041667,0.9515407046542859,1.3292978621458786,6.670702137854121,4.3541,-2.3166021378541215,8.0,0.03964784654083013
10,33,Banana,26.26,82.1,0.88,0.513,31.91,25.0,2.2,1.0,0.041667,1.1044479610824798,1.3753168953403023,6.624683104659698,4.0098,-2.6148831046596976,8.0,0.046019033194423686
10,34,Banana,25.14,80.87,0.88,0.513,31.91,25.0,2.2,1.0,0.041667,1.011099551000805,1.4174463803318529,6.582553619668147,4.2874,-2.295153619668147,8.0,0.042129484991550545
10,35,Banana,26.83,87.55,0.88,0.513,31.91,25.0,2.2,1.0,0.041667,1.1552164129558768,1.4655807826104854,6.534419217389514,3.8521,-2.682319217389514,8.0,0.048134402278632527
10,36,Banana,28.57,79.52,0.88,0.513,31.91,25.0,2.2,1.0,0.041667,1.3250885370886252,1.520793246685357,6.479206753314643,3.843,-2.636206753314643,8.0,0.05521246407487175
10,37,Banana,26.07,84.47,0.88,0.513,31.91,25.0,2.2,1.0,0.041667,1.0880258828761102,1.566128021147156,6.433871978852844,3.7318,-2.7020719788528442,8.0,0.045334774461798885
10,38,Banana,28.95,76.68,0.88,0.513,31.91,25.0,2.2,1.0,0.041667,1.3653907581054312,1.623019757865135,6.376980242134865,3.6106,-2.766380242134865,8.0,0.05689173671797901
10,39,Banana,32.94,67.38,0.88,0.513,31.91,25.0,2.2,1.0,0.041667,1.8701808625470773,1.700944583864884,6.299055416135116,3.7507,-2.5483554161351156,8.0,0.07792482599974908
10,40,Banana,28.72,74.23,0.88,0.513,31.91,25.0,2.2,1.0,0.041667,1.3408532138009652,1.756813914724329,6.243186085275671,3.571,-2.6721860852756705,8.0,0.05586933085944482
10,41,Banana,28.28,68.71,0.88,0.513,31.91,25.0,2.2,1.0,0.041667,1.2951338050793213,1.810778254980569,6.189221745019431,3.4851,-2.704121745019431,8.0,0.053964340256240084
10,42,Banana,27.68,67.59,0.88,0.513,31.91,25.0,2.2,1.0,0.041667,1.2352910033638531,1.8622491252177307,6.137750874782269,3.4837,-2.6540508747822695,8.0,0.051470870237161674
10,43,Banana,25.84,60.48,0.88,0.513,31.91,25.0,2.2,1.0,0.041667,1.0684728844784042,1.9067691848952923,6.093230815104707,3.3143,-2.7789308151047076,8.0,0.04452005967756167
10,44,Banana,24.33,67.04,0.88,0.513,31.91,25.0,2.2,1.0,0.041667,0.9485444349106359,1.9462921858647138,6.0537078141352865,3.255,-2.7987078141352866,8.0,0.03952300096942147
10,45,Banana,24.08,62.59,0.88,0.513,31.91,25.0,2.2,1.0,0.041667,0.9300303330782942,1.985043759753087,6.014956240246913,3.0469,-2.968056240246913,8.0,0.03875157388837329
10,46,Banana,23.26,59.23,0.88,0.513,31.91,25.0,2.2,1.0,0.041667,0.8718031894638701,2.021369183248478,5.978630816751522,3.2989,-2.679730816751522,8.0,0.03632542349539108
10,47,Banana,21.77,64.39,0.88,0.513,31.91,25.0,2.2,1.0,0.041667,0.7751709235746577,2.0536682301210636,5.946331769878936,2.9717,-2.9746317698789366,8.0,0.032299046872585266
10,48,Banana,21.89,63.26,0.88,0.513,31.91,25.0,2.2,1.0,0.041667,0.7825400004618311,2.0862743243203066,5.913725675679693,3.11,-2.803725675679693,8.0,0.03260609419924312
10,49,Banana,22.75,63.47,0.88,0.513,31.91,25.0,2.2,1.0,0.041667,0.8374423059431173,2.1211680328820384,5.878831967117962,3.0121,-2.8667319671179614,8.0,0.03489370856173187
10,50,Banana,23.11,61.1,0.88,0.513,31.91,25.0,2.2,1.0,0.041667,0.8615532267556291,2.157066371181265,5.842933628818734,2.7624,-3.0805336288187344,8.0,0.0358983382992268
10,51,Banana,21.32,72.85,0.88,0.513,31.91,25.0,2.2,1.0,0.041667,0.7481496092702784,2.18823952095073,5.81176047904927,2.6322,-3.17956047904927,8.0,0.03117314976946469
10,52,Banana,21.07,65.61,0.88,0.513,31.91,25.0,2.2,1.0,0.041667,0.7335469005915211,2.218804219657677,5.781195780342323,2.6453,-3.1358957803423224,8.0,0.03056469870694691
10,53,Banana,23.31,69.6,0.88,0.513,31.91,25.0,2.2,1.0,0.041667,0.875246871201979,2.25527313104005,5.74472686895995,2.5059,-3.23882686895995,8.0,0.03646891138237286
10,54,Banana,23.66,76.7,0.88,0.513,31.91,25.0,2.2,1.0,0.041667,0.8997365449999378,2.292762453660562,5.707237546339438,2.3319,-3.3753375463394377,8.0,0.03748932262051241
10,55,Banana,24.92,72.69,0.88,0.513,31.91,25.0,2.2,1.0,0.041667,0.9937121926365762,2.3341674595911504,5.66583254040885,2.3114,-3.35443254040885,8.0,0.04140500593058822
10,56,Banana,23.98,82.86,0.88,0.513,31.91,25.0,2.2,1.0,0.041667,0.9227262730021052,2.372614695208329,5.627385304791671,2.2962,-3.3311853047916715,8.0,0.03844723561717872
10,57,Banana,25.08,84.37,0.88,0.513,31.91,25.0,2.2,1.0,0.041667,1.0063275940559213,2.4145453470698572,5.585454652930142,2.1457,-3.439754652930142,8.0,0.04193065186152808
10,58,Banana,26.62,79.94,0.88,0.513,31.91,25.0,2.2,1.0,0.041667,1.1362462797752646,2.461889320809253,5.538110679190747,1.8858,-3.652310679190747,8.0,0.04734397373939595
10,59,Banana,26.58,82.46,0.88,0.513,31.91,25.0,2.2,1.0,0.041667,1.1326683977857994,2.509084214939794,5.490915785060206,1.985,-3.505915785060206,8.0,0.047194894130540906
10,60,Banana,26.82,81.43,0.88,0.513,31.91,25.0,2.2,1.0,0.041667,1.1543059330567251,2.5571806802524684,5.442819319747532,1.7709,-3.6719193197475315,8.0,0.04809646531267457
10,61,Banana,27.29,76.65,0.88,0.513,31.91,25.0,2.2,1.0,0.041667,1.1978840821329704,2.6070929163027032,5.392907083697297,1.7539,-3.6390070836972974,8.0,0.04991223605023448
10,62,Banana,28.34,80.46,0.88,0.513,31.91,25.0,2.2,1.0,0.041667,1.301275267156091,2.6613131528592957,5.338686847140704,1.7247,-3.6139868471407044,8.0,0.054220236556592846
10,63,Banana,28.58,79.2,0.88,0.513,31.91,25.0,2.2,1.0,0.041667,1.326133724887687,2.716569166774191,5.283430833225809,1.6331,-3.6503308332258095,8.0,0.055256013914895256
10,64,Banana,27.21,89.36,0.88,0.513,31.91,25.0,2.2,1.0,0.041667,1.1903520177808067,2.766167564299064,5.233832435700936,0.9996,-4.234232435700936,8.0,0.04959839752487288
10,65,Banana,26.62,67.71,0.88,0.513,31.91,25.0,2.2,1.0,0.041667,1.1362462797752646,2.81351153803846,5.18648846196154,1.58,-3.60648846196154,8.0,0.04734397373939595
10,66,Banana,26.33,69.76,0.88,0.513,31.91,25.0,2.2,1.0,0.041667,1.1105604845588801,2.859785261748575,5.140214738251425,1.4625,-3.677714738251425,8.0,0.04627372371011486
10,67,Banana,27.05,67.03,0.88,0.513,31.91,25.0,2.2,1.0,0.041667,1.1754296717939408,2.908761889883213,5.091238110116787,1.3426,-3.7486381101167874,8.0,0.048976628134638135
10,68,Banana,25.72,67.57,0.88,0.513,31.91,25.0,2.2,1.0,0.041667,1.058411215000889,2.952862709978655,5.047137290021345,1.2816,-3.765537290021345,8.0,0.04410082009544205
10,69,Banana,24.0,63.31,0.88,0.513,31.91,25.0,2.2,1.0,0.041667,0.924182481501757,2.991370621435389,5.008629378564612,1.3193,-3.6893293785646115,8.0,0.03850791145673371
10,70,Banana,23.24,63.14,0.88,0.513,31.91,25.0,2.2,1.0,0.041667,0.8704295135503665,3.027638807976492,4.972361192023508,1.0858,-3.8865611920235077,8.0,0.03626818654110312
10,71,Banana,24.23,59.35,0.88,0.513,31.91,25.0,2.2,1.0,0.041667,0.9410949730048178,3.0668514122166837,4.933148587783316,1.0425,-3.8906485877833163,8.0,0.03921260424019175
10,72,Banana,23.27,64.19,0.88,0.513,31.91,25.0,2.2,1.0,0.041667,0.8724908401613948,3.1032054880536886,4.896794511946311,1.1511,-3.745694511946311,8.0,0.03635407583700484
10,73,Banana,23.4,71.05,0.88,0.513,31.91,25.0,2.2,1.0,0.041667,0.8814798134279885,3.1399341074397924,4.860065892560208,0.9475,-3.912565892560208,8.0,0.036728619386104
10,74,Banana,22.51,68.31,0.88,0.513,31.91,25.0,2.2,1.0,0.041667,0.8217443987304036,3.1741737313016922,4.825826268698307,0.7621,-4.063726268698307,8.0,0.03423962386189973
10,75,Banana,19.78,63.74,0.88,0.513,31.91,25.0,2.2,1.0,0.041667,0.6626059945734196,3.201782535277583,4.798217464722417,0.9134,-3.884817464722417,8.0,0.02760880397589068
10,76,Banana,21.93,63.75,0.88,0.513,31.91,25.0,2.2,1.0,0.041667,0.7850118940709063,3.234491625867835,4.765508374132165,0.8592,-3.906308374132165,8.0,0.032709090590252454
10,77,Banana,23.5,70.73,0.88,0.513,31.91,25.0,2.2,1.0,0.041667,0.8884573773075547,3.271510979408109,4.728489020591891,0.5638,-4.164689020591891,8.0,0.037019353540273886
10,78,Banana,23.31,74.11,0.88,0.513,31.91,25.0,2.2,1.0,0.041667,0.875246871201979,3.307979890790482,4.692020109209518,0.3216,-4.370420109209518,8.0,0.03646891138237286
10,79,Banana,21.89,80.84,0.88,0.513,31.91,25.0,2.2,1.0,0.041667,0.7825400004618311,3.3405859849897253,4.659414015010275,0.322,-4.337414015010275,8.0,0.03260609419924312
10,80,Banana,25.72,78.93,0.88,0.513,31.91,25.0,2.2,1.0,0.041667,1.058411215000889,3.3846868050851673,4.615313194914833,0.1197,-4.495613194914833,8.0,0.04410082009544205
10,81,Banana,25.65,80.49,0.88,0.513,31.91,25.0,2.2,1.0,0.041667,1.0525857210369576,3.4285448943236143,4.571455105676385,0.2106,-4.360855105676385,8.0,0.04385808923844691
10,82,Banana,25.41,82.17,0.88,0.513,31.91,25.0,2.2,1.0,0.041667,1.0328549373578872,3.4715808609985053,4.528419139001494,0.0,-4.528419139001494,8.0,0.04303596667489109
10,83,Banana,26.42,82.32,0.88,0.513,31.91,25.0,2.2,1.0,0.041667,1.1184691781703624,3.5181841162453296,4.48181588375467,0.0,-4.48181588375467,8.0,0.046603255246824495
10,84,Banana,28.55,82.21,0.88,0.513,31.91,25.0,2.2,1.0,0.041667,1.323000632124917,3.5733095835840785,4.426690416415921,0.0,-4.426690416415921,8.0,0.05512546733874892
10,85,Banana,33.59,83.67,0.88,0.513,31.91,25.0,2.2,1.0,0.041667,1.9685256716736357,3.655332142745704,4.344667857254295,0.0,-4.344667857254295,8.0,0.08202255916162539
10,86,Banana,27.03,80.21,0.88,0.513,31.91,25.0,2.2,1.0,0.041667,1.1735775801204134,3.7042315997765813,4.295768400223419,0.0,-4.295768400223419,8.0,0.048899457030877266
10,87,Banana,27.24,76.42,0.88,0.513,31.91,25.0,2.2,1.0,0.041667,1.1931709758383455,3.7539474548268377,4.246052545173162,0.0,-4.246052545173162,8.0,0.049715855050256344
10,88,Banana,29.43,77.32,0.88,0.513,31.91,25.0,2.2,1.0,0.041667,1.4180555619180972,3.813033575925279,4.186966424074721,0.0,-4.186966424074721,8.0,0.05908612109844136
10,89,Banana,27.75,66.8,0.88,0.513,31.91,25.0,2.2,1.0,0.041667,1.24212767247305,3.8647893096542134,4.135210690345787,0.0,-4.135210690345787,8.0,0.05175573372893457
10,90,Banana,26.85,67.06,0.88,0.513,31.91,25.0,2.2,1.0,0.041667,1.1570395277936183,3.9129996756587904,4.08700032434121,0.0,-4.08700032434121,8.0,0.0482103660045767
10,91,Banana,25.51,67.41,0.88,0.513,31.91,25.0,2.2,1.0,0.041667,1.0410307471653897,3.9563763038009307,4.043623696199069,0.0,-4.043623696199069,8.0,0.04337662814214029
10,92,Banana,24.23,66.27,0.88,0.513,31.91,25.0,2.2,1.0,0.041667,0.9410949730048178,3.9955889080411224,4.004411091958877,0.0,-4.004411091958877,8.0,0.03921260424019175
10,93,Banana,25.04,56.37,0.88,0.513,31.91,25.0,2.2,1.0,0.041667,1.0031588079939893,4.0373875260938075,3.9626124739061925,0.0,-3.9626124739061925,8.0,0.04179861805268555
10,94,Banana,22.87,59.0,0.88,0.513,31.91,25.0,2.2,1.0,0.041667,0.8454033588585292,4.072612947847366,3.9273870521526337,0.0,-3.9273870521526337,8.0,0.03522542175355834
10,95,Banana,22.96,64.12,0.88,0.513,31.91,25.0,2.2,1.0,0.041667,0.8514237748883555,4.108089222275639,3.8919107777243607,0.0,-3.8919107777243607,8.0,0.035476274428273114
11,0,Mango,27.71,79.65,0.946,0.621,12.25,25.0,2.1,1.0,0.041667,1.2227042699859987,0.05094641881750661,11.949053581182493,8.9245,-3.0245535811824933,12.0,0.05094641881750661
11,1,Mango,26.95,80.04,0.946,0.621,12.25,25.0,2.1,1.0,0.041667,1.1556671337727262,0.0990996012804148,11.900900398719585,9.0,-2.9009003987195854,12.0,0.04815318246290819
11,2,Mango,26.84,79.75,0.946,0.621,12.25,25.0,2.1,1.0,0.041667,1.1462737583884792,0.14686138997118756,11.853138610028813,8.951,-2.9021386100288122,12.0,0.047761788690772765
11,3,Mango,28.64,73.39,0.946,0.621,12.25,25.0,2.1,1.0,0.041667,1.3100498546602826,0.20144723726531755,11.798552762734683,8.8762,-2.9223527627346826,12.0,0.05458584729413
11,4,Mango,28.45,73.34,0.946,0.621,12.25,25.0,2.1,1.0,0.041667,1.2917118884427425,0.25526899652106133,11.744731003478938,8.6644,-3.0803310034789373,12.0,0.053821759255743756
11,5,Mango,26.93,68.83,0.946,0.621,12.25,25.0,2.1,1.0,0.041667,1.1539535402569325,0.3033507786829469,11.696649221317053,8.5152,-3.1814492213170524,12.0,0.04808178216188561
11,6,Mango,24.39,67.36,0.946,0.621,12.25,25.0,2.1,1.0,0.041667,0.9557506961466887,0.343174042939291,11.65682595706071,8.6431,-3.013725957060709,12.0,0.03982326425634408
11,7,Mango,25.26,63.62,0.946,0.621,12.25,25.0,2.1,1.0,0.041667,1.0194776323446124,0.385652617446194,11.614347382553806,8.4624,-3.1519473825538054,12.0,0.04247857450690297
11,8,Mango,25.38,62.69,0.946,0.621,12.25,25.0,2.1,1.0,0.041667,1.0285948207456705,0.4285110778422038,11.571488922157796,8.4541,-3.1173889221577955,12.0,0.04285846039600986
11,9,Mango,24.09,61.23,0.946,0.621,12.25,25.0,2.1,1.0,0.041667,0.9347124862015871,0.4674577430047654,11.532542256995235,8.5515,-2.9810422569952344,12.0,0.03894666516256153
11,10,Mango,21.71,64.41,0.946,0.621,12.25,25.0,2.1,1.0,0.041667,0.7834113369254312,0.5001001431804373,11.499899856819562,8.3248,-3.1750998568195623,12.0,0.032642400175671944
11,11,Mango,21.99,60.08,0.946,0.621,12.25,25.0,2.1,1.0,0.041667,0.7998563413407095,0.5334277573550806,11.466572242644919,8.3195,-3.147072242644919,12.0,0.03332761417464335
11,12,Mango,23.0,62.03,0.946,0.621,12.25,25.0,2.1,1.0,0.041667,0.8620970143980213,0.5693487536540031,11.430651246345997,8.2411,-3.1895512463459976,12.0,0.035920996298922356
11,13,Mango,21.62,69.08,0.946,0.621,12.25,25.0,2.1,1.0,0.041667,0.7781975844033658,0.6017739124033381,11.398226087596662,8.2053,-3.1929260875966623,12.0,0.03242515874933505
11,14,Mango,22.12,66.09,0.946,0.621,12.25,25.0,2.1,1.0,0.041667,0.8076084291762905,0.6354245328218265,11.364575467178174,8.226,-3.138575467178173,12.0,0.0336506204184885
11,15,Mango,22.89,70.69,0.946,0.621,12.25,25.0,2.1,1.0,0.041667,0.8550898056289677,0.6710535597529688,11.328946440247032,8.2329,-3.096046440247031,12.0,0.0356290269311422
11,16,Mango,22.21,71.51,0.946,0.621,12.25,25.0,2.1,1.0,0.041667,0.8130192278845483,0.7049296319212343,11.295070368078767,7.9486,-3.3464703680787666,12.0,0.03387607216826548
11,17,Mango,23.01,73.6,0.946,0.621,12.25,25.0,2.1,1.0,0.041667,0.8627368737061891,0.74087728923795,11.25912271076205,8.0797,-3.179422710762049,12.0,0.035947657316715786
11,18,Mango,23.77,79.01,0.946,0.621,12.25,25.0,2.1,1.0,0.041667,0.912781914902479,0.7789101732861916,11.221089826713808,7.9985,-3.222589826713808,12.0,0.038032884048241594
11,19,Mango,26.18,75.24,0.946,0.621,12.25,25.0,2.1,1.0,0.041667,1.0914953171150743,0.8243895086644254,11.175610491335574,7.7837,-3.391910491335574,12.0,0.0454793353782338
11,20,Mango,24.8,81.27,0.946,0.621,12.25,25.0,2.1,1.0,0.041667,0.9852708047709092,0.8654427872868149,11.134557212713185,7.5921,-3.5424572127131846,12.0,0.04105327862238948
11,21,Mango,25.92,84.96,0.946,0.621,12.25,25.0,2.1,1.0,0.041667,1.0706417507217245,0.910053217114137,11.089946782885862,7.5453,-3.544646782885862,12.0,0.0446104298273221
11,22,Mango,28.88,81.91,0.946,0.621,12.25,25.0,2.1,1.0,0.041667,1.3335861803756195,0.965619752491848,11.034380247508151,7.5962,-3.4381802475081518,12.0,0.05556653537771094
11,23,Mango,28.89,80.16,0.946,0.621,12.25,25.0,2.1,1.0,0.041667,1.334575984906323,1.0212275300549396,10.97877246994506,7.4329,-3.54587246994506,12.0,0.055607777563091765
11,24,Mango,28.15,83.47,0.946,0.621,12.25,25.0,2.1,1.0,0.041667,1.2632784214233563,1.0738645520403867,10.926135447959613,7.4658,-3.460335447959613,12.0,0.052637021985446994
11,25,Mango,28.52,77.23,0.946,0.621,12.25,25.0,2.1,1.0,0.041667,1.2984379243852904,1.1279665650357487,10.872033434964251,7.2919,-3.5801334349642513,12.0,0.054102012995361895
11,26,Mango,27.92,70.16,0.946,0.621,12.25,25.0,2.1,1.0,0.041667,1.2419040233764458,1.179712979977775,10.820287020022224,7.147,-3.673287020022224,12.0,0.05174641494202637
11,27,Mango,29.34,72.55,0.946,0.621,12.25,25.0,2.1,1.0,0.041667,1.3798858903699587,1.23720868537182,10.76279131462818,7.2707,-3.49209131462818,12.0,0.05749570539404507
11,28,Mango,26.13,70.37,0.946,0.621,12.25,25.0,2.1,1.0,0.041667,1.0874537126065136,1.2825196192149957,10.717480380785004,7.2814,-3.436080380785004,12.0,0.0453109338431756
11,29,Mango,28.81,70.24,0.946,0.621,12.25,25.0,2.1,1.0,0.041667,1.3266780730158179,1.3377983144833456,10.662201685516655,7.0937,-3.5685016855166545,12.0,0.05527869526835009
11,30,Mango,25.91,70.7,0.946,0.621,12.25,25.0,2.1,1.0,0.041667,1.0698476962298036,1.382375658442153,10.617624341557846,7.0684,-3.5492243415578466,12.0,0.044577343958807226
11,31,Mango,25.09,60.85,0.946,0.621,12.25,25.0,2.1,1.0,0.041667,1.0066997798843884,1.4243218181705957,10.575678181829405,7.1111,-3.4645781818294044,12.0,0.04194615972844282
11,32,Mango,22.23,64.89,0.946,0.621,12.25,25.0,2.1,1.0,0.041667,0.8142265420687991,1.4582481954989763,10.541751804501024,6.8839,-3.657851804501024,12.0,0.03392637732838066
11,33,Mango,22.71,64.34,0.946,0.621,12.25,25.0,2.1,1.0,0.041667,0.843746105978173,1.493404564496769,10.50659543550323,7.0438,-3.4627954355032307,12.0,0.035156368997792536
11,34,Mango,24.57,61.35,0.946,0.621,12.25,25.0,2.1,1.0,0.041667,0.9686002355535189,1.5337632305115774,10.466236769488422,6.8566,-3.6096367694884215,12.0,0.040358666014808475
11,35,Mango,23.42,66.0,0.946,0.621,12.25,25.0,2.1,1.0,0.041667,0.8893840802723021,1.5708211969842834,10.429178803015716,6.7882,-3.6409788030157166,12.0,0.03705796647270601
11,36,Mango,20.78,63.57,0.946,0.621,12.25,25.0,2.1,1.0,0.041667,0.7311785756905859,1.6012872146975832,10.398712785302417,6.8185,-3.5802127853024164,12.0,0.030466017713299643
11,37,Mango,21.76,66.4,0.946,0.621,12.25,25.0,2.1,1.0,0.041667,0.78632294479864,1.634050932838508,10.365949067161491,6.6988,-3.667149067161491,12.0,0.032763718140924936
11,38,Mango,22.14,64.81,0.946,0.621,12.25,25.0,2.1,1.0,0.041667,0.808807708453365,1.6677515236266345,10.332248476373366,6.5808,-3.7514484763733655,12.0,0.033700590788126365
11,39,Mango,21.88,74.01,0.946,0.621,12.25,25.0,2.1,1.0,0.041667,0.79335503084384,1.7008082476968047,10.299191752303194,6.5658,-3.733391752303194,12.0,0.03305672407017028
11,40,Mango,24.03,71.06,0.946,0.621,12.25,25.0,2.1,1.0,0.041667,0.9305607454517608,1.7395819222775433,10.260418077722457,6.5861,-3.6743180777224573,12.0,0.03877367458073852
11,41,Mango,22.77,77.74,0.946,0.621,12.25,25.0,2.1,1.0,0.041667,0.8475105191105969,1.7748951430773245,10.225104856922675,6.4381,-3.7870048569226746,12.0,0.03531322079978125
11,42,Mango,22.81,79.92,0.946,0.621,12.25,25.0,2.1,1.0,0.041667,0.850029453862035,1.810313320331394,10.189686679668606,6.3622,-3.8274866796686062,12.0,0.03541817725406941
11,43,Mango,22.79,86.01,0.946,0.621,12.25,25.0,2.1,1.0,0.041667,0.8487690520406069,1.8456789804227698,10.15432101957723,6.1444,-4.00992101957723,12.0,0.03536566009137597
11,44,Mango,27.2,77.5,0.946,0.621,12.25,25.0,2.1,1.0,0.041667,1.1773029841513578,1.8947336638634045,10.105266336136596,6.2444,-3.8608663361365965,12.0,0.04905468344063463
11,45,Mango,26.28,81.5,0.946,0.621,12.25,25.0,2.1,1.0,0.041667,1.0996236447511343,1.94055168226925,10.05944831773075,6.1404,-3.9190483177307502,12.0,0.04581801840584551
11,46,Mango,27.34,77.87,0.946,0.621,12.25,25.0,2.1,1.0,0.041667,1.189595506297897,1.9901185582301644,10.009881441769835,6.1645,-3.8453814417698347,12.0,0.049566875960914476
11,47,Mango,24.6,81.78,0.946,0.621,12.25,25.0,2.1,1.0,0.041667,0.970758558733915,2.0305671550969304,9.96943284490307,6.1599,-3.809532844903069,12.0,0.04044859686676604
11,48,Mango,29.6,83.49,0.946,0.621,12.25,25.0,2.1,1.0,0.041667,1.4067628004201032,2.089182740702035,9.910817259297964,5.854,-4.056817259297964,12.0,0.058615585605104444
11,49,Mango,28.5,77.31,0.946,0.621,12.25,25.0,2.1,1.0,0.041667,1.2965126340115616,2.1432045326233946,9.856795467376605,5.919,-3.9377954673766054,12.0,0.05402179192135974
11,50,Mango,27.24,74.22,0.946,0.621,12.25,25.0,2.1,1.0,0.041667,1.1808021140534417,2.1924050143096596,9.80759498569034,5.9184,-3.88919498569034,12.0,0.04920048168626476
11,51,Mango,28.47,70.82,0.946,0.621,12.25,25.0,2.1,1.0,0.041667,1.2936300498236732,2.2463066975956623,9.753693302404338,5.843,-3.910693302404338,12.0,0.053901683286003
11,52,Mango,28.29,67.56,0.946,0.621,12.25,25.0,2.1,1.0,0.041667,1.2764686351420325,2.2994933162161253,9.700506683783875,5.764,-3.9365066837838745,12.0,0.05318661862046307
11,53,Mango,26.45,69.36,0.946,0.621,12.25,25.0,2.1,1.0,0.041667,1.1135809624889184,2.3458928941801513,9.654107105819849,5.7017,-3.952407105819849,12.0,0.046399577964025766
11,54,Mango,26.8,59.29,0.946,0.621,12.25,25.0,2.1,1.0,0.041667,1.1428769480879095,2.39351314797613,9.60648685202387,5.7439,-3.8625868520238704,12.0,0.04762025379597893
11,55,Mango,22.43,61.88,0.946,0.621,12.25,25.0,2.1,1.0,0.041667,0.8263987303045273,2.427946703871729,9.57205329612827,5.6016,-3.9704532961282704,12.0,0.03443355589559874
11,56,Mango,25.64,71.2,0.946,0.621,12.25,25.0,2.1,1.0,0.041667,1.0486294124957274,2.4716399456021882,9.528360054397812,5.4719,-4.056460054397812,12.0,0.04369324173045948
11,57,Mango,23.78,66.51,0.946,0.621,12.25,25.0,2.1,1.0,0.041667,0.9134593931848801,2.509701058138023,9.490298941861976,5.4225,-4.067798941861976,12.0,0.038061112535834406
11,58,Mango,22.69,63.5,0.946,0.621,12.25,25.0,2.1,1.0,0.041667,0.8424950209434534,2.5448052981756737,9.455194701824325,5.3017,-4.153494701824325,12.0,0.03510424003765088
11,59,Mango,21.93,56.48,0.946,0.621,12.25,25.0,2.1,1.0,0.041667,0.79630359521249,2.5779848800773926,9.422015119922607,5.3375,-4.084515119922607,12.0,0.03317958190171882
11,60,Mango,21.49,61.6,0.946,0.621,12.25,25.0,2.1,1.0,0.041667,0.7707278059689273,2.6100987955686996,9.3899012044313,5.4083,-3.9816012044313007,12.0,0.03211391549130729
11,61,Mango,21.97,64.57,0.946,0.621,12.25,25.0,2.1,1.0,0.041667,0.7986703349206659,2.643376992413839,9.356623007586162,5.1936,-4.163023007586162,12.0,0.033278196845139385
11,62,Mango,22.3,68.71,0.946,0.621,12.25,25.0,2.1,1.0,0.041667,0.8184662777531502,2.6774800268089796,9.32251997319102,5.186,-4.136519973191021,12.0,0.03410303439514051
11,63,Mango,21.39,73.75,0.946,0.621,12.25,25.0,2.1,1.0,0.041667,0.7650306493508057,2.7093565588754798,9.29064344112452,5.0883,-4.202343441124519,12.0,0.03187653206650002
11,64,Mango,21.43,72.7,0.946,0.621,12.25,25.0,2.1,1.0,0.041667,0.7673044409381801,2.741327833016051,9.25867216698395,5.0718,-4.1868721669839495,12.0,0.03197127414057115
11,65,Mango,21.65,76.43,0.946,0.621,12.25,25.0,2.1,1.0,0.041667,0.7799316350712207,2.7738252444545632,9.226174755545436,4.9208,-4.3053747555454365,12.0,0.03249741143851255
11,66,Mango,24.0,79.51,0.946,0.621,12.25,25.0,2.1,1.0,0.041667,0.9284917955469619,2.8125127120996187,9.187487287900382,4.9003,-4.287187287900382,12.0,0.03868746764505526
11,67,Mango,23.89,78.28,0.946,0.621,12.25,25.0,2.1,1.0,0.041667,0.920944923509255,2.8508857242274788,9.149114275772522,4.828,-4.321114275772522,12.0,0.03837301212786013
11,68,Mango,26.85,83.13,0.946,0.621,12.25,25.0,2.1,1.0,0.041667,1.1471245372703958,2.8986829623219244,9.101317037678076,4.6182,-4.483117037678076,12.0,0.04779723809444558
11,69,Mango,26.02,86.06,0.946,0.621,12.25,25.0,2.1,1.0,0.041667,1.0786147825746806,2.9436256044674636,9.056374395532536,4.4241,-4.632274395532536,12.0,0.04494264214553922
11,70,Mango,27.19,74.09,0.946,0.621,12.25,25.0,2.1,1.0,0.041667,1.176429823056821,2.9926439059047723,9.007356094095227,4.8676,-4.139756094095227,12.0,0.049018301437308565
11,71,Mango,27.49,83.24,0.946,0.621,12.25,25.0,2.1,1.0,0.041667,1.2029085295772879,3.042765495606669,8.95723450439333,4.3592,-4.59803450439333,12.0,0.050121589701896854
11,72,Mango,28.15,78.76,0.946,0.621,12.25,25.0,2.1,1.0,0.041667,1.2632784214233563,3.095402517592116,8.904597482407883,4.3869,-4.5176974824078835,12.0,0.052637021985446994
11,73,Mango,26.75,76.28,0.946,0.621,12.25,25.0,2.1,1.0,0.041667,1.138645086939544,3.142846442429626,8.857153557570374,4.3785,-4.478653557570374,12.0,0.047443924837509976
11,74,Mango,28.11,85.44,0.946,0.621,12.25,25.0,2.1,1.0,0.041667,1.259534885358803,3.1953274824978712,8.804672517502128,4.1776,-4.627072517502128,12.0,0.05248104006824525
11,75,Mango,27.36,72.24,0.946,0.621,12.25,25.0,2.1,1.0,0.041667,1.1913620272841365,3.2449679640887195,8.755032035911281,4.3147,-4.440332035911281,12.0,0.04964048159084812
11,76,Mango,27.16,69.07,0.946,0.621,12.25,25.0,2.1,1.0,0.041667,1.1738142233957432,3.2938772813349497,8.70612271866505,4.3978,-4.30832271866505,12.0,0.04890931724623043
11,77,Mango,27.21,66.17,0.946,0.621,12.25,25.0,2.1,1.0,0.041667,1.1781767933171035,3.3429683737820937,8.657031626217906,4.3113,-4.345731626217906,12.0,0.049091092447143755
11,78,Mango,26.49,68.15,0.946,0.621,12.25,25.0,2.1,1.0,0.041667,1.1168907005059718,3.3895058586000757,8.610494141399924,4.1635,-4.446994141399924,12.0,0.04653748481798233
11,79,Mango,25.56,63.06,0.946,0.621,12.25,25.0,2.1,1.0,0.041667,1.0424237091117685,3.432940527287636,8.567059472712364,4.1342,-4.432859472712364,12.0,0.04343466868756006
11,80,Mango,24.82,60.46,0.946,0.621,12.25,25.0,2.1,1.0,0.041667,0.9867339084431597,3.474054769050737,8.525945230949263,4.033,-4.492945230949263,12.0,0.041114241763101134
11,81,Mango,23.83,60.18,0.946,0.621,12.25,25.0,2.1,1.0,0.041667,0.9168543345594733,3.5122573386088267,8.487742661391174,4.1709,-4.316842661391174,12.0,0.03820256955808957
11,82,Mango,22.57,60.86,0.946,0.621,12.25,25.0,2.1,1.0,0.041667,0.8350273712159089,3.54705042408528,8.45294957591472,3.9399,-4.513049575914721,12.0,0.034793085476453274
11,83,Mango,22.95,61.27,0.946,0.621,12.25,25.0,2.1,1.0,0.041667,0.8589048292135564,3.582838411604121,8.417161588395878,3.9025,-4.514661588395878,12.0,0.035787987518841255
11,84,Mango,21.98,62.26,0.946,0.621,12.25,25.0,2.1,1.0,0.041667,0.7992631181450843,3.6161413079478724,8.383858692052128,4.0221,-4.361758692052128,12.0,0.03330289634375123
11,85,Mango,22.13,68.15,0.946,0.621,12.25,25.0,2.1,1.0,0.041667,0.8082078463673172,3.6498169042824595,8.35018309571754,3.8438,-4.50638309571754,12.0,0.03367559633458701
11,86,Mango,22.93,72.78,0.946,0.621,12.25,25.0,2.1,1.0,0.041667,0.8576312672137273,3.685551826293454,8.314448173706547,3.6996,-4.614848173706546,12.0,0.035734922010994374
11,87,Mango,21.21,71.37,0.946,0.621,12.25,25.0,2.1,1.0,0.041667,0.7548816827127288,3.7170054813670452,8.282994518632954,3.6428,-4.6401945186329545,12.0,0.031453655073591276
11,88,Mango,21.86,76.18,0.946,0.621,12.25,25.0,2.1,1.0,0.041667,0.7921786643998637,3.750013189776594,8.249986810223406,3.3356,-4.914386810223407,12.0,0.03300770840954913
11,89,Mango,24.06,76.85,0.946,0.621,12.25,25.0,2.1,1.0,0.041667,0.9326343055789967,3.7888732633871545,8.211126736612846,3.425,-4.786126736612846,12.0,0.03886007361056006
11,90,Mango,24.04,77.76,0.946,0.621,12.25,25.0,2.1,1.0,0.041667,0.9312514194070678,3.8276757162795887,8.17232428372041,3.4623,-4.7100242837204105,12.0,0.038802452892434294
11,91,Mango,24.36,77.89,0.946,0.621,12.25,25.0,2.1,1.0,0.041667,0.9536257404987432,3.8674104400089497,8.13258955999105,3.4776,-4.6549895599910505,12.0,0.039734723729361134
11,92,Mango,26.49,78.85,0.946,0.621,12.25,25.0,2.1,1.0,0.041667,1.1168907005059718,3.913947924826932,8.086052075173068,3.1093,-4.976752075173068,12.0,0.04653748481798233
11,93,Mango,26.6,80.48,0.946,0.621,12.25,25.0,2.1,1.0,0.041667,1.126043290396695,3.960866770607891,8.039133229392109,3.0428,-4.996333229392109,12.0,0.0469188457809591
11,94,Mango,27.44,81.37,0.946,0.621,12.25,25.0,2.1,1.0,0.041667,1.1984543826283345,4.0108027693688655,7.9891972306311345,3.1028,-4.886397230631134,12.0,0.04993599876097481
11,95,Mango,26.37,80.94,0.946,0.621,12.25,25.0,2.1,1.0,0.041667,1.1069908811266358,4.05692775841277,7.94307224158723,3.0291,-4.91397224158723,12.0,0.04612498904390354
12,0,Mango,22.97,63.26,0.904,0.49,4.83,25.0,2.1,1.0,0.041667,0.8601802824226141,0.035841131827703064,11.964158868172296,8.9208,-3.0433588681722963,12.0,0.035841131827703064
12,1,Mango,23.19,63.07,0.904,0.49,4.83,25.0,2.1,1.0,0.041667,0.8743358937237604,0.07227208551149099,11.927727914488509,8.8132,-3.1145279144885087,12.0,0.036430953683787924
12,2,Mango,21.74,73.37,0.904,0.49,4.83,25.0,2.1,1.0,0.041667,0.7851570053510689,0.10498722245345399,11.895012777546546,8.8058,-3.089212777546546,12.0,0.03271513694196299
12,3,Mango,21.7,74.24,0.904,0.49,4.83,25.0,2.1,1.0,0.041667,0.7828303103675857,0.1376054129955402,11.86239458700446,8.9703,-2.8920945870044594,12.0,0.032618190542086194
12,4,Mango,23.18,74.11,0.904,0.49,4.83,25.0,2.1,1.0,0.041667,0.8736874318611522,0.1740093472188988,11.825990652781101,8.7422,-3.0837906527811008,12.0,0.03640393422335863
12,5,Mango,23.57,77.12,0.904,0.49,4.83,25.0,2.1,1.0,0.041667,0.899337371876297,0.21148203749286848,11.788517962507132,8.7927,-2.9958179625071324,12.0,0.03747269027396967
12,6,Mango,24.8,84.79,0.904,0.49,4.83,25.0,2.1,1.0,0.041667,0.9852708047709092,0.2525353161152579,11.747464683884742,8.6207,-3.1267646838847423,12.0,0.04105327862238948
12,7,Mango,25.77,75.53,0.904,0.49,4.83,25.0,2.1,1.0,0.041667,1.058792571668804,0.296652026198982,11.703347973801018,8.6224,-3.080947973801017,12.0,0.04411671008372406
12,8,Mango,27.28,85.67,0.904,0.49,4.83,25.0,2.1,1.0,0.041667,1.1843116439207317,0.34599873946622717,11.654001260533773,8.5412,-3.1128012605337734,12.0,0.04934671326724513
12,9,Mango,26.46,95.41,0.904,0.49,4.83,25.0,2.1,1.0,0.041667,1.1144074763642093,0.39243275578389464,11.607567244216105,8.4048,-3.202767244216105,12.0,0.04643401631766751
12,10,Mango,27.4,79.97,0.904,0.49,4.83,25.0,2.1,1.0,0.041667,1.1949029428768054,0.4422207767047425,11.557779223295258,8.3022,-3.2555792232952587,12.0,0.04978802092084785
12,11,Mango,29.58,78.95,0.904,0.49,4.83,25.0,2.1,1.0,0.041667,1.4046768887050312,0.500749448626415,11.499250551373585,8.4212,-3.0780505513735843,12.0,0.058528671921672534
12,12,Mango,27.79,73.88,0.904,0.49,4.83,25.0,2.1,1.0,0.041667,1.2299832103626505,0.5519991590525956,11.448000840947405,8.2771,-3.1709008409474038,12.0,0.05124971042618056
12,13,Mango,27.59,77.99,0.904,0.49,4.83,25.0,2.1,1.0,0.041667,1.2118665475287151,0.6024940024884746,11.397505997511525,8.3694,-3.028105997511524,12.0,0.050494843435878976
12,14,Mango,28.46,75.67,0.904,0.49,4.83,25.0,2.1,1.0,0.041667,1.292670613344334,0.656355708934693,11.343644291065306,8.2926,-3.051044291065306,12.0,0.05386170644621837
12,15,Mango,33.33,78.01,0.904,0.49,4.83,25.0,2.1,1.0,0.041667,1.8552766235692686,0.7336595200089536,11.266340479991046,8.088,-3.1783404799910464,12.0,0.07730381107426072
12,16,Mango,26.11,71.78,0.904,0.49,4.83,25.0,2.1,1.0,0.041667,1.0858412641979784,0.7789032679642909,11.22109673203571,8.2314,-2.989696732035709,12.0,0.04524374795533717
12,17,Mango,25.76,60.31,0.904,0.49,4.83,25.0,2.1,1.0,0.041667,1.0580073052648185,0.82298725835276,11.17701274164724,8.0824,-3.0946127416472393,12.0,0.04408399038846919
12,18,Mango,25.86,67.05,0.904,0.49,4.83,25.0,2.1,1.0,0.041667,1.0658862488422105,0.8673995406832684,11.132600459316732,8.0004,-3.1322004593167314,12.0,0.04441228233050839
12,19,Mango,25.36,65.21,0.904,0.49,4.83,25.0,2.1,1.0,0.041667,1.0270696467888283,0.9101944516560185,11.089805548343982,7.9866,-3.1032055483439818,12.0,0.04279491097275011
12,20,Mango,24.78,61.04,0.904,0.49,4.83,25.0,2.1,1.0,0.041667,0.9838098705511701,0.9511868575322742,11.048813142467726,7.7872,-3.2616131424677253,12.0,0.040992405876255605
12,21,Mango,22.12,62.11,0.904,0.49,4.83,25.0,2.1,1.0,0.041667,0.8076084291762905,0.9848374779507626,11.015162522049238,8.0288,-2.9863625220492374,12.0,0.0336506204184885
12,22,Mango,22.05,62.33,0.904,0.49,4.83,25.0,2.1,1.0,0.041667,0.8034249382137049,1.018313784851313,10.981686215148686,7.7994,-3.182286215148686,12.0,0.033476306900550444
12,23,Mango,23.06,64.23,0.904,0.49,4.83,25.0,2.1,1.0,0.041667,0.8659433009757367,1.0543950443730692,10.94560495562693,7.8277,-3.11790495562693,12.0,0.036081259521756025
12,24,Mango,23.43,65.58,0.904,0.49,4.83,25.0,2.1,1.0,0.041667,0.890044192385897,1.0914805157372123,10.908519484262788,7.6354,-3.2731194842627884,12.0,0.037085471364143176
12,25,Mango,27.38,67.74,0.904,0.49,4.83,25.0,2.1,1.0,0.041667,1.1931311715119557,1.141194712260601,10.858805287739399,7.6736,-3.1852052877393984,12.0,0.04971419652338866
12,26,Mango,22.18,71.46,0.904,0.49,4.83,25.0,2.1,1.0,0.041667,0.8112116123555752,1.1749954665126208,10.825004533487379,7.5019,-3.3231045334873786,12.0,0.033800754252019755
12,27,Mango,21.93,73.9,0.904,0.49,4.83,25.0,2.1,1.0,0.041667,0.79630359521249,1.2081750484143394,10.79182495158566,7.4972,-3.29462495158566,12.0,0.03317958190171882
12,28,Mango,23.0,74.08,0.904,0.49,4.83,25.0,2.1,1.0,0.041667,0.8620970143980213,1.2440960447132619,10.755903955286739,7.4883,-3.267603955286739,12.0,0.035920996298922356
12,29,Mango,23.83,79.58,0.904,0.49,4.83,25.0,2.1,1.0,0.041667,0.9168543345594733,1.2822986142713515,10.717701385728649,7.5663,-3.151401385728649,12.0,0.03820256955808957
12,30,Mango,24.75,79.68,0.904,0.49,4.83,25.0,2.1,1.0,0.041667,0.9816225299095563,1.3231998802250928,10.676800119774907,7.3387,-3.3381001197749063,12.0,0.04090126595374149
12,31,Mango,25.35,81.66,0.904,0.49,4.83,25.0,2.1,1.0,0.041667,1.0263079080783788,1.3659630518309946,10.634036948169005,7.272,-3.3620369481690044,12.0,0.04276317160590181
12,32,Mango,26.03,77.57,0.904,0.49,4.83,25.0,2.1,1.0,0.041667,1.0794153441089758,1.4109390509739834,10.589060949026017,7.4643,-3.124760949026017,12.0,0.04497599914298869
12,33,Mango,26.23,79.78,0.904,0.49,4.83,25.0,2.1,1.0,0.041667,1.0955519425544702,1.4565874137644006,10.543412586235599,7.1292,-3.4142125862355988,12.0,0.04564836279041711
12,34,Mango,27.09,81.29,0.904,0.49,4.83,25.0,2.1,1.0,0.041667,1.167733750461181,1.5052433759448667,10.494756624055134,7.1683,-3.326456624055133,12.0,0.048655962180466035
12,35,Mango,27.72,82.14,0.904,0.49,4.83,25.0,2.1,1.0,0.041667,1.2236117765603405,1.5562276078388062,10.443772392161193,7.1709,-3.2728723921611937,12.0,0.05098423189393971
12,36,Mango,28.35,81.21,0.904,0.49,4.83,25.0,2.1,1.0,0.041667,1.282163660291435,1.6096515210721696,10.39034847892783,7.1006,-3.28974847892783,12.0,0.05342391323336323
12,37,Mango,28.39,78.27,0.904,0.49,4.83,25.0,2.1,1.0,0.041667,1.2859744526392733,1.6632342185902902,10.33676578140971,6.9966,-3.34016578140971,12.0,0.05358269751812061
12,38,Mango,27.18,72.08,0.904,0.49,4.83,25.0,2.1,1.0,0.041667,1.1755573095528422,1.7122161650074283,10.287783834992572,7.1065,-3.1812838349925725,12.0,0.04898194641713828
12,39,Mango,27.07,73.85,0.904,0.49,4.83,25.0,2.1,1.0,0.041667,1.166002264876373,1.7607999813780322,10.239200018621968,6.86,-3.379200018621968,12.0,0.04858381637060384
12,40,Mango,28.94,66.33,0.904,0.49,4.83,25.0,2.1,1.0,0.041667,1.3395360381528063,1.8166144294797453,10.183385570520255,6.8831,-3.3002855705202547,12.0,0.05581444810171298
12,41,Mango,26.22,63.03,0.904,0.49,4.83,25.0,2.1,1.0,0.041667,1.0947394131154382,1.8622289366060263,10.137771063393973,6.9131,-3.2246710633939735,12.0,0.04561450712628096
12,42,Mango,25.72,68.66,0.904,0.49,4.83,25.0,2.1,1.0,0.041667,1.0548720593549283,1.906182290703168,10.093817709296832,6.761,-3.3328177092968323,12.0,0.0439533540971418
12,43,Mango,25.96,60.78,0.904,0.49,4.83,25.0,2.1,1.0,0.041667,1.0738238666381896,1.9509253097543815,10.049074690245618,6.7224,-3.3266746902456177,12.0,0.04474301905121345
12,44,Mango,22.9,62.98,0.904,0.49,4.83,25.0,2.1,1.0,0.041667,0.8557244640981575,1.9865807809999594,10.01341921900004,6.6067,-3.40671921900004,12.0,0.035655471245577934
12,45,Mango,24.23,61.64,0.904,0.49,4.83,25.0,2.1,1.0,0.041667,0.9444720587941614,2.0259340982737357,9.974065901726265,6.7279,-3.2461659017262647,12.0,0.03935331727377633
12,46,Mango,23.09,63.18,0.904,0.49,4.83,25.0,2.1,1.0,0.041667,0.8678728746334765,2.0620957573410887,9.937904242658911,6.7643,-3.173604242658911,12.0,0.036161659067353066
12,47,Mango,22.42,62.52,0.904,0.49,4.83,25.0,2.1,1.0,0.041667,0.825785821622913,2.0965037751706506,9.90349622482935,6.6621,-3.2413962248293506,12.0,0.03440801782956192
12,48,Mango,24.89,57.96,0.904,0.49,4.83,25.0,2.1,1.0,0.041667,0.9918719022893885,2.1378321017233426,9.862167898276658,6.4505,-3.411667898276658,12.0,0.04132832655269195
12,49,Mango,21.63,68.79,0.904,0.49,4.83,25.0,2.1,1.0,0.041667,0.7787751724934042,2.1702813268356254,9.829718673164376,6.5719,-3.2578186731643752,12.0,0.032449225112282674
12,50,Mango,21.9,68.41,0.904,0.49,4.83,25.0,2.1,1.0,0.041667,0.7945331441639599,2.203387139353505,9.796612860646494,6.6773,-3.1193128606464944,12.0,0.033105812517879724
12,51,Mango,23.31,72.86,0.904,0.49,4.83,25.0,2.1,1.0,0.041667,0.8821550795655861,2.240143895053764,9.759856104946236,6.5086,-3.2512561049462354,12.0,0.03675675570025928
12,52,Mango,23.2,71.88,0.904,0.49,4.83,25.0,2.1,1.0,0.041667,0.8749848368829648,2.276601888252167,9.723398111747834,6.3933,-3.3300981117478337,12.0,0.0364579931984025
12,53,Mango,24.23,74.93,0.904,0.49,4.83,25.0,2.1,1.0,0.041667,0.9444720587941614,2.315955205525943,9.684044794474056,6.3366,-3.3474447944740566,12.0,0.03935331727377633
12,54,Mango,26.13,79.49,0.904,0.49,4.83,25.0,2.1,1.0,0.041667,1.0874537126065136,2.3612661393691186,9.638733860630882,6.4171,-3.2216338606308828,12.0,0.0453109338431756
12,55,Mango,24.34,82.25,0.904,0.49,4.83,25.0,2.1,1.0,0.041667,0.9522117287667681,2.4009419454716436,9.599058054528356,6.0472,-3.5518580545283562,12.0,0.03967580610252493
12,56,Mango,27.69,83.3,0.904,0.49,4.83,25.0,2.1,1.0,0.041667,1.2208912755280346,2.4518128222490705,9.548187177750929,6.0161,-3.5320871777509293,12.0,0.05087087677742662
12,57,Mango,28.62,84.01,0.904,0.49,4.83,25.0,2.1,1.0,0.041667,1.3081073464148645,2.5063177310521385,9.493682268947861,5.8781,-3.615582268947861,12.0,0.05450490880306816
12,58,Mango,27.23,78.98,0.904,0.49,4.83,25.0,2.1,1.0,0.041667,1.1799263577866033,2.5554817226020328,9.444518277397968,6.0382,-3.4063182773979683,12.0,0.0491639915498944
12,59,Mango,27.73,83.01,0.904,0.49,4.83,25.0,2.1,1.0,0.041667,1.2245199566975407,2.6065037956377495,9.39349620436225,5.8023,-3.5911962043622507,12.0,0.05102207303571643
12,60,Mango,28.7,79.95,0.904,0.49,4.83,25.0,2.1,1.0,0.041667,1.3158947040078195,2.661333180269643,9.338666819730356,5.7489,-3.5897668197303565,12.0,0.05482938463189382
12,61,Mango,27.5,71.94,0.904,0.49,4.83,25.0,2.1,1.0,0.041667,1.203801343502716,2.7114919708493708,9.288508029150629,5.8265,-3.4620080291506286,12.0,0.05015879057972767
12,62,Mango,27.43,71.84,0.904,0.49,4.83,25.0,2.1,1.0,0.041667,1.1975655343415503,2.76139093396878,9.23860906603122,5.9114,-3.3272090660312195,12.0,0.04989896311940938
12,63,Mango,26.73,69.16,0.904,0.49,4.83,25.0,2.1,1.0,0.041667,1.1369567332771877,2.8087645101742407,9.19123548982576,5.8848,-3.306435489825759,12.0,0.04737357620546059
12,64,Mango,27.88,67.24,0.904,0.49,4.83,25.0,2.1,1.0,0.041667,1.2382238271335735,2.8603575823794154,9.139642417620585,5.6513,-3.4883424176205855,12.0,0.05159307220517461
12,65,Mango,26.88,72.88,0.904,0.49,4.83,25.0,2.1,1.0,0.041667,1.1496806645442827,2.908261326628982,9.091738673371019,5.66,-3.4317386733710187,12.0,0.04790374424956663
12,66,Mango,25.11,74.51,0.904,0.49,4.83,25.0,2.1,1.0,0.041667,1.008194705074164,2.950269775405307,9.049730224594693,5.6078,-3.441930224594693,12.0,0.042008448776325195
12,67,Mango,22.82,61.16,0.904,0.49,4.83,25.0,2.1,1.0,0.041667,0.8506603564741385,2.985714240478515,9.014285759521485,5.6982,-3.316085759521485,12.0,0.035444465073207934
12,68,Mango,24.18,66.29,0.904,0.49,4.83,25.0,2.1,1.0,0.041667,0.9409748541143271,3.0249218397248967,8.975078160275103,5.6726,-3.302478160275103,12.0,0.03920759924638167
12,69,Mango,22.77,66.74,0.904,0.49,4.83,25.0,2.1,1.0,0.041667,0.8475105191105969,3.060235060524678,8.939764939475321,5.5721,-3.367664939475321,12.0,0.03531322079978125
12,70,Mango,22.33,56.89,0.904,0.49,4.83,25.0,2.1,1.0,0.041667,0.8202900587876834,3.0944140864041842,8.905585913595816,5.6813,-3.224285913595816,12.0,0.03417902587950641
12,71,Mango,22.77,63.0,0.904,0.49,4.83,25.0,2.1,1.0,0.041667,0.8475105191105969,3.1297273072039657,8.870272692796034,5.4543,-3.415972692796034,12.0,0.03531322079978125
12,72,Mango,22.29,66.1,0.904,0.49,4.83,25.0,2.1,1.0,0.041667,0.8178592522715662,3.163805048668365,8.836194951331635,5.3037,-3.5324949513316346,12.0,0.034077741464399354
12,73,Mango,21.7,66.66,0.904,0.49,4.83,25.0,2.1,1.0,0.041667,0.7828303103675857,3.1964232392104512,8.803576760789548,5.4757,-3.3278767607895485,12.0,0.032618190542086194
12,74,Mango,21.96,67.97,0.904,0.49,4.83,25.0,2.1,1.0,0.041667,0.7980779913411443,3.229676754875663,8.770323245124338,5.3038,-3.466523245124338,12.0,0.03325351566521146
12,75,Mango,23.8,71.97,0.904,0.49,4.83,25.0,2.1,1.0,0.041667,0.9148158586217416,3.267794387256855,8.732205612743146,5.2565,-3.4757056127431456,12.0,0.03811763238119211
12,76,Mango,27.41,75.39,0.904,0.49,4.83,25.0,2.1,1.0,0.041667,1.1957898149545272,3.317619361476565,8.682380638523435,5.1905,-3.491880638523435,12.0,0.049824974219710286
12,77,Mango,23.96,72.64,0.904,0.49,4.83,25.0,2.1,1.0,0.041667,0.9257403494181223,3.35619218461577,8.64380781538423,5.0448,-3.5990078153842298,12.0,0.038572823139204904
12,78,Mango,28.39,78.68,0.904,0.49,4.83,25.0,2.1,1.0,0.041667,1.2859744526392733,3.4097748821338905,8.59022511786611,4.864,-3.72622511786611,12.0,0.05358269751812061
12,79,Mango,24.43,79.38,0.904,0.49,4.83,25.0,2.1,1.0,0.041667,0.9585913377528383,3.449716507404038,8.550283492595963,4.821,-3.729283492595963,12.0,0.03994162527014752
12,80,Mango,26.46,80.87,0.904,0.49,4.83,25.0,2.1,1.0,0.041667,1.1144074763642093,3.4961505237217056,8.503849476278294,4.8292,-3.6746494762782937,12.0,0.04643401631766751
12,81,Mango,27.58,76.88,0.904,0.49,4.83,25.0,2.1,1.0,0.041667,1.2109677519465092,3.546607917042061,8.45339208295794,4.7676,-3.6857920829579403,12.0,0.050457393320355204
12,82,Mango,27.56,81.43,0.904,0.49,4.83,25.0,2.1,1.0,0.041667,1.2091721600957686,3.5969904934367714,8.40300950656323,4.7174,-3.68560950656323,12.0,0.050382576394710395
12,83,Mango,24.51,82.22,0.904,0.49,4.83,25.0,2.1,1.0,0.041667,0.9642979745613922,3.6371698971428206,8.36283010285718,4.6201,-3.7427301028571796,12.0,0.040179403706049534
12,84,Mango,28.33,79.74,0.904,0.49,4.83,25.0,2.1,1.0,0.041667,1.2802625009781217,3.6905145947710762,8.309485405228923,4.5299,-3.7795854052289233,12.0,0.053344697628255396
12,85,Mango,26.54,71.1,0.904,0.49,4.83,25.0,2.1,1.0,0.041667,1.1210417098210395,3.7372250396941893,8.26277496030581,4.6677,-3.5950749603058103,12.0,0.046710444923113256
12,86,Mango,27.24,73.18,0.904,0.49,4.83,25.0,2.1,1.0,0.041667,1.1808021140534417,3.7864255213804543,8.213574478619545,4.5787,-3.634874478619545,12.0,0.04920048168626476
12,87,Mango,27.14,75.54,0.904,0.49,4.83,25.0,2.1,1.0,0.041667,1.172073721841986,3.835262317148444,8.164737682851555,4.4757,-3.6890376828515556,12.0,0.048836795767990035
12,88,Mango,25.24,66.44,0.904,0.49,4.83,25.0,2.1,1.0,0.041667,1.0179659771203442,3.8776779055171176,8.122322094482882,4.603,-3.5193220944828827,12.0,0.04241558836867339
12,89,Mango,27.53,67.83,0.904,0.49,4.83,25.0,2.1,1.0,0.041667,1.2064837631934247,3.927948464478098,8.072051535521902,4.5901,-3.481951535521903,12.0,0.05027055896098043
12,90,Mango,25.88,64.61,0.904,0.49,4.83,25.0,2.1,1.0,0.041667,1.0674690645283456,3.9724266979898006,8.0275733020102,4.4899,-3.5376733020102007,12.0,0.044478233511702575
12,91,Mango,25.18,60.35,0.904,0.49,4.83,25.0,2.1,1.0,0.041667,1.013444446819276,4.014653887755419,7.985346112244581,4.6188,-3.3665461122445803,12.0,0.042227189765618775
12,92,Mango,23.95,59.56,0.904,0.49,4.83,25.0,2.1,1.0,0.041667,0.9250537628149823,4.053198102890631,7.946801897109369,4.408,-3.5388018971093684,12.0,0.03854421513521187
12,93,Mango,22.32,58.02,0.904,0.49,4.83,25.0,2.1,1.0,0.041667,0.8196816806766867,4.087351779479387,7.912648220520613,4.2261,-3.6865482205206135,12.0,0.034153676588755504
12,94,Mango,23.66,58.07,0.904,0.49,4.83,25.0,2.1,1.0,0.041667,0.9053627343096725,4.125075528529868,7.874924471470132,4.3068,-3.5681244714701323,12.0,0.03772374905048113
12,95,Mango,22.44,57.95,0.904,0.49,4.83,25.0,2.1,1.0,0.041667,0.8270120938947173,4.159534641446179,7.840465358553821,4.3421,-3.498365358553821,12.0,0.03445911291631119
13,0,Tomato,23.03,61.55,0.941,0.551,4.82,25.0,2.0,1.0,0.041667,0.8723627057707586,0.0363487368613502,9.96365126313865,10.0,0.03634873686135087,10.0,0.0363487368613502
13,1,Tomato,22.98,60.95,0.941,0.551,4.82,25.0,2.0,1.0,0.041667,0.8693445600900217,0.07257171664662113,9.927428283353379,9.9243,-0.003128283353378336,10.0,0.036222979785270934
13,2,Tomato,21.19,62.68,0.941,0.551,4.82,25.0,2.0,1.0,0.041667,0.7679051348510492,0.1045680199004598,9.89543198009954,9.8415,-0.0539319800995397,10.0,0.03199630325383867
13,3,Tomato,19.24,68.67,0.941,0.551,4.82,25.0,2.0,1.0,0.041667,0.6708211124411305,0.13251912319254439,9.867480876807456,9.8841,0.01661912319254455,10.0,0.027951103292084587
13,4,Tomato,19.91,66.35,0.941,0.551,4.82,25.0,2.0,1.0,0.041667,0.7027093501033598,0.16179891368330107,9.8382010863167,9.7209,-0.117301086316699,10.0,0.029279790490756692
13,5,Tomato,21.17,73.59,0.941,0.551,4.82,25.0,2.0,1.0,0.041667,0.7668413298365462,0.19375089137360046,9.8062491086264,9.8482,0.04195089137360064,10.0,0.03195197769029937
13,6,Tomato,23.14,74.85,0.941,0.551,4.82,25.0,2.0,1.0,0.041667,0.879039560911787,0.23037783275811188,9.769622167241888,9.7626,-0.0070221672418870895,10.0,0.03662694138451143
13,7,Tomato,22.79,73.44,0.941,0.551,4.82,25.0,2.0,1.0,0.041667,0.8579705304286908,0.26612689084948415,9.733873109150515,9.7419,0.008026890849484047,10.0,0.03574905809137226
13,8,Tomato,24.82,79.45,0.941,0.551,4.82,25.0,2.0,1.0,0.041667,0.9876008614453725,0.3072772559433285,9.692722744056672,9.5513,-0.14142274405667266,10.0,0.041150365093844336
13,9,Tomato,24.81,78.79,0.941,0.551,4.82,25.0,2.0,1.0,0.041667,0.9869165458858418,0.3483991076607538,9.651600892339246,9.5011,-0.15050089233924702,10.0,0.04112185171742537
13,10,Tomato,26.66,78.32,0.941,0.551,4.82,25.0,2.0,1.0,0.041667,1.1219434805304844,0.3951471266640175,9.604852873335982,9.5419,-0.06295287333598232,10.0,0.0467480190032637
13,11,Tomato,24.64,81.16,0.941,0.551,4.82,25.0,2.0,1.0,0.041667,0.9753554615276419,0.4357872626794898,9.56421273732051,9.5764,0.012187262679489663,10.0,0.040640136015472256
13,12,Tomato,26.53,80.85,0.941,0.551,4.82,25.0,2.0,1.0,0.041667,1.111879157517107,0.4821159315357551,9.517884068464245,9.4543,-0.06358406846424458,10.0,0.0463286688562653
13,13,Tomato,27.07,82.18,0.941,0.551,4.82,25.0,2.0,1.0,0.041667,1.1542854175168384,0.5302115420274292,9.469788457972571,9.1689,-0.3008884579725706,10.0,0.04809561049167411
13,14,Tomato,32.17,81.46,0.941,0.551,4.82,25.0,2.0,1.0,0.041667,1.6437603745897014,0.5987021055554583,9.401297894444541,9.1332,-0.2680978944445407,10.0,0.0684905635280291
13,15,Tomato,28.07,77.77,0.941,0.551,4.82,25.0,2.0,1.0,0.041667,1.2371324786871727,0.6502497045449167,9.349750295455083,9.2662,-0.0835502954550833,10.0,0.051547598989458425
13,16,Tomato,28.31,79.56,0.941,0.551,4.82,25.0,2.0,1.0,0.041667,1.2578849718360179,0.7026619976664081,9.297338002333593,9.0905,-0.20683800233359229,10.0,0.05241229312149136
13,17,Tomato,28.03,68.96,0.941,0.551,4.82,25.0,2.0,1.0,0.041667,1.2337071698094968,0.7540668743108604,9.24593312568914,8.9883,-0.2576331256891393,10.0,0.051404876644452306
13,18,Tomato,28.63,78.07,0.941,0.551,4.82,25.0,2.0,1.0,0.041667,1.2860974834306034,0.8076546981529633,9.192345301847038,9.1171,-0.07524530184703693,10.0,0.053587823842102957
13,19,Tomato,27.24,67.88,0.941,0.551,4.82,25.0,2.0,1.0,0.041667,1.1679673946131177,0.8563203955843082,9.143679604415691,8.9995,-0.144179604415692,10.0,0.04866569743134478
13,20,Tomato,24.28,64.82,0.941,0.551,4.82,25.0,2.0,1.0,0.041667,0.9513182763317992,0.8959589742042252,9.104041025795775,9.0032,-0.10084102579577525,10.0,0.039638578619917084
13,21,Tomato,26.71,66.34,0.941,0.551,4.82,25.0,2.0,1.0,0.041667,1.1258385861367626,0.9428692905727857,9.057130709427215,8.9209,-0.13623070942721505,10.0,0.04691031636856049
13,22,Tomato,24.41,64.09,0.941,0.551,4.82,25.0,2.0,1.0,0.041667,0.959929261038908,0.9828666630924939,9.017133336907506,8.9633,-0.05383333690750547,10.0,0.03999737251970818
13,23,Tomato,27.86,55.27,0.941,0.551,4.82,25.0,2.0,1.0,0.041667,1.2192550940763032,1.0336693650973712,8.96633063490263,8.9154,-0.05093063490262928,10.0,0.050802702004877326
13,24,Tomato,22.39,62.22,0.941,0.551,4.82,25.0,2.0,1.0,0.041667,0.834509281155409,1.0684408633152735,8.931559136684726,8.702,-0.22955913668472583,10.0,0.03477149821790243
13,25,Tomato,22.29,62.64,0.941,0.551,4.82,25.0,2.0,1.0,0.041667,0.8287449044879921,1.1029721772505747,8.897027822749425,8.8767,-0.020327822749425906,10.0,0.03453131393530117
13,26,Tomato,22.32,65.78,0.941,0.551,4.82,25.0,2.0,1.0,0.041667,0.8304700240908942,1.1375753717443702,8.86242462825563,8.8295,-0.03292462825563014,10.0,0.03460319449379529
13,27,Tomato,21.05,65.27,0.941,0.551,4.82,25.0,2.0,1.0,0.041667,0.7604893766205046,1.1692626826000168,8.830737317399983,8.8243,-0.006437317399983655,10.0,0.03168731085564657
13,28,Tomato,23.58,67.13,0.941,0.551,4.82,25.0,2.0,1.0,0.041667,0.9062619382673343,1.2070238987818016,8.792976101218198,8.6917,-0.10127610121819686,10.0,0.03776121618178502
13,29,Tomato,24.19,72.62,0.941,0.551,4.82,25.0,2.0,1.0,0.041667,0.9454021167507438,1.246415968780455,8.753584031219544,8.4755,-0.27808403121954406,10.0,0.039392069998653245
13,30,Tomato,23.18,84.61,0.941,0.551,4.82,25.0,2.0,1.0,0.041667,0.88148015790717,1.283144602519973,8.716855397480026,8.3322,-0.3846553974800262,10.0,0.036728633739518055
13,31,Tomato,24.37,76.2,0.941,0.551,4.82,25.0,2.0,1.0,0.041667,0.9572714581952976,1.3230312323685964,8.676968767631404,8.2892,-0.387768767631405,10.0,0.03988662984862347
13,32,Tomato,21.32,76.62,0.941,0.551,4.82,25.0,2.0,1.0,0.041667,0.7748559309591715,1.3553171544438722,8.644682845556128,8.4516,-0.19308284555612865,10.0,0.0322859220752758
13,33,Tomato,26.72,80.93,0.941,0.551,4.82,25.0,2.0,1.0,0.041667,1.1266192284972791,1.4022599978376684,8.597740002162332,8.2699,-0.32784000216233267,10.0,0.04694284339379613
13,34,Tomato,25.77,80.39,0.941,0.551,4.82,25.0,2.0,1.0,0.041667,1.0548223170680615,1.4462112793229434,8.553788720677057,8.2251,-0.32868872067705723,10.0,0.04395128148527492
13,35,Tomato,28.2,78.72,0.941,0.551,4.82,25.0,2.0,1.0,0.041667,1.2483305489016119,1.4982254683040268,8.501774531695974,8.229,-0.27277453169597443,10.0,0.05201418898108347
13,36,Tomato,25.91,86.76,0.941,0.551,4.82,25.0,2.0,1.0,0.041667,1.0651082033934176,1.5426053318148203,8.457394668185179,8.0143,-0.4430946681851786,10.0,0.04437986351079353
13,37,Tomato,27.21,85.54,0.941,0.551,4.82,25.0,2.0,1.0,0.041667,1.1655411981345598,1.591169936917493,8.408830063082506,7.8442,-0.5646300630825065,10.0,0.04856460510267271
13,38,Tomato,28.73,77.34,0.941,0.551,4.82,25.0,2.0,1.0,0.041667,1.2950429988544252,1.6451304935507605,8.354869506449239,8.0698,-0.2850695064492381,10.0,0.05396055663326734
13,39,Tomato,32.75,78.62,0.941,0.551,4.82,25.0,2.0,1.0,0.041667,1.7111900513652045,1.7164306494209944,8.283569350579006,7.957,-0.32656935057900593,10.0,0.07130015587023399
13,40,Tomato,28.33,76.8,0.941,0.551,4.82,25.0,2.0,1.0,0.041667,1.2596299799473991,1.7689156517954627,8.231084348204536,7.8745,-0.3565843482045361,10.0,0.052485002374468286
13,41,Tomato,28.02,73.45,0.941,0.551,4.82,25.0,2.0,1.0,0.041667,1.2328523254638066,1.820284909640563,8.179715090359437,7.9396,-0.24011509035943668,10.0,0.051369257845100436
13,42,Tomato,27.22,70.73,0.941,0.551,4.82,25.0,2.0,1.0,0.041667,1.1663493697884673,1.8688831888315391,8.13111681116846,7.8004,-0.3307168111684611,10.0,0.04859827919097607
13,43,Tomato,27.52,67.97,0.941,0.551,4.82,25.0,2.0,1.0,0.041667,1.1908568493649683,1.9185026211740293,8.08149737882597,7.7864,-0.29509737882596987,10.0,0.04961943234249014
13,44,Tomato,25.57,65.25,0.941,0.551,4.82,25.0,2.0,1.0,0.041667,1.0403002665219858,1.9618488123792008,8.0381511876208,7.7871,-0.25105118762080014,10.0,0.04334619120517159
13,45,Tomato,24.25,65.19,0.941,0.551,4.82,25.0,2.0,1.0,0.041667,0.9493421209505192,2.001405050532846,7.998594949467154,7.7532,-0.2453949494671548,10.0,0.039556238153645285
13,46,Tomato,25.17,63.63,0.941,0.551,4.82,25.0,2.0,1.0,0.041667,1.011853201026929,2.043565937860035,7.956434062139965,7.6417,-0.3147340621399648,10.0,0.042160887327189055
13,47,Tomato,23.72,62.93,0.941,0.551,4.82,25.0,2.0,1.0,0.041667,0.9150991681279284,2.0816953748984215,7.9183046251015785,7.8007,-0.11760462510157854,10.0,0.03812943703838639
13,48,Tomato,22.04,61.21,0.941,0.551,4.82,25.0,2.0,1.0,0.041667,0.8145075630702153,2.1156334615288683,7.884366538471132,7.6362,-0.24816653847113201,10.0,0.033938086630446666
13,49,Tomato,19.9,67.05,0.941,0.551,4.82,25.0,2.0,1.0,0.041667,0.7022224378689985,2.144892963847556,7.855107036152444,7.4872,-0.36790703615244436,10.0,0.029259502318687562
13,50,Tomato,23.54,67.61,0.941,0.551,4.82,25.0,2.0,1.0,0.041667,0.9037527267510858,2.1825496287130934,7.817450371286906,7.5658,-0.2516503712869058,10.0,0.037656664865537495
13,51,Tomato,21.88,69.72,0.941,0.551,4.82,25.0,2.0,1.0,0.041667,0.8055242910487501,2.2161134093482215,7.783886590651779,7.5024,-0.28148659065177917,10.0,0.03356378063512827
13,52,Tomato,22.04,67.49,0.941,0.551,4.82,25.0,2.0,1.0,0.041667,0.8145075630702153,2.2500514959786684,7.749948504021331,7.4225,-0.32744850402133086,10.0,0.033938086630446666
13,53,Tomato,22.36,66.78,0.941,0.551,4.82,25.0,2.0,1.0,0.041667,0.8327757708805489,2.284750764023948,7.715249235976052,7.4239,-0.29134923597605233,10.0,0.034699268045279834
13,54,Tomato,23.46,74.31,0.941,0.551,4.82,25.0,2.0,1.0,0.041667,0.8987551266110299,2.3221991938844497,7.677800806115551,7.3001,-0.3777008061155511,10.0,0.037448429860501786
13,55,Tomato,25.67,76.44,0.941,0.551,4.82,25.0,2.0,1.0,0.041667,1.0475361270997976,2.3658468816923173,7.634153118307683,7.0584,-0.5757531183076834,10.0,0.04364768780786727
13,56,Tomato,24.15,75.24,0.941,0.551,4.82,25.0,2.0,1.0,0.041667,0.9427845359182394,2.4051298849504223,7.594870115049577,7.1386,-0.45627011504957693,10.0,0.039283003258105284
13,57,Tomato,24.05,79.22,0.941,0.551,4.82,25.0,2.0,1.0,0.041667,0.9362722474344923,2.4441415406842752,7.555858459315725,6.9893,-0.5665584593157247,10.0,0.03901165573385299
13,58,Tomato,24.34,80.79,0.941,0.551,4.82,25.0,2.0,1.0,0.041667,0.9552829363824373,2.4839453147945223,7.516054685205478,7.0775,-0.438554685205478,10.0,0.03980377411024702
13,59,Tomato,26.48,76.73,0.941,0.551,4.82,25.0,2.0,1.0,0.041667,1.108032347864926,2.53011369863301,7.46988630136699,7.095,-0.3748863013669901,10.0,0.04616838383848788
13,60,Tomato,27.53,80.2,0.941,0.551,4.82,25.0,2.0,1.0,0.041667,1.1916825745740462,2.579767536467787,7.420232463532213,6.8263,-0.5939324635322132,10.0,0.04965383783477679
13,61,Tomato,31.78,82.86,0.941,0.551,4.82,25.0,2.0,1.0,0.041667,1.5999202566655053,2.6464314138022687,7.353568586197731,6.5525,-0.8010685861977311,10.0,0.06666387733448162
13,62,Tomato,28.37,82.53,0.941,0.551,4.82,25.0,2.0,1.0,0.041667,1.2631272618457992,2.6990621374215977,7.300937862578403,6.6857,-0.615237862578403,10.0,0.05263072361932892
13,63,Tomato,29.15,76.87,0.941,0.551,4.82,25.0,2.0,1.0,0.041667,1.3332986770911985,2.7546166933999565,7.2453833066000435,6.5493,-0.6960833066000438,10.0,0.055554555978358976
13,64,Tomato,33.17,74.94,0.941,0.551,4.82,25.0,2.0,1.0,0.041667,1.7617387482539586,2.8280230618234543,7.171976938176545,6.6473,-0.5246769381765448,10.0,0.0734063684234977
13,65,Tomato,28.05,72.0,0.941,0.551,4.82,25.0,2.0,1.0,0.041667,1.2354186371269291,2.879499250176622,7.120500749823378,6.5792,-0.5413007498233782,10.0,0.05147618835316776
13,66,Tomato,28.74,82.52,0.941,0.551,4.82,25.0,2.0,1.0,0.041667,1.2959409654333334,2.9334972223833327,7.066502777616668,6.3003,-0.7662027776166678,10.0,0.0539979722067107
13,67,Tomato,26.29,60.48,0.941,0.551,4.82,25.0,2.0,1.0,0.041667,1.0935354574846323,2.979061564290345,7.020938435709655,6.6004,-0.42053843570965554,10.0,0.045564341907012175
13,68,Tomato,30.46,64.37,0.941,0.551,4.82,25.0,2.0,1.0,0.041667,1.4600320106545217,3.0398967180782868,6.960103281921713,6.5815,-0.37860328192171266,10.0,0.06083515378794196
13,69,Tomato,25.62,68.0,0.941,0.551,4.82,25.0,2.0,1.0,0.041667,1.043911927421719,3.0833933963581677,6.916606603641832,6.4587,-0.457906603641832,10.0,0.04349667827988077
13,70,Tomato,23.42,71.84,0.941,0.551,4.82,25.0,2.0,1.0,0.041667,0.896266699569405,3.120738140929126,6.8792618590708745,6.3542,-0.5250618590708749,10.0,0.0373447445709584
13,71,Tomato,23.24,62.64,0.941,0.551,4.82,25.0,2.0,1.0,0.041667,0.885153764579545,3.157619842837862,6.842380157162138,6.3813,-0.46108015716213746,10.0,0.0368817019087359
13,72,Tomato,21.84,59.46,0.941,0.551,4.82,25.0,2.0,1.0,0.041667,0.8032939967570338,3.1910906938007373,6.808909306199263,6.3713,-0.4376093061992634,10.0,0.03347085096287533
13,73,Tomato,28.7,61.98,0.941,0.551,4.82,25.0,2.0,1.0,0.041667,1.2923528306374923,3.2449391591949097,6.75506084080509,6.3604,-0.39466084080508956,10.0,0.053848465394172394
13,74,Tomato,27.42,58.68,0.941,0.551,4.82,25.0,2.0,1.0,0.041667,1.182631000244143,3.2942158450820824,6.705784154917918,6.2472,-0.4585841549179177,10.0,0.049276685887172704
13,75,Tomato,22.1,65.38,0.941,0.551,4.82,25.0,2.0,1.0,0.041667,0.8179020585577812,3.3282953701560096,6.67170462984399,6.196,-0.47570462984399065,10.0,0.03407952507392707
13,76,Tomato,20.62,67.49,0.941,0.551,4.82,25.0,2.0,1.0,0.041667,0.7381572028414165,3.3590521663268027,6.640947833673197,6.1237,-0.5172478336731965,10.0,0.030756796170793303
13,77,Tomato,22.98,68.71,0.941,0.551,4.82,25.0,2.0,1.0,0.041667,0.8693445600900217,3.395275146112074,6.604724853887927,6.0823,-0.5224248538879266,10.0,0.036222979785270934
13,78,Tomato,22.49,67.27,0.941,0.551,4.82,25.0,2.0,1.0,0.041667,0.8403137522332818,3.430288499226378,6.5697115007736215,6.0477,-0.5220115007736217,10.0,0.035013353114304153
13,79,Tomato,23.83,82.6,0.941,0.551,4.82,25.0,2.0,1.0,0.041667,0.9221031179126311,3.4687097698404434,6.531290230159557,5.6913,-0.8399902301595565,10.0,0.038421270614065604
13,80,Tomato,25.88,77.51,0.941,0.551,4.82,25.0,2.0,1.0,0.041667,1.0628956743585531,3.5129974439039415,6.4870025560960585,5.626,-0.8610025560960581,10.0,0.04428767406349784
13,81,Tomato,25.17,80.66,0.941,0.551,4.82,25.0,2.0,1.0,0.041667,1.011853201026929,3.5551583312311306,6.44484166876887,5.9039,-0.5409416687688697,10.0,0.042160887327189055
13,82,Tomato,25.45,82.56,0.941,0.551,4.82,25.0,2.0,1.0,0.041667,1.0316831793013588,3.59814547426308,6.40185452573692,5.5941,-0.8077545257369199,10.0,0.04298714303194972
13,83,Tomato,27.48,82.38,0.941,0.551,4.82,25.0,2.0,1.0,0.041667,1.1875596660734102,3.647627522869361,6.352372477130639,5.7021,-0.6502724771306392,10.0,0.04948204860628079
13,84,Tomato,26.85,82.71,0.941,0.551,4.82,25.0,2.0,1.0,0.041667,1.136816973236014,3.694995275693186,6.305004724306814,5.4665,-0.838504724306814,10.0,0.047367752823825
13,85,Tomato,27.75,78.5,0.941,0.551,4.82,25.0,2.0,1.0,0.041667,1.2099940892192926,3.745412099408686,6.254587900591314,5.269,-0.9855879005913142,10.0,0.05041682371550027
13,86,Tomato,28.49,79.18,0.941,0.551,4.82,25.0,2.0,1.0,0.041667,1.2736774753264992,3.798482418773115,6.201517581226884,5.3216,-0.8799175812268842,10.0,0.05307031936442925
13,87,Tomato,28.03,78.47,0.941,0.551,4.82,25.0,2.0,1.0,0.041667,1.2337071698094968,3.8498872954175676,6.150112704582432,5.2923,-0.8578127045824324,10.0,0.051404876644452306
13,88,Tomato,26.41,70.05,0.941,0.551,4.82,25.0,2.0,1.0,0.041667,1.102669163068913,3.89583221143516,6.10416778856484,5.4574,-0.6467677885648406,10.0,0.045944916017592395
13,89,Tomato,26.65,75.25,0.941,0.551,4.82,25.0,2.0,1.0,0.041667,1.1211660780285087,3.942547838408374,6.057452161591626,5.1332,-0.9242521615916255,10.0,0.046715626973213874
13,90,Tomato,28.49,72.16,0.941,0.551,4.82,25.0,2.0,1.0,0.041667,1.2736774753264992,3.995618157772803,6.004381842227197,5.1909,-0.8134818422271968,10.0,0.05307031936442925
13,91,Tomato,26.9,64.11,0.941,0.551,4.82,25.0,2.0,1.0,0.041667,1.1407637158684236,4.043150359521893,5.956849640478107,5.4127,-0.544149640478107,10.0,0.04753220174908961
13,92,Tomato,25.38,59.9,0.941,0.551,4.82,25.0,2.0,1.0,0.041667,1.026689545719999,4.085929432823408,5.914070567176592,5.3382,-0.575870567176592,10.0,0.042779073301515196
13,93,Tomato,25.31,62.35,0.941,0.551,4.82,25.0,2.0,1.0,0.041667,1.0217200827143014,4.128501443509865,5.871498556490135,5.1447,-0.7267985564901345,10.0,0.042572010686456795
13,94,Tomato,22.7,60.21,0.941,0.551,4.82,25.0,2.0,1.0,0.041667,0.8526348917679567,4.16402818154516,5.83597181845484,5.1916,-0.6443718184548395,10.0,0.035526738035295456
13,95,Tomato,24.7,65.71,0.941,0.551,4.82,25.0,2.0,1.0,0.041667,0.9794202975869268,4.204837687084715,5.795162312915285,5.1054,-0.6897623129152848,10.0,0.04080950553955448
14,0,Tomato,27.38,77.37,0.896,0.709,9.16,25.0,2.0,1.0,0.041667,1.179356592261216,0.04914025112974809,9.950859748870252,9.9544,0.0035402511297473183,10.0,0.04914025112974809
14,1,Tomato,27.16,77.82,0.896,0.709,9.16,25.0,2.0,1.0,0.041667,1.161508731925722,0.09753683546289715,9.902463164537103,9.9991,0.09663683546289725,10.0,0.04839658433314906
14,2,Tomato,27.05,74.84,0.896,0.709,9.16,25.0,2.0,1.0,0.041667,1.1526863467988644,0.14556581747496544,9.854434182525035,9.8458,-0.008634182525034007,10.0,0.04802898201206829
14,3,Tomato,26.05,67.09,0.896,0.709,9.16,25.0,2.0,1.0,0.041667,1.0754943904573782,0.19037844224215303,9.809621557757847,9.696,-0.11362155775784721,10.0,0.04481262476718758
14,4,Tomato,24.81,67.66,0.896,0.709,9.16,25.0,2.0,1.0,0.041667,0.9869165458858418,0.23150029395957838,9.768499706040421,9.5637,-0.2047997060404203,10.0,0.04112185171742537
14,5,Tomato,24.81,69.95,0.896,0.709,9.16,25.0,2.0,1.0,0.041667,0.9869165458858418,0.27262214567700377,9.727377854322997,9.7402,0.012822145677002794,10.0,0.04112185171742537
14,6,Tomato,25.46,67.7,0.896,0.709,9.16,25.0,2.0,1.0,0.041667,1.032398535483242,0.31563909545498403,9.684360904545017,9.5446,-0.13976090454501566,10.0,0.04301694977798024
14,7,Tomato,25.59,62.45,0.896,0.709,9.16,25.0,2.0,1.0,0.041667,1.0417434290082213,0.35904541891146957,9.64095458108853,9.4124,-0.228554581088531,10.0,0.043406323456485554
14,8,Tomato,25.38,59.47,0.896,0.709,9.16,25.0,2.0,1.0,0.041667,1.026689545719999,0.4018244922129848,9.598175507787015,9.5412,-0.056975507787015545,10.0,0.042779073301515196
14,9,Tomato,23.56,57.07,0.896,0.709,9.16,25.0,2.0,1.0,0.041667,0.9050064628829053,0.4395333965019268,9.560466603498073,9.3029,-0.2575666034980735,10.0,0.03770890428894202
14,10,Tomato,23.22,59.26,0.896,0.709,9.16,25.0,2.0,1.0,0.041667,0.8839275310636712,0.47636400493875675,9.523635995061243,9.3839,-0.13973599506124224,10.0,0.03683060843682999
14,11,Tomato,22.31,66.72,0.896,0.709,9.16,25.0,2.0,1.0,0.041667,0.8298945855899824,0.5109432226365346,9.489056777363466,9.1476,-0.34145677736346514,10.0,0.034579217697777796
14,12,Tomato,23.09,66.68,0.896,0.709,9.16,25.0,2.0,1.0,0.041667,0.8759983150671258,0.5474434444304365,9.452556555569563,9.2315,-0.22105655556956272,10.0,0.03650022179390193
14,13,Tomato,19.94,65.13,0.896,0.709,9.16,25.0,2.0,1.0,0.041667,0.7041721134560405,0.5767841838818093,9.42321581611819,9.2869,-0.13631581611819144,10.0,0.02934073945137284
14,14,Tomato,23.34,76.82,0.896,0.709,9.16,25.0,2.0,1.0,0.041667,0.8913104958969712,0.6139224183143485,9.386077581685651,9.0921,-0.2939775816856507,10.0,0.0371382344325391
14,15,Tomato,21.21,75.65,0.896,0.709,9.16,25.0,2.0,1.0,0.041667,0.7689704156351345,0.6459631086226176,9.354036891377383,9.0986,-0.2554368913773839,10.0,0.03204069030826915
14,16,Tomato,21.65,70.81,0.896,0.709,9.16,25.0,2.0,1.0,0.041667,0.7927841366102844,0.6789960452427583,9.321003954757241,9.0199,-0.3011039547572416,10.0,0.03303293662014072
14,17,Tomato,23.85,79.73,0.896,0.709,9.16,25.0,2.0,1.0,0.041667,0.9233823107293949,0.71747061598392,9.28252938401608,8.8782,-0.40432938401608,10.0,0.0384745707411617
14,18,Tomato,24.47,81.38,0.896,0.709,9.16,25.0,2.0,1.0,0.041667,0.9639298077406431,0.7576346792830494,9.242365320716951,8.7869,-0.4554653207169519,10.0,0.04016406329912938
14,19,Tomato,27.26,90.72,0.896,0.709,9.16,25.0,2.0,1.0,0.041667,1.1695876640519476,0.8063678884811019,9.193632111518898,8.6724,-0.5212321115188985,10.0,0.048733209198052505
14,20,Tomato,26.89,85.49,0.896,0.709,9.16,25.0,2.0,1.0,0.041667,1.139973272693461,0.8538671548344203,9.14613284516558,8.7379,-0.4082328451655801,10.0,0.04749926635331844
14,21,Tomato,26.8,81.65,0.896,0.709,9.16,25.0,2.0,1.0,0.041667,1.1328838852957988,0.9010710276830404,9.09892897231696,8.6152,-0.48372897231696044,10.0,0.04720387284862005
14,22,Tomato,31.27,79.53,0.896,0.709,9.16,25.0,2.0,1.0,0.041667,1.54435026618357,0.9654194702241112,9.034580529775889,8.6107,-0.4238805297758894,10.0,0.06434844254107082
14,23,Tomato,27.97,83.12,0.896,0.709,9.16,25.0,2.0,1.0,0.041667,1.2285869804456497,1.01661100393834,8.98338899606166,8.6013,-0.38208899606165936,10.0,0.05119153371422889
14,24,Tomato,29.76,79.71,0.896,0.709,9.16,25.0,2.0,1.0,0.041667,1.3908819717099883,1.0745648830535801,8.92543511694642,8.3611,-0.5643351169464204,10.0,0.05795387911524009
14,25,Tomato,28.02,77.85,0.896,0.709,9.16,25.0,2.0,1.0,0.041667,1.2328523254638066,1.1259341408986807,8.87406585910132,8.4238,-0.4502658591013198,10.0,0.051369257845100436
14,26,Tomato,26.88,75.43,0.896,0.709,9.16,25.0,2.0,1.0,0.041667,1.1391833772221147,1.1734004946773944,8.826599505322605,8.4018,-0.42479950532260524,10.0,0.04746635377871386
14,27,Tomato,26.3,66.77,0.896,0.709,9.16,25.0,2.0,1.0,0.041667,1.0942937012607397,1.2189964303278258,8.781003569672174,8.3851,-0.3959035696721749,10.0,0.04559593565043124
14,28,Tomato,26.0,67.07,0.896,0.709,9.16,25.0,2.0,1.0,0.041667,1.0717734625362931,1.2636540151913254,8.736345984808676,8.2043,-0.5320459848086756,10.0,0.04465758486349973
14,29,Tomato,24.75,69.68,0.896,0.709,9.16,25.0,2.0,1.0,0.041667,0.9828205985452511,1.3046052010709104,8.69539479892909,8.1411,-0.5542947989290905,10.0,0.040951185879584975
14,30,Tomato,25.85,61.85,0.896,0.709,9.16,25.0,2.0,1.0,0.041667,1.060687741368217,1.3488008771905,8.6511991228095,8.1114,-0.5397991228094998,10.0,0.0441956761195895
14,31,Tomato,25.51,62.77,0.896,0.709,9.16,25.0,2.0,1.0,0.041667,1.0359827635600187,1.3919671709997552,8.608032829000244,8.1959,-0.41213282900024417,10.0,0.0431662938092553
14,32,Tomato,23.59,62.53,0.896,0.709,9.16,25.0,2.0,1.0,0.041667,0.906890328933143,1.4297545703354124,8.570245429664588,7.8513,-0.7189454296645881,10.0,0.03778739933565727
14,33,Tomato,22.67,59.86,0.896,0.709,9.16,25.0,2.0,1.0,0.041667,0.8508637295065407,1.4652075093527615,8.534792490647238,7.9153,-0.6194924906472377,10.0,0.035452939017349035
14,34,Tomato,21.35,62.76,0.896,0.709,9.16,25.0,2.0,1.0,0.041667,0.7764688750010398,1.4975606379674298,8.50243936203257,7.9726,-0.5298393620325701,10.0,0.032353128614668325
14,35,Tomato,22.98,62.89,0.896,0.709,9.16,25.0,2.0,1.0,0.041667,0.8693445600900217,1.533783617752701,8.4662163822473,8.0182,-0.44801638224729956,10.0,0.036222979785270934
14,36,Tomato,22.13,64.22,0.896,0.709,9.16,25.0,2.0,1.0,0.041667,0.8196046076375171,1.5679340829391333,8.432065917060866,7.6954,-0.7366659170608658,10.0,0.03415046518643242
14,37,Tomato,21.25,69.9,0.896,0.709,9.16,25.0,2.0,1.0,0.041667,0.7711054127039704,1.6000637321702695,8.39993626782973,7.748,-0.65193626782973,10.0,0.032129649231136335
14,38,Tomato,22.52,74.63,0.896,0.709,9.16,25.0,2.0,1.0,0.041667,0.842062953608416,1.6351499692582714,8.364850030741728,7.8384,-0.5264500307417279,10.0,0.03508623708800187
14,39,Tomato,23.14,79.7,0.896,0.709,9.16,25.0,2.0,1.0,0.041667,0.879039560911787,1.6717769106427829,8.328223089357216,7.5793,-0.7489230893572163,10.0,0.03662694138451143
14,40,Tomato,23.31,74.47,0.896,0.709,9.16,25.0,2.0,1.0,0.041667,0.8894589935378976,1.7088379985265265,8.291162001473474,7.5864,-0.7047620014734735,10.0,0.03706108788374358
14,41,Tomato,23.38,76.6,0.896,0.709,9.16,25.0,2.0,1.0,0.041667,0.8937851623567868,1.7460793448864467,8.253920655113554,7.486,-0.7679206551135538,10.0,0.03724134635992024
14,42,Tomato,24.74,80.93,0.896,0.709,9.16,25.0,2.0,1.0,0.041667,0.9821395952633913,1.7870021554022864,8.212997844597714,7.2412,-0.971797844597714,10.0,0.04092281051583973
14,43,Tomato,24.56,83.22,0.896,0.709,9.16,25.0,2.0,1.0,0.041667,0.9699619103417347,1.8274175583204955,8.172582441679504,7.3385,-0.8340824416795041,10.0,0.04041540291820906
14,44,Tomato,27.51,82.78,0.896,0.709,9.16,25.0,2.0,1.0,0.041667,1.1900316963066757,1.8770026090105056,8.122997390989495,7.1692,-0.9537973909894948,10.0,0.04958505069001026
14,45,Tomato,26.5,79.68,0.896,0.709,9.16,25.0,2.0,1.0,0.041667,1.109569472067845,1.9232350402031566,8.076764959796844,7.1535,-0.9232649597968434,10.0,0.04623243119265091
14,46,Tomato,27.6,81.32,0.896,0.709,9.16,25.0,2.0,1.0,0.041667,1.1974787046189288,1.9731303853885136,8.026869614611487,7.0577,-0.969169614611487,10.0,0.04989534518535691
14,47,Tomato,26.98,85.21,0.896,0.709,9.16,25.0,2.0,1.0,0.041667,1.1471070242261654,2.020926893766945,7.979073106233055,7.0907,-0.8883731062330549,10.0,0.047796508378431635
14,48,Tomato,28.18,76.38,0.896,0.709,9.16,25.0,2.0,1.0,0.041667,1.2466011942750974,2.0728690257288056,7.927130974271194,6.9374,-0.9897309742711942,10.0,0.05194213196186049
14,49,Tomato,28.19,77.88,0.896,0.709,9.16,25.0,2.0,1.0,0.041667,1.247465571914046,2.124847173713748,7.875152826286252,6.8403,-1.0348528262862517,10.0,0.05197814798494255
14,50,Tomato,29.89,71.29,0.896,0.709,9.16,25.0,2.0,1.0,0.041667,1.4034717260390754,2.1833256301226185,7.816674369877381,6.971,-0.845674369877381,10.0,0.05847845640887016
14,51,Tomato,26.26,68.98,0.896,0.709,9.16,25.0,2.0,1.0,0.041667,1.0912638770549352,2.2287953220878665,7.7712046779121335,6.879,-0.892204677912134,10.0,0.045469691965247985
14,52,Tomato,27.59,66.2,0.896,0.709,9.16,25.0,2.0,1.0,0.041667,1.1966489632307145,2.2786560944388006,7.721343905561199,6.801,-0.9203439055611993,10.0,0.04986077235093418
14,53,Tomato,26.31,65.77,0.896,0.709,9.16,25.0,2.0,1.0,0.041667,1.0950524707935745,2.3242836457393565,7.6757163542606435,6.6903,-0.9854163542606438,10.0,0.045627551300555874
14,54,Tomato,26.48,68.92,0.896,0.709,9.16,25.0,2.0,1.0,0.041667,1.108032347864926,2.3704520295778444,7.629547970422156,6.6784,-0.9511479704221557,10.0,0.04616838383848788
14,55,Tomato,24.15,59.98,0.896,0.709,9.16,25.0,2.0,1.0,0.041667,0.9427845359182394,2.4097350328359495,7.5902649671640505,6.7081,-0.8821649671640506,10.0,0.039283003258105284
14,56,Tomato,24.86,60.46,0.896,0.709,9.16,25.0,2.0,1.0,0.041667,0.9903428719330246,2.450999649280783,7.549000350719217,6.5444,-1.0046003507192163,10.0,0.04126461644483334
14,57,Tomato,23.16,55.61,0.896,0.709,9.16,25.0,2.0,1.0,0.041667,0.880259013563151,2.4876774015989187,7.512322598401081,6.518,-0.9943225984010811,10.0,0.03667775231813581
14,58,Tomato,22.7,61.44,0.896,0.709,9.16,25.0,2.0,1.0,0.041667,0.8526348917679567,2.523204139634214,7.476795860365786,6.6287,-0.8480958603657855,10.0,0.035526738035295456
14,59,Tomato,21.44,62.26,0.896,0.709,9.16,25.0,2.0,1.0,0.041667,0.7813278801723175,2.555759728417354,7.444240271582646,6.3786,-1.0656402715826463,10.0,0.03255558878313995
14,60,Tomato,22.68,73.37,0.896,0.709,9.16,25.0,2.0,1.0,0.041667,0.851453707748945,2.5912372500581293,7.408762749941871,6.1548,-1.2539627499418708,10.0,0.03547752164077529
14,61,Tomato,21.68,68.08,0.896,0.709,9.16,25.0,2.0,1.0,0.041667,0.7944344000961047,2.6243389482069337,7.375661051793067,6.3572,-1.018461051793067,10.0,0.0331016981488044
14,62,Tomato,21.03,64.81,0.896,0.709,9.16,25.0,2.0,1.0,0.041667,0.7594358449072649,2.655982361556685,7.344017638443315,6.334,-1.0100176384433155,10.0,0.03164341334975101
14,63,Tomato,20.87,71.59,0.896,0.709,9.16,25.0,2.0,1.0,0.041667,0.7510599634704647,2.687276777054609,7.312723222945391,6.039,-1.2737232229453914,10.0,0.031294415497923854
14,64,Tomato,25.16,72.47,0.896,0.709,9.16,25.0,2.0,1.0,0.041667,1.0111520808513041,2.72940845080744,7.2705915491925595,6.0885,-1.1820915491925597,10.0,0.04213167375283129
14,65,Tomato,24.77,77.44,0.896,0.709,9.16,25.0,2.0,1.0,0.041667,0.9841840220338002,2.770416446453522,7.229583553546478,5.8881,-1.3414835535464782,10.0,0.04100799564608235
14,66,Tomato,25.59,80.73,0.896,0.709,9.16,25.0,2.0,1.0,0.041667,1.0417434290082213,2.813822769910008,7.186177230089992,5.9173,-1.2688772300899922,10.0,0.043406323456485554
14,67,Tomato,25.96,72.87,0.896,0.709,9.16,25.0,2.0,1.0,0.041667,1.0688059912110082,2.858356709145797,7.141643290854203,5.8716,-1.2700432908542032,10.0,0.04453393923578908
14,68,Tomato,25.66,80.69,0.896,0.709,9.16,25.0,2.0,1.0,0.041667,1.0468102819745757,2.9019741531648315,7.098025846835169,5.5934,-1.504625846835169,10.0,0.04361744401903465
14,69,Tomato,27.72,80.32,0.896,0.709,9.16,25.0,2.0,1.0,0.041667,1.2074805914864961,2.9522862469702993,7.047713753029701,5.5603,-1.487413753029701,10.0,0.050312093805467833
14,70,Tomato,27.44,84.37,0.896,0.709,9.16,25.0,2.0,1.0,0.041667,1.1842716118536327,3.0016312922214046,6.998368707778596,5.5616,-1.4367687077785956,10.0,0.04934504525110532
14,71,Tomato,29.83,86.75,0.896,0.709,9.16,25.0,2.0,1.0,0.041667,1.397646971851066,3.059867048597523,6.940132951402477,5.0496,-1.8905329514024771,10.0,0.05823575637611837
14,72,Tomato,27.54,74.62,0.896,0.709,9.16,25.0,2.0,1.0,0.041667,1.1925088723306316,3.1095553157809235,6.8904446842190765,5.5157,-1.3747446842190767,10.0,0.04968826718340043
14,73,Tomato,26.9,74.96,0.896,0.709,9.16,25.0,2.0,1.0,0.041667,1.1407637158684236,3.1570875175300133,6.842912482469987,5.2126,-1.6303124824699866,10.0,0.04753220174908961
14,74,Tomato,27.7,79.51,0.896,0.709,9.16,25.0,2.0,1.0,0.041667,1.2058078276907602,3.2073299122864043,6.792670087713596,5.1919,-1.6007700877135953,10.0,0.05024239475639091
14,75,Tomato,27.75,69.9,0.896,0.709,9.16,25.0,2.0,1.0,0.041667,1.2099940892192926,3.2577467360019043,6.742253263998096,5.4847,-1.257553263998096,10.0,0.05041682371550027
14,76,Tomato,26.65,71.62,0.896,0.709,9.16,25.0,2.0,1.0,0.041667,1.1211660780285087,3.3044623629751184,6.695537637024882,5.2304,-1.4651376370248812,10.0,0.046715626973213874
14,77,Tomato,26.5,71.68,0.896,0.709,9.16,25.0,2.0,1.0,0.041667,1.109569472067845,3.350694794167769,6.649305205832231,5.1404,-1.5089052058322316,10.0,0.04623243119265091
14,78,Tomato,24.88,65.92,0.896,0.709,9.16,25.0,2.0,1.0,0.041667,0.9917167307382931,3.3920166551874416,6.607983344812558,5.1215,-1.4864833448125578,10.0,0.04132186101967246
14,79,Tomato,25.54,63.08,0.896,0.709,9.16,25.0,2.0,1.0,0.041667,1.0381392705430572,3.435272804173159,6.5647271958268405,5.127,-1.4377271958268407,10.0,0.043256148985717564
14,80,Tomato,23.53,55.56,0.896,0.709,9.16,25.0,2.0,1.0,0.041667,0.9031265101518224,3.4729033764716553,6.527096623528345,5.0767,-1.450396623528345,10.0,0.037630572298495986
14,81,Tomato,22.9,62.82,0.896,0.709,9.16,25.0,2.0,1.0,0.041667,0.8645372313078651,3.50892604928856,6.49107395071144,5.1154,-1.3756739507114402,10.0,0.03602267281690482
14,82,Tomato,22.1,62.98,0.896,0.709,9.16,25.0,2.0,1.0,0.041667,0.8179020585577812,3.543005574362487,6.456994425637513,5.1306,-1.3263944256375124,10.0,0.03407952507392707
14,83,Tomato,22.68,61.41,0.896,0.709,9.16,25.0,2.0,1.0,0.041667,0.851453707748945,3.5784830960032625,6.4215169039967375,4.97,-1.4515169039967377,10.0,0.03547752164077529
14,84,Tomato,21.67,73.66,0.896,0.709,9.16,25.0,2.0,1.0,0.041667,0.7938839309316525,3.6115618577533914,6.388438142246608,4.7205,-1.6679381422466077,10.0,0.03307876175012917
14,85,Tomato,22.4,64.02,0.896,0.709,9.16,25.0,2.0,1.0,0.041667,0.8350879194283692,3.6463574660922133,6.353642533907786,4.9039,-1.449742533907786,10.0,0.034795608338821865
14,86,Tomato,22.95,72.83,0.896,0.709,9.16,25.0,2.0,1.0,0.041667,0.8675386871520679,3.6825052005697785,6.3174947994302215,4.7633,-1.5541947994302214,10.0,0.03614773447756522
14,87,Tomato,21.68,77.08,0.896,0.709,9.16,25.0,2.0,1.0,0.041667,0.7944344000961047,3.715606898718583,6.284393101281417,4.5586,-1.7257931012814165,10.0,0.0331016981488044
14,88,Tomato,24.44,74.6,0.896,0.709,9.16,25.0,2.0,1.0,0.041667,0.9619274546647748,3.7556875299721,6.2443124700279,4.5082,-1.7361124700278996,10.0,0.04008063125351717
14,89,Tomato,23.01,76.58,0.896,0.709,9.16,25.0,2.0,1.0,0.041667,0.8711541921422563,3.7919859116960914,6.2080140883039086,4.431,-1.7770140883039085,10.0,0.0362983817239914
14,90,Tomato,25.37,79.28,0.896,0.709,9.16,25.0,2.0,1.0,0.041667,1.0259781453371406,3.8347353430778544,6.165264656922146,4.3175,-1.8477646569221458,10.0,0.04274943138176264
14,91,Tomato,25.62,75.16,0.896,0.709,9.16,25.0,2.0,1.0,0.041667,1.043911927421719,3.878232021357735,6.121767978642265,4.4577,-1.6640679786422652,10.0,0.04349667827988077
14,92,Tomato,32.41,78.58,0.896,0.709,9.16,25.0,2.0,1.0,0.041667,1.6713339178437068,3.9478714917125286,6.052128508287471,4.1281,-1.9240285082874715,10.0,0.06963947035479373
14,93,Tomato,27.35,81.52,0.896,0.709,9.16,25.0,2.0,1.0,0.041667,1.1769067372187674,3.996909664732223,6.0030903352677765,4.2134,-1.7896903352677764,10.0,0.04903817301969438
14,94,Tomato,28.22,81.13,0.896,0.709,9.16,25.0,2.0,1.0,0.041667,1.250062302585209,4.048996010694041,5.951003989305959,4.0,-1.951003989305959,10.0,0.0520863459618179
14,95,Tomato,28.94,83.86,0.896,0.709,9.16,25.0,2.0,1.0,0.041667,1.314031627149371,4.103747766502474,5.896252233497526,3.7925,-2.103752233497526,10.0,0.05475175580843285
15,0,Tomato,27.91,81.09,0.898,0.607,10.35,25.0,2.0,1.0,0.041667,1.2234880411318663,0.050979076209841476,9.949020923790158,9.8888,-0.06022092379015831,10.0,0.050979076209841476
15,1,Tomato,27.56,81.16,0.898,0.607,10.35,25.0,2.0,1.0,0.041667,1.1941631870745892,0.1007362737256784,9.899263726274322,9.7855,-0.11376372627432119,10.0,0.04975719751583691
15,2,Tomato,27.7,82.94,0.898,0.607,10.35,25.0,2.0,1.0,0.041667,1.2058078276907602,0.1509786684820693,9.84902133151793,9.838,-0.011021331517930832,10.0,0.05024239475639091
15,3,Tomato,26.93,76.04,0.898,0.607,10.35,25.0,2.0,1.0,0.041667,1.143138335414036,0.19860981350376594,9.801390186496235,9.6203,-0.18109018649623465,10.0,0.047631145021696644
15,4,Tomato,28.62,75.93,0.898,0.607,10.35,25.0,2.0,1.0,0.041667,1.285206337469373,0.2521605059671023,9.747839494032897,9.6301,-0.11773949403289663,10.0,0.053550692463336366
15,5,Tomato,29.66,68.82,0.898,0.607,10.35,25.0,2.0,1.0,0.041667,1.3812744481438568,0.3097140683979124,9.690285931602087,9.6628,-0.027485931602086566,10.0,0.057553562430810085
15,6,Tomato,28.33,72.72,0.898,0.607,10.35,25.0,2.0,1.0,0.041667,1.2596299799473991,0.36219907077238067,9.63780092922762,9.4028,-0.2350009292276205,10.0,0.052485002374468286
15,7,Tomato,26.53,61.41,0.898,0.607,10.35,25.0,2.0,1.0,0.041667,1.111879157517107,0.40852773962864597,9.591472260371354,9.4451,-0.1463722603713542,10.0,0.0463286688562653
15,8,Tomato,25.89,67.22,0.898,0.607,10.35,25.0,2.0,1.0,0.041667,1.0636326728931846,0.4528461222100863,9.547153877789913,9.4134,-0.1337538777899141,10.0,0.04431838258144033
15,9,Tomato,25.14,67.45,0.898,0.607,10.35,25.0,2.0,1.0,0.041667,1.0097512975966858,0.4949194295270474,9.505080570472952,9.4162,-0.08888057047295206,10.0,0.04207330731696111
15,10,Tomato,24.58,62.05,0.898,0.607,10.35,25.0,2.0,1.0,0.041667,0.9713074955416332,0.5353908989437807,9.464609101056219,9.1858,-0.27880910105621837,10.0,0.040471469416733234
15,11,Tomato,23.3,61.73,0.898,0.607,10.35,25.0,2.0,1.0,0.041667,0.8888426811665703,0.5724263069399481,9.427573693060053,9.2383,-0.18927369306005204,10.0,0.03703540799616749
15,12,Tomato,21.82,62.06,0.898,0.607,10.35,25.0,2.0,1.0,0.041667,0.8021811663524864,0.6058507895983571,9.394149210401643,9.3169,-0.0772492104016429,10.0,0.033424482658409055
15,13,Tomato,21.13,60.71,0.898,0.607,10.35,25.0,2.0,1.0,0.041667,0.7647181389413839,0.6377143002936279,9.362285699706373,9.1535,-0.2087856997063735,10.0,0.031863510695270644
15,14,Tomato,21.04,61.34,0.898,0.607,10.35,25.0,2.0,1.0,0.041667,0.7599624282007579,0.6693796547894688,9.330620345210532,9.1208,-0.20982034521053272,10.0,0.03166535449584098
15,15,Tomato,21.69,67.31,0.898,0.607,10.35,25.0,2.0,1.0,0.041667,0.7949852509489742,0.7025043052407597,9.29749569475924,9.0346,-0.2628956947592407,10.0,0.03312465045129091
15,16,Tomato,22.32,67.58,0.898,0.607,10.35,25.0,2.0,1.0,0.041667,0.8304700240908942,0.737107499734555,9.262892500265444,8.9385,-0.32439250026544464,10.0,0.03460319449379529
15,17,Tomato,20.64,71.54,0.898,0.607,10.35,25.0,2.0,1.0,0.041667,0.739181215636921,0.7679069634464986,9.2320930365535,8.826,-0.40609303655350004,10.0,0.030799463711943587
15,18,Tomato,24.01,72.46,0.898,0.607,10.35,25.0,2.0,1.0,0.041667,0.9336799449153133,0.8068106057112849,9.193189394288716,8.9135,-0.27968939428871487,10.0,0.03890364226478636
15,19,Tomato,24.42,76.1,0.898,0.607,10.35,25.0,2.0,1.0,0.041667,0.9605948639534768,0.8468357119076345,9.153164288092366,8.7541,-0.39906428809236694,10.0,0.04002510619634952
15,20,Tomato,24.4,73.72,0.898,0.607,10.35,25.0,2.0,1.0,0.041667,0.9592641193252643,0.8868053699675603,9.11319463003244,8.6171,-0.4960946300324398,10.0,0.03996965805992579
15,21,Tomato,24.14,71.99,0.898,0.607,10.35,25.0,2.0,1.0,0.041667,0.9421312739048088,0.926061153757352,9.073938846242648,8.7126,-0.36133884624264745,10.0,0.03925578378979167
15,22,Tomato,25.19,82.73,0.898,0.607,10.35,25.0,2.0,1.0,0.041667,1.0132569001590856,0.9682805290162806,9.03171947098372,8.5424,-0.48931947098371964,10.0,0.042219375258928625
15,23,Tomato,24.53,81.51,0.898,0.607,10.35,25.0,2.0,1.0,0.041667,0.9679470268937375,1.008611977785862,8.991388022214139,8.5991,-0.3922880222141387,10.0,0.04033144876958136
15,24,Tomato,29.38,79.63,0.898,0.607,10.35,25.0,2.0,1.0,0.041667,1.3547249774853676,1.0650593034227447,8.934940696577256,8.4372,-0.49774069657725484,10.0,0.05644732563688282
15,25,Tomato,27.47,83.5,0.898,0.607,10.35,25.0,2.0,1.0,0.041667,1.186736797656532,1.1145070655706995,8.885492934429301,8.235,-0.6504929344293018,10.0,0.04944776214795472
15,26,Tomato,26.87,75.5,0.898,0.607,10.35,25.0,2.0,1.0,0.041667,1.1383940290748777,1.1619405295801624,8.838059470419838,8.2825,-0.555559470419837,10.0,0.04743346400946293
15,27,Tomato,28.54,73.16,0.898,0.607,10.35,25.0,2.0,1.0,0.041667,1.2780993632030513,1.215195095746744,8.784804904253257,8.3578,-0.4270049042532573,10.0,0.05325456616658154
15,28,Tomato,27.83,72.34,0.898,0.607,10.35,25.0,2.0,1.0,0.041667,1.2167223586340676,1.2658922662639496,8.73410773373605,8.3069,-0.4272077337360489,10.0,0.0506971705172057
15,29,Tomato,27.6,72.42,0.898,0.607,10.35,25.0,2.0,1.0,0.041667,1.1974787046189288,1.3157876114493066,8.684212388550694,8.0093,-0.6749123885506947,10.0,0.04989534518535691
15,30,Tomato,28.21,65.36,0.898,0.607,10.35,25.0,2.0,1.0,0.041667,1.2491961256533768,1.3678378664169057,8.632162133583094,8.1991,-0.4330621335830944,10.0,0.052050254967599255
15,31,Tomato,27.3,69.47,0.898,0.607,10.35,25.0,2.0,1.0,0.041667,1.1728349492318788,1.4167063802465505,8.58329361975345,8.0364,-0.5468936197534493,10.0,0.048868513829644696
15,32,Tomato,26.74,63.37,0.898,0.607,10.35,25.0,2.0,1.0,0.041667,1.1281821374565113,1.4637143453679509,8.53628565463205,7.9987,-0.537585654632049,10.0,0.04700796512140046
15,33,Tomato,24.01,64.52,0.898,0.607,10.35,25.0,2.0,1.0,0.041667,0.9336799449153133,1.5026179876327372,8.497382012367263,7.9028,-0.5945820123672627,10.0,0.03890364226478636
15,34,Tomato,24.69,65.69,0.898,0.607,10.35,25.0,2.0,1.0,0.041667,0.9787416503974359,1.5433992159798473,8.456600784020154,7.9631,-0.49350078402015374,10.0,0.04078122834710996
15,35,Tomato,24.19,67.65,0.898,0.607,10.35,25.0,2.0,1.0,0.041667,0.9454021167507438,1.5827912859785005,8.4172087140215,7.9392,-0.4780087140215006,10.0,0.039392069998653245
15,36,Tomato,22.01,64.46,0.898,0.607,10.35,25.0,2.0,1.0,0.041667,0.8128156019843201,1.6166588736663812,8.383341126333619,7.8248,-0.5585411263336191,10.0,0.03386758768788067
15,37,Tomato,23.52,61.93,0.898,0.607,10.35,25.0,2.0,1.0,0.041667,0.9025007274624299,1.6542633714775583,8.345736628522442,7.8592,-0.4865366285224413,10.0,0.03760449781117707
15,38,Tomato,22.64,76.4,0.898,0.607,10.35,25.0,2.0,1.0,0.041667,0.8490962464468398,1.6896426647782588,8.310357335221742,7.5624,-0.7479573352217415,10.0,0.03537929330070048
15,39,Tomato,23.19,61.05,0.898,0.607,10.35,25.0,2.0,1.0,0.041667,0.8820913651971766,1.7263967656919295,8.273603234308071,7.702,-0.5716032343080713,10.0,0.036754100913670755
15,40,Tomato,24.33,59.92,0.898,0.607,10.35,25.0,2.0,1.0,0.041667,0.9546210141397168,1.766172959488089,8.233827040511912,7.6267,-0.6071270405119122,10.0,0.039776193796159584
15,41,Tomato,23.07,65.32,0.898,0.607,10.35,25.0,2.0,1.0,0.041667,0.8747847649058218,1.80262261628742,8.19737738371258,7.5851,-0.6122773837125797,10.0,0.036449656799330876
15,42,Tomato,22.69,74.89,0.898,0.607,10.35,25.0,2.0,1.0,0.041667,0.852044095074866,1.8381247375969043,8.161875262403095,7.4485,-0.7133752624030949,10.0,0.03550212130948444
15,43,Tomato,23.05,75.89,0.898,0.607,10.35,25.0,2.0,1.0,0.041667,0.8735728959166943,1.8745238994510653,8.125476100548935,7.4194,-0.7060761005489349,10.0,0.0363991618541609
15,44,Tomato,23.03,76.42,0.898,0.607,10.35,25.0,2.0,1.0,0.041667,0.8723627057707586,1.9108726363124156,8.089127363687584,7.2086,-0.8805273636875848,10.0,0.0363487368613502
15,45,Tomato,21.78,92.66,0.898,0.607,10.35,25.0,2.0,1.0,0.041667,0.7999601283327527,1.9442045749796564,8.055795425020344,6.4916,-1.564195425020344,10.0,0.03333193866724081
15,46,Tomato,24.75,83.03,0.898,0.607,10.35,25.0,2.0,1.0,0.041667,0.9828205985452511,1.9851557608592414,8.014844239140759,7.1251,-0.8897442391407591,10.0,0.040951185879584975
15,47,Tomato,26.59,79.65,0.898,0.607,10.35,25.0,2.0,1.0,0.041667,1.1165129619825724,2.031677506446169,7.968322493553831,7.0769,-0.8914224935538311,10.0,0.04652174558692785
15,48,Tomato,27.9,85.59,0.898,0.607,10.35,25.0,2.0,1.0,0.041667,1.2226402776920684,2.0826212588967645,7.917378741103235,6.8986,-1.018778741103235,10.0,0.05094375245059542
15,49,Tomato,27.26,85.71,0.898,0.607,10.35,25.0,2.0,1.0,0.041667,1.1695876640519476,2.131354468094817,7.868645531905183,6.9022,-0.9664455319051832,10.0,0.048733209198052505
15,50,Tomato,27.63,76.14,0.898,0.607,10.35,25.0,2.0,1.0,0.041667,1.1999713823732154,2.181353675684162,7.8186463243158375,6.9342,-0.8844463243158378,10.0,0.04999920758934477
15,51,Tomato,29.91,76.8,0.898,0.607,10.35,25.0,2.0,1.0,0.041667,1.4054187002067196,2.2399132566656754,7.760086743334325,6.8463,-0.9137867433343247,10.0,0.058559580981513384
15,52,Tomato,29.0,72.51,0.898,0.607,10.35,25.0,2.0,1.0,0.041667,1.3195079107728942,2.2948931927838494,7.705106807216151,6.7291,-0.9760068072161507,10.0,0.054979936118174186
15,53,Tomato,27.47,74.19,0.898,0.607,10.35,25.0,2.0,1.0,0.041667,1.186736797656532,2.344340954931804,7.655659045068196,6.8493,-0.8063590450681959,10.0,0.04944776214795472
15,54,Tomato,27.41,72.4,0.898,0.607,10.35,25.0,2.0,1.0,0.041667,1.1818115469343653,2.3935834966579184,7.606416503342082,6.7763,-0.8301165033420821,10.0,0.049242541726114204
15,55,Tomato,26.55,64.78,0.898,0.607,10.35,25.0,2.0,1.0,0.041667,1.1134216182286865,2.439976435224653,7.5600235647753475,6.5473,-1.0127235647753476,10.0,0.04639293856673468
15,56,Tomato,27.25,67.24,0.898,0.607,10.35,25.0,2.0,1.0,0.041667,1.1687772485612455,2.488675876840454,7.511324123159546,6.4887,-1.022624123159546,10.0,0.04869944161580142
15,57,Tomato,24.14,64.33,0.898,0.607,10.35,25.0,2.0,1.0,0.041667,0.9421312739048088,2.527931660630246,7.472068339369754,6.5709,-0.9011683393697538,10.0,0.03925578378979167
15,58,Tomato,22.98,65.73,0.898,0.607,10.35,25.0,2.0,1.0,0.041667,0.8693445600900217,2.564154640415517,7.435845359584484,6.3795,-1.0563453595844834,10.0,0.036222979785270934
15,59,Tomato,23.06,62.72,0.898,0.607,10.35,25.0,2.0,1.0,0.041667,0.8741786204103731,2.600579040992156,7.399420959007844,6.5268,-0.8726209590078442,10.0,0.03642440057663902
15,60,Tomato,23.96,65.45,0.898,0.607,10.35,25.0,2.0,1.0,0.041667,0.9304496577030154,2.6393480868796675,7.360651913120332,6.4,-0.9606519131203317,10.0,0.038769045887511545
15,61,Tomato,23.25,62.7,0.898,0.607,10.35,25.0,2.0,1.0,0.041667,0.8857675191023606,2.6762553620981056,7.3237446379018944,6.2506,-1.073144637901894,10.0,0.03690727521843806
15,62,Tomato,25.71,56.84,0.898,0.607,10.35,25.0,2.0,1.0,0.041667,1.0504445440107533,2.7200242349134016,7.279975765086599,6.3219,-0.9580757650865985,10.0,0.04376887281529606
15,63,Tomato,26.36,65.37,0.898,0.607,10.35,25.0,2.0,1.0,0.041667,1.0988542175768796,2.7658101935971775,7.2341898064028225,6.1933,-1.0408898064028227,10.0,0.04578595868377584
15,64,Tomato,22.44,71.47,0.898,0.607,10.35,25.0,2.0,1.0,0.041667,0.8374064875084266,2.800702409712191,7.199297590287809,6.0511,-1.1481975902878094,10.0,0.03489221611501361
15,65,Tomato,21.63,69.49,0.898,0.607,10.35,25.0,2.0,1.0,0.041667,0.7916858658712717,2.8336895846854495,7.16631041531455,6.0653,-1.1010104153145504,10.0,0.03298717497325828
15,66,Tomato,22.37,71.96,0.898,0.607,10.35,25.0,2.0,1.0,0.041667,0.8333532071592185,2.868412912768153,7.131587087231847,5.9998,-1.1317870872318476,10.0,0.034723328082703155
15,67,Tomato,21.83,73.91,0.898,0.607,10.35,25.0,2.0,1.0,0.041667,0.8027373887159533,2.9018605715437804,7.09813942845622,5.827,-1.2711394284562196,10.0,0.03344765877562763
15,68,Tomato,23.65,81.29,0.898,0.607,10.35,25.0,2.0,1.0,0.041667,0.9106698335919784,2.939805451500057,7.060194548499943,5.7783,-1.2818945484999436,10.0,0.03794487995627697
15,69,Tomato,25.3,83.1,0.898,0.607,10.35,25.0,2.0,1.0,0.041667,1.0210121257071934,2.982347963741899,7.0176520362581005,5.6922,-1.3254520362581008,10.0,0.04254251224184163
15,70,Tomato,25.41,77.37,0.898,0.607,10.35,25.0,2.0,1.0,0.041667,1.0288267078935756,3.0252160861797006,6.9747839138203,5.8252,-1.1495839138203001,10.0,0.042868122437801616
15,71,Tomato,26.44,81.64,0.898,0.607,10.35,25.0,2.0,1.0,0.041667,1.1049644847999118,3.0712566413678584,6.928743358632142,5.5321,-1.3966433586321418,10.0,0.04604055518815793
15,72,Tomato,25.47,79.77,0.898,0.607,10.35,25.0,2.0,1.0,0.041667,1.0331143876841324,3.1143034185594933,6.885696581440507,5.4685,-1.417196581440507,10.0,0.04304677719163475
15,73,Tomato,27.53,81.01,0.898,0.607,10.35,25.0,2.0,1.0,0.041667,1.1916825745740462,3.1639572563942697,6.836042743605731,5.5563,-1.2797427436057305,10.0,0.04965383783477679
15,74,Tomato,28.96,82.83,0.898,0.607,10.35,25.0,2.0,1.0,0.041667,1.3158545250290083,3.2187849668886535,6.781215033111346,5.3789,-1.4023150331113463,10.0,0.054827710494383695
15,75,Tomato,26.57,78.45,0.898,0.607,10.35,25.0,2.0,1.0,0.041667,1.1149662187276974,3.265242264324381,6.734757735675619,5.3488,-1.3859577356756194,10.0,0.04645729743572697
15,76,Tomato,26.96,76.01,0.898,0.607,10.35,25.0,2.0,1.0,0.041667,1.1455178979797571,3.3129725585795033,6.687027441420497,5.3396,-1.3474274414204972,10.0,0.04773029425512254
15,77,Tomato,27.08,68.12,0.898,0.607,10.35,25.0,2.0,1.0,0.041667,1.155085784553584,3.361101517964497,6.638898482035502,5.4474,-1.1914984820355023,10.0,0.04812895938499419
15,78,Tomato,27.48,72.41,0.898,0.607,10.35,25.0,2.0,1.0,0.041667,1.1875596660734102,3.410583566570778,6.589416433429221,5.1659,-1.4235164334292216,10.0,0.04948204860628079
15,79,Tomato,25.74,71.8,0.898,0.607,10.35,25.0,2.0,1.0,0.041667,1.0526311547094385,3.4544435488940564,6.545556451105943,5.1947,-1.350856451105943,10.0,0.043859982323278174
15,80,Tomato,26.78,59.37,0.898,0.607,10.35,25.0,2.0,1.0,0.041667,1.1313144628459004,3.5015820286174564,6.498417971382544,5.1355,-1.3629179713825437,10.0,0.047138479723400135
15,81,Tomato,30.72,56.98,0.898,0.607,10.35,25.0,2.0,1.0,0.041667,1.4865829844310148,3.5635234818297437,6.436476518170256,5.2559,-1.1805765181702563,10.0,0.0619414532122871
15,82,Tomato,25.8,62.94,0.898,0.607,10.35,25.0,2.0,1.0,0.041667,1.0570180405613805,3.6075662525258148,6.392433747474185,5.0832,-1.3092337474741855,10.0,0.04404277069607104
15,83,Tomato,22.0,63.49,0.898,0.607,10.35,25.0,2.0,1.0,0.041667,0.8122523963562356,3.6414103731247898,6.35858962687521,5.1453,-1.21328962687521,10.0,0.03384412059897527
15,84,Tomato,23.03,65.17,0.898,0.607,10.35,25.0,2.0,1.0,0.041667,0.8723627057707586,3.67775910998614,6.32224089001386,5.0541,-1.2681408900138598,10.0,0.0363487368613502
15,85,Tomato,22.86,55.23,0.898,0.607,10.35,25.0,2.0,1.0,0.041667,0.8621435450175959,3.7136820450763883,6.286317954923612,4.8937,-1.3926179549236117,10.0,0.03592293509024817
15,86,Tomato,21.99,64.74,0.898,0.607,10.35,25.0,2.0,1.0,0.041667,0.8116895809772785,3.7475027148469686,6.252497285153032,4.8529,-1.3995972851530318,10.0,0.033820669770580264
15,87,Tomato,23.53,63.14,0.898,0.607,10.35,25.0,2.0,1.0,0.041667,0.9031265101518224,3.7851332871454644,6.214866712854535,4.9052,-1.3096667128545354,10.0,0.037630572298495986
15,88,Tomato,22.5,68.91,0.898,0.607,10.35,25.0,2.0,1.0,0.041667,0.8408964152537145,3.820170918079841,6.179829081920159,4.7952,-1.384629081920159,10.0,0.03503763093437653
15,89,Tomato,24.91,67.46,0.898,0.607,10.35,25.0,2.0,1.0,0.041667,0.9937810933225548,3.861578794895312,6.138421205104688,4.5676,-1.5708212051046884,10.0,0.041407876815470895
15,90,Tomato,22.33,68.62,0.898,0.607,10.35,25.0,2.0,1.0,0.041667,0.8310458615936477,3.8962059828103346,6.103794017189665,4.5692,-1.534594017189665,10.0,0.03462718791502252
15,91,Tomato,22.39,77.24,0.898,0.607,10.35,25.0,2.0,1.0,0.041667,0.834509281155409,3.9309774810282367,6.069022518971764,4.4948,-1.574222518971764,10.0,0.03477149821790243
15,92,Tomato,23.25,77.38,0.898,0.607,10.35,25.0,2.0,1.0,0.041667,0.8857675191023606,3.967884756246675,6.032115243753325,4.2455,-1.7866152437533254,10.0,0.03690727521843806
15,93,Tomato,25.02,81.32,0.898,0.607,10.35,25.0,2.0,1.0,0.041667,1.0013872557113346,4.009609559030399,5.990390440969601,4.2875,-1.7028904409696013,10.0,0.04172480278372418
15,94,Tomato,25.31,86.31,0.898,0.607,10.35,25.0,2.0,1.0,0.041667,1.0217200827143014,4.052181569716856,5.947818430283144,4.0316,-1.916218430283144,10.0,0.042572010686456795
15,95,Tomato,28.16,82.74,0.898,0.607,10.35,25.0,2.0,1.0,0.041667,1.2448742353821702,4.104051744482525,5.895948255517475,4.0245,-1.8714482555174756,10.0,0.05187017476566889
16,0,Tomato,28.78,78.38,0.921,0.513,25.37,25.0,2.0,1.0,0.041667,1.29953906245544,0.054147894115330816,9.945852105884669,10.0,0.054147894115331496,10.0,0.054147894115330816
16,1,Tomato,32.72,77.1,0.921,0.513,25.37,25.0,2.0,1.0,0.041667,1.7076354287824898,0.12529993952641083,9.87470006047359,9.8065,-0.06820006047358973,10.0,0.07115204541108
16,2,Tomato,28.61,83.94,0.921,0.513,25.37,25.0,2.0,1.0,0.041667,1.2843158089894255,0.1788135263395732,9.821186473660427,9.8176,-0.0035864736604267478,10.0,0.0535135868131624
16,3,Tomato,26.58,76.63,0.921,0.513,25.37,25.0,2.0,1.0,0.041667,1.115739322324964,0.2253030366828875,9.774696963317112,9.6015,-0.1731969633171122,10.0,0.046489510343314285
16,4,Tomato,26.25,71.11,0.921,0.513,25.37,25.0,2.0,1.0,0.041667,1.0905077326652577,0.27074122237985077,9.72925877762015,9.413,-0.3162587776201491,10.0,0.04543818569696329
16,5,Tomato,27.28,66.05,0.921,0.513,25.37,25.0,2.0,1.0,0.041667,1.17121018121881,0.31954203700069495,9.680457962999306,9.4875,-0.192957962999305,10.0,0.04880081462084416
16,6,Tomato,24.66,59.68,0.921,0.513,25.37,25.0,2.0,1.0,0.041667,0.9767085289622274,0.3602385512769641,9.639761448723036,9.389,-0.2507614487230363,10.0,0.04069651427626913
16,7,Tomato,22.33,61.07,0.921,0.513,25.37,25.0,2.0,1.0,0.041667,0.8310458615936477,0.3948657391919866,9.605134260808013,9.3583,-0.24683426080801318,10.0,0.03462718791502252
16,8,Tomato,26.23,57.57,0.921,0.513,25.37,25.0,2.0,1.0,0.041667,1.0889970153361064,0.44024097782999616,9.559759022170004,9.4557,-0.10405902217000396,10.0,0.045375238638009546
16,9,Tomato,23.33,64.48,0.921,0.513,25.37,25.0,2.0,1.0,0.041667,0.8906929006066808,0.4773534789195747,9.522646521080425,9.1987,-0.32394652108042443,10.0,0.03711250108957857
16,10,Tomato,22.4,59.73,0.921,0.513,25.37,25.0,2.0,1.0,0.041667,0.8350879194283692,0.5121490872583966,9.487850912741603,9.1118,-0.3760509127416025,10.0,0.034795608338821865
16,11,Tomato,21.72,71.8,0.921,0.513,25.37,25.0,2.0,1.0,0.041667,0.7966400962855826,0.545342690150328,9.454657309849672,9.1093,-0.34535730984967294,10.0,0.03319360289193137
16,12,Tomato,22.35,63.06,0.921,0.513,25.37,25.0,2.0,1.0,0.041667,0.8321987347115246,0.580017914829553,9.419982085170448,9.0051,-0.4148820851704471,10.0,0.0346752246792251
16,13,Tomato,21.87,68.05,0.921,0.513,25.37,25.0,2.0,1.0,0.041667,0.8049661376211218,0.6135584388858123,9.386441561114188,8.8744,-0.512041561114188,10.0,0.033540524056259284
16,14,Tomato,24.6,72.83,0.921,0.513,25.37,25.0,2.0,1.0,0.041667,0.9726549474122856,0.65408605257964,9.34591394742036,9.0946,-0.2513139474203605,10.0,0.04052761369382771
16,15,Tomato,21.98,72.58,0.921,0.513,25.37,25.0,2.0,1.0,0.041667,0.8111271555770427,0.6878832877710687,9.312116712228931,8.903,-0.409116712228931,10.0,0.03379723519142864
16,16,Tomato,23.53,71.4,0.921,0.513,25.37,25.0,2.0,1.0,0.041667,0.9031265101518224,0.7255138600695646,9.274486139930435,8.7729,-0.5015861399304349,10.0,0.037630572298495986
16,17,Tomato,23.96,81.65,0.921,0.513,25.37,25.0,2.0,1.0,0.041667,0.9304496577030154,0.7642829059570763,9.235717094042924,8.55,-0.6857170940429231,10.0,0.038769045887511545
16,18,Tomato,26.74,81.18,0.921,0.513,25.37,25.0,2.0,1.0,0.041667,1.1281821374565113,0.8112908710784766,9.188709128921523,8.6596,-0.5291091289215242,10.0,0.04700796512140046
16,19,Tomato,25.05,84.5,0.921,0.513,25.37,25.0,2.0,1.0,0.041667,1.0034717485095028,0.8531025284236221,9.146897471576377,8.4345,-0.7123974715763772,10.0,0.041811657345145456
16,20,Tomato,25.28,80.62,0.921,0.513,25.37,25.0,2.0,1.0,0.041667,1.0195976829981905,0.8955861050811077,9.104413894918892,8.4672,-0.6372138949188919,10.0,0.04248357665748561
16,21,Tomato,26.46,75.18,0.921,0.513,25.37,25.0,2.0,1.0,0.041667,1.1064973530922722,0.9416905302924035,9.058309469707597,8.297,-0.7613094697075962,10.0,0.04610442521129571
16,22,Tomato,26.94,80.32,0.921,0.513,25.37,25.0,2.0,1.0,0.041667,1.1439309732038077,0.9893547021528865,9.010645297847114,8.1451,-0.865545297847115,10.0,0.04766417186048306
16,23,Tomato,29.52,79.48,0.921,0.513,25.37,25.0,2.0,1.0,0.041667,1.3679353039024909,1.0463524624605915,8.953647537539409,8.1227,-0.8309475375394086,10.0,0.05699776030770509
16,24,Tomato,26.88,78.76,0.921,0.513,25.37,25.0,2.0,1.0,0.041667,1.1391833772221147,1.0938188162393054,8.906181183760694,8.0413,-0.8648811837606942,10.0,0.04746635377871386
16,25,Tomato,26.89,73.85,0.921,0.513,25.37,25.0,2.0,1.0,0.041667,1.139973272693461,1.141318082592624,8.858681917407376,8.0429,-0.8157819174073762,10.0,0.04749926635331844
16,26,Tomato,28.45,72.65,0.921,0.513,25.37,25.0,2.0,1.0,0.041667,1.2701509825387896,1.1942414635820677,8.805758536417933,7.935,-0.8707585364179335,10.0,0.05292338098944375
16,27,Tomato,27.38,68.29,0.921,0.513,25.37,25.0,2.0,1.0,0.041667,1.179356592261216,1.2433817147118158,8.756618285288184,7.8505,-0.9061182852881835,10.0,0.04914025112974809
16,28,Tomato,24.6,71.44,0.921,0.513,25.37,25.0,2.0,1.0,0.041667,0.9726549474122856,1.2839093284056435,8.716090671594356,7.7621,-0.9539906715943562,10.0,0.04052761369382771
16,29,Tomato,26.83,63.98,0.921,0.513,25.37,25.0,2.0,1.0,0.041667,1.1352421021460644,1.3312114610757635,8.668788538924236,7.8408,-0.8279885389242363,10.0,0.04730213267012007
16,30,Tomato,24.02,71.27,0.921,0.513,25.37,25.0,2.0,1.0,0.041667,0.9343273468831803,1.370142078638345,8.629857921361655,7.6882,-0.9416579213616547,10.0,0.038930617562581475
16,31,Tomato,23.66,60.99,0.921,0.513,25.37,25.0,2.0,1.0,0.041667,0.9113012806371416,1.4081132690986529,8.591886730901347,7.7749,-0.8169867309013474,10.0,0.03797119046030778
16,32,Tomato,23.52,58.62,0.921,0.513,25.37,25.0,2.0,1.0,0.041667,0.9025007274624299,1.4457177669098298,8.55428223309017,7.5067,-1.0475822330901696,10.0,0.03760449781117707
16,33,Tomato,23.65,61.37,0.921,0.513,25.37,25.0,2.0,1.0,0.041667,0.9106698335919784,1.4836626468661067,8.516337353133894,7.5926,-0.9237373531338937,10.0,0.03794487995627697
16,34,Tomato,22.02,59.21,0.921,0.513,25.37,25.0,2.0,1.0,0.041667,0.8133791981321259,1.517553717914678,8.482446282085322,7.5398,-0.9426462820853221,10.0,0.033891071048571295
16,35,Tomato,22.97,67.62,0.921,0.513,25.37,25.0,2.0,1.0,0.041667,0.8687421851506232,1.5537515985433492,8.44624840145665,7.2006,-1.2456484014566502,10.0,0.03619788062867102
16,36,Tomato,21.67,68.7,0.921,0.513,25.37,25.0,2.0,1.0,0.041667,0.7938839309316525,1.5868303602934783,8.413169639706522,7.1604,-1.2527696397065222,10.0,0.03307876175012917
16,37,Tomato,21.5,73.74,0.921,0.513,25.37,25.0,2.0,1.0,0.041667,0.7845840978967508,1.6195216259005423,8.380478374099457,7.1232,-1.2572783740994575,10.0,0.03269126560706392
16,38,Tomato,24.8,71.81,0.921,0.513,25.37,25.0,2.0,1.0,0.041667,0.9862327044933592,1.660614983998667,8.339385016001334,7.2057,-1.1336850160013334,10.0,0.0410933580981248
16,39,Tomato,23.09,74.81,0.921,0.513,25.37,25.0,2.0,1.0,0.041667,0.8759983150671258,1.697115205792569,8.302884794207431,7.0336,-1.2692847942074312,10.0,0.03650022179390193
16,40,Tomato,22.98,76.35,0.921,0.513,25.37,25.0,2.0,1.0,0.041667,0.8693445600900217,1.7333381855778398,8.26666181442216,6.8569,-1.4097618144221604,10.0,0.036222979785270934
16,41,Tomato,24.17,79.08,0.921,0.513,25.37,25.0,2.0,1.0,0.041667,0.94409241915025,1.7726756844065734,8.227324315593426,6.7913,-1.4360243155934267,10.0,0.03933749882873347
16,42,Tomato,26.21,80.48,0.921,0.513,25.37,25.0,2.0,1.0,0.041667,1.087488390854883,1.8179880631883238,8.182011936811676,6.8799,-1.3021119368116763,10.0,0.04531237878175041
16,43,Tomato,24.02,83.49,0.921,0.513,25.37,25.0,2.0,1.0,0.041667,0.9343273468831803,1.8569186807509053,8.143081319249095,6.6035,-1.5395813192490948,10.0,0.038930617562581475
16,44,Tomato,26.25,79.97,0.921,0.513,25.37,25.0,2.0,1.0,0.041667,1.0905077326652577,1.9023568664478685,8.09764313355213,6.4959,-1.601743133552131,10.0,0.04543818569696329
16,45,Tomato,32.96,83.54,0.921,0.513,25.37,25.0,2.0,1.0,0.041667,1.7362804552020858,1.974702464174774,8.025297535825226,6.5093,-1.5159975358252264,10.0,0.07234559772690531
16,46,Tomato,26.63,84.26,0.921,0.513,25.37,25.0,2.0,1.0,0.041667,1.1196128886542394,2.02135337440633,7.9786466255936705,6.3043,-1.674346625593671,10.0,0.046650910231556195
16,47,Tomato,27.89,81.76,0.921,0.513,25.37,25.0,2.0,1.0,0.041667,1.2217931016735006,2.07226182757376,7.92773817242624,6.1679,-1.7598381724262397,10.0,0.05090845316742976
16,48,Tomato,27.86,78.99,0.921,0.513,25.37,25.0,2.0,1.0,0.041667,1.2192550940763032,2.1230645295786372,7.876935470421363,6.3092,-1.567735470421363,10.0,0.050802702004877326
16,49,Tomato,29.18,79.09,0.921,0.513,25.37,25.0,2.0,1.0,0.041667,1.3360740783900993,2.1787347282029175,7.821265271797083,6.287,-1.534265271797083,10.0,0.05567019862428027
16,50,Tomato,27.99,73.46,0.921,0.513,25.37,25.0,2.0,1.0,0.041667,1.2302913447511443,2.2299972776646633,7.770002722335336,6.3236,-1.4464027223353364,10.0,0.05126254946174593
16,51,Tomato,24.67,76.02,0.921,0.513,25.37,25.0,2.0,1.0,0.041667,0.9773857664108054,2.2707220103937025,7.729277989606297,5.9141,-1.8151779896062967,10.0,0.04072473272903903
16,52,Tomato,26.6,66.13,0.921,0.513,25.37,25.0,2.0,1.0,0.041667,1.11728713807222,2.3172760135757575,7.682723986424243,6.1992,-1.4835239864242427,10.0,0.046554003182055194
16,53,Tomato,27.25,61.18,0.921,0.513,25.37,25.0,2.0,1.0,0.041667,1.1687772485612455,2.365975455191559,7.634024544808441,5.9594,-1.6746245448084416,10.0,0.04869944161580142
16,54,Tomato,25.94,68.4,0.921,0.513,25.37,25.0,2.0,1.0,0.041667,1.06732533803996,2.41044770005167,7.5895522999483305,5.8698,-1.7197522999483308,10.0,0.04447224486011102
16,55,Tomato,25.0,55.62,0.921,0.513,25.37,25.0,2.0,1.0,0.041667,1.0,2.45211470005167,7.54788529994833,5.7915,-1.75638529994833,10.0,0.041667
16,56,Tomato,23.32,63.32,0.921,0.513,25.37,25.0,2.0,1.0,0.041667,0.8900757332524964,2.489201485629102,7.510798514370898,5.6558,-1.854998514370898,10.0,0.03708678557743177
16,57,Tomato,23.38,62.26,0.921,0.513,25.37,25.0,2.0,1.0,0.041667,0.8937851623567868,2.526442831989022,7.473557168010978,5.7107,-1.762857168010978,10.0,0.03724134635992024
16,58,Tomato,23.41,59.0,0.921,0.513,25.37,25.0,2.0,1.0,0.041667,0.8956456700908493,2.5637617001246973,7.436238299875303,5.6141,-1.822138299875303,10.0,0.03731886813567542
16,59,Tomato,22.71,63.79,0.921,0.513,25.37,25.0,2.0,1.0,0.041667,0.8532260981120675,2.599313071954733,7.400686928045268,5.5814,-1.8192869280452673,10.0,0.03555137183003552
16,60,Tomato,22.89,71.78,0.921,0.513,25.37,25.0,2.0,1.0,0.041667,0.8639381874002773,2.6353107844091403,7.364689215590859,5.3099,-2.0547892155908594,10.0,0.03599771245440735
16,61,Tomato,22.7,73.77,0.921,0.513,25.37,25.0,2.0,1.0,0.041667,0.8526348917679567,2.670837522444436,7.329162477555564,5.1753,-2.153862477555564,10.0,0.035526738035295456
16,62,Tomato,23.19,75.55,0.921,0.513,25.37,25.0,2.0,1.0,0.041667,0.8820913651971766,2.7075916233581063,7.292408376641894,5.3533,-1.9391083766418937,10.0,0.036754100913670755
16,63,Tomato,24.13,75.8,0.921,0.513,25.37,25.0,2.0,1.0,0.041667,0.9414784645412062,2.746820206540145,7.253179793459855,5.1621,-2.0910797934598557,10.0,0.039228583182038444
16,64,Tomato,22.14,78.18,0.921,0.513,25.37,25.0,2.0,1.0,0.041667,0.8201729111967263,2.7809943512309787,7.219005648769022,4.9265,-2.292505648769022,10.0,0.034174144690834
16,65,Tomato,24.03,78.88,0.921,0.513,25.37,25.0,2.0,1.0,0.041667,0.9349751977514554,2.8199519627956886,7.180048037204312,5.0641,-2.115948037204312,10.0,0.03895761156470989
16,66,Tomato,26.8,77.46,0.921,0.513,25.37,25.0,2.0,1.0,0.041667,1.1328838852957988,2.8671558356443088,7.132844164355691,4.9279,-2.204944164355691,10.0,0.04720387284862005
16,67,Tomato,28.22,78.89,0.921,0.513,25.37,25.0,2.0,1.0,0.041667,1.250062302585209,2.9192421816061267,7.080757818393874,4.7157,-2.3650578183938737,10.0,0.0520863459618179
16,68,Tomato,25.37,84.63,0.921,0.513,25.37,25.0,2.0,1.0,0.041667,1.0259781453371406,2.9619916129878896,7.038008387012111,4.5923,-2.445708387012111,10.0,0.04274943138176264
16,69,Tomato,25.38,78.83,0.921,0.513,25.37,25.0,2.0,1.0,0.041667,1.026689545719999,3.0047706862894046,6.995229313710595,4.6894,-2.3058293137105954,10.0,0.042779073301515196
16,70,Tomato,25.91,78.14,0.921,0.513,25.37,25.0,2.0,1.0,0.041667,1.0651082033934176,3.0491505498001983,6.950849450199802,4.5945,-2.3563494501998017,10.0,0.04437986351079353
16,71,Tomato,29.02,76.88,0.921,0.513,25.37,25.0,2.0,1.0,0.041667,1.321338405658265,3.104206757148761,6.895793242851239,4.5928,-2.3029932428512385,10.0,0.05505620734856294
16,72,Tomato,31.92,72.45,0.921,0.513,25.37,25.0,2.0,1.0,0.041667,1.6155215552192164,3.17152069379008,6.828479306209919,4.5038,-2.3246793062099194,10.0,0.06731393664131909
16,73,Tomato,28.46,73.36,0.921,0.513,25.37,25.0,2.0,1.0,0.041667,1.2710316893056666,3.224480771188379,6.775519228811621,4.4079,-2.3676192288116216,10.0,0.052960077398299214
16,74,Tomato,28.13,72.78,0.921,0.513,25.37,25.0,2.0,1.0,0.041667,1.2422882817844394,3.2762431970254915,6.723756802974508,4.2755,-2.448256802974508,10.0,0.05176242583711224
16,75,Tomato,26.57,71.11,0.921,0.513,25.37,25.0,2.0,1.0,0.041667,1.1149662187276974,3.3227004944612184,6.677299505538782,4.3164,-2.3608995055387823,10.0,0.04645729743572697
16,76,Tomato,23.6,68.61,0.921,0.513,25.37,25.0,2.0,1.0,0.041667,0.907519155317161,3.3605140951058186,6.6394859048941814,4.2677,-2.371785904894182,10.0,0.03781360064460015
16,77,Tomato,26.21,58.39,0.921,0.513,25.37,25.0,2.0,1.0,0.041667,1.087488390854883,3.405826473887569,6.5941735261124315,4.2466,-2.3475735261124315,10.0,0.04531237878175041
16,78,Tomato,25.62,65.81,0.921,0.513,25.37,25.0,2.0,1.0,0.041667,1.043911927421719,3.44932315216745,6.55067684783255,4.1044,-2.44627684783255,10.0,0.04349667827988077
16,79,Tomato,22.36,60.14,0.921,0.513,25.37,25.0,2.0,1.0,0.041667,0.8327757708805489,3.48402242021273,6.51597757978727,4.1755,-2.3404775797872697,10.0,0.034699268045279834
16,80,Tomato,23.75,61.84,0.921,0.513,25.37,25.0,2.0,1.0,0.041667,0.9170040432046712,3.5222312276809387,6.477768772319061,3.9541,-2.5236687723190614,10.0,0.03820880746820904
16,81,Tomato,22.78,62.6,0.921,0.513,25.37,25.0,2.0,1.0,0.041667,0.8573760366341717,3.557955514999375,6.4420444850006255,4.0987,-2.3433444850006255,10.0,0.035724287318436035
16,82,Tomato,21.97,62.37,0.921,0.513,25.37,25.0,2.0,1.0,0.041667,0.810565119885309,3.591729331849636,6.408270668150363,3.9924,-2.4158706681503634,10.0,0.03377381685026117
16,83,Tomato,22.43,62.5,0.921,0.513,25.37,25.0,2.0,1.0,0.041667,0.8368262426833915,3.626597370903525,6.373402629096475,3.8499,-2.523502629096475,10.0,0.034868039053888876
16,84,Tomato,22.28,65.51,0.921,0.513,25.37,25.0,2.0,1.0,0.041667,0.8281706613345458,3.661104757849351,6.338895242150649,3.7461,-2.5927952421506486,10.0,0.03450738694582652
16,85,Tomato,22.72,63.01,0.921,0.513,25.37,25.0,2.0,1.0,0.041667,0.8538177143912449,3.6966807805548916,6.303319219445108,3.6495,-2.6538192194451082,10.0,0.03557602270554
16,86,Tomato,22.54,71.62,0.921,0.513,25.37,25.0,2.0,1.0,0.041667,0.8432311102501124,3.731815691225683,6.268184308774317,3.4973,-2.770884308774317,10.0,0.035134910670791435
16,87,Tomato,23.77,73.42,0.921,0.513,25.37,25.0,2.0,1.0,0.041667,0.9182761623009238,3.7700775040802754,6.229922495919725,3.4709,-2.759022495919725,10.0,0.0382618128545926
16,88,Tomato,25.1,72.14,0.921,0.513,25.37,25.0,2.0,1.0,0.041667,1.0069555500567189,3.812034320984489,6.187965679015511,3.4151,-2.772865679015511,10.0,0.04195681690421331
16,89,Tomato,23.46,81.35,0.921,0.513,25.37,25.0,2.0,1.0,0.041667,0.8987551266110299,3.8494827508449907,6.150517249155009,3.0453,-3.105217249155009,10.0,0.037448429860501786
16,90,Tomato,23.85,83.87,0.921,0.513,25.37,25.0,2.0,1.0,0.041667,0.9233823107293949,3.887957321586152,6.112042678413848,2.8054,-3.3066426784138483,10.0,0.0384745707411617
16,91,Tomato,25.41,86.74,0.921,0.513,25.37,25.0,2.0,1.0,0.041667,1.0288267078935756,3.930825444023954,6.069174555976046,2.605,-3.464174555976046,10.0,0.042868122437801616
16,92,Tomato,25.49,76.77,0.921,0.513,25.37,25.0,2.0,1.0,0.041667,1.0345475815189091,3.973931938103102,6.026068061896898,2.9567,-3.0693680618968977,10.0,0.04310649407914839
16,93,Tomato,29.93,77.92,0.921,0.513,25.37,25.0,2.0,1.0,0.041667,1.4073683753253976,4.032572756197785,5.967427243802215,2.8585,-3.108927243802215,10.0,0.05864081809468335
16,94,Tomato,27.74,82.88,0.921,0.513,25.37,25.0,2.0,1.0,0.041667,1.2091556758333615,4.082954645742734,5.917045354257266,2.651,-3.2660453542572663,10.0,0.050381889544948676
16,95,Tomato,28.55,80.61,0.921,0.513,25.37,25.0,2.0,1.0,0.041667,1.278985581277429,4.136246137957821,5.863753862042179,2.6259,-3.237853862042179,10.0,0.05329149221508663
17,0,Mango,25.17,70.35,0.898,0.464,11.21,25.0,2.1,1.0,0.041667,1.0126928134043016,0.042195871456117036,11.957804128543883,8.8904,-3.067404128543883,12.0,0.042195871456117036
17,1,Mango,27.74,79.59,0.898,0.464,11.21,25.0,2.1,1.0,0.041667,1.2254288108975253,0.09325581371978423,11.906744186280216,8.9004,-3.0063441862802165,12.0,0.05105994226366719
17,2,Mango,23.21,92.35,0.898,0.464,11.21,25.0,2.1,1.0,0.041667,0.8756342616959901,0.12974086650187105,11.870259133498129,8.8596,-3.0106591334981285,12.0,0.03648505278208682
17,3,Mango,25.02,80.89,0.898,0.464,11.21,25.0,2.1,1.0,0.041667,1.0014849761762612,0.1714697410042073,11.828530258995793,8.77,-3.058530258995793,12.0,0.041728874502336276
17,4,Mango,25.61,80.83,0.898,0.464,11.21,25.0,2.1,1.0,0.041667,1.0462979561842976,0.21506583794453846,11.784934162055462,8.756,-3.028934162055462,12.0,0.043596096940331126
17,5,Mango,26.85,81.73,0.898,0.464,11.21,25.0,2.1,1.0,0.041667,1.1471245372703958,0.262863076038984,11.737136923961016,8.7203,-3.0168369239610158,12.0,0.04779723809444558
17,6,Mango,27.43,88.82,0.898,0.464,11.21,25.0,2.1,1.0,0.041667,1.1975655343415503,0.3127620391583934,11.687237960841607,8.4768,-3.210437960841606,12.0,0.04989896311940938
17,7,Mango,28.18,81.62,0.898,0.464,11.21,25.0,2.1,1.0,0.041667,1.266093373351067,0.3655163517458123,11.634483648254188,8.5191,-3.1153836482541877,12.0,0.05275431258741892
17,8,Mango,27.03,81.61,0.898,0.464,11.21,25.0,2.1,1.0,0.041667,1.1625469921068143,0.413956197265927,11.586043802734073,8.4176,-3.168443802734073,12.0,0.048439845520114634
17,9,Mango,28.79,77.72,0.898,0.464,11.21,25.0,2.1,1.0,0.041667,1.324710908875704,0.4691529267060509,11.530847073293948,8.294,-3.236847073293948,12.0,0.055196729440123965
17,10,Mango,27.91,81.25,0.898,0.464,11.21,25.0,2.1,1.0,0.041667,1.2409829501345029,0.5208609632893053,11.479139036710695,8.2764,-3.2027390367106943,12.0,0.05170803658325433
17,11,Mango,29.53,73.58,0.898,0.464,11.21,25.0,2.1,1.0,0.041667,1.3994756309832244,0.5791729144054832,11.420827085594517,8.3343,-3.0865270855945166,12.0,0.05831195111617801
17,12,Mango,28.31,71.02,0.898,0.464,11.21,25.0,2.1,1.0,0.041667,1.278364160654963,0.6324385138874936,11.367561486112507,8.2566,-3.1109614861125063,12.0,0.053265599482010345
17,13,Mango,31.14,65.61,0.898,0.464,11.21,25.0,2.1,1.0,0.041667,1.577039775095586,0.6981490301964014,11.3018509698036,8.2056,-3.0962509698035987,12.0,0.06571051630890778
17,14,Mango,25.46,64.25,0.898,0.464,11.21,25.0,2.1,1.0,0.041667,1.0347181987003633,0.7412626333816494,11.25873736661835,8.0282,-3.23053736661835,12.0,0.04311360318524804
17,15,Mango,25.25,61.09,0.898,0.464,11.21,25.0,2.1,1.0,0.041667,1.0187215243441254,0.7837097031364961,11.216290296863503,8.1065,-3.109790296863503,12.0,0.042447069754846675
17,16,Mango,28.92,60.74,0.898,0.464,11.21,25.0,2.1,1.0,0.041667,1.337549808552543,0.8394413910094549,11.160558608990545,7.9103,-3.2502586089905448,12.0,0.05573168787295881
17,17,Mango,24.03,56.31,0.898,0.464,11.21,25.0,2.1,1.0,0.041667,0.9305607454517608,0.8782150655901935,11.121784934409806,7.8209,-3.3008849344098063,12.0,0.03877367458073852
17,18,Mango,24.27,60.78,0.898,0.464,11.21,25.0,2.1,1.0,0.041667,0.9472791785136375,0.9176853471213212,11.08231465287868,7.8461,-3.2362146528786795,12.0,0.039470281531127735
17,19,Mango,23.18,62.26,0.898,0.464,11.21,25.0,2.1,1.0,0.041667,0.8736874318611522,0.9540892813446799,11.04591071865532,7.8323,-3.2136107186553193,12.0,0.03640393422335863
17,20,Mango,22.86,62.74,0.898,0.464,11.21,25.0,2.1,1.0,0.041667,0.8531886530383417,0.9896390929508284,11.010360907049172,7.8436,-3.166760907049172,12.0,0.03554981160614858
17,21,Mango,24.67,67.78,0.898,0.464,11.21,25.0,2.1,1.0,0.041667,0.9758133677946661,1.0302983085467288,10.96970169145327,7.7004,-3.26930169145327,12.0,0.040659215595900355
17,22,Mango,22.3,67.0,0.898,0.464,11.21,25.0,2.1,1.0,0.041667,0.8184662777531502,1.0644013429418693,10.935598657058131,7.6004,-3.3351986570581316,12.0,0.03410303439514051
17,23,Mango,22.25,73.94,0.898,0.464,11.21,25.0,2.1,1.0,0.041667,0.8154356490858508,1.0983781001323294,10.90162189986767,7.6255,-3.276121899867671,12.0,0.033976757190460144
17,24,Mango,21.82,69.03,0.898,0.464,11.21,25.0,2.1,1.0,0.041667,0.7898311617832916,1.1312879951503538,10.868712004849646,7.4693,-3.399412004849647,12.0,0.03290989501802441
17,25,Mango,22.38,79.72,0.898,0.464,11.21,25.0,2.1,1.0,0.041667,0.8233387292381961,1.1655940499815218,10.834405950018478,7.3914,-3.4430059500184784,12.0,0.034306054831167915
17,26,Mango,24.93,75.14,0.898,0.464,11.21,25.0,2.1,1.0,0.041667,0.9948199018095285,1.2070452108302194,10.79295478916978,7.4539,-3.33905478916978,12.0,0.04145116084869763
17,27,Mango,23.56,85.52,0.898,0.464,11.21,25.0,2.1,1.0,0.041667,0.8986703673629671,1.244490109027132,10.755509890972867,7.1741,-3.581409890972867,12.0,0.037444898196912754
17,28,Mango,26.01,82.87,0.898,0.464,11.21,25.0,2.1,1.0,0.041667,1.0778148147865962,1.2893994189148452,10.710600581085155,7.3035,-3.407100581085155,12.0,0.044909309887713106
17,29,Mango,27.72,80.45,0.898,0.464,11.21,25.0,2.1,1.0,0.041667,1.2236117765603405,1.340383650808785,10.659616349191214,7.2071,-3.4525163491912148,12.0,0.05098423189393971
17,30,Mango,26.9,87.9,0.898,0.464,11.21,25.0,2.1,1.0,0.041667,1.151387912941439,1.3883585309773159,10.611641469022684,6.9216,-3.6900414690226846,12.0,0.047974880168530944
17,31,Mango,27.81,83.21,0.898,0.464,11.21,25.0,2.1,1.0,0.041667,1.2318097061272402,1.4396843460025195,10.560315653997481,7.0675,-3.4928156539974813,12.0,0.05132581502520372
17,32,Mango,28.14,82.7,0.898,0.464,11.21,25.0,2.1,1.0,0.041667,1.2623414955988204,1.4922823290996357,10.507717670900364,6.9346,-3.5731176709003645,12.0,0.05259798309711605
17,33,Mango,27.69,79.34,0.898,0.464,11.21,25.0,2.1,1.0,0.041667,1.2208912755280346,1.5431532058770623,10.456846794122939,7.036,-3.420846794122939,12.0,0.05087087677742662
17,34,Mango,28.04,74.33,0.898,0.464,11.21,25.0,2.1,1.0,0.041667,1.2530103709783202,1.595362389004616,10.404637610995383,6.8305,-3.5741376109953835,12.0,0.052209183127553675
17,35,Mango,29.01,74.12,0.898,0.464,11.21,25.0,2.1,1.0,0.041667,1.346511097854251,1.651467466918909,10.348532533081091,6.7816,-3.566932533081091,12.0,0.056105077914293075
17,36,Mango,27.88,73.53,0.898,0.464,11.21,25.0,2.1,1.0,0.041667,1.2382238271335735,1.7030605391240836,10.296939460875917,6.6858,-3.6111394608759166,12.0,0.05159307220517461
17,37,Mango,30.37,70.64,0.898,0.464,11.21,25.0,2.1,1.0,0.041667,1.4894700031848094,1.765122285746785,10.234877714253216,6.7667,-3.4681777142532155,12.0,0.062061746622701454
17,38,Mango,24.11,65.55,0.898,0.464,11.21,25.0,2.1,1.0,0.041667,0.9361005119752502,1.8041267857792578,10.195873214220743,6.7354,-3.460473214220743,12.0,0.03900450003247275
17,39,Mango,25.94,64.52,0.898,0.464,11.21,25.0,2.1,1.0,0.041667,1.072231628214857,1.8488034610320863,10.151196538967914,6.5889,-3.5622965389679146,12.0,0.044676675252828445
17,40,Mango,28.9,70.04,0.898,0.464,11.21,25.0,2.1,1.0,0.041667,1.3355665240824683,1.9044525113910304,10.09554748860897,6.2986,-3.7969474886089696,12.0,0.05564905035894421
17,41,Mango,24.29,56.84,0.898,0.464,11.21,25.0,2.1,1.0,0.041667,0.9486858655259985,1.9439814053499023,10.056018594650098,6.4165,-3.639518594650098,12.0,0.03952889395887178
17,42,Mango,22.71,62.16,0.898,0.464,11.21,25.0,2.1,1.0,0.041667,0.843746105978173,1.9791377743476948,10.020862225652305,6.369,-3.6518622256523052,12.0,0.035156368997792536
17,43,Mango,23.65,64.96,0.898,0.464,11.21,25.0,2.1,1.0,0.041667,0.9046912610129214,2.01683354512032,9.98316645487968,6.4454,-3.5377664548796792,12.0,0.0376957707726254
17,44,Mango,21.59,69.13,0.898,0.464,11.21,25.0,2.1,1.0,0.041667,0.7764673891140895,2.049186611822537,9.950813388177464,6.5741,-3.376713388177464,12.0,0.03235306670221677
17,45,Mango,24.01,69.52,0.898,0.464,11.21,25.0,2.1,1.0,0.041667,0.929180933901481,2.08790279379541,9.91209720620459,6.2367,-3.6753972062045905,12.0,0.038716181972873014
17,46,Mango,22.88,71.52,0.898,0.464,11.21,25.0,2.1,1.0,0.041667,0.8544556178619599,2.123505396024864,9.876494603975136,6.207,-3.669494603975136,12.0,0.035602602229454286
17,47,Mango,22.77,67.55,0.898,0.464,11.21,25.0,2.1,1.0,0.041667,0.8475105191105969,2.1588186168246457,9.841181383175353,6.3002,-3.540981383175353,12.0,0.03531322079978125
17,48,Mango,21.78,71.06,0.898,0.464,11.21,25.0,2.1,1.0,0.041667,0.7874906156385135,2.1916309883064553,9.808369011693545,6.0283,-3.780069011693545,12.0,0.032812371481809946
17,49,Mango,22.32,79.0,0.898,0.464,11.21,25.0,2.1,1.0,0.041667,0.8196816806766867,2.225784664895211,9.774215335104788,5.9283,-3.845915335104788,12.0,0.034153676588755504
17,50,Mango,24.2,76.51,0.898,0.464,11.21,25.0,2.1,1.0,0.041667,0.9423721793551477,2.265050486492402,9.734949513507598,6.0296,-3.7053495135075973,12.0,0.03926582159719094
17,51,Mango,24.96,82.2,0.898,0.464,11.21,25.0,2.1,1.0,0.041667,0.9970366500360741,2.306594012589455,9.693405987410545,5.9575,-3.735905987410545,12.0,0.041543526097053106
17,52,Mango,25.36,74.34,0.898,0.464,11.21,25.0,2.1,1.0,0.041667,1.0270696467888283,2.349388923562205,9.650611076437794,5.9046,-3.746011076437794,12.0,0.04279491097275011
17,53,Mango,26.8,82.9,0.898,0.464,11.21,25.0,2.1,1.0,0.041667,1.1428769480879095,2.397009177358184,9.602990822641816,5.6767,-3.926290822641816,12.0,0.04762025379597893
17,54,Mango,27.41,80.94,0.898,0.464,11.21,25.0,2.1,1.0,0.041667,1.1957898149545272,2.446834151577894,9.553165848422106,5.6369,-3.916265848422106,12.0,0.049824974219710286
17,55,Mango,31.46,74.55,0.898,0.464,11.21,25.0,2.1,1.0,0.041667,1.614929858876396,2.514123434007697,9.485876565992303,5.6377,-3.8481765659923033,12.0,0.0672892824298028
17,56,Mango,29.69,81.84,0.898,0.464,11.21,25.0,2.1,1.0,0.041667,1.4161878015324636,2.57313173113415,9.42686826886585,5.5031,-3.9237682688658495,12.0,0.05900829712645316
17,57,Mango,29.53,78.76,0.898,0.464,11.21,25.0,2.1,1.0,0.041667,1.3994756309832244,2.631443682250328,9.368556317749672,5.4307,-3.937856317749672,12.0,0.05831195111617801
17,58,Mango,25.95,71.59,0.898,0.464,11.21,25.0,2.1,1.0,0.041667,1.0730274520912497,2.6761535170966146,9.323846482903384,5.5718,-3.752046482903385,12.0,0.04470983484628611
17,59,Mango,29.33,80.91,0.898,0.464,11.21,25.0,2.1,1.0,0.041667,1.378862481196117,2.733606580100613,9.266393419899387,5.2283,-4.038093419899387,12.0,0.05745306300399861
17,60,Mango,27.79,71.8,0.898,0.464,11.21,25.0,2.1,1.0,0.041667,1.2299832103626505,2.7848562905267937,9.215143709473207,5.5127,-3.702443709473207,12.0,0.05124971042618056
17,61,Mango,27.69,63.78,0.898,0.464,11.21,25.0,2.1,1.0,0.041667,1.2208912755280346,2.83572716730422,9.16427283269578,5.3837,-3.7805728326957793,12.0,0.05087087677742662
17,62,Mango,25.41,65.67,0.898,0.464,11.21,25.0,2.1,1.0,0.041667,1.0308868293198603,2.8786811288214906,9.12131887117851,5.3728,-3.7485188711785096,12.0,0.04295396151727062
17,63,Mango,24.03,58.16,0.898,0.464,11.21,25.0,2.1,1.0,0.041667,0.9305607454517608,2.9174548034022294,9.08254519659777,5.29,-3.7925451965977706,12.0,0.03877367458073852
17,64,Mango,24.19,59.06,0.898,0.464,11.21,25.0,2.1,1.0,0.041667,0.9416732575528047,2.956691503024682,9.043308496975317,5.127,-3.9163084969753177,12.0,0.039236699622452714
17,65,Mango,23.17,69.5,0.898,0.464,11.21,25.0,2.1,1.0,0.041667,0.873039450938181,2.9930684378269232,9.006931562173076,5.2342,-3.7727315621730755,12.0,0.03637693480224119
17,66,Mango,24.34,62.08,0.898,0.464,11.21,25.0,2.1,1.0,0.041667,0.9522117287667681,3.0327442439294483,8.967255756070552,5.0518,-3.9154557560705516,12.0,0.03967580610252493
17,67,Mango,23.67,63.54,0.898,0.464,11.21,25.0,2.1,1.0,0.041667,0.9060347059823974,3.070495992023617,8.929504007976384,4.899,-4.030504007976384,12.0,0.03775174809416856
17,68,Mango,22.79,66.4,0.898,0.464,11.21,25.0,2.1,1.0,0.041667,0.8487690520406069,3.1058616521149927,8.894138347885008,5.0341,-3.860038347885008,12.0,0.03536566009137597
17,69,Mango,21.7,69.18,0.898,0.464,11.21,25.0,2.1,1.0,0.041667,0.7828303103675857,3.138479842657079,8.861520157342921,4.9174,-3.9441201573429217,12.0,0.032618190542086194
17,70,Mango,21.56,70.73,0.898,0.464,11.21,25.0,2.1,1.0,0.041667,0.774741040631587,3.1707609775970753,8.829239022402925,4.9309,-3.898339022402925,12.0,0.03228113493999634
17,71,Mango,21.58,67.62,0.898,0.464,11.21,25.0,2.1,1.0,0.041667,0.7758915126196967,3.2030900492534,8.796909950746599,4.8189,-3.978009950746599,12.0,0.032329071656324905
17,72,Mango,23.07,76.44,0.898,0.464,11.21,25.0,2.1,1.0,0.041667,0.8665860150464514,3.2391980887423406,8.760801911257659,4.6353,-4.1255019112576585,12.0,0.036108039488940494
17,73,Mango,23.53,73.69,0.898,0.464,11.21,25.0,2.1,1.0,0.041667,0.8966723205077902,3.276559734320939,8.723440265679061,4.6672,-4.056240265679061,12.0,0.0373616455785981
17,74,Mango,21.75,86.49,0.898,0.464,11.21,25.0,2.1,1.0,0.041667,0.7857397588113599,3.309299152851332,8.690700847148669,4.1151,-4.575600847148669,12.0,0.03273941853039294
17,75,Mango,25.7,81.69,0.898,0.464,11.21,25.0,2.1,1.0,0.041667,1.0533079221842176,3.3531873340449816,8.646812665955018,4.4832,-4.163612665955018,12.0,0.0438881811936498
17,76,Mango,24.67,82.19,0.898,0.464,11.21,25.0,2.1,1.0,0.041667,0.9758133677946661,3.393846549640882,8.606153450359118,4.3375,-4.268653450359118,12.0,0.040659215595900355
17,77,Mango,26.53,82.36,0.898,0.464,11.21,25.0,2.1,1.0,0.041667,1.1202102755857186,3.440522351193712,8.559477648806288,4.2263,-4.333177648806288,12.0,0.04667580155283014
17,78,Mango,26.75,79.94,0.898,0.464,11.21,25.0,2.1,1.0,0.041667,1.138645086939544,3.487966276031222,8.512033723968777,4.4043,-4.107733723968777,12.0,0.047443924837509976
17,79,Mango,32.45,82.15,0.898,0.464,11.21,25.0,2.1,1.0,0.041667,1.7380144167353566,3.560384122733334,8.439615877266666,4.0916,-4.348015877266667,12.0,0.07241784670211211
17,80,Mango,28.07,77.47,0.898,0.464,11.21,25.0,2.1,1.0,0.041667,1.2558024427017118,3.6127096431133863,8.387290356886613,4.1229,-4.264390356886613,12.0,0.05232552038005223
17,81,Mango,32.39,77.37,0.898,0.464,11.21,25.0,2.1,1.0,0.041667,1.7302946254794709,3.6848058292732393,8.31519417072676,4.0239,-4.2912941707267604,12.0,0.07209618615985312
17,82,Mango,27.62,79.48,0.898,0.464,11.21,25.0,2.1,1.0,0.041667,1.2145669388409093,3.7354131899139236,8.264586810086076,4.0416,-4.222986810086076,12.0,0.05060736064068417
17,83,Mango,26.58,74.88,0.898,0.464,11.21,25.0,2.1,1.0,0.041667,1.1243736223542822,3.7822624656365593,8.21773753436344,3.9389,-4.27883753436344,12.0,0.04684927572263588
17,84,Mango,26.71,73.03,0.898,0.464,11.21,25.0,2.1,1.0,0.041667,1.1352708830622373,3.8295657975211137,8.170434202478887,3.9802,-4.190234202478887,12.0,0.047303331884554246
17,85,Mango,27.8,70.02,0.898,0.464,11.21,25.0,2.1,1.0,0.041667,1.2308961194586066,3.8808535461305955,8.119146453869405,4.0452,-4.073946453869405,12.0,0.051287748609481765
17,86,Mango,29.02,69.13,0.898,0.464,11.21,25.0,2.1,1.0,0.041667,1.3475104954221853,3.9370002659433516,8.062999734056648,3.9616,-4.101399734056648,12.0,0.05614671981275619
17,87,Mango,24.58,68.95,0.898,0.464,11.21,25.0,2.1,1.0,0.041667,0.9693191428995152,3.977388886670546,8.022611113329454,3.903,-4.119611113329453,12.0,0.040388620727194104
17,88,Mango,24.68,56.71,0.898,0.464,11.21,25.0,2.1,1.0,0.041667,0.9765376288186457,4.018078280050532,7.981921719949468,3.8782,-4.103721719949467,12.0,0.04068939337998651
17,89,Mango,24.03,66.04,0.898,0.464,11.21,25.0,2.1,1.0,0.041667,0.9305607454517608,4.056851954631271,7.943148045368729,3.7312,-4.211948045368729,12.0,0.03877367458073852
17,90,Mango,21.8,61.85,0.898,0.464,11.21,25.0,2.1,1.0,0.041667,0.7886600204417659,4.089713051703018,7.910286948296982,3.8131,-4.097186948296983,12.0,0.03286109707174706
17,91,Mango,22.39,66.07,0.898,0.464,11.21,25.0,2.1,1.0,0.041667,0.8239498216568909,4.124044568921995,7.875955431078005,3.7257,-4.150255431078005,12.0,0.034331517218977675
17,92,Mango,23.72,61.81,0.898,0.464,11.21,25.0,2.1,1.0,0.041667,0.9094020529417762,4.16193662426192,7.83806337573808,3.7304,-4.107663375738079,12.0,0.03789205533992499
17,93,Mango,21.51,77.11,0.898,0.464,11.21,25.0,2.1,1.0,0.041667,0.7718723183991734,4.194098228152659,7.805901771847341,3.4651,-4.340801771847341,12.0,0.03216160389073836
17,94,Mango,20.22,66.55,0.898,0.464,11.21,25.0,2.1,1.0,0.041667,0.7014216669281348,4.223324364748554,7.776675635251446,3.6118,-4.164875635251446,12.0,0.029226136595894594
17,95,Mango,22.04,59.5,0.898,0.464,11.21,25.0,2.1,1.0,0.041667,0.8028290683247528,4.256775843538441,7.743224156461559,3.5878,-4.155424156461558,12.0,0.033451478789887475
18,0,Banana,21.56,67.5,0.888,0.535,26.28,25.0,2.2,1.0,0.041667,0.7624416241178368,0.03176865515211791,7.968231344847882,6.9497,-1.018531344847882,8.0,0.03176865515211791
18,1,Banana,21.51,70.24,0.888,0.535,26.28,25.0,2.2,1.0,0.041667,0.7594417775788336,0.06341231569849518,7.936587684301505,6.9158,-1.0207876843015047,8.0,0.03164366054637726
18,2,Banana,26.31,66.42,0.888,0.535,26.28,25.0,2.2,1.0,0.041667,1.1088106054501956,0.10961312719578847,7.8903868728042115,6.6832,-1.2071868728042112,8.0,0.046200811497293305
18,3,Banana,23.5,82.82,0.888,0.535,26.28,25.0,2.2,1.0,0.041667,0.8884573773075547,0.14663248073606236,7.853367519263938,6.7683,-1.085067519263938,8.0,0.037019353540273886
18,4,Banana,22.59,74.88,0.888,0.535,26.28,25.0,2.2,1.0,0.041667,0.8269440637032968,0.18108875903838761,7.818911240961612,6.57,-1.248911240961612,8.0,0.03445627830232527
18,5,Banana,23.18,80.31,0.888,0.535,26.28,25.0,2.2,1.0,0.041667,0.8663214589497027,0.2171857752684449,7.782814224731555,6.5617,-1.2211142247315552,8.0,0.03609701623005727
18,6,Banana,24.51,80.9,0.888,0.535,26.28,25.0,2.2,1.0,0.041667,0.962102379234938,0.2572736951040271,7.742726304895973,6.4171,-1.325626304895973,8.0,0.040087919835582166
18,7,Banana,26.58,85.31,0.888,0.535,26.28,25.0,2.2,1.0,0.041667,1.1326683977857994,0.304468589234568,7.695531410765432,6.341,-1.354531410765432,8.0,0.047194894130540906
18,8,Banana,26.41,81.95,0.888,0.535,26.28,25.0,2.2,1.0,0.041667,1.1175876604797164,0.3510351142837763,7.648964885716223,6.2025,-1.4464648857162237,8.0,0.04656652504920834
18,9,Banana,25.47,82.13,0.888,0.535,26.28,25.0,2.2,1.0,0.041667,1.0377526856860604,0.3942751554382574,7.605724844561743,6.2821,-1.323624844561743,8.0,0.04324004115448108
18,10,Banana,27.09,81.26,0.888,0.535,26.28,25.0,2.2,1.0,0.041667,1.1791426284375757,0.44340649133736587,7.556593508662634,6.3605,-1.196093508662634,8.0,0.049131335899108466
18,11,Banana,28.29,76.8,0.888,0.535,26.28,25.0,2.2,1.0,0.041667,1.2961553655361007,0.49741339695315856,7.502586603046842,6.2097,-1.292886603046842,8.0,0.05400690561579271
18,12,Banana,27.42,79.92,0.888,0.535,26.28,25.0,2.2,1.0,0.041667,1.210225470139726,0.5478398616174706,7.4521601383825296,6.0859,-1.36626013838253,8.0,0.050426464664311964
18,13,Banana,28.22,72.87,0.888,0.535,26.28,25.0,2.2,1.0,0.041667,1.289021328073883,0.601549513294325,7.398450486705675,5.9099,-1.488550486705675,8.0,0.053709651676854486
18,14,Banana,28.45,71.18,0.888,0.535,26.28,25.0,2.2,1.0,0.041667,1.312610351556441,0.6562420488126273,7.3437579511873725,5.7427,-1.6010579511873724,8.0,0.05469253551830223
18,15,Banana,29.39,74.64,0.888,0.535,26.28,25.0,2.2,1.0,0.041667,1.413590301573262,0.7151421159082804,7.2848578840917195,5.6034,-1.6814578840917198,8.0,0.05890006709565311
18,16,Banana,25.8,70.04,0.888,0.535,26.28,25.0,2.2,1.0,0.041667,1.0651084115136495,0.7595219880908196,7.240478011909181,5.8602,-1.3802780119091809,8.0,0.04437987218253924
18,17,Banana,24.48,63.02,0.888,0.535,26.28,25.0,2.2,1.0,0.041667,0.9598293384813138,0.7995151971373204,7.20048480286268,5.736,-1.46448480286268,8.0,0.0399932090465009
18,18,Banana,25.0,65.43,0.888,0.535,26.28,25.0,2.2,1.0,0.041667,1.0,0.8411821971373205,7.158817802862679,5.6044,-1.5544178028626794,8.0,0.041667
18,19,Banana,23.57,66.1,0.888,0.535,26.28,25.0,2.2,1.0,0.041667,0.8933745094567698,0.8784064328228557,7.121593567177144,5.425,-1.6965935671771444,8.0,0.03722423568553523
18,20,Banana,23.83,69.91,0.888,0.535,26.28,25.0,2.2,1.0,0.041667,0.9118775975183618,0.9164016366786533,7.083598363321347,5.3704,-1.7131983633213466,8.0,0.037995203855797584
18,21,Banana,22.5,59.61,0.888,0.535,26.28,25.0,2.2,1.0,0.041667,0.8210967436686386,0.9506142746970945,7.049385725302906,5.3129,-1.7364857253029058,8.0,0.03421263801844117
18,22,Banana,21.71,61.39,0.888,0.535,26.28,25.0,2.2,1.0,0.041667,0.7715124487305514,0.9827608838983504,7.017239116101649,5.1439,-1.8733391161016488,8.0,0.03214660920125589
18,23,Banana,21.89,62.39,0.888,0.535,26.28,25.0,2.2,1.0,0.041667,0.7825400004618311,1.0153669780975936,6.984633021902407,5.1192,-1.8654330219024065,8.0,0.03260609419924312
18,24,Banana,21.26,63.84,0.888,0.535,26.28,25.0,2.2,1.0,0.041667,0.744618663459616,1.0463930039479654,6.953606996052034,5.1096,-1.844006996052034,8.0,0.031026025850371824
18,25,Banana,21.55,61.82,0.888,0.535,26.28,25.0,2.2,1.0,0.041667,0.761840708336819,1.0781366207422356,6.921863379257765,5.1778,-1.7440633792577644,8.0,0.03174361679427024
18,26,Banana,22.8,70.11,0.888,0.535,26.28,25.0,2.2,1.0,0.041667,0.8407502598604111,1.1131681618198392,6.886831838180161,4.9725,-1.9143318381801606,8.0,0.03503154107760375
18,27,Banana,22.84,76.4,0.888,0.535,26.28,25.0,2.2,1.0,0.041667,0.8434060285022067,1.1483103608094407,6.8516896391905595,4.7803,-2.071389639190559,8.0,0.03514219898960145
18,28,Banana,23.82,78.34,0.888,0.535,26.28,25.0,2.2,1.0,0.041667,0.9111589042815658,1.1862756188741408,6.813724381125859,4.8522,-1.9615243811258596,8.0,0.037965258064700004
18,29,Banana,25.02,75.0,0.888,0.535,26.28,25.0,2.2,1.0,0.041667,1.0015781587045463,1.228008376012883,6.771991623987117,4.6889,-2.0830916239871167,8.0,0.04173275713874233
18,30,Banana,24.56,88.32,0.888,0.535,26.28,25.0,2.2,1.0,0.041667,0.9659027488981872,1.2682546458512238,6.731745354148776,4.3437,-2.388045354148776,8.0,0.040246269838340766
18,31,Banana,27.49,88.43,0.888,0.535,26.28,25.0,2.2,1.0,0.041667,1.2169234150485255,1.3189601937860507,6.681039806213949,4.2979,-2.383139806213949,8.0,0.050705547934826914
18,32,Banana,26.86,80.72,0.888,0.535,26.28,25.0,2.2,1.0,0.041667,1.157952163865574,1.3672085865978376,6.632791413402162,4.3654,-2.267391413402162,8.0,0.04824839281178688
18,33,Banana,26.99,88.39,0.888,0.535,26.28,25.0,2.2,1.0,0.041667,1.1698821470423104,1.4159540660186496,6.584045933981351,4.1227,-2.4613459339813506,8.0,0.04874547942081195
18,34,Banana,27.39,78.31,0.888,0.535,26.28,25.0,2.2,1.0,0.041667,1.2073662195297346,1.4662613942877951,6.533738605712205,4.1832,-2.350538605712205,8.0,0.050307328269145454
18,35,Banana,28.69,76.34,0.888,0.535,26.28,25.0,2.2,1.0,0.041667,1.3376853451152846,1.5219987295627135,6.478001270437287,4.1367,-2.3413012704372864,8.0,0.055737335274918566
18,36,Banana,28.52,69.61,0.888,0.535,26.28,25.0,2.2,1.0,0.041667,1.3198749415343982,1.5769939587516273,6.423006041248373,4.1127,-2.3103060412483725,8.0,0.05499522918891377
18,37,Banana,27.49,78.45,0.888,0.535,26.28,25.0,2.2,1.0,0.041667,1.2169234150485255,1.6276995066864544,6.372300493313546,4.0811,-2.2912004933135455,8.0,0.050705547934826914
18,38,Banana,28.15,69.02,0.888,0.535,26.28,25.0,2.2,1.0,0.041667,1.281926556344667,1.6811135405096675,6.318886459490333,3.962,-2.3568864594903327,8.0,0.05341403382321324
18,39,Banana,29.99,68.96,0.888,0.535,26.28,25.0,2.2,1.0,0.041667,1.4820706870804818,1.74286697982825,6.25713302017175,3.9328,-2.3243330201717503,8.0,0.06175343931858244
18,40,Banana,26.64,66.15,0.888,0.535,26.28,25.0,2.2,1.0,0.041667,1.1380394567322,1.7902856698719105,6.209714330128089,3.7357,-2.4740143301280892,8.0,0.04741869004366058
18,41,Banana,27.2,67.7,0.888,0.535,26.28,25.0,2.2,1.0,0.041667,1.1894138458738377,1.8398449765879357,6.160155023412065,3.7322,-2.4279550234120646,8.0,0.049559306716025195
18,42,Banana,23.56,76.69,0.888,0.535,26.28,25.0,2.2,1.0,0.041667,0.892670399366095,1.877039874118323,6.1229601258816775,3.4512,-2.6717601258816774,8.0,0.037194897530387086
18,43,Banana,23.99,62.22,0.888,0.535,26.28,25.0,2.2,1.0,0.041667,0.9234540902123684,1.9155174356952016,6.084482564304798,3.6484,-2.436082564304798,8.0,0.038477561576878754
18,44,Banana,22.53,60.63,0.888,0.535,26.28,25.0,2.2,1.0,0.041667,0.8230412418061721,1.9498110951175394,6.050188904882461,3.5999,-2.450288904882461,8.0,0.03429365942233777
18,45,Banana,22.02,65.84,0.888,0.535,26.28,25.0,2.2,1.0,0.041667,0.7906022411415046,1.9827531186991825,6.017246881300817,3.5505,-2.4667468813008173,8.0,0.032942023581643075
18,46,Banana,22.85,64.44,0.888,0.535,26.28,25.0,2.2,1.0,0.041667,0.8440712804200768,2.017923036740446,5.982076963259554,3.4087,-2.573376963259554,8.0,0.03516991804126334
18,47,Banana,25.9,63.21,0.888,0.535,26.28,25.0,2.2,1.0,0.041667,1.0735395313949974,2.062654208395081,5.937345791604919,3.3219,-2.615445791604919,8.0,0.04473117165463536
18,48,Banana,22.28,80.07,0.888,0.535,26.28,25.0,2.2,1.0,0.041667,0.806976765749811,2.0962785092935787,5.903721490706421,3.0441,-2.8596214907064215,8.0,0.033624300898497377
18,49,Banana,23.21,69.71,0.888,0.535,26.28,25.0,2.2,1.0,0.041667,0.8683730569817524,2.1324610094588374,5.867538990541163,3.0369,-2.8306389905411624,8.0,0.03618250016525868
18,50,Banana,22.56,66.19,0.888,0.535,26.28,25.0,2.2,1.0,0.041667,0.8249903448493221,2.166835882157674,5.833164117842326,3.1306,-2.7025641178423263,8.0,0.034374872698836705
18,51,Banana,23.92,75.33,0.888,0.535,26.28,25.0,2.2,1.0,0.041667,0.9183714000894229,2.2051016632852,5.7948983367148,2.7789,-3.0159983367147998,8.0,0.03826578112752598
18,52,Banana,24.62,74.93,0.888,0.535,26.28,25.0,2.2,1.0,0.041667,0.970483013175856,2.2455387789951984,5.754461221004801,2.7922,-2.9622612210048014,8.0,0.04043711570999839
18,53,Banana,24.37,81.99,0.888,0.535,26.28,25.0,2.2,1.0,0.041667,0.9515407046542859,2.2851866255360282,5.714813374463972,2.8328,-2.882013374463972,8.0,0.03964784654083013
18,54,Banana,25.61,79.93,0.888,0.535,26.28,25.0,2.2,1.0,0.041667,1.0492712745470552,2.3289066117325805,5.671093388267419,2.5871,-3.083993388267419,8.0,0.04371998619655215
18,55,Banana,26.4,78.64,0.888,0.535,26.28,25.0,2.2,1.0,0.041667,1.1167068375542495,2.3754364355329534,5.624563564467047,2.5805,-3.044063564467047,8.0,0.04652982380037292
18,56,Banana,27.48,88.21,0.888,0.535,26.28,25.0,2.2,1.0,0.041667,1.21596430098489,2.426102020062091,5.573897979937909,2.1994,-3.3744979799379093,8.0,0.050665584529137414
18,57,Banana,26.58,86.4,0.888,0.535,26.28,25.0,2.2,1.0,0.041667,1.1326683977857994,2.4732969141926318,5.526703085807368,2.184,-3.3427030858073676,8.0,0.047194894130540906
18,58,Banana,26.95,79.88,0.888,0.535,26.28,25.0,2.2,1.0,0.041667,1.1661983503705828,2.521888900857523,5.4781110991424775,2.3336,-3.1445110991424774,8.0,0.048591986664891076
18,59,Banana,28.84,77.13,0.888,0.535,26.28,25.0,2.2,1.0,0.041667,1.3535998869880193,2.578289347348653,5.421710652651347,2.3715,-3.050210652651347,8.0,0.0564004464911298
18,60,Banana,28.06,79.09,0.888,0.535,26.28,25.0,2.2,1.0,0.041667,1.2728620558967092,2.631325690631701,5.3686743093682985,2.1162,-3.2524743093682984,8.0,0.05303634328304819
18,61,Banana,28.61,69.83,0.888,0.535,26.28,25.0,2.2,1.0,0.041667,1.3292742373523243,2.68671256027946,5.31328743972054,2.2299,-3.0833874397205396,8.0,0.0553868696477593
18,62,Banana,27.65,79.02,0.888,0.535,26.28,25.0,2.2,1.0,0.041667,1.2323725335067637,2.7380618266330865,5.2619381733669135,2.0377,-3.2242381733669134,8.0,0.05134926635362633
18,63,Banana,26.54,72.12,0.888,0.535,26.28,25.0,2.2,1.0,0.041667,1.1291017820506304,2.78510811058579,5.21489188941421,2.0011,-3.2137918894142095,8.0,0.04704628395270362
18,64,Banana,27.81,68.14,0.888,0.535,26.28,25.0,2.2,1.0,0.041667,1.2480177820239562,2.8371092675093825,5.1628907324906175,1.9338,-3.2290907324906177,8.0,0.05200115692359219
18,65,Banana,31.06,66.93,0.888,0.535,26.28,25.0,2.2,1.0,0.041667,1.6125312677955446,2.9042986078446194,5.09570139215538,1.8392,-3.2565013921553803,8.0,0.06718934033523696
18,66,Banana,24.83,64.26,0.888,0.535,26.28,25.0,2.2,1.0,0.041667,0.9866856554525896,2.9454108390503624,5.054589160949638,1.9894,-3.065189160949638,8.0,0.041112231205743054
18,67,Banana,23.27,63.08,0.888,0.535,26.28,25.0,2.2,1.0,0.041667,0.8724908401613948,2.9817649148873673,5.018235085112632,1.9089,-3.1093350851126322,8.0,0.03635407583700484
18,68,Banana,24.54,61.34,0.888,0.535,26.28,25.0,2.2,1.0,0.041667,0.9643808029395309,3.0219477698034485,4.9780522301965515,1.601,-3.3770522301965515,8.0,0.04018285491608144
18,69,Banana,22.68,68.44,0.888,0.535,26.28,25.0,2.2,1.0,0.041667,0.8328330245699901,3.0566494234382064,4.9433505765617936,1.6792,-3.2641505765617937,8.0,0.03470165363475778
18,70,Banana,23.22,62.15,0.888,0.535,26.28,25.0,2.2,1.0,0.041667,0.8690580020995974,3.0928604632116903,4.90713953678831,1.5783,-3.3288395367883097,8.0,0.03621103977348392
18,71,Banana,20.24,60.61,0.888,0.535,26.28,25.0,2.2,1.0,0.041667,0.6870792041419002,3.121488992410671,4.87851100758933,1.524,-3.3545110075893296,8.0,0.028628529198980554
18,72,Banana,21.38,64.16,0.888,0.535,26.28,25.0,2.2,1.0,0.041667,0.7516972986557795,3.152809963753761,4.847190036246239,1.6095,-3.2376900362462395,8.0,0.031320971343090365
18,73,Banana,21.05,67.15,0.888,0.535,26.28,25.0,2.2,1.0,0.041667,0.7323910712473002,3.1833265025194226,4.816673497480577,1.5194,-3.2972734974805773,8.0,0.03051653876566126
18,74,Banana,23.62,66.7,0.888,0.535,26.28,25.0,2.2,1.0,0.041667,0.8969033993721649,3.2206977764610625,4.779302223538938,1.2921,-3.487202223538938,8.0,0.03737127394164
18,75,Banana,22.76,80.15,0.888,0.535,26.28,25.0,2.2,1.0,0.041667,0.8381028538658345,3.25561900807309,4.74438099192691,1.1003,-3.64408099192691,8.0,0.03492123161202773
18,76,Banana,24.13,78.15,0.888,0.535,26.28,25.0,2.2,1.0,0.041667,0.9337040159835824,3.294523653307078,4.705476346692922,0.8777,-3.8277763466929224,8.0,0.038904645233987935
18,77,Banana,24.05,75.33,0.888,0.535,26.28,25.0,2.2,1.0,0.041667,0.9278330649966224,3.3331836736262925,4.6668163263737075,0.9133,-3.7535163263737075,8.0,0.03866002031921427
18,78,Banana,29.14,81.3,0.888,0.535,26.28,25.0,2.2,1.0,0.041667,1.385999232742624,3.390934103656979,4.60906589634302,0.6937,-3.9153658963430207,8.0,0.05775043003068692
18,79,Banana,25.21,81.54,0.888,0.535,26.28,25.0,2.2,1.0,0.041667,1.016695441400578,3.4332967526138174,4.566703247386183,0.6827,-3.884003247386183,8.0,0.04236264895683788
18,80,Banana,26.66,76.15,0.888,0.535,26.28,25.0,2.2,1.0,0.041667,1.1398354636069592,3.4807902768759282,4.519209723124072,0.8316,-3.687609723124072,8.0,0.047493524262111175
18,81,Banana,27.29,80.07,0.888,0.535,26.28,25.0,2.2,1.0,0.041667,1.1978840821329704,3.5307025129261627,4.469297487073837,0.4743,-3.9949974870738374,8.0,0.04991223605023448
18,82,Banana,28.23,80.04,0.888,0.535,26.28,25.0,2.2,1.0,0.041667,1.2900380672027216,3.584454529072299,4.415545470927701,0.5642,-3.851345470927701,8.0,0.053752016146135805
18,83,Banana,28.2,78.38,0.888,0.535,26.28,25.0,2.2,1.0,0.041667,1.286990253203124,3.6380795519525133,4.361920448047487,0.4501,-3.9118204480474867,8.0,0.053625022880214576
18,84,Banana,27.87,73.67,0.888,0.535,26.28,25.0,2.2,1.0,0.041667,1.2539358221904433,3.6903272958557225,4.309672704144278,0.4332,-3.876472704144278,8.0,0.0522477439032092
18,85,Banana,32.59,79.11,0.888,0.535,26.28,25.0,2.2,1.0,0.041667,1.8192769401472535,3.766131108120838,4.233868891879162,0.1771,-4.056768891879162,8.0,0.07580381226511562
18,86,Banana,28.76,76.84,0.888,0.535,26.28,25.0,2.2,1.0,0.041667,1.3450887116514862,3.8221769194692206,4.177823080530779,0.0,-4.177823080530779,8.0,0.056045811348382484
18,87,Banana,26.69,64.24,0.888,0.535,26.28,25.0,2.2,1.0,0.041667,1.1425347897864486,3.8697829165552524,4.130217083444748,0.178,-3.952217083444748,8.0,0.047605997086031956
18,88,Banana,26.69,70.67,0.888,0.535,26.28,25.0,2.2,1.0,0.041667,1.1425347897864486,3.9173889136412843,4.082611086358716,0.0,-4.082611086358716,8.0,0.047605997086031956
18,89,Banana,24.29,67.94,0.888,0.535,26.28,25.0,2.2,1.0,0.041667,0.9455576000049629,3.9567874621606913,4.043212537839309,0.0302,-4.013012537839309,8.0,0.039398548519406794
18,90,Banana,24.46,63.62,0.888,0.535,26.28,25.0,2.2,1.0,0.041667,0.9583169622256631,3.996717655025748,4.003282344974252,0.0077,-3.9955823449742525,8.0,0.03993019286505671
18,91,Banana,24.49,62.23,0.888,0.535,26.28,25.0,2.2,1.0,0.041667,0.9605864214125166,4.0367424094467435,3.9632575905532565,0.1158,-3.8474575905532564,8.0,0.04002475442099533
18,92,Banana,28.97,64.75,0.888,0.535,26.28,25.0,2.2,1.0,0.041667,1.3675455614154424,4.0937239303542405,3.9062760696457595,0.0,-3.9062760696457595,8.0,0.05698152090749724
18,93,Banana,23.23,64.72,0.888,0.535,26.28,25.0,2.2,1.0,0.041667,0.8697434874804215,4.129963532247087,3.8700364677529127,0.0,-3.8700364677529127,8.0,0.03623960189284672
18,94,Banana,22.8,62.2,0.888,0.535,26.28,25.0,2.2,1.0,0.041667,0.8407502598604111,4.164995073324691,3.8350049266753086,0.0,-3.8350049266753086,8.0,0.03503154107760375
18,95,Banana,21.99,59.45,0.888,0.535,26.28,25.0,2.2,1.0,0.041667,0.788734382634128,4.1978592688459075,3.8021407311540925,0.0,-3.8021407311540925,8.0,0.032864195521216215
19,0,Tomato,28.16,75.41,0.855,0.732,2.97,25.0,2.0,1.0,0.041667,1.2448742353821702,0.05187017476566889,9.94812982523433,9.8317,-0.11642982523433076,10.0,0.05187017476566889
19,1,Tomato,28.35,79.9,0.855,0.732,2.97,25.0,2.0,1.0,0.041667,1.2613774088312497,0.10442798725944058,9.89557201274056,9.7321,-0.16347201274055934,10.0,0.052557812493771686
19,2,Tomato,28.4,74.04,0.855,0.732,2.97,25.0,2.0,1.0,0.041667,1.2657565939702797,0.15716826726040023,9.842831732739599,9.6186,-0.2242317327395984,10.0,0.05274028000095965
19,3,Tomato,26.68,73.62,0.855,0.732,2.97,25.0,2.0,1.0,0.041667,1.123499903031645,0.20398113772001977,9.79601886227998,9.6411,-0.15491886227998108,10.0,0.04681287045961956
19,4,Tomato,24.72,65.1,0.855,0.732,2.97,25.0,2.0,1.0,0.041667,0.9807790039885512,0.24484725647921074,9.755152743520789,9.8771,0.12194725647921167,10.0,0.04086611875919097
19,5,Tomato,26.04,68.86,0.855,0.732,2.97,25.0,2.0,1.0,0.041667,1.0747491728555012,0.2896288302645809,9.710371169735419,9.5137,-0.19667116973541887,10.0,0.04478157378537017
19,6,Tomato,25.71,64.27,0.855,0.732,2.97,25.0,2.0,1.0,0.041667,1.0504445440107533,0.333397703079877,9.666602296920123,9.6188,-0.047802296920123055,10.0,0.04376887281529606
19,7,Tomato,23.7,67.73,0.855,0.732,2.97,25.0,2.0,1.0,0.041667,0.9138314502294005,0.3714743181165854,9.628525681883415,9.4846,-0.14392568188341492,10.0,0.03807661503670843
19,8,Tomato,24.37,62.81,0.855,0.732,2.97,25.0,2.0,1.0,0.041667,0.9572714581952976,0.4113609479652089,9.588639052034791,9.3249,-0.26373905203479175,10.0,0.03988662984862347
19,9,Tomato,24.26,64.01,0.855,0.732,2.97,25.0,2.0,1.0,0.041667,0.9500003828748861,0.45094461391845675,9.549055386081543,9.3563,-0.19275538608154363,10.0,0.03958366595324788
19,10,Tomato,22.76,62.45,0.855,0.732,2.97,25.0,2.0,1.0,0.041667,0.856188284546457,0.486619411170654,9.513380588829346,9.4155,-0.09788058882934614,10.0,0.03567479725219723
19,11,Tomato,21.91,63.07,0.855,0.732,2.97,25.0,2.0,1.0,0.041667,0.8072010745047649,0.520253058342044,9.479746941657956,9.2951,-0.18464694165795592,10.0,0.03363364717139004
19,12,Tomato,24.14,62.63,0.855,0.732,2.97,25.0,2.0,1.0,0.041667,0.9421312739048088,0.5595088421318357,9.440491157868165,9.1785,-0.26199115786816485,10.0,0.03925578378979167
19,13,Tomato,21.58,64.02,0.855,0.732,2.97,25.0,2.0,1.0,0.041667,0.7889468408524651,0.5923818901496354,9.407618109850365,9.2319,-0.17571810985036507,10.0,0.032873048017799666
19,14,Tomato,21.64,66.09,0.855,0.732,2.97,25.0,2.0,1.0,0.041667,0.7922348109249692,0.6253919380164461,9.374608061983555,9.075,-0.2996080619835553,10.0,0.03301004786681069
19,15,Tomato,22.81,73.66,0.855,0.732,2.97,25.0,2.0,1.0,0.041667,0.8591607549471847,0.6611905891928304,9.338809410807169,8.9773,-0.3615094108071695,10.0,0.035798651176384345
19,16,Tomato,22.99,68.64,0.855,0.732,2.97,25.0,2.0,1.0,0.041667,0.8699473527086506,0.6974386855381417,9.302561314461858,9.1293,-0.17326131446185755,10.0,0.03624809634531135
19,17,Tomato,22.94,78.84,0.855,0.732,2.97,25.0,2.0,1.0,0.041667,0.8669375635146868,0.7335613729971082,9.266438627002891,8.9479,-0.3185386270028907,10.0,0.036122687458966456
19,18,Tomato,24.29,77.02,0.855,0.732,2.97,25.0,2.0,1.0,0.041667,0.9519779084975314,0.7732274365104749,9.226772563489526,9.0976,-0.12917256348952577,10.0,0.03966606351336664
19,19,Tomato,23.59,77.43,0.855,0.732,2.97,25.0,2.0,1.0,0.041667,0.906890328933143,0.8110148358461321,9.188985164153868,8.9752,-0.21378516415386883,10.0,0.03778739933565727
19,20,Tomato,24.68,84.09,0.855,0.732,2.97,25.0,2.0,1.0,0.041667,0.9780634734473393,0.8517678065942624,9.148232193405738,8.6881,-0.4601321934057374,10.0,0.04075297074813029
19,21,Tomato,26.11,87.98,0.855,0.732,2.97,25.0,2.0,1.0,0.041667,1.0799765598328823,0.8967671899128191,9.103232810087182,8.4931,-0.6101328100871815,10.0,0.04499938331855671
19,22,Tomato,26.76,81.93,0.855,0.732,2.97,25.0,2.0,1.0,0.041667,1.1297472145701237,0.9438403671023124,9.056159632897687,8.6422,-0.41395963289768645,10.0,0.047073177189493345
19,23,Tomato,27.92,81.19,0.855,0.732,2.97,25.0,2.0,1.0,0.041667,1.2243363924002046,0.9948547915644518,9.005145208435549,8.5288,-0.4763452084355482,10.0,0.05101442446213933
19,24,Tomato,26.15,80.09,0.855,0.732,2.97,25.0,2.0,1.0,0.041667,1.0829750455259246,1.0399791127863804,8.96002088721362,8.68,-0.2800208872136203,10.0,0.04512432122192871
19,25,Tomato,28.3,79.03,0.855,0.732,2.97,25.0,2.0,1.0,0.041667,1.2570133745218284,1.0923550890625815,8.90764491093742,8.3657,-0.5419449109374188,10.0,0.052375976276201025
19,26,Tomato,27.44,68.9,0.855,0.732,2.97,25.0,2.0,1.0,0.041667,1.1842716118536327,1.1417001343136868,8.858299865686313,8.4827,-0.3755998656863131,10.0,0.04934504525110532
19,27,Tomato,28.61,75.26,0.855,0.732,2.97,25.0,2.0,1.0,0.041667,1.2843158089894255,1.1952137211268492,8.80478627887315,8.4121,-0.3926862788731498,10.0,0.0535135868131624
19,28,Tomato,27.76,68.81,0.855,0.732,2.97,25.0,2.0,1.0,0.041667,1.2108330839505541,1.245665503235817,8.754334496764184,8.3421,-0.41223449676418333,10.0,0.05045178210896774
19,29,Tomato,26.74,64.11,0.855,0.732,2.97,25.0,2.0,1.0,0.041667,1.1281821374565113,1.2926734683572174,8.707326531642783,8.4204,-0.2869265316427825,10.0,0.04700796512140046
19,30,Tomato,25.36,68.1,0.855,0.732,2.97,25.0,2.0,1.0,0.041667,1.0252672378885939,1.3353932783583216,8.664606721641679,8.0307,-0.6339067216416794,10.0,0.042719810001104044
19,31,Tomato,24.61,62.8,0.855,0.732,2.97,25.0,2.0,1.0,0.041667,0.9733293741582382,1.3759489933913729,8.624051006608628,8.3948,-0.22925100660862796,10.0,0.04055571503305131
19,32,Tomato,23.68,65.07,0.855,0.732,2.97,25.0,2.0,1.0,0.041667,0.9125654885434519,1.4139728596025127,8.586027140397487,8.3615,-0.22452714039748756,10.0,0.03802386621114001
19,33,Tomato,23.92,67.58,0.855,0.732,2.97,25.0,2.0,1.0,0.041667,0.9278734764712828,1.4526345637466418,8.547365436253358,7.9651,-0.5822654362533584,10.0,0.03866170414412894
19,34,Tomato,21.64,59.96,0.855,0.732,2.97,25.0,2.0,1.0,0.041667,0.7922348109249692,1.4856446116134525,8.514355388386548,8.106,-0.40835538838654806,10.0,0.03301004786681069
19,35,Tomato,22.6,61.1,0.855,0.732,2.97,25.0,2.0,1.0,0.041667,0.8467453123625273,1.520925948543662,8.479074051456339,8.06,-0.419074051456338,10.0,0.03528133693020943
19,36,Tomato,21.38,64.98,0.855,0.732,2.97,25.0,2.0,1.0,0.041667,0.7780851765554185,1.5533464235951966,8.446653576404803,7.939,-0.5076535764048025,10.0,0.03242047505153463
19,37,Tomato,22.26,66.72,0.855,0.732,2.97,25.0,2.0,1.0,0.041667,0.8270233684432657,1.587806006288122,8.412193993711877,7.9166,-0.4955939937118776,10.0,0.03445958269292555
19,38,Tomato,22.73,62.42,0.855,0.732,2.97,25.0,2.0,1.0,0.041667,0.8544097408897331,1.6234066969617746,8.376593303038225,7.8109,-0.5656933030382252,10.0,0.03560069067365251
19,39,Tomato,23.69,72.51,0.855,0.732,2.97,25.0,2.0,1.0,0.041667,0.9131982500119917,1.6614569284450242,8.338543071554977,7.7743,-0.5642430715549764,10.0,0.03805023148324966
19,40,Tomato,23.49,73.12,0.855,0.732,2.97,25.0,2.0,1.0,0.041667,0.9006259798479291,1.6989833111473478,8.301016688852652,7.7351,-0.5659166888526519,10.0,0.03752638270232367
19,41,Tomato,24.07,77.48,0.855,0.732,2.97,25.0,2.0,1.0,0.041667,0.9375710964571098,1.7380490860234263,8.261950913976573,7.808,-0.4539509139765734,10.0,0.039065774876078395
19,42,Tomato,25.17,75.41,0.855,0.732,2.97,25.0,2.0,1.0,0.041667,1.011853201026929,1.7802099733506154,8.219790026649385,7.522,-0.6977900266493844,10.0,0.042160887327189055
19,43,Tomato,24.53,83.75,0.855,0.732,2.97,25.0,2.0,1.0,0.041667,0.9679470268937375,1.8205414221201968,8.179458577879803,7.5767,-0.6027585778798032,10.0,0.04033144876958136
19,44,Tomato,27.9,80.22,0.855,0.732,2.97,25.0,2.0,1.0,0.041667,1.2226402776920684,1.871485174570792,8.128514825429209,7.4965,-0.6320148254292084,10.0,0.05094375245059542
19,45,Tomato,25.22,87.21,0.855,0.732,2.97,25.0,2.0,1.0,0.041667,1.0153661008694295,1.9137924338957186,8.086207566104282,7.2335,-0.8527075661042813,10.0,0.04230725932492652
19,46,Tomato,28.65,81.7,0.855,0.732,2.97,25.0,2.0,1.0,0.041667,1.2878816295098254,1.9674545977525046,8.032545402247495,7.2553,-0.7772454022474946,10.0,0.0536621638567859
19,47,Tomato,28.07,77.78,0.855,0.732,2.97,25.0,2.0,1.0,0.041667,1.2371324786871727,2.019002196741963,7.980997803258036,7.3551,-0.6258978032580362,10.0,0.051547598989458425
19,48,Tomato,26.81,81.46,0.855,0.732,2.97,25.0,2.0,1.0,0.041667,1.1336694127784224,2.0662388001642014,7.933761199835798,7.236,-0.6977611998357984,10.0,0.04723660342223853
19,49,Tomato,27.47,79.09,0.855,0.732,2.97,25.0,2.0,1.0,0.041667,1.186736797656532,2.115686562312156,7.884313437687844,7.2354,-0.6489134376878436,10.0,0.04944776214795472
19,50,Tomato,27.95,75.0,0.855,0.732,2.97,25.0,2.0,1.0,0.041667,1.226884977253804,2.1668071786593903,7.83319282134061,7.1341,-0.69909282134061,10.0,0.051120616347234256
19,51,Tomato,28.42,68.49,0.855,0.732,2.97,25.0,2.0,1.0,0.041667,1.2675125220344248,2.219620622914999,7.780379377085001,7.2329,-0.5474793770850015,10.0,0.05281344425560838
19,52,Tomato,27.64,70.77,0.855,0.732,2.97,25.0,2.0,1.0,0.041667,1.2008034274852086,2.269654499328025,7.730345500671975,6.9517,-0.778645500671975,10.0,0.050033876413026195
19,53,Tomato,25.89,70.05,0.855,0.732,2.97,25.0,2.0,1.0,0.041667,1.0636326728931846,2.3139728819094656,7.686027118090534,7.0153,-0.6707271180905341,10.0,0.04431838258144033
19,54,Tomato,26.43,63.17,0.855,0.732,2.97,25.0,2.0,1.0,0.041667,1.1041988471630928,2.35998153527421,7.64001846472579,7.0908,-0.5492184647257901,10.0,0.04600865336474459
19,55,Tomato,25.11,66.8,0.855,0.732,2.97,25.0,2.0,1.0,0.041667,1.007653760410504,2.4019674445092343,7.598032555490766,6.9824,-0.615632555490766,10.0,0.041985909235024474
19,56,Tomato,24.55,63.35,0.855,0.732,2.97,25.0,2.0,1.0,0.041667,0.969289816935065,2.4423548433114677,7.557645156688532,7.0098,-0.5478451566885321,10.0,0.040387398802233354
19,57,Tomato,23.54,64.17,0.855,0.732,2.97,25.0,2.0,1.0,0.041667,0.9037527267510858,2.480011508177005,7.5199884918229944,6.7764,-0.7435884918229947,10.0,0.037656664865537495
19,58,Tomato,30.93,68.49,0.855,0.732,2.97,25.0,2.0,1.0,0.041667,1.508380076686579,2.542861180832305,7.457138819167695,6.6488,-0.8083388191676955,10.0,0.06284967265529968
19,59,Tomato,21.97,63.76,0.855,0.732,2.97,25.0,2.0,1.0,0.041667,0.810565119885309,2.576634997682566,7.423365002317434,6.7081,-0.7152650023174338,10.0,0.03377381685026117
19,60,Tomato,27.0,65.11,0.855,0.732,2.97,25.0,2.0,1.0,0.041667,1.148698354997035,2.624497812040228,7.375502187959772,6.7683,-0.6072021879597722,10.0,0.047862814357661466
19,61,Tomato,21.82,60.69,0.855,0.732,2.97,25.0,2.0,1.0,0.041667,0.8021811663524864,2.6579222946986367,7.342077705301364,6.616,-0.7260777053013641,10.0,0.033424482658409055
19,62,Tomato,23.56,66.15,0.855,0.732,2.97,25.0,2.0,1.0,0.041667,0.9050064628829053,2.6956311989875785,7.304368801012421,6.5821,-0.7222688010124214,10.0,0.03770890428894202
19,63,Tomato,23.06,68.21,0.855,0.732,2.97,25.0,2.0,1.0,0.041667,0.8741786204103731,2.7320555995642177,7.267944400435782,6.5325,-0.7354444004357825,10.0,0.03642440057663902
19,64,Tomato,22.61,73.53,0.855,0.732,2.97,25.0,2.0,1.0,0.041667,0.8473324349461182,2.7673614001311178,7.232638599868882,6.441,-0.7916385998688824,10.0,0.03530580056689991
19,65,Tomato,22.33,74.69,0.855,0.732,2.97,25.0,2.0,1.0,0.041667,0.8310458615936477,2.80198858804614,7.1980114119538605,6.48,-0.7180114119538601,10.0,0.03462718791502252
19,66,Tomato,25.19,75.96,0.855,0.732,2.97,25.0,2.0,1.0,0.041667,1.0132569001590856,2.844207963305069,7.1557920366949315,6.2938,-0.8619920366949314,10.0,0.042219375258928625
19,67,Tomato,25.08,79.72,0.855,0.732,2.97,25.0,2.0,1.0,0.041667,1.005560580398468,2.886106656008532,7.113893343991468,6.2242,-0.8896933439914685,10.0,0.04189869270346297
19,68,Tomato,24.61,84.37,0.855,0.732,2.97,25.0,2.0,1.0,0.041667,0.9733293741582382,2.926662371041583,7.0733376289584164,5.9617,-1.111637628958416,10.0,0.04055571503305131
19,69,Tomato,24.9,77.93,0.855,0.732,2.97,25.0,2.0,1.0,0.041667,0.9930924954370358,2.968041556048958,7.0319584439510425,5.9672,-1.0647584439510425,10.0,0.041379185007374975
19,70,Tomato,28.24,83.68,0.855,0.732,2.97,25.0,2.0,1.0,0.041667,1.2517964586539942,3.020200159091694,6.979799840908306,5.983,-0.9967998409083068,10.0,0.05215860304273598
19,71,Tomato,28.1,79.07,0.855,0.732,2.97,25.0,2.0,1.0,0.041667,1.2397076999389867,3.071855059825052,6.928144940174948,5.8961,-1.0320449401749485,10.0,0.05165490073335776
19,72,Tomato,27.47,80.21,0.855,0.732,2.97,25.0,2.0,1.0,0.041667,1.186736797656532,3.1213028219730066,6.878697178026993,5.7302,-1.148497178026993,10.0,0.04944776214795472
19,73,Tomato,28.89,78.48,0.855,0.732,2.97,25.0,2.0,1.0,0.041667,1.309485423083565,3.1758651510966294,6.824134848903371,5.809,-1.0151348489033705,10.0,0.05456232912362291
19,74,Tomato,27.68,81.5,0.855,0.732,2.97,25.0,2.0,1.0,0.041667,1.2041373812314158,3.226037943360399,6.773962056639601,5.7538,-1.0201620566396006,10.0,0.0501727922637694
19,75,Tomato,26.7,74.52,0.855,0.732,2.97,25.0,2.0,1.0,0.041667,1.1250584846888094,3.2729157552419275,6.727084244758073,5.742,-0.985084244758073,10.0,0.046877811881528626
19,76,Tomato,27.27,67.44,0.855,0.732,2.97,25.0,2.0,1.0,0.041667,1.17039864147459,3.321682755436249,6.67831724456375,5.8576,-0.8207172445637507,10.0,0.048767000194321744
19,77,Tomato,27.71,73.26,0.855,0.732,2.97,25.0,2.0,1.0,0.041667,1.2066439197207628,3.3719599876392543,6.628040012360746,5.5915,-1.0365400123607458,10.0,0.05027723220300503
19,78,Tomato,28.12,61.56,0.855,0.732,2.97,25.0,2.0,1.0,0.041667,1.2414274915261123,3.4236865469286726,6.576313453071327,5.6892,-0.8871134530713274,10.0,0.05172655928941852
19,79,Tomato,25.86,65.87,0.855,0.732,2.97,25.0,2.0,1.0,0.041667,1.0614232089497946,3.4679128677759836,6.532087132224016,5.7136,-0.8184871322240168,10.0,0.044226320847311096
19,80,Tomato,24.39,61.35,0.855,0.732,2.97,25.0,2.0,1.0,0.041667,0.9585994384929766,3.507854830579671,6.492145169420329,5.6279,-0.8642451694203288,10.0,0.03994196280368686
19,81,Tomato,24.68,60.18,0.855,0.732,2.97,25.0,2.0,1.0,0.041667,0.9780634734473393,3.548607801327801,6.451392198672199,5.546,-0.9053921986721987,10.0,0.04075297074813029
19,82,Tomato,22.84,56.89,0.855,0.732,2.97,25.0,2.0,1.0,0.041667,0.860949188338904,3.584480971158318,6.415519028841683,5.4282,-0.9873190288416822,10.0,0.03587316983051712
19,83,Tomato,22.24,60.69,0.855,0.732,2.97,25.0,2.0,1.0,0.041667,0.8258776649357198,3.6188928158231946,6.3811071841768054,5.4476,-0.933507184176805,10.0,0.03441184466487664
19,84,Tomato,21.69,65.69,0.855,0.732,2.97,25.0,2.0,1.0,0.041667,0.7949852509489742,3.6520174662744855,6.3479825337255145,5.5238,-0.8241825337255149,10.0,0.03312465045129091
19,85,Tomato,21.58,67.11,0.855,0.732,2.97,25.0,2.0,1.0,0.041667,0.7889468408524651,3.6848905142922854,6.315109485707715,5.4209,-0.894209485707715,10.0,0.032873048017799666
19,86,Tomato,22.23,67.49,0.855,0.732,2.97,25.0,2.0,1.0,0.041667,0.8253054085126573,3.7192785147487823,6.280721485251218,5.1853,-1.0954214852512179,10.0,0.0343880004564969
19,87,Tomato,22.68,80.26,0.855,0.732,2.97,25.0,2.0,1.0,0.041667,0.851453707748945,3.7547560363895576,6.245243963610442,5.0295,-1.2157439636104428,10.0,0.03547752164077529
19,88,Tomato,23.83,72.65,0.855,0.732,2.97,25.0,2.0,1.0,0.041667,0.9221031179126311,3.793177307003623,6.2068226929963775,5.0372,-1.1696226929963771,10.0,0.038421270614065604
19,89,Tomato,23.84,76.12,0.855,0.732,2.97,25.0,2.0,1.0,0.041667,0.9227424926537983,3.831625218445029,6.168374781554971,4.9666,-1.2017747815549713,10.0,0.038447911441405816
19,90,Tomato,26.0,81.61,0.855,0.732,2.97,25.0,2.0,1.0,0.041667,1.0717734625362931,3.876282803308529,6.123717196691471,4.8162,-1.307517196691471,10.0,0.04465758486349973
19,91,Tomato,25.67,80.74,0.855,0.732,2.97,25.0,2.0,1.0,0.041667,1.0475361270997976,3.919930491116396,6.080069508883604,4.6054,-1.4746695088836033,10.0,0.04364768780786727
19,92,Tomato,25.64,79.35,0.855,0.732,2.97,25.0,2.0,1.0,0.041667,1.045360100205165,3.9634875104116447,6.036512489588356,4.8375,-1.1990124895883554,10.0,0.043557019295248606
19,93,Tomato,25.71,83.18,0.855,0.732,2.97,25.0,2.0,1.0,0.041667,1.0504445440107533,4.007256383226941,5.992743616773059,4.5647,-1.428043616773059,10.0,0.04376887281529606
19,94,Tomato,27.37,79.27,0.855,0.732,2.97,25.0,2.0,1.0,0.041667,1.1785394078116822,4.05636258473223,5.94363741526777,4.6499,-1.2937374152677705,10.0,0.04910620150528937
19,95,Tomato,25.48,82.41,0.855,0.732,2.97,25.0,2.0,1.0,0.041667,1.0338307362479644,4.099439210019474,5.900560789980526,4.367,-1.533560789980526,10.0,0.04307662528724394
20,0,Mango,23.56,61.81,0.945,0.472,17.29,25.0,2.1,1.0,0.041667,0.8986703673629671,0.037444898196912754,11.962555101803087,9.0,-2.962555101803087,12.0,0.037444898196912754
20,1,Mango,23.59,64.55,0.945,0.472,17.29,25.0,2.1,1.0,0.041667,0.9006728664479546,0.07497323452319968,11.925026765476801,8.9072,-3.0178267654768014,12.0,0.03752833632628693
20,2,Mango,22.46,65.4,0.945,0.472,17.29,25.0,2.1,1.0,0.041667,0.8282401871516308,0.10948351840124669,11.890516481598754,8.8675,-3.023016481598754,12.0,0.034510283878047006
20,3,Mango,21.7,67.23,0.945,0.472,17.29,25.0,2.1,1.0,0.041667,0.7828303103675857,0.14210170894333288,11.857898291056667,8.8772,-2.980698291056667,12.0,0.032618190542086194
20,4,Mango,20.81,69.95,0.945,0.472,17.29,25.0,2.1,1.0,0.041667,0.732807854324841,0.17263561380948603,11.827364386190514,8.7537,-3.0736643861905133,12.0,0.03053390486615315
20,5,Mango,27.48,67.36,0.945,0.472,17.29,25.0,2.1,1.0,0.041667,1.2020163778181803,0.22272003022403616,11.777279969775964,8.7092,-3.0680799697759653,12.0,0.05008441641455012
20,6,Mango,24.33,68.76,0.945,0.472,17.29,25.0,2.1,1.0,0.041667,0.9515055093427848,0.26236641028182195,11.737633589718179,8.5256,-3.212033589718178,12.0,0.03964638005778581
20,7,Mango,28.49,73.3,0.945,0.472,17.29,25.0,2.1,1.0,0.041667,1.2955510596285569,0.31634813628336506,11.683651863716635,8.5413,-3.1423518637166357,12.0,0.053981726001543086
20,8,Mango,23.83,74.89,0.945,0.472,17.29,25.0,2.1,1.0,0.041667,0.9168543345594733,0.35455070584145465,11.645449294158546,8.5676,-3.077849294158545,12.0,0.03820256955808957
20,9,Mango,22.92,76.85,0.945,0.472,17.29,25.0,2.1,1.0,0.041667,0.8569951945407873,0.3902591246123856,11.609740875387615,8.4389,-3.170840875387615,12.0,0.035708418770930984
20,10,Mango,23.26,75.32,0.945,0.472,17.29,25.0,2.1,1.0,0.041667,0.8788886230898542,0.4268797768706706,11.57312022312933,8.4395,-3.133620223129329,12.0,0.03662065225828495
20,11,Mango,24.49,79.64,0.945,0.472,17.29,25.0,2.1,1.0,0.041667,0.9628681383151131,0.4669996035898464,11.533000396410154,8.4105,-3.122500396410153,12.0,0.04011982671917582
20,12,Mango,26.84,82.12,0.945,0.472,17.29,25.0,2.1,1.0,0.041667,1.1462737583884792,0.5147613922806191,11.485238607719381,8.0692,-3.416038607719381,12.0,0.047761788690772765
20,13,Mango,26.34,81.22,0.945,0.472,17.29,25.0,2.1,1.0,0.041667,1.1045296676171317,0.5607838299412222,11.439216170058778,8.1612,-3.2780161700587787,12.0,0.04602243766060303
20,14,Mango,26.17,83.43,0.945,0.472,17.29,25.0,2.1,1.0,0.041667,1.0906857963216983,0.6062294350165583,11.393770564983441,8.1581,-3.235670564983442,12.0,0.0454456050753362
20,15,Mango,26.56,82.94,0.945,0.472,17.29,25.0,2.1,1.0,0.041667,1.1227064300527188,0.653009243837565,11.346990756162436,8.0225,-3.324490756162435,12.0,0.04677980882100664
20,16,Mango,29.98,75.11,0.945,0.472,17.29,25.0,2.1,1.0,0.041667,1.4469889305297936,0.71330093160595,11.28669906839405,7.9549,-3.3317990683940497,12.0,0.060291687768384915
20,17,Mango,28.77,80.73,0.945,0.472,17.29,25.0,2.1,1.0,0.041667,1.322746661596005,0.7684158167546706,11.23158418324533,7.9849,-3.24668418324533,12.0,0.055114885148720746
20,18,Mango,27.83,78.5,0.945,0.472,17.29,25.0,2.1,1.0,0.041667,1.2336389141945263,0.819817849392414,11.180182150607585,7.8342,-3.3459821506075853,12.0,0.05140203263774333
20,19,Mango,27.98,76.17,0.945,0.472,17.29,25.0,2.1,1.0,0.041667,1.247444836876721,0.8717951334105564,11.128204866589444,7.9502,-3.1780048665894443,12.0,0.05197728401814234
20,20,Mango,25.57,72.24,0.945,0.472,17.29,25.0,2.1,1.0,0.041667,1.043197409173583,0.915262039858592,11.084737960141409,7.7728,-3.3119379601414085,12.0,0.043466906448035685
20,21,Mango,26.76,67.89,0.945,0.472,17.29,25.0,2.1,1.0,0.041667,1.1394902037250214,0.9627411781772025,11.037258821822798,7.4753,-3.561958821822798,12.0,0.04747913831861047
20,22,Mango,26.2,65.78,0.945,0.472,17.29,25.0,2.1,1.0,0.041667,1.0931161616574907,1.0082880492849853,10.991711950715015,7.5942,-3.397511950715015,12.0,0.04554687110778267
20,23,Mango,25.78,60.09,0.945,0.472,17.29,25.0,2.1,1.0,0.041667,1.059578420907447,1.0524375033489357,10.947562496651065,7.5538,-3.393762496651065,12.0,0.0441494540639506
20,24,Mango,25.62,60.67,0.945,0.472,17.29,25.0,2.1,1.0,0.041667,1.0470745317612922,1.0960659578638334,10.903934042136166,7.3574,-3.546534042136166,12.0,0.04362845451489776
20,25,Mango,24.04,63.18,0.945,0.472,17.29,25.0,2.1,1.0,0.041667,0.9312514194070678,1.1348684107562679,10.865131589243733,7.5299,-3.335231589243733,12.0,0.038802452892434294
20,26,Mango,23.04,63.49,0.945,0.472,17.29,25.0,2.1,1.0,0.041667,0.8646593025109254,1.1708961699139906,10.829103830086009,7.3492,-3.479903830086009,12.0,0.03602775915772273
20,27,Mango,21.97,64.29,0.945,0.472,17.29,25.0,2.1,1.0,0.041667,0.7986703349206659,1.20417436675913,10.79582563324087,7.2345,-3.5613256332408705,12.0,0.033278196845139385
20,28,Mango,22.67,65.13,0.945,0.472,17.29,25.0,2.1,1.0,0.041667,0.84124579098546,1.239226555132121,10.76077344486788,7.2244,-3.5363734448678796,12.0,0.035052188372991164
20,29,Mango,22.17,67.06,0.945,0.472,17.29,25.0,2.1,1.0,0.041667,0.8106099673849255,1.2730022406431487,10.726997759356852,7.0158,-3.7111977593568524,12.0,0.03377568551102769
20,30,Mango,22.48,68.39,0.945,0.472,17.29,25.0,2.1,1.0,0.041667,0.8294701040977731,1.3075637714705908,10.69243622852941,7.1441,-3.5483362285294096,12.0,0.034561530827441914
20,31,Mango,20.73,69.71,0.945,0.472,17.29,25.0,2.1,1.0,0.041667,0.7284711571778938,1.337916979176722,10.662083020823278,7.0293,-3.632783020823278,12.0,0.030353207706131303
20,32,Mango,24.24,69.81,0.945,0.472,17.29,25.0,2.1,1.0,0.041667,0.9451730579021859,1.3772995049803325,10.622700495019668,7.0107,-3.612000495019668,12.0,0.03938252580361038
20,33,Mango,24.33,77.97,0.945,0.472,17.29,25.0,2.1,1.0,0.041667,0.9515055093427848,1.4169458850381182,10.583054114961882,6.8952,-3.6878541149618824,12.0,0.03964638005778581
20,34,Mango,24.17,78.01,0.945,0.472,17.29,25.0,2.1,1.0,0.041667,0.9402769686552646,1.4561244054910771,10.543875594508922,6.8927,-3.6511755945089224,12.0,0.03917852045295891
20,35,Mango,25.53,81.49,0.945,0.472,17.29,25.0,2.1,1.0,0.041667,1.040106050168741,1.499462504283458,10.500537495716543,6.7638,-3.736737495716543,12.0,0.04333809879238093
20,36,Mango,25.37,82.45,0.945,0.472,17.29,25.0,2.1,1.0,0.041667,1.0278319508713836,1.542289178180416,10.457710821819584,6.7216,-3.736110821819584,12.0,0.04282667389695794
20,37,Mango,25.37,87.57,0.945,0.472,17.29,25.0,2.1,1.0,0.041667,1.0278319508713836,1.5851158520773738,10.414884147922626,6.2718,-4.143084147922626,12.0,0.04282667389695794
20,38,Mango,27.2,84.08,0.945,0.472,17.29,25.0,2.1,1.0,0.041667,1.1773029841513578,1.6341705355180085,10.365829464481992,6.402,-3.963829464481992,12.0,0.04905468344063463
20,39,Mango,28.21,83.15,0.945,0.472,17.29,25.0,2.1,1.0,0.041667,1.268914597810803,1.6870424000649913,10.31295759993501,6.4531,-3.859857599935009,12.0,0.05287186454698273
20,40,Mango,28.95,78.79,0.945,0.472,17.29,25.0,2.1,1.0,0.041667,1.3405302587432075,1.7428982743560446,10.257101725643956,6.4884,-3.7687017256439557,12.0,0.05585587429105323
20,41,Mango,26.95,75.81,0.945,0.472,17.29,25.0,2.1,1.0,0.041667,1.1556671337727262,1.7910514568189526,10.208948543181048,6.2776,-3.9313485431810484,12.0,0.04815318246290819
20,42,Mango,33.51,72.78,0.945,0.472,17.29,25.0,2.1,1.0,0.041667,1.8802197914698915,1.8693945748701286,10.130605425129872,6.3456,-3.7850054251298717,12.0,0.07834311805117597
20,43,Mango,27.23,72.53,0.945,0.472,17.29,25.0,2.1,1.0,0.041667,1.1799263577866033,1.918558566420023,10.081441433579977,6.1829,-3.898541433579977,12.0,0.0491639915498944
20,44,Mango,28.17,68.83,0.945,0.472,17.29,25.0,2.1,1.0,0.041667,1.2651543597831552,1.9712737531291078,10.028726246870892,6.2058,-3.8229262468708924,12.0,0.05271518670908473
20,45,Mango,25.54,64.85,0.945,0.472,17.29,25.0,2.1,1.0,0.041667,1.0408780300347733,2.0146440180065666,9.985355981993433,6.043,-3.9423559819934324,12.0,0.0433702648774589
20,46,Mango,25.06,68.62,0.945,0.472,17.29,25.0,2.1,1.0,0.041667,1.0044615472661171,2.056496917296504,9.943503082703495,6.0337,-3.9098030827034957,12.0,0.0418528992899373
20,47,Mango,23.64,64.98,0.945,0.472,17.29,25.0,2.1,1.0,0.041667,0.9040202857225178,2.094164730541704,9.905835269458295,6.0772,-3.828635269458295,12.0,0.03766781324520015
20,48,Mango,24.51,62.91,0.945,0.472,17.29,25.0,2.1,1.0,0.041667,0.9642979745613922,2.134344134247754,9.865655865752245,5.9588,-3.906855865752245,12.0,0.040179403706049534
20,49,Mango,28.75,67.3,0.945,0.472,17.29,25.0,2.1,1.0,0.041667,1.3207853268516752,2.189377296461682,9.810622703538318,5.9268,-3.8838227035383177,12.0,0.05503316221392875
20,50,Mango,23.09,60.31,0.945,0.472,17.29,25.0,2.1,1.0,0.041667,0.8678728746334765,2.2255389555290357,9.774461044470964,5.7381,-4.036361044470964,12.0,0.036161659067353066
20,51,Mango,22.68,60.35,0.945,0.472,17.29,25.0,2.1,1.0,0.041667,0.8418701742518777,2.2606171600795886,9.739382839920411,5.7942,-3.9451828399204114,12.0,0.035078204550552994
20,52,Mango,21.65,67.52,0.945,0.472,17.29,25.0,2.1,1.0,0.041667,0.7799316350712207,2.293114571518101,9.706885428481899,5.6466,-4.060285428481898,12.0,0.03249741143851255
20,53,Mango,20.79,67.83,0.945,0.472,17.29,25.0,2.1,1.0,0.041667,0.7317212656776461,2.3236032014950916,9.676396798504909,5.6551,-4.021296798504909,12.0,0.03048862997699048
20,54,Mango,25.63,71.24,0.945,0.472,17.29,25.0,2.1,1.0,0.041667,1.047851683722502,2.367264037600757,9.632735962399243,5.6119,-4.020835962399243,12.0,0.04366083610566549
20,55,Mango,29.07,70.4,0.945,0.472,17.29,25.0,2.1,1.0,0.041667,1.3525186207616788,2.423619430972034,9.576380569027966,5.3414,-4.234980569027966,12.0,0.056355393371276874
20,56,Mango,21.41,68.25,0.945,0.472,17.29,25.0,2.1,1.0,0.041667,0.7661667016392012,2.4555432989292343,9.544456701070766,5.4544,-4.0900567010707665,12.0,0.0319238679572006
20,57,Mango,23.65,81.84,0.945,0.472,17.29,25.0,2.1,1.0,0.041667,0.9046912610129214,2.49323906970186,9.50676093029814,5.1577,-4.3490609302981404,12.0,0.0376957707726254
20,58,Mango,23.88,73.85,0.945,0.472,17.29,25.0,2.1,1.0,0.041667,0.9202618934921355,2.5315836220179966,9.468416377982003,5.2766,-4.191816377982002,12.0,0.038344552316136815
20,59,Mango,24.28,89.93,0.945,0.472,17.29,25.0,2.1,1.0,0.041667,0.9479822611014235,2.57108319889131,9.42891680110869,4.7097,-4.71921680110869,12.0,0.039499576873313014
20,60,Mango,24.22,80.66,0.945,0.472,17.29,25.0,2.1,1.0,0.041667,0.9437715795906614,2.610407329298114,9.389592670701886,5.0253,-4.364292670701886,12.0,0.03932413040680409
20,61,Mango,25.43,81.56,0.945,0.472,17.29,25.0,2.1,1.0,0.041667,1.0324176717018216,2.6534250764249134,9.346574923575087,5.0855,-4.261074923575087,12.0,0.0430177471267998
20,62,Mango,28.03,80.58,0.945,0.472,17.29,25.0,2.1,1.0,0.041667,1.2520810605784336,2.705595537976035,9.294404462023966,4.9345,-4.359904462023966,12.0,0.052170461551121594
20,63,Mango,31.63,79.92,0.945,0.472,17.29,25.0,2.1,1.0,0.041667,1.635427862236149,2.773738910711829,9.22626108928817,4.8684,-4.35786108928817,12.0,0.06814337273579363
20,64,Mango,28.7,74.67,0.945,0.472,17.29,25.0,2.1,1.0,0.041667,1.3158947040078195,2.8285682953437226,9.171431704656278,4.8411,-4.330331704656278,12.0,0.05482938463189382
20,65,Mango,28.63,76.94,0.945,0.472,17.29,25.0,2.1,1.0,0.041667,1.3090782402327374,2.8831136583795,9.1168863416205,4.7271,-4.3897863416205,12.0,0.05454536303577748
20,66,Mango,28.01,72.35,0.945,0.472,17.29,25.0,2.1,1.0,0.041667,1.2502245069706044,2.9352067629114442,9.064793237088555,4.6117,-4.453093237088555,12.0,0.05209310453194418
20,67,Mango,26.7,74.03,0.945,0.472,17.29,25.0,2.1,1.0,0.041667,1.1344288955873092,2.9824750117038805,9.01752498829612,4.6603,-4.35722498829612,12.0,0.047268248792436414
20,68,Mango,26.43,63.89,0.945,0.472,17.29,25.0,2.1,1.0,0.041667,1.111929773265943,3.0288057895665528,8.971194210433447,4.7068,-4.264394210433447,12.0,0.04633077786267205
20,69,Mango,24.77,64.03,0.945,0.472,17.29,25.0,2.1,1.0,0.041667,0.9830802159805532,3.0697677929258145,8.930232207074186,4.5913,-4.338932207074185,12.0,0.040962003359261714
20,70,Mango,25.44,60.91,0.945,0.472,17.29,25.0,2.1,1.0,0.041667,1.033183945156111,3.1128174683686343,8.887182531631366,4.5732,-4.313982531631366,12.0,0.04304967544281967
20,71,Mango,24.29,63.58,0.945,0.472,17.29,25.0,2.1,1.0,0.041667,0.9486858655259985,3.152346362327506,8.847653637672494,4.3998,-4.447853637672494,12.0,0.03952889395887178
20,72,Mango,24.63,66.49,0.945,0.472,17.29,25.0,2.1,1.0,0.041667,0.9729216912864131,3.192885090438337,8.807114909561664,4.407,-4.400114909561664,12.0,0.04053872811083098
20,73,Mango,23.98,61.57,0.945,0.472,17.29,25.0,2.1,1.0,0.041667,0.9271150517824119,3.2315151933009547,8.768484806699046,4.3875,-4.380984806699046,12.0,0.03863010286261776
20,74,Mango,22.18,63.8,0.945,0.472,17.29,25.0,2.1,1.0,0.041667,0.8112116123555752,3.2653159475529745,8.734684052447026,4.3286,-4.406084052447026,12.0,0.033800754252019755
20,75,Mango,22.15,59.69,0.945,0.472,17.29,25.0,2.1,1.0,0.041667,0.80940801576464,3.2990415513458395,8.700958448654161,4.2236,-4.477358448654161,12.0,0.03372560379286526
20,76,Mango,21.79,67.41,0.945,0.472,17.29,25.0,2.1,1.0,0.041667,0.7880751011338759,3.331878276584785,8.668121723415215,4.1405,-4.527621723415215,12.0,0.03283672523894521
20,77,Mango,21.73,68.71,0.945,0.472,17.29,25.0,2.1,1.0,0.041667,0.7845746840969783,3.364569149947054,8.635430850052947,3.9653,-4.670130850052947,12.0,0.032690873362268794
20,78,Mango,22.24,69.77,0.945,0.472,17.29,25.0,2.1,1.0,0.041667,0.8148308713069227,3.3985207078617994,8.601479292138201,4.1393,-4.462179292138201,12.0,0.03395155791474555
20,79,Mango,22.04,74.11,0.945,0.472,17.29,25.0,2.1,1.0,0.041667,0.8028290683247528,3.4319721866516866,8.568027813348314,3.8206,-4.747427813348313,12.0,0.033451478789887475
20,80,Mango,23.57,72.35,0.945,0.472,17.29,25.0,2.1,1.0,0.041667,0.899337371876297,3.4694448769256563,8.530555123074343,3.9938,-4.536755123074343,12.0,0.03747269027396967
20,81,Mango,23.23,74.67,0.945,0.472,17.29,25.0,2.1,1.0,0.041667,0.8769345577137267,3.5059841091419144,8.494015890858085,3.7179,-4.776115890858085,12.0,0.03653923221625786
20,82,Mango,24.79,83.1,0.945,0.472,17.29,25.0,2.1,1.0,0.041667,0.984540066680638,3.5470069401002964,8.452993059899704,3.4645,-4.988493059899704,12.0,0.04102283095838215
20,83,Mango,25.02,86.62,0.945,0.472,17.29,25.0,2.1,1.0,0.041667,1.0014849761762612,3.5887358146026327,8.411264185397368,3.2126,-5.198664185397368,12.0,0.041728874502336276
20,84,Mango,26.87,86.33,0.945,0.472,17.29,25.0,2.1,1.0,0.041667,1.148827989879447,3.63660403045694,8.36339596954306,3.2157,-5.14769596954306,12.0,0.047868215854306916
20,85,Mango,27.5,78.52,0.945,0.472,17.29,25.0,2.1,1.0,0.041667,1.203801343502716,3.6867628210366674,8.313237178963332,3.4444,-4.868837178963332,12.0,0.05015879057972767
20,86,Mango,26.97,84.68,0.945,0.472,17.29,25.0,2.1,1.0,0.041667,1.1573832719340666,3.734987509828344,8.265012490171657,3.1596,-5.105412490171656,12.0,0.04822468879167676
20,87,Mango,26.45,77.99,0.945,0.472,17.29,25.0,2.1,1.0,0.041667,1.1135809624889184,3.78138708779237,8.21861291220763,3.2817,-4.936912912207631,12.0,0.046399577964025766
20,88,Mango,26.38,77.1,0.945,0.472,17.29,25.0,2.1,1.0,0.041667,1.107812503760186,3.8275463113865453,8.172453688613455,3.264,-4.908453688613456,12.0,0.04615922359417567
20,89,Mango,29.45,81.11,0.945,0.472,17.29,25.0,2.1,1.0,0.041667,1.3911936482775409,3.885513177129326,8.114486822870674,3.0987,-5.015786822870674,12.0,0.0579668657427803
20,90,Mango,32.58,72.88,0.945,0.472,17.29,25.0,2.1,1.0,0.041667,1.754858992094294,3.958632886752919,8.04136711324708,3.1638,-4.87756711324708,12.0,0.07311970962359296
20,91,Mango,27.62,72.44,0.945,0.472,17.29,25.0,2.1,1.0,0.041667,1.2145669388409093,4.009240247393603,7.990759752606397,3.1937,-4.797059752606398,12.0,0.05060736064068417
20,92,Mango,26.47,72.65,0.945,0.472,17.29,25.0,2.1,1.0,0.041667,1.1152346036885523,4.055708727625494,7.944291272374506,2.9506,-4.993691272374505,12.0,0.046468480231890916
20,93,Mango,23.93,77.75,0.945,0.472,17.29,25.0,2.1,1.0,0.041667,0.9236821168769814,4.094195790389407,7.905804209610593,2.93,-4.975804209610592,12.0,0.038487062763913185
20,94,Mango,30.32,61.79,0.945,0.472,17.29,25.0,2.1,1.0,0.041667,1.4839547723030604,4.156027733886958,7.843972266113042,3.0025,-4.841472266113042,12.0,0.06183194349755162
20,95,Mango,24.16,62.96,0.945,0.472,17.29,25.0,2.1,1.0,0.041667,0.9395796007914509,4.195177197113136,7.804822802886864,2.9479,-4.856922802886864,12.0,0.039149463226177385
21,0,Tomato,27.95,76.53,0.916,0.403,25.34,25.0,2.0,1.0,0.041667,1.226884977253804,0.051120616347234256,9.948879383652766,9.9886,0.03972061634723367,10.0,0.051120616347234256
21,1,Tomato,27.16,80.58,0.916,0.403,25.34,25.0,2.0,1.0,0.041667,1.161508731925722,0.09951720068038332,9.900482799319617,9.9496,0.04911720068038328,10.0,0.04839658433314906
21,2,Tomato,26.0,73.79,0.916,0.403,25.34,25.0,2.0,1.0,0.041667,1.0717734625362931,0.14417478554388305,9.855825214456116,9.699,-0.1568252144561164,10.0,0.04465758486349973
21,3,Tomato,28.84,70.59,0.916,0.403,25.34,25.0,2.0,1.0,0.041667,1.3049549476889577,0.19854834334923885,9.80145165665076,9.6557,-0.14575165665076106,10.0,0.054373557805355806
21,4,Tomato,25.57,75.73,0.916,0.403,25.34,25.0,2.0,1.0,0.041667,1.0403002665219858,0.24189453455441046,9.75810546544559,9.7921,0.03399453455440948,10.0,0.04334619120517159
21,5,Tomato,25.07,65.17,0.916,0.403,25.34,25.0,2.0,1.0,0.041667,1.0048638204237854,0.2837641953600083,9.716235804639991,9.601,-0.11523580463999039,10.0,0.04186966080559787
21,6,Tomato,26.37,68.73,0.916,0.403,25.34,25.0,2.0,1.0,0.041667,1.0996161493145513,0.32958190145349775,9.670418098546502,9.5076,-0.1628180985465022,10.0,0.04581770609348941
21,7,Tomato,24.51,60.55,0.916,0.403,25.34,25.0,2.0,1.0,0.041667,0.9666060970649734,0.36985747769990396,9.630142522300096,9.5177,-0.11244252230009621,10.0,0.04027557624640625
21,8,Tomato,24.42,64.6,0.916,0.403,25.34,25.0,2.0,1.0,0.041667,0.9605948639534768,0.4098825838962535,9.590117416103746,9.475,-0.1151174161037467,10.0,0.04002510619634952
21,9,Tomato,23.82,59.77,0.916,0.403,25.34,25.0,2.0,1.0,0.041667,0.921464186198704,0.4482772321425949,9.551722767857406,9.3081,-0.24362276785740633,10.0,0.0383946482463414
21,10,Tomato,22.17,67.83,0.916,0.403,25.34,25.0,2.0,1.0,0.041667,0.8218801872948507,0.48252251390660944,9.51747748609339,9.2736,-0.24387748609339077,10.0,0.03424528176401455
21,11,Tomato,22.12,60.34,0.916,0.403,25.34,25.0,2.0,1.0,0.041667,0.8190366978598277,0.5166493159963349,9.483350684003666,9.381,-0.10235068400366565,10.0,0.03412680208972544
21,12,Tomato,22.24,64.53,0.916,0.403,25.34,25.0,2.0,1.0,0.041667,0.8258776649357198,0.5510611606612115,9.448938839338789,9.2229,-0.22603883933878954,10.0,0.03441184466487664
21,13,Tomato,22.3,58.66,0.916,0.403,25.34,25.0,2.0,1.0,0.041667,0.8293195458144418,0.5856164181766619,9.414383581823339,9.1172,-0.29718358182333837,10.0,0.03455525751545035
21,14,Tomato,22.66,72.86,0.916,0.403,25.34,25.0,2.0,1.0,0.041667,0.8502741600641959,0.6210447916040567,9.378955208395944,9.1249,-0.2540552083959433,10.0,0.035428373427394855
21,15,Tomato,22.32,72.13,0.916,0.403,25.34,25.0,2.0,1.0,0.041667,0.8304700240908942,0.655647986097852,9.344352013902148,8.948,-0.39635201390214725,10.0,0.03460319449379529
21,16,Tomato,22.59,81.01,0.916,0.403,25.34,25.0,2.0,1.0,0.041667,0.8461585966002897,0.6909048763423963,9.309095123657604,8.8703,-0.438795123657604,10.0,0.03525689024454427
21,17,Tomato,23.79,75.64,0.916,0.403,25.34,25.0,2.0,1.0,0.041667,0.919550046151658,0.7292197681153975,9.270780231884602,8.738,-0.5327802318846029,10.0,0.03831489177300114
21,18,Tomato,23.87,80.15,0.916,0.403,25.34,25.0,2.0,1.0,0.041667,0.9246632781136995,0.7677477129245609,9.23225228707544,8.5944,-0.6378522870754395,10.0,0.03852794480916352
21,19,Tomato,25.97,82.28,0.916,0.403,25.34,25.0,2.0,1.0,0.041667,1.0695470878852447,0.8123125314354754,9.187687468564524,8.6069,-0.5807874685645249,10.0,0.04456481851091449
21,20,Tomato,26.37,78.82,0.916,0.403,25.34,25.0,2.0,1.0,0.041667,1.0996161493145513,0.8581302375289649,9.141869762471035,8.6674,-0.4744697624710348,10.0,0.04581770609348941
21,21,Tomato,27.17,85.2,0.916,0.403,25.34,25.0,2.0,1.0,0.041667,1.1623141075181174,0.9065603794469222,9.093439620553077,8.2807,-0.8127396205530779,10.0,0.0484301419179574
21,22,Tomato,26.28,81.93,0.916,0.403,25.34,25.0,2.0,1.0,0.041667,1.0927777391009525,0.9520931495020416,9.047906850497958,8.4666,-0.5813068504979579,10.0,0.045532770055119395
21,23,Tomato,28.2,77.31,0.916,0.403,25.34,25.0,2.0,1.0,0.041667,1.2483305489016119,1.0041073384831252,8.995892661516875,8.3965,-0.599392661516875,10.0,0.05201418898108347
21,24,Tomato,27.44,81.64,0.916,0.403,25.34,25.0,2.0,1.0,0.041667,1.1842716118536327,1.0534523837342304,8.94654761626577,8.1722,-0.7743476162657696,10.0,0.04934504525110532
21,25,Tomato,27.84,76.99,0.916,0.403,25.34,25.0,2.0,1.0,0.041667,1.2175660186629862,1.104184707033861,8.89581529296614,8.0005,-0.8953152929661385,10.0,0.05073232329963065
21,26,Tomato,28.23,68.38,0.916,0.403,25.34,25.0,2.0,1.0,0.041667,1.2509290801132664,1.1563071690149405,8.84369283098506,8.0858,-0.7578928309850586,10.0,0.052122461981079476
21,27,Tomato,28.12,73.26,0.916,0.403,25.34,25.0,2.0,1.0,0.041667,1.2414274915261123,1.2080337283043592,8.79196627169564,8.1171,-0.67486627169564,10.0,0.05172655928941852
21,28,Tomato,28.34,70.13,0.916,0.403,25.34,25.0,2.0,1.0,0.041667,1.2605033915829855,1.2605551231214474,8.739444876878553,7.9275,-0.8119448768785524,10.0,0.052521394817088264
21,29,Tomato,27.93,65.76,0.916,0.403,25.34,25.0,2.0,1.0,0.041667,1.225185331904676,1.3116049203459195,8.68839507965408,7.7871,-0.9012950796540808,10.0,0.051049797224472136
21,30,Tomato,29.61,68.24,0.916,0.403,25.34,25.0,2.0,1.0,0.041667,1.376495601590697,1.368959362577399,8.6310406374226,7.6288,-1.0022406374226005,10.0,0.05735444223147958
21,31,Tomato,25.41,63.84,0.916,0.403,25.34,25.0,2.0,1.0,0.041667,1.0288267078935756,1.4118274850152006,8.5881725149848,7.7875,-0.8006725149848002,10.0,0.042868122437801616
21,32,Tomato,23.76,66.04,0.916,0.403,25.34,25.0,2.0,1.0,0.041667,0.9176398823113652,1.4500627859914683,8.549937214008532,7.6956,-0.8543372140085319,10.0,0.03823530097626766
21,33,Tomato,24.31,56.35,0.916,0.403,25.34,25.0,2.0,1.0,0.041667,0.9532985452881588,1.48978387647799,8.51021612352201,7.5595,-0.9507161235220103,10.0,0.03972109048652172
21,34,Tomato,22.33,65.1,0.916,0.403,25.34,25.0,2.0,1.0,0.041667,0.8310458615936477,1.5244110643930127,8.475588935606988,7.407,-1.0685889356069875,10.0,0.03462718791502252
21,35,Tomato,21.86,61.83,0.916,0.403,25.34,25.0,2.0,1.0,0.041667,0.8044083709419158,1.5579283479850494,8.44207165201495,7.4132,-1.028871652014951,10.0,0.0335172835920368
21,36,Tomato,22.03,68.31,0.916,0.403,25.34,25.0,2.0,1.0,0.041667,0.8139431850704346,1.5918429186773793,8.40815708132262,7.2778,-1.1303570813226207,10.0,0.0339145706923298
21,37,Tomato,23.32,67.96,0.916,0.403,25.34,25.0,2.0,1.0,0.041667,0.8900757332524964,1.628929704254811,8.37107029574519,7.2847,-1.0863702957451897,10.0,0.03708678557743177
21,38,Tomato,20.29,69.16,0.916,0.403,25.34,25.0,2.0,1.0,0.041667,0.7214643434308141,1.6589909590525427,8.341009040947457,7.1637,-1.1773090409474563,10.0,0.030061254797731734
21,39,Tomato,21.59,70.54,0.916,0.403,25.34,25.0,2.0,1.0,0.041667,0.7894938867005549,1.6918868008296948,8.308113199170306,7.2644,-1.0437131991703055,10.0,0.03289584177715202
21,40,Tomato,23.2,71.96,0.916,0.403,25.34,25.0,2.0,1.0,0.041667,0.8827029962906549,1.7286663865761374,8.271333613423863,7.2367,-1.0346336134238632,10.0,0.03677958574644272
21,41,Tomato,22.91,76.31,0.916,0.403,25.34,25.0,2.0,1.0,0.041667,0.8651366905849882,1.764714037062742,8.235285962937258,6.9424,-1.292885962937258,10.0,0.03604765048660471
21,42,Tomato,23.97,87.22,0.916,0.403,25.34,25.0,2.0,1.0,0.041667,0.9310948198302289,1.8035099649206083,8.196490035079393,6.6747,-1.521790035079393,10.0,0.03879592785786615
21,43,Tomato,23.92,79.43,0.916,0.403,25.34,25.0,2.0,1.0,0.041667,0.9278734764712828,1.8421716690647372,8.157828330935263,6.8608,-1.2970283309352633,10.0,0.03866170414412894
21,44,Tomato,25.33,80.86,0.916,0.403,25.34,25.0,2.0,1.0,0.041667,1.023137469734432,1.8848027380161618,8.115197261983838,6.5937,-1.5214972619838374,10.0,0.04263106895142458
21,45,Tomato,27.35,86.39,0.916,0.403,25.34,25.0,2.0,1.0,0.041667,1.1769067372187674,1.933840911035856,8.066159088964143,6.4179,-1.648259088964143,10.0,0.04903817301969438
21,46,Tomato,26.11,85.74,0.916,0.403,25.34,25.0,2.0,1.0,0.041667,1.0799765598328823,1.9788402943544128,8.021159705645587,6.481,-1.5401597056455874,10.0,0.04499938331855671
21,47,Tomato,27.22,79.85,0.916,0.403,25.34,25.0,2.0,1.0,0.041667,1.1663493697884673,2.027438573545389,7.972561426454611,6.457,-1.5155614264546111,10.0,0.04859827919097607
21,48,Tomato,28.55,83.37,0.916,0.403,25.34,25.0,2.0,1.0,0.041667,1.278985581277429,2.0807300657604757,7.919269934239525,6.3733,-1.5459699342395243,10.0,0.05329149221508663
21,49,Tomato,28.02,79.86,0.916,0.403,25.34,25.0,2.0,1.0,0.041667,1.2328523254638066,2.132099323605576,7.867900676394424,6.2329,-1.6350006763944238,10.0,0.051369257845100436
21,50,Tomato,28.24,70.77,0.916,0.403,25.34,25.0,2.0,1.0,0.041667,1.2517964586539942,2.184257926648312,7.815742073351688,6.4275,-1.3882420733516874,10.0,0.05215860304273598
21,51,Tomato,26.88,70.09,0.916,0.403,25.34,25.0,2.0,1.0,0.041667,1.1391833772221147,2.231724280427026,7.768275719572975,6.3094,-1.4588757195729745,10.0,0.04746635377871386
21,52,Tomato,26.11,66.08,0.916,0.403,25.34,25.0,2.0,1.0,0.041667,1.0799765598328823,2.2767236637455825,7.7232763362544175,6.3502,-1.3730763362544174,10.0,0.04499938331855671
21,53,Tomato,27.33,70.0,0.916,0.403,25.34,25.0,2.0,1.0,0.041667,1.1752763284197707,2.325693902521849,7.674306097478151,6.1661,-1.5082060974781513,10.0,0.04897023877626659
21,54,Tomato,26.63,80.33,0.916,0.403,25.34,25.0,2.0,1.0,0.041667,1.1196128886542394,2.3723448127534055,7.627655187246594,5.9983,-1.6293551872465937,10.0,0.046650910231556195
21,55,Tomato,24.81,59.44,0.916,0.403,25.34,25.0,2.0,1.0,0.041667,0.9869165458858418,2.413466664470831,7.586533335529169,5.971,-1.615533335529169,10.0,0.04112185171742537
21,56,Tomato,24.09,61.01,0.916,0.403,25.34,25.0,2.0,1.0,0.041667,0.9388717473154521,2.4525866335662236,7.547413366433776,5.9047,-1.6427133664337763,10.0,0.03911996909539295
21,57,Tomato,23.74,66.0,0.916,0.403,25.34,25.0,2.0,1.0,0.041667,0.9163686446753513,2.4907689658839116,7.509231034116088,5.8792,-1.6300310341160884,10.0,0.03818233231768786
21,58,Tomato,22.46,70.46,0.916,0.403,25.34,25.0,2.0,1.0,0.041667,0.8385681844409313,2.5257095864250116,7.474290413574988,5.8482,-1.626090413574988,10.0,0.03494062054110029
21,59,Tomato,21.65,66.46,0.916,0.403,25.34,25.0,2.0,1.0,0.041667,0.7927841366102844,2.5587425230451526,7.441257476954847,5.8987,-1.5425574769548476,10.0,0.03303293662014072
21,60,Tomato,21.8,61.86,0.916,0.403,25.34,25.0,2.0,1.0,0.041667,0.8010698775896221,2.5921207016346792,7.407879298365321,5.6406,-1.7672792983653212,10.0,0.03337817858952679
21,61,Tomato,23.25,66.18,0.916,0.403,25.34,25.0,2.0,1.0,0.041667,0.8857675191023606,2.6290279768531173,7.370972023146883,5.5883,-1.7826720231468824,10.0,0.03690727521843806
21,62,Tomato,22.19,68.61,0.916,0.403,25.34,25.0,2.0,1.0,0.041667,0.8230203452787082,2.6633207655798454,7.336679234420155,5.581,-1.7556792344201542,10.0,0.03429278872672793
21,63,Tomato,22.47,71.3,0.916,0.403,25.34,25.0,2.0,1.0,0.041667,0.8391496371065414,2.6982856135091637,7.301714386490836,5.5211,-1.7806143864908366,10.0,0.03496484792931826
21,64,Tomato,22.63,75.52,0.916,0.403,25.34,25.0,2.0,1.0,0.041667,0.8485079017058962,2.7336403922495434,7.266359607750457,5.4768,-1.7895596077504567,10.0,0.03535477874037958
21,65,Tomato,21.62,78.26,0.916,0.403,25.34,25.0,2.0,1.0,0.041667,0.7911373011854499,2.7666047101780373,7.233395289821963,5.2226,-2.0107952898219628,10.0,0.03296431792849414
21,66,Tomato,24.58,79.05,0.916,0.403,25.34,25.0,2.0,1.0,0.041667,0.9713074955416332,2.8070761795947705,7.1929238204052295,5.1592,-2.0337238204052293,10.0,0.040471469416733234
21,67,Tomato,25.05,80.97,0.916,0.403,25.34,25.0,2.0,1.0,0.041667,1.0034717485095028,2.848887836939916,7.151112163060084,5.0445,-2.106612163060084,10.0,0.041811657345145456
21,68,Tomato,27.05,81.51,0.916,0.403,25.34,25.0,2.0,1.0,0.041667,1.1526863467988644,2.8969168189519845,7.1030831810480155,5.071,-2.0320831810480158,10.0,0.04802898201206829
21,69,Tomato,26.03,82.99,0.916,0.403,25.34,25.0,2.0,1.0,0.041667,1.0740044716201245,2.94166736327098,7.05833263672902,4.6862,-2.3721326367290194,10.0,0.04475054431899573
21,70,Tomato,28.27,75.36,0.916,0.403,25.34,25.0,2.0,1.0,0.041667,1.2544022045209948,2.9939345399267565,7.006065460073243,4.9154,-2.090665460073243,10.0,0.05226717665577629
21,71,Tomato,26.98,81.87,0.916,0.403,25.34,25.0,2.0,1.0,0.041667,1.1471070242261654,3.041731048305188,6.958268951694812,4.6653,-2.292968951694812,10.0,0.047796508378431635
21,72,Tomato,29.49,81.55,0.916,0.403,25.34,25.0,2.0,1.0,0.041667,1.3650937178851663,3.0986104082483092,6.901389591751691,4.7073,-2.194089591751691,10.0,0.05687935994312123
21,73,Tomato,27.8,77.09,0.916,0.403,25.34,25.0,2.0,1.0,0.041667,1.214194884395047,3.1492022664963977,6.850797733503603,4.697,-2.1537977335036027,10.0,0.05059185824808843
21,74,Tomato,27.45,73.88,0.916,0.403,25.34,25.0,2.0,1.0,0.041667,1.185092770941582,3.1985815269832205,6.8014184730167795,4.5983,-2.2031184730167794,10.0,0.049379260486822896
21,75,Tomato,31.27,71.04,0.916,0.403,25.34,25.0,2.0,1.0,0.041667,1.54435026618357,3.2629299695242913,6.737070030475708,4.6263,-2.1107700304757087,10.0,0.06434844254107082
21,76,Tomato,26.1,66.03,0.916,0.403,25.34,25.0,2.0,1.0,0.041667,1.0792282365044272,3.3078981724547214,6.692101827545279,4.5333,-2.158801827545279,10.0,0.044968202930429975
21,77,Tomato,25.67,66.67,0.916,0.403,25.34,25.0,2.0,1.0,0.041667,1.0475361270997976,3.3515458602625885,6.648454139737412,4.4571,-2.1913541397374123,10.0,0.04364768780786727
21,78,Tomato,25.24,61.41,0.916,0.403,25.34,25.0,2.0,1.0,0.041667,1.016774673291956,3.3939118105746444,6.606088189425355,4.3704,-2.235688189425355,10.0,0.042365950312055936
21,79,Tomato,25.72,65.0,0.916,0.403,25.34,25.0,2.0,1.0,0.041667,1.0511729090877064,3.437711032177602,6.562288967822398,4.3715,-2.1907889678223977,10.0,0.04379922160295747
21,80,Tomato,24.71,59.47,0.916,0.403,25.34,25.0,2.0,1.0,0.041667,0.9800994153418707,3.4785488345166518,6.521451165483349,4.2528,-2.268651165483349,10.0,0.04083780233904973
21,81,Tomato,24.37,61.62,0.916,0.403,25.34,25.0,2.0,1.0,0.041667,0.9572714581952976,3.5184354643652753,6.481564535634725,4.2047,-2.276864535634725,10.0,0.03988662984862347
21,82,Tomato,23.03,66.91,0.916,0.403,25.34,25.0,2.0,1.0,0.041667,0.8723627057707586,3.5547842012266253,6.445215798773375,4.0248,-2.4204157987733748,10.0,0.0363487368613502
21,83,Tomato,22.22,66.57,0.916,0.403,25.34,25.0,2.0,1.0,0.041667,0.8247335486100813,3.5891483739965615,6.4108516260034385,4.0263,-2.3845516260034385,10.0,0.03436417276993626
21,84,Tomato,26.29,64.06,0.916,0.403,25.34,25.0,2.0,1.0,0.041667,1.0935354574846323,3.6347127159035737,6.365287284096427,3.9651,-2.4001872840964267,10.0,0.045564341907012175
21,85,Tomato,21.28,65.15,0.916,0.403,25.34,25.0,2.0,1.0,0.041667,0.7727105496479874,3.6669092463757567,6.333090753624243,3.9418,-2.391290753624243,10.0,0.03219653047218269
21,86,Tomato,22.79,72.52,0.916,0.403,25.34,25.0,2.0,1.0,0.041667,0.8579705304286908,3.702658304467129,6.297341695532872,3.6757,-2.6216416955328716,10.0,0.03574905809137226
21,87,Tomato,23.14,69.58,0.916,0.403,25.34,25.0,2.0,1.0,0.041667,0.879039560911787,3.73928524585164,6.26071475414836,3.8501,-2.41061475414836,10.0,0.03662694138451143
21,88,Tomato,22.75,76.64,0.916,0.403,25.34,25.0,2.0,1.0,0.041667,0.8555950256826022,3.774935323786757,6.225064676213243,3.55,-2.6750646762132435,10.0,0.035650077935116986
21,89,Tomato,24.05,73.06,0.916,0.403,25.34,25.0,2.0,1.0,0.041667,0.9362722474344923,3.81394697952061,6.18605302047939,3.6867,-2.49935302047939,10.0,0.03901165573385299
21,90,Tomato,22.62,78.75,0.916,0.403,25.34,25.0,2.0,1.0,0.041667,0.8479199646331479,3.8492772606869794,6.150722739313021,3.4373,-2.7134227393130206,10.0,0.035330281166369375
21,91,Tomato,25.45,85.28,0.916,0.403,25.34,25.0,2.0,1.0,0.041667,1.0316831793013588,3.8922644037189293,6.107735596281071,2.8761,-3.2316355962810706,10.0,0.04298714303194972
21,92,Tomato,25.88,84.73,0.916,0.403,25.34,25.0,2.0,1.0,0.041667,1.0628956743585531,3.936552077782427,6.0634479222175734,3.0209,-3.0425479222175733,10.0,0.04428767406349784
21,93,Tomato,27.09,80.69,0.916,0.403,25.34,25.0,2.0,1.0,0.041667,1.1558867065547986,3.9847144091844457,6.015285590815554,3.0183,-2.9969855908155543,10.0,0.048162331402018796
21,94,Tomato,28.34,86.87,0.916,0.403,25.34,25.0,2.0,1.0,0.041667,1.2605033915829855,4.037235804001535,5.962764195998465,2.624,-3.3387641959984653,10.0,0.052521394817088264
21,95,Tomato,27.82,80.63,0.916,0.403,25.34,25.0,2.0,1.0,0.041667,1.2158792831830971,4.087897846093925,5.912102153906075,2.9003,-3.0118021539060753,10.0,0.050662042092390114
22,0,Banana,24.57,67.23,0.872,0.653,27.48,25.0,2.2,1.0,0.041667,0.9666646223428456,0.040278014819159345,7.959721985180841,7.0,-0.959721985180841,8.0,0.040278014819159345
22,1,Banana,24.94,56.77,0.872,0.653,27.48,25.0,2.2,1.0,0.041667,0.9952804281831993,0.08174836442026871,7.918251635579732,6.7385,-1.1797516355797315,8.0,0.04147034960110937
22,2,Banana,22.98,64.49,0.872,0.653,27.48,25.0,2.2,1.0,0.041667,0.8527674567299532,0.11728062603983568,7.882719373960164,6.8067,-1.0760193739601638,8.0,0.03553226161956696
22,3,Banana,22.53,61.13,0.872,0.653,27.48,25.0,2.2,1.0,0.041667,0.8230412418061721,0.15157428546217344,7.848425714537827,6.6602,-1.1882257145378272,8.0,0.03429365942233777
22,4,Banana,23.98,66.99,0.872,0.653,27.48,25.0,2.2,1.0,0.041667,0.9227262730021052,0.19002152107935216,7.809978478920648,6.5631,-1.2468784789206477,8.0,0.03844723561717872
22,5,Banana,21.7,71.03,0.872,0.653,27.48,25.0,2.2,1.0,0.041667,0.7709043838098693,0.222142794039558,7.777857205960442,6.5989,-1.1789572059604412,8.0,0.032121272960205824
22,6,Banana,21.18,64.67,0.872,0.653,27.48,25.0,2.2,1.0,0.041667,0.7399366447445717,0.25297373421613006,7.7470262657838695,6.3486,-1.3984262657838693,8.0,0.03083094017657207
22,7,Banana,22.55,70.67,0.872,0.653,27.48,25.0,2.2,1.0,0.041667,0.8243401315061291,0.28732151447559595,7.712678485524404,6.4088,-1.3038784855244039,8.0,0.03434778025946588
22,8,Banana,21.13,70.36,0.872,0.653,27.48,25.0,2.2,1.0,0.041667,0.7370253446363344,0.3180311495105581,7.681968850489442,6.3601,-1.3218688504894418,8.0,0.030709635034962147
22,9,Banana,22.59,72.86,0.872,0.653,27.48,25.0,2.2,1.0,0.041667,0.8269440637032968,0.35248742781288334,7.647512572187116,6.0788,-1.568712572187116,8.0,0.03445627830232527
22,10,Banana,23.96,75.41,0.872,0.653,27.48,25.0,2.2,1.0,0.041667,0.9212723590094765,0.39087408319573125,7.609125916804269,6.2465,-1.3626259168042685,8.0,0.038386655382847856
22,11,Banana,24.29,77.03,0.872,0.653,27.48,25.0,2.2,1.0,0.041667,0.9455576000049629,0.430272631715138,7.569727368284862,6.1499,-1.419827368284862,8.0,0.039398548519406794
22,12,Banana,25.51,80.95,0.872,0.653,27.48,25.0,2.2,1.0,0.041667,1.0410307471653897,0.4736492598572783,7.526350740142722,5.9228,-1.6035507401427225,8.0,0.04337662814214029
22,13,Banana,27.76,78.88,0.872,0.653,27.48,25.0,2.2,1.0,0.041667,1.2431074233740718,0.5254458168670058,7.4745541831329945,5.7958,-1.6787541831329946,8.0,0.05179655700972745
22,14,Banana,26.37,79.59,0.872,0.653,27.48,25.0,2.2,1.0,0.041667,1.1140685318953136,0.5718657103854878,7.428134289614512,5.8205,-1.607634289614512,8.0,0.04641989351848204
22,15,Banana,27.34,81.3,0.872,0.653,27.48,25.0,2.2,1.0,0.041667,1.2026158055171778,0.6219751031539721,7.378024896846028,5.5811,-1.7969248968460274,8.0,0.05010939276848425
22,16,Banana,27.35,78.9,0.872,0.653,27.48,25.0,2.2,1.0,0.041667,1.2035643907110756,0.6721240206217305,7.32787597937827,5.6371,-1.6907759793782695,8.0,0.05014891746775839
22,17,Banana,27.18,78.41,0.872,0.653,27.48,25.0,2.2,1.0,0.041667,1.1875397197281543,0.7216052381236434,7.278394761876356,5.4595,-1.818894761876356,8.0,0.04948121750191301
22,18,Banana,29.31,72.64,0.872,0.653,27.48,25.0,2.2,1.0,0.041667,1.4047019180661648,0.7801349529437064,7.2198650470562935,5.5323,-1.6875650470562933,8.0,0.058529714820062896
22,19,Banana,26.43,75.45,0.872,0.653,27.48,25.0,2.2,1.0,0.041667,1.119351391174196,0.8267749673597615,7.1732250326402385,5.4707,-1.7025250326402386,8.0,0.046640014416055225
22,20,Banana,34.25,70.92,0.872,0.653,27.48,25.0,2.2,1.0,0.041667,2.0736763745021944,0.9131788408561445,7.086821159143856,5.224,-1.8628211591438557,8.0,0.08640387349638294
22,21,Banana,27.04,66.35,0.872,0.653,27.48,25.0,2.2,1.0,0.041667,1.1745032608833677,0.9621168682273717,7.037883131772628,5.1667,-1.8711831317726286,8.0,0.04893802737122728
22,22,Banana,26.45,69.78,0.872,0.653,27.48,25.0,2.2,1.0,0.041667,1.1211179053156235,1.0088304879881578,6.991169512011842,5.1496,-1.8415695120118416,8.0,0.046713619760786085
22,23,Banana,26.54,56.42,0.872,0.653,27.48,25.0,2.2,1.0,0.041667,1.1291017820506304,1.0558767719408615,6.944123228059139,5.0421,-1.9020232280591394,8.0,0.04704628395270362
22,24,Banana,23.29,65.65,0.872,0.653,27.48,25.0,2.2,1.0,0.041667,0.8738677691754323,1.0922882202790942,6.9077117797209056,4.8902,-2.0175117797209055,8.0,0.03641144833823274
22,25,Banana,23.31,65.38,0.872,0.653,27.48,25.0,2.2,1.0,0.041667,0.875246871201979,1.128757131661467,6.871242868338533,4.8061,-2.0651428683385333,8.0,0.03646891138237286
22,26,Banana,21.7,65.01,0.872,0.653,27.48,25.0,2.2,1.0,0.041667,0.7709043838098693,1.160878404621673,6.839121595378327,4.8112,-2.0279215953783263,8.0,0.032121272960205824
22,27,Banana,22.76,59.79,0.872,0.653,27.48,25.0,2.2,1.0,0.041667,0.8381028538658345,1.1957996362337007,6.8042003637662996,4.8816,-1.9226003637662998,8.0,0.03492123161202773
22,28,Banana,21.72,64.32,0.872,0.653,27.48,25.0,2.2,1.0,0.041667,0.7721209932735517,1.2279716016604296,6.77202839833957,4.7687,-2.00332839833957,8.0,0.03217196542672908
22,29,Banana,21.99,63.2,0.872,0.653,27.48,25.0,2.2,1.0,0.041667,0.788734382634128,1.260835797181646,6.739164202818354,4.5596,-2.179564202818354,8.0,0.032864195521216215
22,30,Banana,22.67,62.74,0.872,0.653,27.48,25.0,2.2,1.0,0.041667,0.8321766300453655,1.2955101008257461,6.704489899174254,4.4959,-2.208589899174254,8.0,0.03467430364410024
22,31,Banana,20.83,70.5,0.872,0.653,27.48,25.0,2.2,1.0,0.041667,0.7197965191026239,1.3255018623871953,6.6744981376128045,4.4216,-2.2528981376128048,8.0,0.029991761561449032
22,32,Banana,22.35,71.49,0.872,0.653,27.48,25.0,2.2,1.0,0.041667,0.8114429466830629,1.3593122556466384,6.640687744353362,4.3812,-2.259487744353362,8.0,0.03381039325944318
22,33,Banana,23.64,75.99,0.872,0.653,27.48,25.0,2.2,1.0,0.041667,0.8983188552790212,1.3967425073895494,6.60325749261045,4.3235,-2.2797574926104502,8.0,0.03743025174291098
22,34,Banana,24.88,84.51,0.872,0.653,27.48,25.0,2.2,1.0,0.041667,0.9905831307245323,1.4380171346974484,6.561982865302552,4.1493,-2.4126828653025516,8.0,0.04127462730789909
22,35,Banana,23.96,84.94,0.872,0.653,27.48,25.0,2.2,1.0,0.041667,0.9212723590094765,1.4764037900802964,6.523596209919703,4.0418,-2.481796209919703,8.0,0.038386655382847856
22,36,Banana,24.35,81.54,0.872,0.653,27.48,25.0,2.2,1.0,0.041667,0.9500413885672393,1.5159891646177275,6.484010835382272,3.9498,-2.534210835382272,8.0,0.03958537453743116
22,37,Banana,26.3,86.06,0.872,0.653,27.48,25.0,2.2,1.0,0.041667,1.1079367001308922,1.5621535631020813,6.437846436897919,3.6773,-2.7605464368979193,8.0,0.046164398484353886
22,38,Banana,25.73,86.77,0.872,0.653,27.48,25.0,2.2,1.0,0.041667,1.0592460561887391,1.6062891685252976,6.393710831474703,3.5821,-2.811610831474703,8.0,0.04413560542321619
22,39,Banana,26.0,83.9,0.872,0.653,27.48,25.0,2.2,1.0,0.041667,1.0820373898183429,1.6513744204468586,6.348625579553142,3.6865,-2.6621255795531416,8.0,0.0450852519215609
22,40,Banana,25.99,76.01,0.872,0.653,27.48,25.0,2.2,1.0,0.041667,1.081184585718166,1.6964241385799772,6.303575861420023,3.6818,-2.621775861420023,8.0,0.045049718133118824
22,41,Banana,27.67,76.47,0.872,0.653,27.48,25.0,2.2,1.0,0.041667,1.2343174129477614,1.7478544422252718,6.252145557774728,3.5646,-2.6875455577747283,8.0,0.05143030364529438
22,42,Banana,28.11,78.72,0.872,0.653,27.48,25.0,2.2,1.0,0.041667,1.2778899473634966,1.8011002826620666,6.198899717337934,3.4165,-2.782399717337934,8.0,0.05324584043679482
22,43,Banana,28.25,76.77,0.872,0.653,27.48,25.0,2.2,1.0,0.041667,1.2920739520076736,1.8549371280203701,6.14506287197963,3.4784,-2.66666287197963,8.0,0.05383684535830374
22,44,Banana,26.29,68.63,0.872,0.653,27.48,25.0,2.2,1.0,0.041667,1.1070634835771032,1.9010651421905773,6.0989348578094225,3.2443,-2.8546348578094225,8.0,0.04612801417020716
22,45,Banana,32.6,70.63,0.872,0.653,27.48,25.0,2.2,1.0,0.041667,1.8207119280803121,1.9769287460978997,6.0230712539021,3.2095,-2.8135712539021003,8.0,0.07586360390732237
22,46,Banana,25.15,68.03,0.872,0.653,27.48,25.0,2.2,1.0,0.041667,1.0118970742490738,2.019091461490636,5.9809085385093645,3.195,-2.7859085385093647,8.0,0.04216271539273616
22,47,Banana,24.49,62.57,0.872,0.653,27.48,25.0,2.2,1.0,0.041667,0.9605864214125166,2.059116215911631,5.940883784088369,3.0859,-2.8549837840883687,8.0,0.04002475442099533
22,48,Banana,26.13,63.27,0.872,0.653,27.48,25.0,2.2,1.0,0.041667,1.0931852491686287,2.1046659656887403,5.89533403431126,2.9347,-2.96063403431126,8.0,0.04554974977710925
22,49,Banana,22.89,66.38,0.872,0.653,27.48,25.0,2.2,1.0,0.041667,0.8467375395281646,2.1399469787482603,5.86005302125174,2.9293,-2.9307530212517396,8.0,0.035281013059520035
22,50,Banana,23.84,58.73,0.872,0.653,27.48,25.0,2.2,1.0,0.041667,0.9125968576375826,2.1779721520154456,5.822027847984554,2.9135,-2.908527847984554,8.0,0.03802517326718516
22,51,Banana,20.96,64.1,0.872,0.653,27.48,25.0,2.2,1.0,0.041667,0.7272123352576726,2.208272908388627,5.791727091611373,2.8638,-2.9279270916113727,8.0,0.030300756373181446
22,52,Banana,23.68,62.81,0.872,0.653,27.48,25.0,2.2,1.0,0.041667,0.9011564720602279,2.2458213951099606,5.75417860489004,2.7473,-3.0068786048900398,8.0,0.03754848672133352
22,53,Banana,21.57,63.66,0.872,0.653,27.48,25.0,2.2,1.0,0.041667,0.7630430138821584,2.2776151083693885,5.722384891630611,2.7515,-2.970884891630611,8.0,0.0317937132594279
22,54,Banana,20.53,63.21,0.872,0.653,27.48,25.0,2.2,1.0,0.041667,0.7029704374249168,2.3069057775855724,5.693094222414428,2.6197,-3.0733942224144277,8.0,0.02929066921618401
22,55,Banana,23.79,71.67,0.872,0.653,27.48,25.0,2.2,1.0,0.041667,0.9090062213996187,2.3447813398126307,5.655218660187369,2.3096,-3.345618660187369,8.0,0.037875562227057916
22,56,Banana,19.78,70.0,0.872,0.653,27.48,25.0,2.2,1.0,0.041667,0.6626059945734196,2.3723901437885213,5.627609856211478,2.4496,-3.178009856211478,8.0,0.02760880397589068
22,57,Banana,22.96,75.93,0.872,0.653,27.48,25.0,2.2,1.0,0.041667,0.8514237748883555,2.4078664182167944,5.592133581783205,2.275,-3.3171335817832053,8.0,0.035476274428273114
22,58,Banana,23.78,77.58,0.872,0.653,27.48,25.0,2.2,1.0,0.041667,0.9082897912281753,2.4457121289478985,5.554287871052102,2.175,-3.379287871052102,8.0,0.03784571073110438
22,59,Banana,23.32,79.75,0.872,0.653,27.48,25.0,2.2,1.0,0.041667,0.8759372381664066,2.4822098058505784,5.517790194149422,2.1967,-3.3210901941494217,8.0,0.03649767690267967
22,60,Banana,24.94,81.8,0.872,0.653,27.48,25.0,2.2,1.0,0.041667,0.9952804281831993,2.5236801554516877,5.476319844548312,2.0574,-3.4189198445483124,8.0,0.04147034960110937
22,61,Banana,26.29,81.54,0.872,0.653,27.48,25.0,2.2,1.0,0.041667,1.1070634835771032,2.569808169621895,5.430191830378105,1.893,-3.537191830378105,8.0,0.04612801417020716
22,62,Banana,28.43,80.87,0.872,0.653,27.48,25.0,2.2,1.0,0.041667,1.3105421081208355,2.624414527640966,5.375585472359035,1.6593,-3.7162854723590346,8.0,0.05460635801907086
22,63,Banana,27.81,82.09,0.872,0.653,27.48,25.0,2.2,1.0,0.041667,1.2480177820239562,2.676415684564558,5.323584315435442,1.7378,-3.5857843154354416,8.0,0.05200115692359219
22,64,Banana,27.67,82.42,0.872,0.653,27.48,25.0,2.2,1.0,0.041667,1.2343174129477614,2.7278459882098525,5.272154011790148,1.6099,-3.662254011790148,8.0,0.05143030364529438
22,65,Banana,27.48,78.57,0.872,0.653,27.48,25.0,2.2,1.0,0.041667,1.21596430098489,2.7785115727389895,5.2214884272610105,1.5572,-3.6642884272610106,8.0,0.050665584529137414
22,66,Banana,28.0,76.21,0.872,0.653,27.48,25.0,2.2,1.0,0.041667,1.2668546920110242,2.831297607191013,5.168702392808987,1.538,-3.6307023928089865,8.0,0.052786034452023345
22,67,Banana,27.51,72.03,0.872,0.653,27.48,25.0,2.2,1.0,0.041667,1.218843913328751,2.882083176527682,5.117916823472318,1.4094,-3.7085168234723183,8.0,0.05078556933666907
22,68,Banana,25.26,68.73,0.872,0.653,27.48,25.0,2.2,1.0,0.041667,1.020711457362762,2.9246131608216164,5.075386839178384,1.3526,-3.722786839178384,8.0,0.04252998429393421
22,69,Banana,27.87,67.9,0.872,0.653,27.48,25.0,2.2,1.0,0.041667,1.2539358221904433,2.9768609047248256,5.023139095275175,1.3035,-3.719639095275175,8.0,0.0522477439032092
22,70,Banana,27.74,69.28,0.872,0.653,27.48,25.0,2.2,1.0,0.041667,1.241148693759379,3.0285758473476974,4.971424152652302,1.3204,-3.651024152652302,8.0,0.051714942622872045
22,71,Banana,24.57,63.18,0.872,0.653,27.48,25.0,2.2,1.0,0.041667,0.9666646223428456,3.068853862166857,4.931146137833143,1.1058,-3.8253461378331433,8.0,0.040278014819159345
22,72,Banana,24.45,64.78,0.872,0.653,27.48,25.0,2.2,1.0,0.041667,0.9575616679610236,3.108752584185789,4.891247415814211,1.0901,-3.8011474158142113,8.0,0.03989872201893197
22,73,Banana,22.87,64.36,0.872,0.653,27.48,25.0,2.2,1.0,0.041667,0.8454033588585292,3.1439780059393474,4.856021994060653,1.0049,-3.8511219940606525,8.0,0.03522542175355834
22,74,Banana,22.79,58.7,0.872,0.653,27.48,25.0,2.2,1.0,0.041667,0.8400876253936351,3.1789819370266237,4.821018062973376,1.1085,-3.712518062973376,8.0,0.0350039310872766
22,75,Banana,22.97,63.97,0.872,0.653,27.48,25.0,2.2,1.0,0.041667,0.8520953509502085,3.214486194014666,4.7855138059853335,0.8254,-3.9601138059853334,8.0,0.03550425698804234
22,76,Banana,21.95,65.88,0.872,0.653,27.48,25.0,2.2,1.0,0.041667,0.7862507674247067,3.2472469047409516,4.752753095259049,0.9443,-3.8084530952590487,8.0,0.03276071072628525
22,77,Banana,22.13,65.99,0.872,0.653,27.48,25.0,2.2,1.0,0.041667,0.7974889801402639,3.2804758780764556,4.719524121923545,0.7536,-3.965924121923545,8.0,0.033228973335504376
22,78,Banana,21.48,67.54,0.872,0.653,27.48,25.0,2.2,1.0,0.041667,0.7576475380595278,3.312044778044782,4.687955221955217,0.6435,-4.044455221955218,8.0,0.03156889996832635
22,79,Banana,22.12,65.96,0.872,0.653,27.48,25.0,2.2,1.0,0.041667,0.7968604419044238,3.345247562077614,4.654752437922387,0.6519,-4.002852437922386,8.0,0.03320278403283163
22,80,Banana,22.09,72.62,0.872,0.653,27.48,25.0,2.2,1.0,0.041667,0.7949777979171592,3.378371901983428,4.621628098016572,0.5823,-4.039328098016572,8.0,0.03312433990581427
22,81,Banana,23.82,73.64,0.872,0.653,27.48,25.0,2.2,1.0,0.041667,0.9111589042815658,3.416337160048128,4.583662839951872,0.3268,-4.2568628399518715,8.0,0.037965258064700004
22,82,Banana,24.23,76.82,0.872,0.653,27.48,25.0,2.2,1.0,0.041667,0.9410949730048178,3.4555497642883197,4.544450235711681,0.2311,-4.313350235711681,8.0,0.03921260424019175
22,83,Banana,23.64,81.98,0.872,0.653,27.48,25.0,2.2,1.0,0.041667,0.8983188552790212,3.4929800160312308,4.507019983968769,0.0579,-4.449119983968769,8.0,0.03743025174291098
22,84,Banana,24.82,78.59,0.872,0.653,27.48,25.0,2.2,1.0,0.041667,0.9859080024985667,3.5340598447713387,4.465940155228662,0.1823,-4.283640155228662,8.0,0.04107982874010778
22,85,Banana,26.25,82.35,0.872,0.653,27.48,25.0,2.2,1.0,0.041667,1.1035774941665433,3.5800426082207757,4.419957391779224,0.0,-4.419957391779224,8.0,0.04598276344943736
22,86,Banana,27.38,78.59,0.872,0.653,27.48,25.0,2.2,1.0,0.041667,1.2064146379373435,3.6303102869397113,4.369689713060289,0.0,-4.369689713060289,8.0,0.050267678718935296
22,87,Banana,28.06,78.53,0.872,0.653,27.48,25.0,2.2,1.0,0.041667,1.2728620558967092,3.6833466302227595,4.3166533697772405,0.0,-4.3166533697772405,8.0,0.05303634328304819
22,88,Banana,27.63,80.73,0.872,0.653,27.48,25.0,2.2,1.0,0.041667,1.2304307185579304,3.734614986972913,4.265385013027087,0.0,-4.265385013027087,8.0,0.05126835675015329
22,89,Banana,27.86,76.46,0.872,0.653,27.48,25.0,2.2,1.0,0.041667,1.2529475369236076,3.7868215519939086,4.213178448006092,0.0,-4.213178448006092,8.0,0.05220656502099596
22,90,Banana,28.14,77.67,0.872,0.653,27.48,25.0,2.2,1.0,0.041667,1.2809162102756095,3.8401934877274626,4.159806512272537,0.0,-4.159806512272537,8.0,0.053371935733553824
22,91,Banana,27.24,74.62,0.872,0.653,27.48,25.0,2.2,1.0,0.041667,1.1931709758383455,3.889909342777719,4.1100906572222815,0.0,-4.1100906572222815,8.0,0.049715855050256344
22,92,Banana,26.35,76.58,0.872,0.653,27.48,25.0,2.2,1.0,0.041667,1.112313125254512,3.9362560937676987,4.063743906232301,0.0,-4.063743906232301,8.0,0.04634675098997976
22,93,Banana,25.13,68.69,0.872,0.653,27.48,25.0,2.2,1.0,0.041667,1.0103026563177797,3.9783523745484914,4.021647625451509,0.0,-4.021647625451509,8.0,0.04209628078079293
22,94,Banana,27.39,65.65,0.872,0.653,27.48,25.0,2.2,1.0,0.041667,1.2073662195297346,4.028659702817637,3.971340297182363,0.0,-3.971340297182363,8.0,0.050307328269145454
22,95,Banana,29.87,66.24,0.872,0.653,27.48,25.0,2.2,1.0,0.041667,1.4681142211632427,4.089831618070845,3.9101683819291546,0.0,-3.9101683819291546,8.0,0.061171915253208836
23,0,Tomato,28.55,77.59,0.975,0.694,33.98,25.0,2.0,1.0,0.041667,1.278985581277429,0.05329149221508663,9.946708507784914,9.9087,-0.03800850778491416,10.0,0.05329149221508663
23,1,Tomato,29.43,84.7,0.975,0.694,33.98,25.0,2.0,1.0,0.041667,1.3594282419067387,0.10993478877061472,9.890065211229386,10.0,0.10993478877061413,10.0,0.056643296555528085
23,2,Tomato,28.2,77.97,0.975,0.694,33.98,25.0,2.0,1.0,0.041667,1.2483305489016119,0.1619489777516982,9.838051022248301,9.8526,0.01454897775169961,10.0,0.05201418898108347
23,3,Tomato,27.14,77.35,0.975,0.694,33.98,25.0,2.0,1.0,0.041667,1.1598996545054345,0.21027851665597613,9.789721483344024,9.6138,-0.17592148334402502,10.0,0.04832953890427794
23,4,Tomato,26.93,71.86,0.975,0.694,33.98,25.0,2.0,1.0,0.041667,1.143138335414036,0.25790966167767276,9.742090338322328,9.6363,-0.10579033832232732,10.0,0.047631145021696644
23,5,Tomato,26.1,65.25,0.975,0.694,33.98,25.0,2.0,1.0,0.041667,1.0792282365044272,0.30287786460810273,9.697122135391897,9.5941,-0.10302213539189786,10.0,0.044968202930429975
23,6,Tomato,29.73,63.58,0.975,0.694,33.98,25.0,2.0,1.0,0.041667,1.3879927190155918,0.3607113572313254,9.639288642768674,9.4955,-0.14378864276867453,10.0,0.05783349262322267
23,7,Tomato,26.2,67.72,0.975,0.694,33.98,25.0,2.0,1.0,0.041667,1.086734862526058,0.4059923387481987,9.594007661251801,9.3723,-0.22170766125180208,10.0,0.045280981516873264
23,8,Tomato,24.92,63.13,0.975,0.694,33.98,25.0,2.0,1.0,0.041667,0.9944701686732145,0.4474289272663055,9.552571072733695,9.1813,-0.37127107273369475,10.0,0.04143658851810683
23,9,Tomato,24.69,59.73,0.975,0.694,33.98,25.0,2.0,1.0,0.041667,0.9787416503974359,0.48821015561341546,9.511789844386584,9.0946,-0.41718984438658424,10.0,0.04078122834710996
23,10,Tomato,23.71,60.34,0.975,0.694,33.98,25.0,2.0,1.0,0.041667,0.9144650894999016,0.5263131724976079,9.473686827502393,9.1948,-0.2788868275023919,10.0,0.0381030168841924
23,11,Tomato,23.21,63.05,0.975,0.694,33.98,25.0,2.0,1.0,0.041667,0.8833150514814653,0.5631182607476861,9.436881739252314,8.9379,-0.49898173925231326,10.0,0.036805088250078215
23,12,Tomato,23.75,64.66,0.975,0.694,33.98,25.0,2.0,1.0,0.041667,0.9170040432046712,0.6013270682158951,9.398672931784105,9.0496,-0.3490729317841055,10.0,0.03820880746820904
23,13,Tomato,22.69,70.68,0.975,0.694,33.98,25.0,2.0,1.0,0.041667,0.852044095074866,0.6368291895253796,9.363170810474621,8.6767,-0.6864708104746207,10.0,0.03550212130948444
23,14,Tomato,22.0,66.46,0.975,0.694,33.98,25.0,2.0,1.0,0.041667,0.8122523963562356,0.6706733101243548,9.329326689875645,8.7791,-0.5502266898756449,10.0,0.03384412059897527
23,15,Tomato,22.8,69.49,0.975,0.694,33.98,25.0,2.0,1.0,0.041667,0.8585654364377538,0.7064471561644068,9.293552843835593,8.6282,-0.6653528438355938,10.0,0.03577384604005189
23,16,Tomato,22.51,70.62,0.975,0.694,33.98,25.0,2.0,1.0,0.041667,0.8414794822853806,0.7415090817527917,9.258490918247208,8.5776,-0.6808909182472078,10.0,0.03506192558838495
23,17,Tomato,23.5,75.56,0.975,0.694,33.98,25.0,2.0,1.0,0.041667,0.9012504626108302,0.7790614847783972,9.220938515221603,8.3976,-0.823338515221602,10.0,0.03755240302560547
23,18,Tomato,24.21,79.24,0.975,0.694,33.98,25.0,2.0,1.0,0.041667,0.946713631236714,0.8185082016511374,9.181491798348862,8.4074,-0.7740917983488611,10.0,0.039446716872740165
23,19,Tomato,25.29,81.48,0.975,0.694,33.98,25.0,2.0,1.0,0.041667,1.0203046592484577,0.8610212358880428,9.138978764111958,8.2051,-0.9338787641119577,10.0,0.042513034236905486
23,20,Tomato,24.67,79.77,0.975,0.694,33.98,25.0,2.0,1.0,0.041667,0.9773857664108054,0.9017459686170818,9.098254031382918,8.12,-0.9782540313829191,10.0,0.04072473272903903
23,21,Tomato,26.82,77.64,0.975,0.694,33.98,25.0,2.0,1.0,0.041667,1.134455484935954,0.9490153253079082,9.050984674692092,8.1623,-0.888684674692092,10.0,0.0472693566908264
23,22,Tomato,28.63,80.81,0.975,0.694,33.98,25.0,2.0,1.0,0.041667,1.2860974834306034,1.0026031491500111,8.997396850849988,7.9566,-1.040796850849988,10.0,0.053587823842102957
23,23,Tomato,30.55,77.72,0.975,0.694,33.98,25.0,2.0,1.0,0.041667,1.4691686332783092,1.0638189985928186,8.936181001407181,7.8915,-1.0446810014071817,10.0,0.061215849442807314
23,24,Tomato,27.46,82.42,0.975,0.694,33.98,25.0,2.0,1.0,0.041667,1.185914499410948,1.1132324980397745,8.886767501960225,7.7229,-1.1638675019602251,10.0,0.04941349944695598
23,25,Tomato,27.2,76.41,0.975,0.694,33.98,25.0,2.0,1.0,0.041667,1.1647335864684558,1.1617634523871556,8.838236547612844,7.8002,-1.038036547612844,10.0,0.04853095434738115
23,26,Tomato,28.46,77.23,0.975,0.694,33.98,25.0,2.0,1.0,0.041667,1.2710316893056666,1.2147235297854548,8.785276470214544,7.5984,-1.1868764702145445,10.0,0.052960077398299214
23,27,Tomato,28.88,70.25,0.975,0.694,33.98,25.0,2.0,1.0,0.041667,1.3085780714550102,1.2692480522887708,8.73075194771123,7.4733,-1.25745194771123,10.0,0.05452452250331591
23,28,Tomato,25.17,69.94,0.975,0.694,33.98,25.0,2.0,1.0,0.041667,1.011853201026929,1.3114089396159598,8.68859106038404,7.5606,-1.1279910603840397,10.0,0.042160887327189055
23,29,Tomato,26.86,74.8,0.975,0.694,33.98,25.0,2.0,1.0,0.041667,1.1376052278725046,1.3588095366457236,8.641190463354276,7.1407,-1.500490463354276,10.0,0.04740059702976365
23,30,Tomato,25.29,67.05,0.975,0.694,33.98,25.0,2.0,1.0,0.041667,1.0203046592484577,1.401322570882629,8.598677429117371,7.2225,-1.3761774291173712,10.0,0.042513034236905486
23,31,Tomato,25.63,63.5,0.975,0.694,33.98,25.0,2.0,1.0,0.041667,1.0446357628642315,1.4448494092138928,8.555150590786107,7.1335,-1.4216505907861077,10.0,0.04352683833126394
23,32,Tomato,26.02,63.05,0.975,0.694,33.98,25.0,2.0,1.0,0.041667,1.0732602863934533,1.4895689455670489,8.510431054432951,7.0716,-1.438831054432951,10.0,0.04471953635315602
23,33,Tomato,24.01,63.34,0.975,0.694,33.98,25.0,2.0,1.0,0.041667,0.9336799449153133,1.5284725878318353,8.471527412168165,7.2134,-1.2581274121681645,10.0,0.03890364226478636
23,34,Tomato,22.53,57.24,0.975,0.694,33.98,25.0,2.0,1.0,0.041667,0.8426468295031517,1.563583153276743,8.436416846723256,6.9918,-1.4446168467232567,10.0,0.03511056544490782
23,35,Tomato,22.89,54.76,0.975,0.694,33.98,25.0,2.0,1.0,0.041667,0.8639381874002773,1.5995808657311505,8.40041913426885,6.8756,-1.5248191342688493,10.0,0.03599771245440735
23,36,Tomato,21.2,73.78,0.975,0.694,33.98,25.0,2.0,1.0,0.041667,0.7684375906440062,1.6315993548205143,8.368400645179486,6.6504,-1.7180006451794858,10.0,0.032018489089363805
23,37,Tomato,21.73,63.85,0.975,0.694,33.98,25.0,2.0,1.0,0.041667,0.7971924765405362,1.6648159737405288,8.335184026259471,6.5564,-1.778784026259471,10.0,0.03321661892001452
23,38,Tomato,21.44,68.03,0.975,0.694,33.98,25.0,2.0,1.0,0.041667,0.7813278801723175,1.6973715625236687,8.302628437476331,6.6498,-1.6528284374763311,10.0,0.03255558878313995
23,39,Tomato,22.96,69.77,0.975,0.694,33.98,25.0,2.0,1.0,0.041667,0.8681402276010429,1.7335443613871213,8.266455638612879,6.4793,-1.7871556386128784,10.0,0.036172798863452656
23,40,Tomato,21.74,73.82,0.975,0.694,33.98,25.0,2.0,1.0,0.041667,0.7977452398090328,1.7667840122942444,8.233215987705755,6.3106,-1.922615987705755,10.0,0.03323965090712297
23,41,Tomato,24.28,75.51,0.975,0.694,33.98,25.0,2.0,1.0,0.041667,0.9513182763317992,1.8064225909141614,8.193577409085838,6.3255,-1.8680774090858385,10.0,0.039638578619917084
23,42,Tomato,23.58,73.94,0.975,0.694,33.98,25.0,2.0,1.0,0.041667,0.9062619382673343,1.8441838070959464,8.155816192904053,6.1912,-1.964616192904053,10.0,0.03776121618178502
23,43,Tomato,24.9,81.91,0.975,0.694,33.98,25.0,2.0,1.0,0.041667,0.9930924954370358,1.8855629921033215,8.11443700789668,5.9821,-2.1323370078966795,10.0,0.041379185007374975
23,44,Tomato,26.69,86.7,0.975,0.694,33.98,25.0,2.0,1.0,0.041667,1.1242789237786177,1.9324083220204051,8.067591677979594,5.8491,-2.2184916779795945,10.0,0.046845329917083664
23,45,Tomato,26.12,84.6,0.975,0.694,33.98,25.0,2.0,1.0,0.041667,1.0807254020393515,1.9774389073471788,8.022561092652822,5.9271,-2.0954610926528217,10.0,0.04503058532677366
23,46,Tomato,26.08,77.59,0.975,0.694,33.98,25.0,2.0,1.0,0.041667,1.0777331450436707,2.0223448143017135,7.9776551856982865,5.8181,-2.159555185698286,10.0,0.04490590695453463
23,47,Tomato,27.75,85.18,0.975,0.694,33.98,25.0,2.0,1.0,0.041667,1.2099940892192926,2.0727616380172136,7.927238361982786,5.5263,-2.400938361982786,10.0,0.05041682371550027
23,48,Tomato,27.29,80.37,0.975,0.694,33.98,25.0,2.0,1.0,0.041667,1.1720222836745138,2.1215962905110795,7.8784037094889205,5.7452,-2.133203709488921,10.0,0.04883465249386597
23,49,Tomato,27.95,78.36,0.975,0.694,33.98,25.0,2.0,1.0,0.041667,1.226884977253804,2.172716906858314,7.827283093141686,5.6124,-2.214883093141686,10.0,0.051120616347234256
23,50,Tomato,29.62,76.31,0.975,0.694,33.98,25.0,2.0,1.0,0.041667,1.3774500463831376,2.23011111794096,7.76988888205904,5.4277,-2.34218888205904,10.0,0.057394211082646196
23,51,Tomato,25.46,72.88,0.975,0.694,33.98,25.0,2.0,1.0,0.041667,1.032398535483242,2.2731280677189405,7.7268719322810595,5.4423,-2.284571932281059,10.0,0.04301694977798024
23,52,Tomato,27.22,72.29,0.975,0.694,33.98,25.0,2.0,1.0,0.041667,1.1663493697884673,2.3217263469099163,7.678273653090084,5.2557,-2.422573653090084,10.0,0.04859827919097607
23,53,Tomato,25.85,61.78,0.975,0.694,33.98,25.0,2.0,1.0,0.041667,1.060687741368217,2.3659220230295057,7.634077976970494,5.2338,-2.4002779769704947,10.0,0.0441956761195895
23,54,Tomato,27.15,59.4,0.975,0.694,33.98,25.0,2.0,1.0,0.041667,1.16070391438372,2.414285073030132,7.585714926969867,5.1914,-2.3943149269698676,10.0,0.04836305000062646
23,55,Tomato,25.54,68.99,0.975,0.694,33.98,25.0,2.0,1.0,0.041667,1.0381392705430572,2.45754122201585,7.54245877798415,4.9429,-2.59955877798415,10.0,0.043256148985717564
23,56,Tomato,23.46,59.93,0.975,0.694,33.98,25.0,2.0,1.0,0.041667,0.8987551266110299,2.494989651876352,7.505010348123648,4.8955,-2.6095103481236475,10.0,0.037448429860501786
23,57,Tomato,23.92,61.28,0.975,0.694,33.98,25.0,2.0,1.0,0.041667,0.9278734764712828,2.5336513560204805,7.4663486439795195,4.9269,-2.5394486439795196,10.0,0.03866170414412894
23,58,Tomato,23.91,67.21,0.975,0.694,33.98,25.0,2.0,1.0,0.041667,0.9272305464354625,2.572286271198807,7.4277137288011925,4.7364,-2.691313728801193,10.0,0.03863491517832642
23,59,Tomato,22.19,70.39,0.975,0.694,33.98,25.0,2.0,1.0,0.041667,0.8230203452787082,2.606579059925535,7.393420940074465,4.6306,-2.762820940074465,10.0,0.03429278872672793
23,60,Tomato,22.6,63.07,0.975,0.694,33.98,25.0,2.0,1.0,0.041667,0.8467453123625273,2.6418603968557446,7.358139603144256,4.5323,-2.8258396031442556,10.0,0.03528133693020943
23,61,Tomato,20.8,68.15,0.975,0.694,33.98,25.0,2.0,1.0,0.041667,0.7474246243174693,2.6730033386771805,7.32699666132282,4.4911,-2.8358966613228196,10.0,0.031142941821435993
23,62,Tomato,22.97,73.79,0.975,0.694,33.98,25.0,2.0,1.0,0.041667,0.8687421851506232,2.7092012193058514,7.290798780694148,4.3938,-2.8969987806941484,10.0,0.03619788062867102
23,63,Tomato,21.61,72.86,0.975,0.694,33.98,25.0,2.0,1.0,0.041667,0.7905891166039439,2.742142696027388,7.257857303972612,4.2943,-2.963557303972612,10.0,0.032941476721536536
23,64,Tomato,23.35,72.41,0.975,0.694,33.98,25.0,2.0,1.0,0.041667,0.8919285194200928,2.779306681646065,7.220693318353935,4.2309,-2.989793318353935,10.0,0.03716398561867701
23,65,Tomato,22.67,76.32,0.975,0.694,33.98,25.0,2.0,1.0,0.041667,0.8508637295065407,2.814759620663414,7.1852403793365855,4.1116,-3.0736403793365854,10.0,0.035452939017349035
23,66,Tomato,24.43,77.14,0.975,0.694,33.98,25.0,2.0,1.0,0.041667,0.9612609283887613,2.8548124797665886,7.145187520233412,3.9894,-3.155787520233412,10.0,0.04005285910317452
23,67,Tomato,25.11,76.33,0.975,0.694,33.98,25.0,2.0,1.0,0.041667,1.007653760410504,2.896798389001613,7.103201610998386,3.9998,-3.1034016109983864,10.0,0.041985909235024474
23,68,Tomato,26.02,82.43,0.975,0.694,33.98,25.0,2.0,1.0,0.041667,1.0732602863934533,2.941517925354769,7.058482074645231,3.7113,-3.347182074645231,10.0,0.04471953635315602
23,69,Tomato,30.0,87.77,0.975,0.694,33.98,25.0,2.0,1.0,0.041667,1.4142135623730951,3.000443961858169,6.999556038141831,3.2416,-3.757956038141831,10.0,0.05892603650339976
23,70,Tomato,26.36,78.7,0.975,0.694,33.98,25.0,2.0,1.0,0.041667,1.0988542175768796,3.0462299205419447,6.953770079458055,3.4431,-3.510670079458055,10.0,0.04578595868377584
23,71,Tomato,27.63,80.26,0.975,0.694,33.98,25.0,2.0,1.0,0.041667,1.1999713823732154,3.0962291281312893,6.90377087186871,3.5565,-3.34727087186871,10.0,0.04999920758934477
23,72,Tomato,28.26,80.97,0.975,0.694,33.98,25.0,2.0,1.0,0.041667,1.2535330204406907,3.1484600884939917,6.851539911506008,3.3644,-3.4871399115060084,10.0,0.052230960362702264
23,73,Tomato,29.7,74.85,0.975,0.694,33.98,25.0,2.0,1.0,0.041667,1.3851094681109246,3.2061734447017693,6.793826555298231,3.3426,-3.4512265552982306,10.0,0.0577133562077779
23,74,Tomato,28.28,73.83,0.975,0.694,33.98,25.0,2.0,1.0,0.041667,1.2552719912826433,3.2584768627625436,6.741523137237456,3.2636,-3.477923137237456,10.0,0.052303418060773904
23,75,Tomato,27.15,75.32,0.975,0.694,33.98,25.0,2.0,1.0,0.041667,1.16070391438372,3.30683991276317,6.69316008723683,3.2351,-3.45806008723683,10.0,0.04836305000062646
23,76,Tomato,25.71,72.77,0.975,0.694,33.98,25.0,2.0,1.0,0.041667,1.0504445440107533,3.350608785578466,6.649391214421534,3.0942,-3.5551912144215345,10.0,0.04376887281529606
23,77,Tomato,27.54,66.96,0.975,0.694,33.98,25.0,2.0,1.0,0.041667,1.1925088723306316,3.4002970527618666,6.599702947238134,3.0888,-3.510902947238134,10.0,0.04968826718340043
23,78,Tomato,26.34,68.55,0.975,0.694,33.98,25.0,2.0,1.0,0.041667,1.097331937579243,3.446019582604981,6.553980417395019,2.9961,-3.557880417395019,10.0,0.04572252984311432
23,79,Tomato,24.43,62.22,0.975,0.694,33.98,25.0,2.0,1.0,0.041667,0.9612609283887613,3.4860724417081554,6.5139275582918446,2.9461,-3.5678275582918446,10.0,0.04005285910317452
23,80,Tomato,24.28,58.83,0.975,0.694,33.98,25.0,2.0,1.0,0.041667,0.9513182763317992,3.5257110203280724,6.474288979671927,2.8119,-3.662388979671927,10.0,0.039638578619917084
23,81,Tomato,23.2,56.03,0.975,0.694,33.98,25.0,2.0,1.0,0.041667,0.8827029962906549,3.562490606074515,6.437509393925485,2.8106,-3.6269093939254846,10.0,0.03677958574644272
23,82,Tomato,22.36,58.22,0.975,0.694,33.98,25.0,2.0,1.0,0.041667,0.8327757708805489,3.597189874119795,6.402810125880205,2.8058,-3.5970101258802045,10.0,0.034699268045279834
23,83,Tomato,22.59,58.36,0.975,0.694,33.98,25.0,2.0,1.0,0.041667,0.8461585966002897,3.632446764364339,6.367553235635661,2.6544,-3.7131532356356614,10.0,0.03525689024454427
23,84,Tomato,24.45,66.04,0.975,0.694,33.98,25.0,2.0,1.0,0.041667,0.9625944431017514,3.67255518702506,6.3274448129749405,2.4991,-3.8283448129749407,10.0,0.04010842266072068
23,85,Tomato,21.68,66.62,0.975,0.694,33.98,25.0,2.0,1.0,0.041667,0.7944344000961047,3.7056568851738643,6.294343114826136,2.425,-3.869343114826136,10.0,0.0331016981488044
23,86,Tomato,20.95,70.39,0.975,0.694,33.98,25.0,2.0,1.0,0.041667,0.7552362927814127,3.7371253157851876,6.262874684214813,2.1759,-4.0869746842148125,10.0,0.03146843061132312
23,87,Tomato,21.11,76.41,0.975,0.694,33.98,25.0,2.0,1.0,0.041667,0.7636587489803502,3.7689446848789516,6.231055315121049,2.0148,-4.216255315121049,10.0,0.03181936909376425
23,88,Tomato,22.59,73.98,0.975,0.694,33.98,25.0,2.0,1.0,0.041667,0.8461585966002897,3.804201575123496,6.195798424876504,2.0398,-4.155998424876504,10.0,0.03525689024454427
23,89,Tomato,24.26,78.59,0.975,0.694,33.98,25.0,2.0,1.0,0.041667,0.9500003828748861,3.843785241076744,6.156214758923256,1.852,-4.304214758923256,10.0,0.03958366595324788
23,90,Tomato,23.97,78.77,0.975,0.694,33.98,25.0,2.0,1.0,0.041667,0.9310948198302289,3.88258116893461,6.11741883106539,1.6841,-4.43331883106539,10.0,0.03879592785786615
23,91,Tomato,24.05,80.48,0.975,0.694,33.98,25.0,2.0,1.0,0.041667,0.9362722474344923,3.921592824668463,6.078407175331537,1.5555,-4.522907175331537,10.0,0.03901165573385299
23,92,Tomato,25.28,82.35,0.975,0.694,33.98,25.0,2.0,1.0,0.041667,1.0195976829981905,3.9640764013259484,6.035923598674051,1.6489,-4.387023598674051,10.0,0.04248357665748561
23,93,Tomato,27.37,80.88,0.975,0.694,33.98,25.0,2.0,1.0,0.041667,1.1785394078116822,4.013182602831238,5.986817397168762,1.4152,-4.571617397168762,10.0,0.04910620150528937
23,94,Tomato,28.38,79.15,0.975,0.694,33.98,25.0,2.0,1.0,0.041667,1.2640030984528068,4.065849819934471,5.934150180065529,1.3831,-4.55105018006553,10.0,0.052667217103233105
23,95,Tomato,27.48,80.83,0.975,0.694,33.98,25.0,2.0,1.0,0.041667,1.1875596660734102,4.115331868540752,5.884668131459248,1.2195,-4.665168131459248,10.0,0.04948204860628079
24,0,Tomato,22.58,73.11,0.962,0.578,21.0,25.0,2.0,1.0,0.041667,0.8455722873775164,0.03523246049815898,9.96476753950184,10.0,0.03523246049815931,10.0,0.03523246049815898
24,1,Tomato,22.94,75.19,0.962,0.578,21.0,25.0,2.0,1.0,0.041667,0.8669375635146868,0.07135514795712544,9.928644852042874,10.0,0.07135514795712616,10.0,0.036122687458966456
24,2,Tomato,24.73,78.68,0.962,0.578,21.0,25.0,2.0,1.0,0.041667,0.9814590638534794,0.11224960277070836,9.887750397229292,9.8138,-0.0739503972292912,10.0,0.04089445481358293
24,3,Tomato,24.99,73.68,0.962,0.578,21.0,25.0,2.0,1.0,0.041667,0.9993070929904524,0.15388773141434153,9.846112268585658,9.7915,-0.05461226858565915,10.0,0.041638128643633185
24,4,Tomato,24.93,84.02,0.962,0.578,21.0,25.0,2.0,1.0,0.041667,0.9951597218200828,0.19535305154341895,9.80464694845658,9.7565,-0.04814694845657996,10.0,0.041465320129077395
24,5,Tomato,26.24,80.36,0.962,0.578,21.0,25.0,2.0,1.0,0.041667,1.089752112213328,0.24075975280301168,9.759240247196988,9.5537,-0.20554024719698916,10.0,0.045406701259592744
24,6,Tomato,30.77,80.36,0.962,0.578,21.0,25.0,2.0,1.0,0.041667,1.4917440266914654,0.302916251163165,9.697083748836835,9.6611,-0.03598374883683597,10.0,0.062156498360153294
24,7,Tomato,28.18,78.53,0.962,0.578,21.0,25.0,2.0,1.0,0.041667,1.2466011942750974,0.3548583831250255,9.645141616874975,9.458,-0.18714161687497466,10.0,0.05194213196186049
24,8,Tomato,29.33,79.98,0.962,0.578,21.0,25.0,2.0,1.0,0.041667,1.3500379851227455,0.4111104158511349,9.588889584148864,9.3322,-0.2566895841488641,10.0,0.056252032726109444
24,9,Tomato,27.35,84.16,0.962,0.578,21.0,25.0,2.0,1.0,0.041667,1.1769067372187674,0.4601485888708293,9.53985141112917,9.2529,-0.28695141112917,10.0,0.04903817301969438
24,10,Tomato,27.25,79.97,0.962,0.578,21.0,25.0,2.0,1.0,0.041667,1.1687772485612455,0.5088480304866307,9.49115196951337,9.2919,-0.19925196951336943,10.0,0.04869944161580142
24,11,Tomato,33.1,72.54,0.962,0.578,21.0,25.0,2.0,1.0,0.041667,1.7532114426320704,0.5818990916667812,9.41810090833322,9.0881,-0.3300009083332185,10.0,0.07305106118015048
24,12,Tomato,28.84,73.67,0.962,0.578,21.0,25.0,2.0,1.0,0.041667,1.3049549476889577,0.636272649472137,9.363727350527864,9.0209,-0.3428273505278643,10.0,0.054373557805355806
24,13,Tomato,28.45,64.85,0.962,0.578,21.0,25.0,2.0,1.0,0.041667,1.2701509825387896,0.6891960304615807,9.31080396953842,9.0694,-0.24140396953841936,10.0,0.05292338098944375
24,14,Tomato,24.78,64.31,0.962,0.578,21.0,25.0,2.0,1.0,0.041667,0.9848664428955507,0.7302324605377096,9.26976753946229,8.9622,-0.30756753946229054,10.0,0.041036430076128914
24,15,Tomato,28.55,61.96,0.962,0.578,21.0,25.0,2.0,1.0,0.041667,1.278985581277429,0.7835239527527963,9.216476047247204,8.9754,-0.2410760472472031,10.0,0.05329149221508663
24,16,Tomato,23.35,63.33,0.962,0.578,21.0,25.0,2.0,1.0,0.041667,0.8919285194200928,0.8206879383714734,9.179312061628526,8.9302,-0.2491120616285265,10.0,0.03716398561867701
24,17,Tomato,25.13,56.39,0.962,0.578,21.0,25.0,2.0,1.0,0.041667,1.0090516338446813,0.8627320927988796,9.137267907201121,8.7477,-0.3895679072011209,10.0,0.04204415442740634
24,18,Tomato,23.68,58.62,0.962,0.578,21.0,25.0,2.0,1.0,0.041667,0.9125654885434519,0.9007559590100197,9.09924404098998,8.6645,-0.43474404098997965,10.0,0.03802386621114001
24,19,Tomato,21.4,68.0,0.962,0.578,21.0,25.0,2.0,1.0,0.041667,0.7791645796604998,0.9332214095507337,9.066778590449266,8.6539,-0.41287859044926556,10.0,0.03246545054071405
24,20,Tomato,20.86,69.99,0.962,0.578,21.0,25.0,2.0,1.0,0.041667,0.7505395487571855,0.9644941409287994,9.0355058590712,8.3813,-0.654205859071201,10.0,0.03127273137806565
24,21,Tomato,21.98,65.66,0.962,0.578,21.0,25.0,2.0,1.0,0.041667,0.8111271555770427,0.998291376120228,9.001708623879772,8.332,-0.6697086238797709,10.0,0.03379723519142864
24,22,Tomato,23.4,65.93,0.962,0.578,21.0,25.0,2.0,1.0,0.041667,0.8950250709279723,1.0355843857505838,8.964415614249416,8.2937,-0.6707156142494171,10.0,0.037293009630355825
24,23,Tomato,21.11,69.72,0.962,0.578,21.0,25.0,2.0,1.0,0.041667,0.7636587489803502,1.067403754844348,8.932596245155652,8.3302,-0.6023962451556528,10.0,0.03181936909376425
24,24,Tomato,20.94,78.18,0.962,0.578,21.0,25.0,2.0,1.0,0.041667,0.75471298426028,1.0988503807595211,8.90114961924048,8.2495,-0.6516496192404801,10.0,0.03144662591517309
24,25,Tomato,20.58,76.96,0.962,0.578,21.0,25.0,2.0,1.0,0.041667,0.7361134310840891,1.129522019092502,8.870477980907499,8.1581,-0.7123779809074993,10.0,0.03067163833298074
24,26,Tomato,23.43,79.63,0.962,0.578,21.0,25.0,2.0,1.0,0.041667,0.8968881596620147,1.1668926580411392,8.833107341958861,8.0043,-0.8288073419588606,10.0,0.03737063894863717
24,27,Tomato,23.21,76.19,0.962,0.578,21.0,25.0,2.0,1.0,0.041667,0.8833150514814653,1.2036977462912173,8.796302253708783,8.0918,-0.7045022537087835,10.0,0.036805088250078215
24,28,Tomato,25.22,85.02,0.962,0.578,21.0,25.0,2.0,1.0,0.041667,1.0153661008694295,1.2460050056161438,8.753994994383856,7.8932,-0.8607949943838555,10.0,0.04230725932492652
24,29,Tomato,25.94,84.51,0.962,0.578,21.0,25.0,2.0,1.0,0.041667,1.06732533803996,1.290477250476255,8.709522749523746,7.8375,-0.8720227495237456,10.0,0.04447224486011102
24,30,Tomato,27.92,83.95,0.962,0.578,21.0,25.0,2.0,1.0,0.041667,1.2243363924002046,1.341491674938394,8.658508325061606,7.7161,-0.9424083250616055,10.0,0.05101442446213933
24,31,Tomato,28.8,84.16,0.962,0.578,21.0,25.0,2.0,1.0,0.041667,1.3013418554419336,1.3957146860290932,8.604285313970907,7.5367,-1.0675853139709073,10.0,0.05422301109069905
24,32,Tomato,26.74,81.66,0.962,0.578,21.0,25.0,2.0,1.0,0.041667,1.1281821374565113,1.4427226511504936,8.557277348849507,7.6624,-0.8948773488495068,10.0,0.04700796512140046
24,33,Tomato,27.72,79.24,0.962,0.578,21.0,25.0,2.0,1.0,0.041667,1.2074805914864961,1.4930347449559616,8.506965255044038,7.4695,-1.0374652550440384,10.0,0.050312093805467833
24,34,Tomato,27.55,69.84,0.962,0.578,21.0,25.0,2.0,1.0,0.041667,1.193335743031722,1.5427574653608642,8.457242534639136,7.6245,-0.8327425346391353,10.0,0.04972272040490276
24,35,Tomato,28.09,71.61,0.962,0.578,21.0,25.0,2.0,1.0,0.041667,1.2388486977839088,1.5943765740514264,8.405623425948573,7.4595,-0.9461234259485725,10.0,0.05161910869056213
24,36,Tomato,27.73,72.93,0.962,0.578,21.0,25.0,2.0,1.0,0.041667,1.2083178433899424,1.644723553631955,8.355276446368045,7.4169,-0.9383764463680446,10.0,0.050346979580528736
24,37,Tomato,27.68,67.11,0.962,0.578,21.0,25.0,2.0,1.0,0.041667,1.2041373812314158,1.6948963458957245,8.305103654104276,7.4322,-0.8729036541042756,10.0,0.0501727922637694
24,38,Tomato,25.45,62.95,0.962,0.578,21.0,25.0,2.0,1.0,0.041667,1.0316831793013588,1.7378834889276742,8.262116511072326,7.3023,-0.9598165110723267,10.0,0.04298714303194972
24,39,Tomato,23.8,64.23,0.962,0.578,21.0,25.0,2.0,1.0,0.041667,0.9201876506248752,1.7762249477662608,8.223775052233739,7.2448,-0.9789750522337393,10.0,0.038341458838586674
24,40,Tomato,24.5,66.43,0.962,0.578,21.0,25.0,2.0,1.0,0.041667,0.9659363289248456,1.8164726167835725,8.183527383216427,7.1571,-1.0264273832164275,10.0,0.04024766901731154
24,41,Tomato,24.19,61.44,0.962,0.578,21.0,25.0,2.0,1.0,0.041667,0.9454021167507438,1.8558646867822257,8.144135313217774,7.1585,-0.9856353132177738,10.0,0.039392069998653245
24,42,Tomato,22.86,63.36,0.962,0.578,21.0,25.0,2.0,1.0,0.041667,0.8621435450175959,1.8917876218724738,8.108212378127526,7.1202,-0.9880123781275261,10.0,0.03592293509024817
24,43,Tomato,25.75,66.4,0.962,0.578,21.0,25.0,2.0,1.0,0.041667,1.0533610359548358,1.935678016157604,8.064321983842396,6.8836,-1.1807219838423952,10.0,0.04389039428513015
24,44,Tomato,23.08,71.1,0.962,0.578,21.0,25.0,2.0,1.0,0.041667,0.8753913296942639,1.972152946691975,8.027847053308026,6.7398,-1.2880470533080262,10.0,0.0364749305343709
24,45,Tomato,21.86,62.97,0.962,0.578,21.0,25.0,2.0,1.0,0.041667,0.8044083709419158,2.0056702302840117,7.994329769715988,6.7331,-1.261229769715988,10.0,0.0335172835920368
24,46,Tomato,21.4,72.88,0.962,0.578,21.0,25.0,2.0,1.0,0.041667,0.7791645796604998,2.038135680824726,7.961864319175274,6.7044,-1.2574643191752743,10.0,0.03246545054071405
24,47,Tomato,22.04,75.86,0.962,0.578,21.0,25.0,2.0,1.0,0.041667,0.8145075630702153,2.0720737674551724,7.927926232544827,6.6298,-1.2981262325448268,10.0,0.033938086630446666
24,48,Tomato,23.58,71.98,0.962,0.578,21.0,25.0,2.0,1.0,0.041667,0.9062619382673343,2.1098349836369574,7.890165016363042,6.7144,-1.1757650163630418,10.0,0.03776121618178502
24,49,Tomato,22.7,79.44,0.962,0.578,21.0,25.0,2.0,1.0,0.041667,0.8526348917679567,2.145361721672253,7.854638278327747,6.3638,-1.4908382783277467,10.0,0.035526738035295456
24,50,Tomato,22.89,78.88,0.962,0.578,21.0,25.0,2.0,1.0,0.041667,0.8639381874002773,2.1813594341266604,7.8186405658733396,6.3815,-1.4371405658733396,10.0,0.03599771245440735
24,51,Tomato,25.21,82.31,0.962,0.578,21.0,25.0,2.0,1.0,0.041667,1.0146625465808803,2.2236373784550456,7.776362621544955,6.1111,-1.6652626215449544,10.0,0.04227794432838554
24,52,Tomato,23.86,88.22,0.962,0.578,21.0,25.0,2.0,1.0,0.041667,0.9240225724468233,2.2621386269811876,7.737861373018813,5.8567,-1.8811613730188128,10.0,0.03850124852614179
24,53,Tomato,24.66,85.1,0.962,0.578,21.0,25.0,2.0,1.0,0.041667,0.9767085289622274,2.302835141257457,7.697164858742543,6.0195,-1.677664858742543,10.0,0.04069651427626913
24,54,Tomato,27.11,76.72,0.962,0.578,21.0,25.0,2.0,1.0,0.041667,1.1574902169901224,2.3510642861287843,7.648935713871216,5.9748,-1.674135713871216,10.0,0.048229144871327435
24,55,Tomato,25.98,76.58,0.962,0.578,21.0,25.0,2.0,1.0,0.041667,1.070288698426624,2.395660005326126,7.6043399946738734,6.0142,-1.5901399946738737,10.0,0.04459571919734214
24,56,Tomato,28.18,81.67,0.962,0.578,21.0,25.0,2.0,1.0,0.041667,1.2466011942750974,2.4476021372879866,7.552397862712013,5.8662,-1.6861978627120129,10.0,0.05194213196186049
24,57,Tomato,28.26,82.79,0.962,0.578,21.0,25.0,2.0,1.0,0.041667,1.2535330204406907,2.499833097650689,7.500166902349311,5.9425,-1.557666902349311,10.0,0.052230960362702264
24,58,Tomato,27.73,74.27,0.962,0.578,21.0,25.0,2.0,1.0,0.041667,1.2083178433899424,2.550180077231218,7.449819922768782,5.8692,-1.5806199227687818,10.0,0.050346979580528736
24,59,Tomato,27.27,75.79,0.962,0.578,21.0,25.0,2.0,1.0,0.041667,1.17039864147459,2.5989470774255397,7.40105292257446,5.6659,-1.7351529225744606,10.0,0.048767000194321744
24,60,Tomato,26.76,71.5,0.962,0.578,21.0,25.0,2.0,1.0,0.041667,1.1297472145701237,2.646020254615033,7.353979745384967,5.5288,-1.8251797453849665,10.0,0.047073177189493345
24,61,Tomato,28.01,68.13,0.962,0.578,21.0,25.0,2.0,1.0,0.041667,1.231998073445756,2.6973539183412973,7.302646081658702,5.5386,-1.7640460816587025,10.0,0.05133366372626432
24,62,Tomato,31.96,66.73,0.962,0.578,21.0,25.0,2.0,1.0,0.041667,1.620006947264092,2.76485474781295,7.23514525218705,5.7017,-1.5334452521870503,10.0,0.06750082947165292
24,63,Tomato,25.65,66.05,0.962,0.578,21.0,25.0,2.0,1.0,0.041667,1.0460849397925291,2.8084419689992854,7.191558031000715,5.518,-1.6735580310007148,10.0,0.04358722118633532
24,64,Tomato,25.26,72.55,0.962,0.578,21.0,25.0,2.0,1.0,0.041667,1.018185199764621,2.850866691717878,7.1491333082821225,5.3036,-1.8455333082821221,10.0,0.04242472271859246
24,65,Tomato,23.24,55.33,0.962,0.578,21.0,25.0,2.0,1.0,0.041667,0.885153764579545,2.8877483936266137,7.112251606373386,5.3103,-1.801951606373386,10.0,0.0368817019087359
24,66,Tomato,23.12,63.82,0.962,0.578,21.0,25.0,2.0,1.0,0.041667,0.8778217976095194,2.9243245944676097,7.07567540553239,5.4557,-1.61997540553239,10.0,0.036576200840995846
24,67,Tomato,21.77,67.11,0.962,0.578,21.0,25.0,2.0,1.0,0.041667,0.7994058303524723,2.957633437200906,7.042366562799094,5.0808,-1.961566562799094,10.0,0.03330884273329646
24,68,Tomato,21.52,62.46,0.962,0.578,21.0,25.0,2.0,1.0,0.041667,0.7856725166675802,2.990370053952894,7.009629946047106,5.1997,-1.8099299460471059,10.0,0.032736616751988065
24,69,Tomato,24.29,59.66,0.962,0.578,21.0,25.0,2.0,1.0,0.041667,0.9519779084975314,3.0300361174662607,6.969963882533739,5.1344,-1.835563882533739,10.0,0.03966606351336664
24,70,Tomato,21.11,74.19,0.962,0.578,21.0,25.0,2.0,1.0,0.041667,0.7636587489803502,3.061855486560025,6.938144513439974,5.0579,-1.8802445134399743,10.0,0.03181936909376425
24,71,Tomato,23.33,69.01,0.962,0.578,21.0,25.0,2.0,1.0,0.041667,0.8906929006066808,3.0989679876496035,6.901032012350397,5.0939,-1.8071320123503973,10.0,0.03711250108957857
24,72,Tomato,22.69,78.48,0.962,0.578,21.0,25.0,2.0,1.0,0.041667,0.852044095074866,3.1344701089590883,6.865529891040912,4.9247,-1.940829891040912,10.0,0.03550212130948444
24,73,Tomato,23.83,77.77,0.962,0.578,21.0,25.0,2.0,1.0,0.041667,0.9221031179126311,3.1728913795731537,6.827108620426847,4.8138,-2.013308620426847,10.0,0.038421270614065604
24,74,Tomato,23.3,92.11,0.962,0.578,21.0,25.0,2.0,1.0,0.041667,0.8888426811665703,3.209926787569321,6.790073212430679,3.7505,-3.0395732124306787,10.0,0.03703540799616749
24,75,Tomato,24.6,75.64,0.962,0.578,21.0,25.0,2.0,1.0,0.041667,0.9726549474122856,3.250454401263149,6.749545598736852,4.5647,-2.1848455987368514,10.0,0.04052761369382771
24,76,Tomato,24.65,83.36,0.962,0.578,21.0,25.0,2.0,1.0,0.041667,0.9760317607762246,3.291122716639412,6.708877283360588,4.441,-2.267877283360588,10.0,0.04066831537626295
24,77,Tomato,26.0,83.49,0.962,0.578,21.0,25.0,2.0,1.0,0.041667,1.0717734625362931,3.3357803015029117,6.664219698497089,4.2486,-2.415619698497089,10.0,0.04465758486349973
24,78,Tomato,26.53,80.49,0.962,0.578,21.0,25.0,2.0,1.0,0.041667,1.111879157517107,3.3821089703591767,6.617891029640823,4.3711,-2.246791029640823,10.0,0.0463286688562653
24,79,Tomato,27.08,82.66,0.962,0.578,21.0,25.0,2.0,1.0,0.041667,1.155085784553584,3.430237929744171,6.569762070255829,4.1416,-2.428162070255828,10.0,0.04812895938499419
24,80,Tomato,27.78,84.03,0.962,0.578,21.0,25.0,2.0,1.0,0.041667,1.2125128190617374,3.4807597013760163,6.519240298623984,4.0264,-2.4928402986239844,10.0,0.050521771631845416
24,81,Tomato,28.0,88.85,0.962,0.578,21.0,25.0,2.0,1.0,0.041667,1.2311444133449163,3.532057795646859,6.467942204353141,3.6306,-2.8373422043531416,10.0,0.05129809427084263
24,82,Tomato,28.37,73.25,0.962,0.578,21.0,25.0,2.0,1.0,0.041667,1.2631272618457992,3.584688519266188,6.415311480733812,4.0219,-2.3934114807338123,10.0,0.05263072361932892
24,83,Tomato,27.13,74.32,0.962,0.578,21.0,25.0,2.0,1.0,0.041667,1.159095951904456,3.632984570294191,6.367015429705809,4.0208,-2.3462154297058087,10.0,0.04829605102800297
24,84,Tomato,24.32,71.18,0.962,0.578,21.0,25.0,2.0,1.0,0.041667,0.9539595505475581,3.6727332028868562,6.327266797113143,3.9577,-2.3695667971131433,10.0,0.039748632592665104
24,85,Tomato,28.09,67.75,0.962,0.578,21.0,25.0,2.0,1.0,0.041667,1.2388486977839088,3.724352311577418,6.275647688422582,3.9903,-2.2853476884225823,10.0,0.05161910869056213
24,86,Tomato,26.47,62.22,0.962,0.578,21.0,25.0,2.0,1.0,0.041667,1.107264584484285,3.770488705019125,6.229511294980875,3.9358,-2.293711294980875,10.0,0.046136393441706704
24,87,Tomato,24.7,62.47,0.962,0.578,21.0,25.0,2.0,1.0,0.041667,0.9794202975869268,3.8112982105586792,6.188701789441321,3.8186,-2.370101789441321,10.0,0.04080950553955448
24,88,Tomato,24.22,64.6,0.962,0.578,21.0,25.0,2.0,1.0,0.041667,0.9473700705992676,3.850772279290339,6.149227720709661,3.8261,-2.323127720709661,10.0,0.039474068731659685
24,89,Tomato,23.84,59.72,0.962,0.578,21.0,25.0,2.0,1.0,0.041667,0.9227424926537983,3.889220190731745,6.110779809268255,3.7881,-2.322679809268255,10.0,0.038447911441405816
24,90,Tomato,22.91,63.06,0.962,0.578,21.0,25.0,2.0,1.0,0.041667,0.8651366905849882,3.9252678412183495,6.07473215878165,3.696,-2.37873215878165,10.0,0.03604765048660471
24,91,Tomato,22.11,61.66,0.962,0.578,21.0,25.0,2.0,1.0,0.041667,0.818469181590804,3.9593709966076935,6.040629003392306,3.5654,-2.475229003392306,10.0,0.03410315538934403
24,92,Tomato,23.31,66.34,0.962,0.578,21.0,25.0,2.0,1.0,0.041667,0.8894589935378976,3.9964320844914374,6.003567915508563,3.451,-2.5525679155085625,10.0,0.03706108788374358
24,93,Tomato,21.28,66.31,0.962,0.578,21.0,25.0,2.0,1.0,0.041667,0.7727105496479874,4.02862861496362,5.97137138503638,3.3621,-2.6092713850363802,10.0,0.03219653047218269
24,94,Tomato,21.61,77.26,0.962,0.578,21.0,25.0,2.0,1.0,0.041667,0.7905891166039439,4.061570091685156,5.938429908314844,3.1946,-2.743829908314844,10.0,0.032941476721536536
24,95,Tomato,23.52,74.34,0.962,0.578,21.0,25.0,2.0,1.0,0.041667,0.9025007274624299,4.099174589496333,5.900825410503667,3.2289,-2.671925410503667,10.0,0.03760449781117707
25,0,Banana,24.45,81.91,0.943,0.671,31.9,25.0,2.2,1.0,0.041667,0.9575616679610236,0.03989872201893197,7.960101277981068,7.0,-0.9601012779810683,8.0,0.03989872201893197
25,1,Banana,23.41,76.99,0.943,0.671,31.9,25.0,2.2,1.0,0.041667,0.8821750967395013,0.07665631177477678,7.9233436882252235,6.8579,-1.0654436882252236,8.0,0.036757589755844804
25,2,Banana,25.61,77.84,0.943,0.671,31.9,25.0,2.2,1.0,0.041667,1.0492712745470552,0.12037629797132893,7.879623702028671,6.8733,-1.0063237020286708,8.0,0.04371998619655215
25,3,Banana,27.34,83.78,0.943,0.671,31.9,25.0,2.2,1.0,0.041667,1.2026158055171778,0.17048569073981318,7.829514309260187,6.7092,-1.1203143092601868,8.0,0.05010939276848425
25,4,Banana,27.26,86.24,0.943,0.671,31.9,25.0,2.2,1.0,0.041667,1.195053988999877,0.22028000529947106,7.779719994700529,6.5846,-1.195119994700529,8.0,0.04979431455965788
25,5,Banana,26.02,79.34,0.943,0.671,31.9,25.0,2.2,1.0,0.041667,1.0837450165437292,0.2654364089037986,7.734563591096201,6.4489,-1.2856635910962009,8.0,0.04515640360432757
25,6,Banana,27.29,77.64,0.943,0.671,31.9,25.0,2.2,1.0,0.041667,1.1978840821329704,0.31534864495403314,7.6846513550459665,6.3597,-1.3249513550459664,8.0,0.04991223605023448
25,7,Banana,27.22,79.46,0.943,0.671,31.9,25.0,2.2,1.0,0.041667,1.1912909296880114,0.3649861641213435,7.635013835878657,6.3254,-1.3096138358786567,8.0,0.04963751916731037
25,8,Banana,28.28,76.07,0.943,0.671,31.9,25.0,2.2,1.0,0.041667,1.2951338050793213,0.4189505043775836,7.581049495622416,6.1077,-1.4733494956224158,8.0,0.053964340256240084
25,9,Banana,27.74,72.18,0.943,0.671,31.9,25.0,2.2,1.0,0.041667,1.241148693759379,0.4706654470004556,7.529334552999544,6.2783,-1.2510345529995446,8.0,0.051714942622872045
25,10,Banana,26.15,70.74,0.943,0.671,31.9,25.0,2.2,1.0,0.041667,1.0949104689852858,0.5162870815116655,7.483712918488335,6.1625,-1.3212129184883352,8.0,0.0456216345112099
25,11,Banana,26.86,65.34,0.943,0.671,31.9,25.0,2.2,1.0,0.041667,1.157952163865574,0.5645354743234524,7.435464525676547,5.8982,-1.5372645256765471,8.0,0.04824839281178688
25,12,Banana,25.96,71.48,0.943,0.671,31.9,25.0,2.2,1.0,0.041667,1.0786302041070512,0.6094787590379809,7.390521240962019,5.6831,-1.7074212409620193,8.0,0.044943284714528506
25,13,Banana,25.61,61.14,0.943,0.671,31.9,25.0,2.2,1.0,0.041667,1.0492712745470552,0.653198745234533,7.346801254765467,5.8628,-1.4840012547654666,8.0,0.04371998619655215
25,14,Banana,24.25,63.15,0.943,0.671,31.9,25.0,2.2,1.0,0.041667,0.9425801702282701,0.6924732331874344,7.307526766812566,5.8105,-1.4970267668125654,8.0,0.03927448795290133
25,15,Banana,22.84,59.01,0.943,0.671,31.9,25.0,2.2,1.0,0.041667,0.8434060285022067,0.7276154321770358,7.272384567822964,5.7207,-1.5516845678229645,8.0,0.03514219898960145
25,16,Banana,24.26,64.09,0.943,0.671,31.9,25.0,2.2,1.0,0.041667,0.9433236475627923,0.7669208986000347,7.233079101399966,5.452,-1.7810791013999658,8.0,0.03930546642299887
25,17,Banana,21.99,65.67,0.943,0.671,31.9,25.0,2.2,1.0,0.041667,0.788734382634128,0.7997850941212509,7.200214905878749,5.4329,-1.7673149058787487,8.0,0.032864195521216215
25,18,Banana,22.09,67.72,0.943,0.671,31.9,25.0,2.2,1.0,0.041667,0.7949777979171592,0.8329094340270652,7.167090565972935,5.3087,-1.8583905659729352,8.0,0.03312433990581427
25,19,Banana,19.35,61.76,0.943,0.671,31.9,25.0,2.2,1.0,0.041667,0.6405177735064203,0.8595978880957572,7.140402111904243,5.3662,-1.774202111904243,8.0,0.026688454068692014
25,20,Banana,21.87,71.03,0.943,0.671,31.9,25.0,2.2,1.0,0.041667,0.781306974059796,0.8921526057839068,7.107847394216093,5.3026,-1.8052473942160931,8.0,0.03255471768814952
25,21,Banana,22.57,69.69,0.943,0.671,31.9,25.0,2.2,1.0,0.041667,0.8256410710601723,0.926554592291771,7.073445407708229,5.0918,-1.9816454077082293,8.0,0.0344019865078642
25,22,Banana,22.85,71.78,0.943,0.671,31.9,25.0,2.2,1.0,0.041667,0.8440712804200768,0.9617245103330343,7.038275489666965,5.0369,-2.001375489666965,8.0,0.03516991804126334
25,23,Banana,24.16,76.54,0.943,0.671,31.9,25.0,2.2,1.0,0.041667,0.9359151874857072,1.0007212884500012,6.999278711549999,4.9418,-2.057478711549999,8.0,0.03899677811696697
25,24,Banana,24.34,78.43,0.943,0.671,31.9,25.0,2.2,1.0,0.041667,0.9492926166679208,1.0402754639087035,6.959724536091296,4.794,-2.1657245360912967,8.0,0.039554175458702254
25,25,Banana,26.11,79.11,0.943,0.671,31.9,25.0,2.2,1.0,0.041667,1.0914627477326064,1.085753442218478,6.914246557781522,4.7773,-2.1369465577815214,8.0,0.045477978309774514
25,26,Banana,26.1,81.6,0.943,0.671,31.9,25.0,2.2,1.0,0.041667,1.0906025150685459,1.1311955772138391,6.868804422786161,4.586,-2.2828044227861604,8.0,0.0454421349953611
25,27,Banana,26.44,85.38,0.943,0.671,31.9,25.0,2.2,1.0,0.041667,1.1202343000396586,1.1778723797935915,6.822127620206409,4.4199,-2.402227620206409,8.0,0.04667680257975246
25,28,Banana,27.22,80.75,0.943,0.671,31.9,25.0,2.2,1.0,0.041667,1.1912909296880114,1.227509898960902,6.772490101039098,4.6154,-2.157090101039098,8.0,0.04963751916731037
25,29,Banana,26.96,79.19,0.943,0.671,31.9,25.0,2.2,1.0,0.041667,1.1671182106312201,1.2761402134432729,6.723859786556727,4.4272,-2.2966597865567273,8.0,0.048630314482371054
25,30,Banana,27.66,83.52,0.943,0.671,31.9,25.0,2.2,1.0,0.041667,1.2333445898636548,1.3275299824691218,6.672470017530879,4.0638,-2.608670017530879,8.0,0.05138976902584891
25,31,Banana,27.82,76.2,0.943,0.671,31.9,25.0,2.2,1.0,0.041667,1.2490021788565258,1.3795721562555368,6.620427843744463,4.2789,-2.341527843744463,8.0,0.05204217378641486
25,32,Banana,26.51,71.92,0.943,0.671,31.9,25.0,2.2,1.0,0.041667,1.1264341923834773,1.4265072897495792,6.573492710250421,4.1785,-2.3949927102504214,8.0,0.04693513349404235
25,33,Banana,28.1,74.5,0.943,0.671,31.9,25.0,2.2,1.0,0.041667,1.2768827827341218,1.4797111646577619,6.520288835342238,3.922,-2.5982888353422378,8.0,0.05320387490818266
25,34,Banana,31.87,68.52,0.943,0.671,31.9,25.0,2.2,1.0,0.041667,1.7188753429315513,1.5513315435716908,6.448668456428309,3.9019,-2.546768456428309,8.0,0.07162037891392896
25,35,Banana,26.25,67.52,0.943,0.671,31.9,25.0,2.2,1.0,0.041667,1.1035774941665433,1.597314307021128,6.4026856929788725,3.7973,-2.6053856929788726,8.0,0.04598276344943736
25,36,Banana,26.49,65.61,0.943,0.671,31.9,25.0,2.2,1.0,0.041667,1.1246593015171389,1.6441754861374427,6.355824513862557,3.9078,-2.448024513862557,8.0,0.04686117911631463
25,37,Banana,23.11,64.2,0.943,0.671,31.9,25.0,2.2,1.0,0.041667,0.8615532267556291,1.6800738244366695,6.319926175563331,3.7676,-2.552326175563331,8.0,0.0358983382992268
25,38,Banana,23.99,67.28,0.943,0.671,31.9,25.0,2.2,1.0,0.041667,0.9234540902123684,1.7185513860135482,6.281448613986452,3.5142,-2.767248613986452,8.0,0.038477561576878754
25,39,Banana,23.66,63.21,0.943,0.671,31.9,25.0,2.2,1.0,0.041667,0.8997365449999378,1.7560407086340606,6.24395929136594,3.6099,-2.6340592913659395,8.0,0.03748932262051241
25,40,Banana,22.87,58.49,0.943,0.671,31.9,25.0,2.2,1.0,0.041667,0.8454033588585292,1.791266130387619,6.208733869612381,3.4571,-2.7516338696123808,8.0,0.03522542175355834
25,41,Banana,26.99,58.81,0.943,0.671,31.9,25.0,2.2,1.0,0.041667,1.1698821470423104,1.840011609808431,6.159988390191569,3.5168,-2.643188390191569,8.0,0.04874547942081195
25,42,Banana,21.93,65.13,0.943,0.671,31.9,25.0,2.2,1.0,0.041667,0.7850118940709063,1.8727207003986834,6.127279299601317,3.2161,-2.911179299601317,8.0,0.032709090590252454
25,43,Banana,21.4,60.7,0.943,0.671,31.9,25.0,2.2,1.0,0.041667,0.752883596290837,1.9040911012053336,6.095908898794667,3.2125,-2.883408898794667,8.0,0.03137040080665031
25,44,Banana,22.2,65.98,0.943,0.671,31.9,25.0,2.2,1.0,0.041667,0.8019026513000171,1.9375039789770516,6.062496021022948,3.1615,-2.900996021022948,8.0,0.033412877771717815
25,45,Banana,21.17,74.93,0.943,0.671,31.9,25.0,2.2,1.0,0.041667,0.7393534661867446,1.9683106198526545,6.031689380147346,3.0664,-2.965289380147346,8.0,0.03080664087560309
25,46,Banana,22.24,71.79,0.943,0.671,31.9,25.0,2.2,1.0,0.041667,0.8044357078053449,2.00182904248978,5.9981709575102204,3.071,-2.9271709575102203,8.0,0.03351842263712531
25,47,Banana,20.52,80.21,0.943,0.671,31.9,25.0,2.2,1.0,0.041667,0.7024163936580561,2.03109662636433,5.96890337363567,2.8145,-3.1544033736356702,8.0,0.029267583874550224
25,48,Banana,24.0,78.4,0.943,0.671,31.9,25.0,2.2,1.0,0.041667,0.924182481501757,2.0696045378210637,5.930395462178936,2.6372,-3.293195462178936,8.0,0.03850791145673371
25,49,Banana,25.12,79.05,0.943,0.671,31.9,25.0,2.2,1.0,0.041667,1.0095063897045975,2.1116676405608854,5.888332359439115,2.5812,-3.307132359439115,8.0,0.042063102739821466
25,50,Banana,25.61,77.11,0.943,0.671,31.9,25.0,2.2,1.0,0.041667,1.0492712745470552,2.1553876267574377,5.844612373242562,2.6098,-3.234812373242562,8.0,0.04371998619655215
25,51,Banana,25.98,77.83,0.943,0.671,31.9,25.0,2.2,1.0,0.041667,1.0803324537526493,2.200401839107949,5.799598160892051,2.4933,-3.306298160892051,8.0,0.04501421235051164
25,52,Banana,26.48,77.9,0.943,0.671,31.9,25.0,2.2,1.0,0.041667,1.1237729051017649,2.2472260847448244,5.752773915255176,2.2498,-3.502973915255176,8.0,0.04682424563687524
25,53,Banana,28.37,84.32,0.943,0.671,31.9,25.0,2.2,1.0,0.041667,1.304356910522618,2.30157472413557,5.69842527586443,2.2163,-3.4821252758644303,8.0,0.05434863939074593
25,54,Banana,28.06,77.49,0.943,0.671,31.9,25.0,2.2,1.0,0.041667,1.2728620558967092,2.3546110674186185,5.6453889325813815,2.2845,-3.3608889325813815,8.0,0.05303634328304819
25,55,Banana,27.34,81.37,0.943,0.671,31.9,25.0,2.2,1.0,0.041667,1.2026158055171778,2.404720460187103,5.595279539812897,2.0863,-3.508979539812897,8.0,0.05010939276848425
25,56,Banana,29.02,70.93,0.943,0.671,31.9,25.0,2.2,1.0,0.041667,1.3729474591519883,2.4619270619675886,5.538072938032411,2.107,-3.431072938032411,8.0,0.0572066017804859
25,57,Banana,27.29,82.85,0.943,0.671,31.9,25.0,2.2,1.0,0.041667,1.1978840821329704,2.511839298017823,5.488160701982177,1.9336,-3.5545607019821768,8.0,0.04991223605023448
25,58,Banana,26.22,74.71,0.943,0.671,31.9,25.0,2.2,1.0,0.041667,1.1009702075896015,2.557713423657459,5.442286576342541,1.9226,-3.519686576342541,8.0,0.04587412563963593
25,59,Banana,27.11,74.13,0.943,0.671,31.9,25.0,2.2,1.0,0.041667,1.1810035026405459,2.6069222966019825,5.393077703398017,1.6655,-3.7275777033980173,8.0,0.04920887294452363
25,60,Banana,23.92,62.97,0.943,0.671,31.9,25.0,2.2,1.0,0.041667,0.9183714000894229,2.6451880777295087,5.354811922270491,1.7002,-3.654611922270491,8.0,0.03826578112752598
25,61,Banana,25.98,69.77,0.943,0.671,31.9,25.0,2.2,1.0,0.041667,1.0803324537526493,2.69020229008002,5.30979770991998,1.489,-3.8207977099199804,8.0,0.04501421235051164
25,62,Banana,26.73,67.2,0.943,0.671,31.9,25.0,2.2,1.0,0.041667,1.1461438378138369,2.7379586653702095,5.2620413346297905,1.6817,-3.5803413346297903,8.0,0.04775637529018915
25,63,Banana,23.75,61.82,0.943,0.671,31.9,25.0,2.2,1.0,0.041667,0.9061438868461447,2.775714962703428,5.224285037296572,1.4371,-3.787185037296572,8.0,0.037756297333218315
25,64,Banana,22.88,70.85,0.943,0.671,31.9,25.0,2.2,1.0,0.041667,0.8460701862072182,2.8109681691521238,5.189031830847876,1.4017,-3.787331830847876,8.0,0.035253206448696166
25,65,Banana,22.86,61.05,0.943,0.671,31.9,25.0,2.2,1.0,0.041667,0.8447370570675542,2.846165828108958,5.153834171891042,1.2201,-3.9337341718910417,8.0,0.035197658956833786
25,66,Banana,21.98,62.4,0.943,0.671,31.9,25.0,2.2,1.0,0.041667,0.7881127443046303,2.879004121825899,5.120995878174101,1.2161,-3.904895878174101,8.0,0.03283829371694103
25,67,Banana,21.69,67.85,0.943,0.671,31.9,25.0,2.2,1.0,0.041667,0.7702967981334929,2.911100078513727,5.088899921486274,1.1528,-3.9360999214862735,8.0,0.032095956687828255
25,68,Banana,21.81,66.71,0.943,0.671,31.9,25.0,2.2,1.0,0.041667,0.7776195396847534,2.9435011518737717,5.056498848126228,1.1931,-3.863398848126228,8.0,0.03240107336004462
25,69,Banana,20.94,63.29,0.943,0.671,31.9,25.0,2.2,1.0,0.041667,0.7260664871109591,2.973754164192224,5.026245835807776,0.9822,-4.044045835807776,8.0,0.030253012318452337
25,70,Banana,24.29,76.94,0.943,0.671,31.9,25.0,2.2,1.0,0.041667,0.9455576000049629,3.013152712711631,4.986847287288369,0.8197,-4.167147287288369,8.0,0.039398548519406794
25,71,Banana,23.88,78.17,0.943,0.671,31.9,25.0,2.2,1.0,0.041667,0.9154795758867776,3.0512980002001053,4.948701999799894,0.7443,-4.204401999799894,8.0,0.038145287488474365
25,72,Banana,24.22,79.24,0.943,0.671,31.9,25.0,2.2,1.0,0.041667,0.9403532521925922,3.090479699159214,4.909520300840786,0.7107,-4.198820300840786,8.0,0.039181698959108745
25,73,Banana,24.36,82.52,0.943,0.671,31.9,25.0,2.2,1.0,0.041667,0.9507907510740767,3.1300962973842172,4.869903702615783,0.4196,-4.450303702615783,8.0,0.03961659822500356
25,74,Banana,24.81,83.63,0.943,0.671,31.9,25.0,2.2,1.0,0.041667,0.9851309624490826,3.1711437491965833,4.828856250803417,0.0985,-4.730356250803418,8.0,0.04104745181236593
25,75,Banana,30.31,90.4,0.943,0.671,31.9,25.0,2.2,1.0,0.041667,1.5199399968971326,3.234475089047296,4.7655249109527045,0.0,-4.7655249109527045,8.0,0.06333133985071282
25,76,Banana,26.3,82.19,0.943,0.671,31.9,25.0,2.2,1.0,0.041667,1.1079367001308922,3.28063948753165,4.71936051246835,0.0372,-4.68216051246835,8.0,0.046164398484353886
25,77,Banana,27.53,81.79,0.943,0.671,31.9,25.0,2.2,1.0,0.041667,1.2207674424600539,3.3315052045566333,4.668494795443367,0.0669,-4.601594795443367,8.0,0.05086571702498307
25,78,Banana,33.24,84.1,0.943,0.671,31.9,25.0,2.2,1.0,0.041667,1.914944929810807,3.41129521494706,4.58870478505294,0.0,-4.58870478505294,8.0,0.0797900103904269
25,79,Banana,27.76,79.95,0.943,0.671,31.9,25.0,2.2,1.0,0.041667,1.2431074233740718,3.4630917719567873,4.536908228043213,0.0,-4.536908228043213,8.0,0.05179655700972745
25,80,Banana,27.25,80.1,0.943,0.671,31.9,25.0,2.2,1.0,0.041667,1.1941121112502338,3.512846841296251,4.487153158703749,0.0,-4.487153158703749,8.0,0.04975506933946349
25,81,Banana,27.77,67.95,0.943,0.671,31.9,25.0,2.2,1.0,0.041667,1.2440879470715211,3.56468425378688,4.43531574621312,0.0,-4.43531574621312,8.0,0.05183741249062908
25,82,Banana,26.91,71.01,0.943,0.671,31.9,25.0,2.2,1.0,0.041667,1.1625261534637996,3.6131232310232564,4.386876768976744,0.0,-4.386876768976744,8.0,0.04843897723637614
25,83,Banana,27.66,69.09,0.943,0.671,31.9,25.0,2.2,1.0,0.041667,1.2333445898636548,3.664513000049105,4.335486999950895,0.0,-4.335486999950895,8.0,0.05138976902584891
25,84,Banana,27.91,64.13,0.943,0.671,31.9,25.0,2.2,1.0,0.041667,1.257896764689528,3.716925784543424,4.283074215456576,0.0,-4.283074215456576,8.0,0.05241278449431857
25,85,Banana,30.53,66.1,0.943,0.671,31.9,25.0,2.2,1.0,0.041667,1.5465349623348172,3.7813652568190284,4.218634743180972,0.0,-4.218634743180972,8.0,0.06443947227560483
25,86,Banana,23.72,62.64,0.943,0.671,31.9,25.0,2.2,1.0,0.041667,0.9040030523280068,3.8190323520003795,4.180967647999621,0.0,-4.180967647999621,8.0,0.037667095181351064
25,87,Banana,23.57,61.12,0.943,0.671,31.9,25.0,2.2,1.0,0.041667,0.8933745094567698,3.8562565876859147,4.143743412314086,0.0,-4.143743412314086,8.0,0.03722423568553523
25,88,Banana,21.94,66.45,0.943,0.671,31.9,25.0,2.2,1.0,0.041667,0.7856310865481156,3.8889914781691153,4.111008521830884,0.0,-4.111008521830884,8.0,0.032734890483200337
25,89,Banana,23.68,68.1,0.943,0.671,31.9,25.0,2.2,1.0,0.041667,0.9011564720602279,3.9265399648904484,4.073460035109552,0.0,-4.073460035109552,8.0,0.03754848672133352
25,90,Banana,21.12,61.43,0.943,0.671,31.9,25.0,2.2,1.0,0.041667,0.736444460609817,3.957225396230678,4.042774603769322,0.0,-4.042774603769322,8.0,0.03068543134022925
25,91,Banana,22.22,65.66,0.943,0.671,31.9,25.0,2.2,1.0,0.041667,0.803168180949365,3.990691004826295,4.009308995173705,0.0,-4.009308995173705,8.0,0.033465608595617195
25,92,Banana,21.53,63.9,0.943,0.671,31.9,25.0,2.2,1.0,0.041667,0.7606402972307158,4.022384604091007,3.977615395908993,0.0,-3.977615395908993,8.0,0.031693599264712234
25,93,Banana,22.12,67.02,0.943,0.671,31.9,25.0,2.2,1.0,0.041667,0.7968604419044238,4.055587388123839,3.944412611876161,0.0,-3.944412611876161,8.0,0.03320278403283163
25,94,Banana,21.84,75.23,0.943,0.671,31.9,25.0,2.2,1.0,0.041667,0.779461076334711,4.088065192791477,3.9119348072085227,0.0,-3.9119348072085227,8.0,0.0324778046676384
25,95,Banana,23.99,76.62,0.943,0.671,31.9,25.0,2.2,1.0,0.041667,0.9234540902123684,4.126542754368356,3.873457245631644,0.0,-3.873457245631644,8.0,0.038477561576878754
26,0,Banana,22.74,85.3,0.948,0.559,33.42,25.0,2.2,1.0,0.041667,0.8367822786290058,0.034866207203634786,7.965133792796365,6.8554,-1.1097337927963649,8.0,0.034866207203634786
26,1,Banana,23.41,74.67,0.948,0.559,33.42,25.0,2.2,1.0,0.041667,0.8821750967395013,0.0716237969594796,7.9283762030405205,6.9398,-0.9885762030405205,8.0,0.036757589755844804
26,2,Banana,22.19,91.2,0.948,0.559,33.42,25.0,2.2,1.0,0.041667,0.801270634444217,0.10501034048486678,7.894989659515133,6.8197,-1.075289659515133,8.0,0.03338654352538719
26,3,Banana,23.42,91.12,0.948,0.559,33.42,25.0,2.2,1.0,0.041667,0.882870928468432,0.14179692346136094,7.858203076538639,6.714,-1.1442030765386386,8.0,0.036786582976494155
26,4,Banana,24.22,79.79,0.948,0.559,33.42,25.0,2.2,1.0,0.041667,0.9403532521925922,0.1809786224204697,7.8190213775795305,6.7649,-1.0541213775795306,8.0,0.039181698959108745
26,5,Banana,26.03,85.51,0.948,0.559,33.42,25.0,2.2,1.0,0.041667,1.0845998402305106,0.22617064396335437,7.773829356036646,6.5785,-1.1953293560366456,8.0,0.04519202154288469
26,6,Banana,26.86,77.95,0.948,0.559,33.42,25.0,2.2,1.0,0.041667,1.157952163865574,0.27441903677514123,7.725580963224859,6.5139,-1.2116809632248593,8.0,0.04824839281178688
26,7,Banana,27.09,82.03,0.948,0.559,33.42,25.0,2.2,1.0,0.041667,1.1791426284375757,0.3235503726742497,7.67644962732575,6.4346,-1.2418496273257507,8.0,0.049131335899108466
26,8,Banana,27.3,78.68,0.948,0.559,33.42,25.0,2.2,1.0,0.041667,1.1988289350935786,0.3735019779127938,7.6264980220872065,6.3019,-1.3245980220872067,8.0,0.04995160523854414
26,9,Banana,27.35,79.06,0.948,0.559,33.42,25.0,2.2,1.0,0.041667,1.2035643907110756,0.42365089538055223,7.576349104619448,6.2539,-1.322449104619448,8.0,0.05014891746775839
26,10,Banana,29.77,75.63,0.948,0.559,33.42,25.0,2.2,1.0,0.041667,1.456584280591744,0.4843423925999684,7.515657607400032,6.0155,-1.5001576074000313,8.0,0.0606914972194162
26,11,Banana,27.72,72.2,0.948,0.559,33.42,25.0,2.2,1.0,0.041667,1.239193050460182,0.5359758494334929,7.464024150566507,5.8825,-1.5815241505665067,8.0,0.05163345683352441
26,12,Banana,30.47,72.28,0.948,0.559,33.42,25.0,2.2,1.0,0.041667,1.5392359795128845,0.6001111949918563,7.3998888050081435,5.9012,-1.4986888050081433,8.0,0.06413534555836337
26,13,Banana,26.08,66.09,0.948,0.559,33.42,25.0,2.2,1.0,0.041667,1.088884083174442,0.6454817280854857,7.354518271914515,5.7245,-1.6300182719145146,8.0,0.04537053309362948
26,14,Banana,26.93,66.31,0.948,0.559,33.42,25.0,2.2,1.0,0.041667,1.1643608042321514,0.6939971497154267,7.306002850284573,5.6883,-1.617702850284573,8.0,0.048515421629941054
26,15,Banana,32.59,61.82,0.948,0.559,33.42,25.0,2.2,1.0,0.041667,1.8192769401472535,0.7698009619805424,7.230199038019458,5.5464,-1.6837990380194574,8.0,0.07580381226511562
26,16,Banana,23.91,65.11,0.948,0.559,33.42,25.0,2.2,1.0,0.041667,0.9176475887841472,0.8080365840624114,7.191963415937589,5.595,-1.596963415937589,8.0,0.038235622081869064
26,17,Banana,22.23,61.81,0.948,0.559,33.42,25.0,2.2,1.0,0.041667,0.8038016945296482,0.8415285892683783,7.158471410731622,5.481,-1.6774714107316218,8.0,0.03349200520596685
26,18,Banana,29.0,59.9,0.948,0.559,33.42,25.0,2.2,1.0,0.041667,1.370784144222729,0.8986450522057068,7.101354947794293,5.4447,-1.6566549477942933,8.0,0.05711646293732846
26,19,Banana,22.65,59.82,0.948,0.559,33.42,25.0,2.2,1.0,0.041667,0.8308653925937372,0.93326472051891,7.06673527948109,5.4245,-1.6422352794810902,8.0,0.03461966831320325
26,20,Banana,20.69,60.76,0.948,0.559,33.42,25.0,2.2,1.0,0.041667,0.7118948063918694,0.96292724141684,7.03707275858316,5.1902,-1.8468727585831601,8.0,0.029662520897930023
26,21,Banana,22.17,63.36,0.948,0.559,33.42,25.0,2.2,1.0,0.041667,0.8000080947058495,0.9962611786989487,7.003738821301051,5.2237,-1.7800388213010514,8.0,0.033333937282108636
26,22,Banana,22.54,66.71,0.948,0.559,33.42,25.0,2.2,1.0,0.041667,0.8236904306263777,1.030581887871858,6.969418112128142,5.029,-1.9404181121281425,8.0,0.03432070917290928
26,23,Banana,20.83,58.5,0.948,0.559,33.42,25.0,2.2,1.0,0.041667,0.7197965191026239,1.060573649433307,6.939426350566693,4.9613,-1.9781263505666935,8.0,0.029991761561449032
26,24,Banana,23.61,70.02,0.948,0.559,33.42,25.0,2.2,1.0,0.041667,0.896196507998868,1.0979154693320958,6.902084530667905,4.9027,-1.9993845306679043,8.0,0.03734181989878883
26,25,Banana,21.45,68.58,0.948,0.559,33.42,25.0,2.2,1.0,0.041667,0.7558575375688713,1.129409785349978,6.870590214650022,4.7409,-2.1296902146500223,8.0,0.03149431601788216
26,26,Banana,24.56,68.07,0.948,0.559,33.42,25.0,2.2,1.0,0.041667,0.9659027488981872,1.1696560551883188,6.830343944811681,4.8814,-1.9489439448116812,8.0,0.040246269838340766
26,27,Banana,24.01,74.18,0.948,0.559,33.42,25.0,2.2,1.0,0.041667,0.9249114473230862,1.2081943404639297,6.79180565953607,4.6898,-2.1020056595360703,8.0,0.03853828527561103
26,28,Banana,23.77,76.5,0.948,0.559,33.42,25.0,2.2,1.0,0.041667,0.9075739257087423,1.2460102232264358,6.753989776773564,4.4967,-2.2572897767735647,8.0,0.037815882762506164
26,29,Banana,24.15,88.68,0.948,0.559,33.42,25.0,2.2,1.0,0.041667,0.9351775491038767,1.284976266164947,6.715023733835053,4.2956,-2.4194237338350524,8.0,0.03896604293851123
26,30,Banana,25.18,85.11,0.948,0.559,33.42,25.0,2.2,1.0,0.041667,1.0142934203452252,1.3272388301104716,6.672761169889529,4.2367,-2.4360611698895287,8.0,0.0422625639455245
26,31,Banana,27.6,91.73,0.948,0.559,33.42,25.0,2.2,1.0,0.041667,1.2275237314969307,1.3783860614307544,6.621613938569245,3.8923,-2.7293139385692453,8.0,0.051147231320282614
26,32,Banana,27.47,78.96,0.948,0.559,33.42,25.0,2.2,1.0,0.041667,1.2150059428437512,1.4290117140512248,6.570988285948776,4.193,-2.377988285948776,8.0,0.050625652620470585
26,33,Banana,28.19,83.25,0.948,0.559,33.42,25.0,2.2,1.0,0.041667,1.285975916198556,1.4825944725514701,6.517405527448529,4.0303,-2.487105527448529,8.0,0.053582758500245235
26,34,Banana,26.97,78.04,0.948,0.559,33.42,25.0,2.2,1.0,0.041667,1.1680387964484475,1.5312631450830876,6.468736854916912,3.9833,-2.4854368549169124,8.0,0.04866867253161747
26,35,Banana,27.41,73.65,0.948,0.559,33.42,25.0,2.2,1.0,0.041667,1.2092716350386605,1.5816498663002434,6.418350133699756,4.0205,-2.397850133699756,8.0,0.05038672121715587
26,36,Banana,27.99,69.3,0.948,0.559,33.42,25.0,2.2,1.0,0.041667,1.2658562247807403,1.6343942976181824,6.365605702381817,3.7978,-2.567805702381817,8.0,0.052744431317939114
26,37,Banana,29.78,68.96,0.948,0.559,33.42,25.0,2.2,1.0,0.041667,1.4577331880615232,1.695133666365142,6.304866333634858,3.706,-2.598866333634858,8.0,0.06073936874695949
26,38,Banana,27.45,65.58,0.948,0.559,33.42,25.0,2.2,1.0,0.041667,1.2130914919463252,1.7456795495600697,6.254320450439931,3.712,-2.5423204504399304,8.0,0.05054588319492753
26,39,Banana,27.99,68.96,0.948,0.559,33.42,25.0,2.2,1.0,0.041667,1.2658562247807403,1.7984239808780087,6.201576019121991,3.5426,-2.658976019121991,8.0,0.052744431317939114
26,40,Banana,25.46,69.51,0.948,0.559,33.42,25.0,2.2,1.0,0.041667,1.0369347844252998,1.8416299425406577,6.158370057459342,3.5848,-2.573570057459342,8.0,0.04320596166264897
26,41,Banana,23.87,61.72,0.948,0.559,33.42,25.0,2.2,1.0,0.041667,0.9147580437629428,1.8797451659501283,6.120254834049872,3.5003,-2.6199548340498717,8.0,0.03811522340947054
26,42,Banana,23.56,65.02,0.948,0.559,33.42,25.0,2.2,1.0,0.041667,0.892670399366095,1.9169400634805154,6.083059936519485,3.4298,-2.6532599365194844,8.0,0.037194897530387086
26,43,Banana,21.84,63.0,0.948,0.559,33.42,25.0,2.2,1.0,0.041667,0.779461076334711,1.9494178681481538,6.050582131851846,3.3158,-2.7347821318518464,8.0,0.0324778046676384
26,44,Banana,23.25,67.7,0.948,0.559,33.42,25.0,2.2,1.0,0.041667,0.8711160807359112,1.985714661884177,6.0142853381158226,3.3142,-2.7000853381158225,8.0,0.036296793736023215
26,45,Banana,21.47,68.93,0.948,0.559,33.42,25.0,2.2,1.0,0.041667,0.7570504007211826,2.0172586809310262,5.982741319068974,3.1117,-2.871041319068974,8.0,0.03154401904684952
26,46,Banana,23.15,67.74,0.948,0.559,33.42,25.0,2.2,1.0,0.041667,0.864274707975552,2.0532704151882437,5.946729584811756,3.1222,-2.824529584811756,8.0,0.03601173425721733
26,47,Banana,22.44,69.14,0.948,0.559,33.42,25.0,2.2,1.0,0.041667,0.8172215186183533,2.0873215842045147,5.912678415795485,2.8209,-3.091778415795485,8.0,0.03405116901627093
26,48,Banana,22.12,76.73,0.948,0.559,33.42,25.0,2.2,1.0,0.041667,0.7968604419044238,2.1205243682373465,5.879475631762654,2.7055,-3.173975631762654,8.0,0.03320278403283163
26,49,Banana,23.39,74.91,0.948,0.559,33.42,25.0,2.2,1.0,0.041667,0.8807850781016607,2.157224040086608,5.842775959913392,2.7675,-3.075275959913392,8.0,0.0366996718492619
26,50,Banana,22.36,76.45,0.948,0.559,33.42,25.0,2.2,1.0,0.041667,0.8120829871360362,2.1910611019116053,5.808938898088394,2.7954,-3.0135388980883944,8.0,0.033837061824997225
26,51,Banana,24.72,81.54,0.948,0.559,33.42,25.0,2.2,1.0,0.041667,0.9781651031288113,2.2318183072636737,5.768181692736326,2.4875,-3.2806816927363265,8.0,0.040757205352068185
26,52,Banana,27.92,81.55,0.948,0.559,33.42,25.0,2.2,1.0,0.041667,1.2588889537502093,2.2842724332995834,5.715727566700417,2.4696,-3.246127566700417,8.0,0.05245412603590997
26,53,Banana,25.4,81.97,0.948,0.559,33.42,25.0,2.2,1.0,0.041667,1.0320408962408656,2.3272744813232515,5.6727255186767485,2.27,-3.4027255186767484,8.0,0.04300204802366815
26,54,Banana,27.46,79.79,0.948,0.559,33.42,25.0,2.2,1.0,0.041667,1.2140483400293327,2.377860233507254,5.6221397664927455,2.1989,-3.4232397664927454,8.0,0.05058575218400221
26,55,Banana,27.43,78.62,0.948,0.559,33.42,25.0,2.2,1.0,0.041667,1.2111800575956577,2.4283264729670924,5.571673527032908,2.1961,-3.3755735270329077,8.0,0.050466239459838275
26,56,Banana,27.24,78.21,0.948,0.559,33.42,25.0,2.2,1.0,0.041667,1.1931709758383455,2.4780423280173487,5.521957671982651,2.2488,-3.273157671982651,8.0,0.049715855050256344
26,57,Banana,29.02,89.0,0.948,0.559,33.42,25.0,2.2,1.0,0.041667,1.3729474591519883,2.5352489297978344,5.4647510702021656,1.5687,-3.896051070202166,8.0,0.0572066017804859
26,58,Banana,27.46,77.47,0.948,0.559,33.42,25.0,2.2,1.0,0.041667,1.2140483400293327,2.5858346819818365,5.4141653180181635,1.7857,-3.628465318018163,8.0,0.05058575218400221
26,59,Banana,28.03,78.97,0.948,0.559,33.42,25.0,2.2,1.0,0.041667,1.2698548215428191,2.6387457228310613,5.361254277168939,1.6329,-3.728354277168939,8.0,0.05291104084922465
26,60,Banana,26.52,70.75,0.948,0.559,33.42,25.0,2.2,1.0,0.041667,1.1273226879378289,2.685717877269367,5.314282122730633,1.821,-3.4932821227306334,8.0,0.04697215443830552
26,61,Banana,29.57,77.19,0.948,0.559,33.42,25.0,2.2,1.0,0.041667,1.4337953419495824,2.7454598277823803,5.25454017221762,1.7421,-3.5124401722176204,8.0,0.05974195051301325
26,62,Banana,27.36,67.0,0.948,0.559,33.42,25.0,2.2,1.0,0.041667,1.2045137241188797,2.7956483011252415,5.204351698874758,1.5423,-3.662051698874758,8.0,0.05018847334286136
26,63,Banana,25.76,72.2,0.948,0.559,33.42,25.0,2.2,1.0,0.041667,1.061754532807762,2.8398884272437424,5.160111572756257,1.3204,-3.839711572756257,8.0,0.04424012611850102
26,64,Banana,25.27,59.64,0.948,0.559,33.42,25.0,2.2,1.0,0.041667,1.0215165621778277,2.882451957840006,5.117548042159994,1.4818,-3.635748042159994,8.0,0.04256353059626355
26,65,Banana,25.78,73.41,0.948,0.559,33.42,25.0,2.2,1.0,0.041667,1.063430149965804,2.9267619018986313,5.073238098101369,1.2915,-3.7817380981013686,8.0,0.044309944058625164
26,66,Banana,23.45,63.87,0.948,0.559,33.42,25.0,2.2,1.0,0.041667,0.8849617184871803,2.9636356018228365,5.036364398177163,1.4303,-3.606064398177163,8.0,0.03687369992420535
26,67,Banana,20.32,67.82,0.948,0.559,33.42,25.0,2.2,1.0,0.041667,0.6914267624299758,2.992445280733006,5.007554719266993,1.2727,-3.7348547192669934,8.0,0.028809678910169802
26,68,Banana,21.17,69.2,0.948,0.559,33.42,25.0,2.2,1.0,0.041667,0.7393534661867446,3.0232519216086096,4.97674807839139,1.0394,-3.93734807839139,8.0,0.03080664087560309
26,69,Banana,22.22,57.89,0.948,0.559,33.42,25.0,2.2,1.0,0.041667,0.803168180949365,3.0567175302042267,4.943282469795774,1.0359,-3.907382469795774,8.0,0.033465608595617195
26,70,Banana,21.04,68.1,0.948,0.559,33.42,25.0,2.2,1.0,0.041667,0.7318138397076418,3.087210017463325,4.912789982536675,0.945,-3.9677899825366754,8.0,0.030492487259098314
26,71,Banana,20.94,68.77,0.948,0.559,33.42,25.0,2.2,1.0,0.041667,0.7260664871109591,3.1174630297817774,4.882536970218222,0.8322,-4.050336970218222,8.0,0.030253012318452337
26,72,Banana,22.79,73.92,0.948,0.559,33.42,25.0,2.2,1.0,0.041667,0.8400876253936351,3.152466960869054,4.847533039130946,0.7661,-4.081433039130946,8.0,0.0350039310872766
26,73,Banana,19.39,69.64,0.948,0.559,33.42,25.0,2.2,1.0,0.041667,0.6425410461696646,3.1792397186398054,4.820760281360195,0.9012,-3.9195602813601944,8.0,0.026772757770751415
26,74,Banana,25.42,76.95,0.948,0.559,33.42,25.0,2.2,1.0,0.041667,1.0336696205647162,3.2223096307198755,4.7776903692801245,0.4581,-4.3195903692801245,8.0,0.043069912080070036
26,75,Banana,23.82,81.28,0.948,0.559,33.42,25.0,2.2,1.0,0.041667,0.9111589042815658,3.260274888784575,4.739725111215424,0.4976,-4.242125111215424,8.0,0.037965258064700004
26,76,Banana,25.85,71.72,0.948,0.559,33.42,25.0,2.2,1.0,0.041667,1.0693156619919273,3.304830064472793,4.695169935527208,0.4014,-4.293769935527208,8.0,0.04455517568821764
26,77,Banana,27.21,79.35,0.948,0.559,33.42,25.0,2.2,1.0,0.041667,1.1903520177808067,3.354428461997666,4.645571538002335,0.2782,-4.367371538002335,8.0,0.04959839752487288
26,78,Banana,25.8,78.25,0.948,0.559,33.42,25.0,2.2,1.0,0.041667,1.0651084115136495,3.398808334180205,4.601191665819795,0.2121,-4.3890916658197945,8.0,0.04437987218253924
26,79,Banana,27.57,81.95,0.948,0.559,33.42,25.0,2.2,1.0,0.041667,1.2246236124160985,3.4498347262387465,4.5501652737612535,0.0006,-4.549565273761253,8.0,0.05102639205854158
26,80,Banana,27.98,83.36,0.948,0.559,33.42,25.0,2.2,1.0,0.041667,1.264858544489019,3.502537587211971,4.497462412788029,0.0,-4.497462412788029,8.0,0.05270286097322396
26,81,Banana,27.76,82.2,0.948,0.559,33.42,25.0,2.2,1.0,0.041667,1.2431074233740718,3.554334144221698,4.4456658557783015,0.0,-4.4456658557783015,8.0,0.05179655700972745
26,82,Banana,28.52,72.82,0.948,0.559,33.42,25.0,2.2,1.0,0.041667,1.3198749415343982,3.609329373410612,4.3906706265893884,0.0,-4.3906706265893884,8.0,0.05499522918891377
26,83,Banana,29.5,71.6,0.948,0.559,33.42,25.0,2.2,1.0,0.041667,1.425903734234491,3.6687425043049604,4.33125749569504,0.0,-4.33125749569504,8.0,0.059413130894348534
26,84,Banana,28.96,70.9,0.948,0.559,33.42,25.0,2.2,1.0,0.041667,1.3664677350178265,3.7256791154199482,4.274320884580051,0.0,-4.274320884580051,8.0,0.05693661111498778
26,85,Banana,27.71,63.05,0.948,0.559,33.42,25.0,2.2,1.0,0.041667,1.238216384658901,3.7772718775195306,4.222728122480469,0.0,-4.222728122480469,8.0,0.051592762099582426
26,86,Banana,25.94,67.54,0.948,0.559,33.42,25.0,2.2,1.0,0.041667,1.0769306366486315,3.8221443463567693,4.177855653643231,0.0,-4.177855653643231,8.0,0.044872468837238534
26,87,Banana,27.68,65.86,0.948,0.559,33.42,25.0,2.2,1.0,0.041667,1.2352910033638531,3.873615216593931,4.126384783406069,0.0,-4.126384783406069,8.0,0.051470870237161674
26,88,Banana,25.14,63.53,0.948,0.559,33.42,25.0,2.2,1.0,0.041667,1.011099551000805,3.9157447015854814,4.084255298414519,0.0,-4.084255298414519,8.0,0.042129484991550545
26,89,Banana,24.92,61.09,0.948,0.559,33.42,25.0,2.2,1.0,0.041667,0.9937121926365762,3.9571497075160695,4.04285029248393,0.0,-4.04285029248393,8.0,0.04140500593058822
26,90,Banana,23.91,57.08,0.948,0.559,33.42,25.0,2.2,1.0,0.041667,0.9176475887841472,3.9953853295979385,4.004614670402061,0.0,-4.004614670402061,8.0,0.038235622081869064
26,91,Banana,22.76,66.18,0.948,0.559,33.42,25.0,2.2,1.0,0.041667,0.8381028538658345,4.030306561209966,3.969693438790034,0.0,-3.969693438790034,8.0,0.03492123161202773
26,92,Banana,22.86,63.61,0.948,0.559,33.42,25.0,2.2,1.0,0.041667,0.8447370570675542,4.0655042201668,3.9344957798332,0.0,-3.9344957798332,8.0,0.035197658956833786
26,93,Banana,22.22,61.06,0.948,0.559,33.42,25.0,2.2,1.0,0.041667,0.803168180949365,4.098969828762417,3.9010301712375828,0.0,-3.9010301712375828,8.0,0.033465608595617195
26,94,Banana,22.01,62.92,0.948,0.559,33.42,25.0,2.2,1.0,0.041667,0.7899791306656573,4.1318858891998635,3.8681141108001365,0.0,-3.8681141108001365,8.0,0.032916060437445945
26,95,Banana,22.49,68.2,0.948,0.559,33.42,25.0,2.2,1.0,0.041667,0.8204495990540147,4.166071562643647,3.833928437356353,0.0,-3.833928437356353,8.0,0.034185673443783635
27,0,Tomato,25.74,67.98,0.884,0.749,3.67,25.0,2.0,1.0,0.041667,1.0526311547094385,0.043859982323278174,9.956140017676722,9.7807,-0.17544001767672235,10.0,0.043859982323278174
27,1,Tomato,24.73,67.55,0.884,0.749,3.67,25.0,2.0,1.0,0.041667,0.9814590638534794,0.0847544371368611,9.91524556286314,9.7436,-0.17164556286313903,10.0,0.04089445481358293
27,2,Tomato,25.9,64.2,0.884,0.749,3.67,25.0,2.0,1.0,0.041667,1.0643701824533598,0.12910354952914524,9.870896450470855,9.8385,-0.0323964504708556,10.0,0.044349112392284146
27,3,Tomato,24.98,60.47,0.884,0.749,3.67,25.0,2.0,1.0,0.041667,0.998614666101029,0.17071282682157682,9.829287173178423,9.8983,0.06901282682157728,10.0,0.04160927729243158
27,4,Tomato,21.78,57.65,0.884,0.749,3.67,25.0,2.0,1.0,0.041667,0.7999601283327527,0.20404476548881764,9.795955234511183,9.7124,-0.08355523451118252,10.0,0.03333193866724081
27,5,Tomato,22.64,60.98,0.884,0.749,3.67,25.0,2.0,1.0,0.041667,0.8490962464468398,0.2394240587895181,9.760575941210481,9.7543,-0.0062759412104806955,10.0,0.03537929330070048
27,6,Tomato,22.99,67.92,0.884,0.749,3.67,25.0,2.0,1.0,0.041667,0.8699473527086506,0.27567215513482946,9.72432784486517,9.5654,-0.1589278448651701,10.0,0.03624809634531135
27,7,Tomato,22.6,67.83,0.884,0.749,3.67,25.0,2.0,1.0,0.041667,0.8467453123625273,0.31095349206503886,9.689046507934961,9.5793,-0.1097465079349611,10.0,0.03528133693020943
27,8,Tomato,22.63,72.24,0.884,0.749,3.67,25.0,2.0,1.0,0.041667,0.8485079017058962,0.3463082708054185,9.653691729194582,9.4695,-0.18419172919458227,10.0,0.03535477874037958
27,9,Tomato,21.25,72.92,0.884,0.749,3.67,25.0,2.0,1.0,0.041667,0.7711054127039704,0.3784379200365548,9.621562079963445,9.4026,-0.21896207996344508,10.0,0.032129649231136335
27,10,Tomato,22.77,70.92,0.884,0.749,3.67,25.0,2.0,1.0,0.041667,0.8567819547685698,0.41413745374589683,9.585862546254104,9.3575,-0.2283625462541039,10.0,0.035699533709342
27,11,Tomato,21.93,75.66,0.884,0.749,3.67,25.0,2.0,1.0,0.041667,0.808320868805567,0.4478177593864184,9.55218224061358,9.3644,-0.18778224061358095,10.0,0.03368030564052156
27,12,Tomato,24.22,78.01,0.884,0.749,3.67,25.0,2.0,1.0,0.041667,0.9473700705992676,0.48729182811807803,9.512708171881922,9.4029,-0.10980817188192127,10.0,0.039474068731659685
27,13,Tomato,25.21,76.86,0.884,0.749,3.67,25.0,2.0,1.0,0.041667,1.0146625465808803,0.5295697724464636,9.470430227553535,9.2597,-0.210730227553535,10.0,0.04227794432838554
27,14,Tomato,25.36,80.07,0.884,0.749,3.67,25.0,2.0,1.0,0.041667,1.0252672378885939,0.5722895824475677,9.427710417552433,9.2438,-0.18391041755243265,10.0,0.042719810001104044
27,15,Tomato,24.16,81.24,0.884,0.749,3.67,25.0,2.0,1.0,0.041667,0.94343825089536,0.6115998240476246,9.388400175952375,9.2274,-0.1610001759523758,10.0,0.03931024160005697
27,16,Tomato,27.27,85.23,0.884,0.749,3.67,25.0,2.0,1.0,0.041667,1.17039864147459,0.6603668242419464,9.339633175758054,9.017,-0.32263317575805495,10.0,0.048767000194321744
27,17,Tomato,27.07,81.41,0.884,0.749,3.67,25.0,2.0,1.0,0.041667,1.1542854175168384,0.7084624347336205,9.29153756526638,9.0512,-0.24033756526637973,10.0,0.04809561049167411
27,18,Tomato,29.27,74.0,0.884,0.749,3.67,25.0,2.0,1.0,0.041667,1.344434994152626,0.764481007634978,9.235518992365023,8.9001,-0.3354189923650228,10.0,0.05601857290135747
27,19,Tomato,28.29,79.64,0.884,0.749,3.67,25.0,2.0,1.0,0.041667,1.256142381143527,0.8168206922300852,9.183179307769915,9.0071,-0.17607930776991587,10.0,0.05233968459510734
27,20,Tomato,27.79,72.62,0.884,0.749,3.67,25.0,2.0,1.0,0.041667,1.2133535602486927,0.8673774950249675,9.132622504975032,8.897,-0.2356225049750318,10.0,0.05055680279488228
27,21,Tomato,27.57,72.63,0.884,0.749,3.67,25.0,2.0,1.0,0.041667,1.1949912048567823,0.9171691935577351,9.082830806442265,8.7816,-0.3012308064422662,10.0,0.049791698532767555
27,22,Tomato,27.04,84.12,0.884,0.749,3.67,25.0,2.0,1.0,0.041667,1.1518876423493576,0.9651648959515058,9.034835104048494,8.5297,-0.5051351040484935,10.0,0.047995702393770684
27,23,Tomato,26.23,68.49,0.884,0.749,3.67,25.0,2.0,1.0,0.041667,1.0889970153361064,1.0105401345895153,8.989459865410485,8.8049,-0.18455986541048475,10.0,0.045375238638009546
27,24,Tomato,25.17,63.37,0.884,0.749,3.67,25.0,2.0,1.0,0.041667,1.011853201026929,1.0527010219167043,8.947298978083296,8.6165,-0.33079897808329584,10.0,0.042160887327189055
27,25,Tomato,25.57,61.13,0.884,0.749,3.67,25.0,2.0,1.0,0.041667,1.0403002665219858,1.096047213121876,8.903952786878124,8.5318,-0.37215278687812336,10.0,0.04334619120517159
27,26,Tomato,26.45,62.13,0.884,0.749,3.67,25.0,2.0,1.0,0.041667,1.1057306533202689,1.1421196922537715,8.857880307746228,8.7331,-0.12478030774622795,10.0,0.04607247913189565
27,27,Tomato,29.91,64.12,0.884,0.749,3.67,25.0,2.0,1.0,0.041667,1.4054187002067196,1.2006792732352851,8.799320726764716,8.477,-0.32232072676471546,10.0,0.058559580981513384
27,28,Tomato,21.94,67.25,0.884,0.749,3.67,25.0,2.0,1.0,0.041667,0.8088813483617392,1.2343829323774735,8.765617067622527,8.2635,-0.5021170676225264,10.0,0.03370365914218859
27,29,Tomato,23.28,71.71,0.884,0.749,3.67,25.0,2.0,1.0,0.041667,0.8876113372694979,1.2713670339674819,8.728632966032517,8.3638,-0.3648329660325178,10.0,0.03698410159000817
27,30,Tomato,23.08,64.32,0.884,0.749,3.67,25.0,2.0,1.0,0.041667,0.8753913296942639,1.3078419645018526,8.692158035498148,8.2665,-0.42565803549814696,10.0,0.0364749305343709
27,31,Tomato,22.03,64.09,0.884,0.749,3.67,25.0,2.0,1.0,0.041667,0.8139431850704346,1.3417565351941825,8.658243464805818,8.3369,-0.32134346480581755,10.0,0.0339145706923298
27,32,Tomato,20.82,66.75,0.884,0.749,3.67,25.0,2.0,1.0,0.041667,0.7484614933963457,1.372942680239528,8.627057319760471,8.2885,-0.3385573197604703,10.0,0.03118614504534554
27,33,Tomato,21.41,67.68,0.884,0.749,3.67,25.0,2.0,1.0,0.041667,0.7797048426113233,1.405430641916614,8.594569358083387,8.3014,-0.2931693580833876,10.0,0.03248796167708601
27,34,Tomato,22.03,76.02,0.884,0.749,3.67,25.0,2.0,1.0,0.041667,0.8139431850704346,1.4393452126089439,8.560654787391057,8.1245,-0.4361547873910574,10.0,0.0339145706923298
27,35,Tomato,23.54,73.66,0.884,0.749,3.67,25.0,2.0,1.0,0.041667,0.9037527267510858,1.4770018774744813,8.522998122525518,8.0285,-0.4944981225255187,10.0,0.037656664865537495
27,36,Tomato,22.58,79.62,0.884,0.749,3.67,25.0,2.0,1.0,0.041667,0.8455722873775164,1.5122343379726404,8.48776566202736,7.8184,-0.6693656620273609,10.0,0.03523246049815898
27,37,Tomato,24.07,74.01,0.884,0.749,3.67,25.0,2.0,1.0,0.041667,0.9375710964571098,1.5513001128487187,8.448699887151282,7.7713,-0.6773998871512816,10.0,0.039065774876078395
27,38,Tomato,25.4,85.3,0.884,0.749,3.67,25.0,2.0,1.0,0.041667,1.0281138266560663,1.594138531663997,8.405861468336003,7.7413,-0.6645614683360028,10.0,0.04283841881527832
27,39,Tomato,26.48,80.5,0.884,0.749,3.67,25.0,2.0,1.0,0.041667,1.108032347864926,1.640306915502485,8.359693084497515,7.6782,-0.6814930844975144,10.0,0.04616838383848788
27,40,Tomato,27.96,79.47,0.884,0.749,3.67,25.0,2.0,1.0,0.041667,1.2277356839150604,1.6914629782441737,8.308537021755827,7.703,-0.6055370217558265,10.0,0.051156062741688824
27,41,Tomato,27.89,89.2,0.884,0.749,3.67,25.0,2.0,1.0,0.041667,1.2217931016735006,1.7423714314116034,8.257628568588396,7.3558,-0.901828568588396,10.0,0.05090845316742976
27,42,Tomato,25.36,81.22,0.884,0.749,3.67,25.0,2.0,1.0,0.041667,1.0252672378885939,1.7850912414127076,8.214908758587292,7.5612,-0.6537087585872916,10.0,0.042719810001104044
27,43,Tomato,27.11,75.84,0.884,0.749,3.67,25.0,2.0,1.0,0.041667,1.1574902169901224,1.833320386284035,8.166679613715965,7.5627,-0.603979613715965,10.0,0.048229144871327435
27,44,Tomato,26.69,68.05,0.884,0.749,3.67,25.0,2.0,1.0,0.041667,1.1242789237786177,1.8801657162011187,8.11983428379888,7.6269,-0.4929342837988804,10.0,0.046845329917083664
27,45,Tomato,25.47,72.64,0.884,0.749,3.67,25.0,2.0,1.0,0.041667,1.0331143876841324,1.9232124933927535,8.076787506607246,7.465,-0.6117875066072465,10.0,0.04304677719163475
27,46,Tomato,28.14,71.06,0.884,0.749,3.67,25.0,2.0,1.0,0.041667,1.2431496689039396,1.975010810646974,8.024989189353025,7.3533,-0.6716891893530255,10.0,0.051798317254220454
27,47,Tomato,26.3,64.05,0.884,0.749,3.67,25.0,2.0,1.0,0.041667,1.0942937012607397,2.020606746297405,7.979393253702595,7.3765,-0.6028932537025948,10.0,0.04559593565043124
27,48,Tomato,25.23,68.27,0.884,0.749,3.67,25.0,2.0,1.0,0.041667,1.016070142993702,2.0629433409455236,7.937056659054477,7.3398,-0.5972566590544766,10.0,0.042336594648118585
27,49,Tomato,25.23,61.38,0.884,0.749,3.67,25.0,2.0,1.0,0.041667,1.016070142993702,2.105279935593642,7.894720064406358,7.2753,-0.6194200644063583,10.0,0.042336594648118585
27,50,Tomato,24.5,58.16,0.884,0.749,3.67,25.0,2.0,1.0,0.041667,0.9659363289248456,2.1455276046109537,7.854472395389046,7.4568,-0.397672395389046,10.0,0.04024766901731154
27,51,Tomato,23.46,60.9,0.884,0.749,3.67,25.0,2.0,1.0,0.041667,0.8987551266110299,2.1829760344714555,7.817023965528545,7.1494,-0.667623965528545,10.0,0.037448429860501786
27,52,Tomato,28.43,63.91,0.884,0.749,3.67,25.0,2.0,1.0,0.041667,1.268391399325867,2.2358260989071663,7.764173901092834,7.0786,-0.6855739010928339,10.0,0.05285006443571091
27,53,Tomato,23.03,61.08,0.884,0.749,3.67,25.0,2.0,1.0,0.041667,0.8723627057707586,2.2721748357685168,7.727825164231483,7.1106,-0.617225164231483,10.0,0.0363487368613502
27,54,Tomato,23.29,59.71,0.884,0.749,3.67,25.0,2.0,1.0,0.041667,0.8882267958424048,2.3091845816708823,7.690815418329118,7.1166,-0.5742154183291177,10.0,0.037009745902365485
27,55,Tomato,20.8,76.75,0.884,0.749,3.67,25.0,2.0,1.0,0.041667,0.7474246243174693,2.340327523492318,7.659672476507682,6.971,-0.6886724765076817,10.0,0.031142941821435993
27,56,Tomato,21.39,60.28,0.884,0.749,3.67,25.0,2.0,1.0,0.041667,0.778624691061662,2.3727704784947843,7.627229521505216,6.9235,-0.703729521505216,10.0,0.03244295500246627
27,57,Tomato,22.55,70.15,0.884,0.749,3.67,25.0,2.0,1.0,0.041667,0.8438157961300179,2.407929751272134,7.592070248727866,6.8402,-0.7518702487278661,10.0,0.03515927277734946
27,58,Tomato,23.39,75.66,0.884,0.749,3.67,25.0,2.0,1.0,0.041667,0.8944049017826058,2.44519692031471,7.55480307968529,6.8188,-0.7360030796852897,10.0,0.037267169042575835
27,59,Tomato,24.14,74.21,0.884,0.749,3.67,25.0,2.0,1.0,0.041667,0.9421312739048088,2.4844527041045015,7.515547295895498,6.7845,-0.7310472958954977,10.0,0.03925578378979167
27,60,Tomato,23.32,79.59,0.884,0.749,3.67,25.0,2.0,1.0,0.041667,0.8900757332524964,2.521539489681933,7.478460510318067,6.4803,-0.9981605103180673,10.0,0.03708678557743177
27,61,Tomato,24.67,80.64,0.884,0.749,3.67,25.0,2.0,1.0,0.041667,0.9773857664108054,2.562264222410972,7.437735777589028,6.4641,-0.9736357775890276,10.0,0.04072473272903903
27,62,Tomato,25.66,84.79,0.884,0.749,3.67,25.0,2.0,1.0,0.041667,1.0468102819745757,2.605881666430007,7.394118333569994,6.3511,-1.0430183335699938,10.0,0.04361744401903465
27,63,Tomato,26.89,79.52,0.884,0.749,3.67,25.0,2.0,1.0,0.041667,1.139973272693461,2.653380932783325,7.346619067216675,6.3888,-0.9578190672166755,10.0,0.04749926635331844
27,64,Tomato,27.19,78.81,0.884,0.749,3.67,25.0,2.0,1.0,0.041667,1.1639265344021366,2.701878259692259,7.2981217403077405,6.391,-0.9071217403077405,10.0,0.048497326908933824
27,65,Tomato,26.79,81.27,0.884,0.749,3.67,25.0,2.0,1.0,0.041667,1.1320989021106738,2.7490494246465045,7.250950575353496,6.273,-0.9779505753534963,10.0,0.04717116495424545
27,66,Tomato,29.5,77.66,0.884,0.749,3.67,25.0,2.0,1.0,0.041667,1.3660402567543954,2.80596822402469,7.19403177597531,6.233,-0.96103177597531,10.0,0.0569187993781854
27,67,Tomato,31.79,76.17,0.884,0.749,3.67,25.0,2.0,1.0,0.041667,1.6010296213126056,2.8726783252559223,7.127321674744078,6.2761,-0.8512216747440782,10.0,0.06671010123123235
27,68,Tomato,26.15,82.71,0.884,0.749,3.67,25.0,2.0,1.0,0.041667,1.0829750455259246,2.917802646477851,7.082197353522149,5.9817,-1.1004973535221492,10.0,0.04512432122192871
27,69,Tomato,28.96,71.74,0.884,0.749,3.67,25.0,2.0,1.0,0.041667,1.3158545250290083,2.9726303569722345,7.0273696430277655,5.9812,-1.0461696430277652,10.0,0.054827710494383695
27,70,Tomato,26.51,70.59,0.884,0.749,3.67,25.0,2.0,1.0,0.041667,1.1103388336286393,3.018894845153039,6.981105154846961,6.0684,-0.9127051548469618,10.0,0.04626448818080452
27,71,Tomato,27.19,64.9,0.884,0.749,3.67,25.0,2.0,1.0,0.041667,1.1639265344021366,3.067392172061973,6.9326078279380265,6.0978,-0.8348078279380262,10.0,0.048497326908933824
27,72,Tomato,25.79,68.51,0.884,0.749,3.67,25.0,2.0,1.0,0.041667,1.056285625351857,3.1114044252135087,6.888595574786491,6.025,-0.8635955747864905,10.0,0.044012253151535834
27,73,Tomato,30.56,66.37,0.884,0.749,3.67,25.0,2.0,1.0,0.041667,1.4701873363890408,3.172662720958831,6.827337279041169,5.8449,-0.9824372790411688,10.0,0.06125829574532216
27,74,Tomato,25.16,65.69,0.884,0.749,3.67,25.0,2.0,1.0,0.041667,1.0111520808513041,3.2147943947116624,6.785205605288338,5.8906,-0.894605605288338,10.0,0.04213167375283129
27,75,Tomato,23.3,64.68,0.884,0.749,3.67,25.0,2.0,1.0,0.041667,0.8888426811665703,3.25182980270783,6.74817019729217,5.7056,-1.0425701972921706,10.0,0.03703540799616749
27,76,Tomato,22.19,67.94,0.884,0.749,3.67,25.0,2.0,1.0,0.041667,0.8230203452787082,3.2861225914345575,6.713877408565443,5.7931,-0.920777408565443,10.0,0.03429278872672793
27,77,Tomato,22.77,62.04,0.884,0.749,3.67,25.0,2.0,1.0,0.041667,0.8567819547685698,3.3218221251438997,6.6781778748561,5.8336,-0.8445778748561006,10.0,0.035699533709342
27,78,Tomato,21.39,60.45,0.884,0.749,3.67,25.0,2.0,1.0,0.041667,0.778624691061662,3.354265080146366,6.645734919853634,5.6336,-1.0121349198536338,10.0,0.03244295500246627
27,79,Tomato,22.92,66.17,0.884,0.749,3.67,25.0,2.0,1.0,0.041667,0.8657365655196585,3.3903377256218734,6.609662274378127,5.6061,-1.003562274378127,10.0,0.03607264547550761
27,80,Tomato,22.44,61.33,0.884,0.749,3.67,25.0,2.0,1.0,0.041667,0.8374064875084266,3.4252299417368874,6.574770058263113,5.6075,-0.9672700582631126,10.0,0.03489221611501361
27,81,Tomato,21.32,72.5,0.884,0.749,3.67,25.0,2.0,1.0,0.041667,0.7748559309591715,3.457515863812163,6.542484136187837,5.6226,-0.9198841361878367,10.0,0.0322859220752758
27,82,Tomato,23.72,71.82,0.884,0.749,3.67,25.0,2.0,1.0,0.041667,0.9150991681279284,3.4956453008505495,6.5043546991494505,5.4786,-1.0257546991494504,10.0,0.03812943703838639
27,83,Tomato,23.28,76.5,0.884,0.749,3.67,25.0,2.0,1.0,0.041667,0.8876113372694979,3.532629402440558,6.467370597559443,5.2979,-1.1694705975594424,10.0,0.03698410159000817
27,84,Tomato,22.81,71.79,0.884,0.749,3.67,25.0,2.0,1.0,0.041667,0.8591607549471847,3.568428053616942,6.431571946383058,5.281,-1.1505719463830584,10.0,0.035798651176384345
27,85,Tomato,24.14,74.3,0.884,0.749,3.67,25.0,2.0,1.0,0.041667,0.9421312739048088,3.6076838374067335,6.392316162593266,5.117,-1.275316162593266,10.0,0.03925578378979167
27,86,Tomato,25.46,82.68,0.884,0.749,3.67,25.0,2.0,1.0,0.041667,1.032398535483242,3.650700787184714,6.349299212815286,5.1407,-1.2085992128152858,10.0,0.04301694977798024
27,87,Tomato,25.79,85.28,0.884,0.749,3.67,25.0,2.0,1.0,0.041667,1.056285625351857,3.6947130403362496,6.30528695966375,4.828,-1.4772869596637497,10.0,0.044012253151535834
27,88,Tomato,27.12,84.07,0.884,0.749,3.67,25.0,2.0,1.0,0.041667,1.1582928061946434,3.742975626691962,6.257024373308038,4.8267,-1.4303243733080384,10.0,0.048262586355712206
27,89,Tomato,27.91,85.31,0.884,0.749,3.67,25.0,2.0,1.0,0.041667,1.2234880411318663,3.7939547029018033,6.206045297098196,4.6452,-1.5608452970981963,10.0,0.050979076209841476
27,90,Tomato,27.48,76.15,0.884,0.749,3.67,25.0,2.0,1.0,0.041667,1.1875596660734102,3.8434367515080843,6.156563248491915,4.9321,-1.2244632484919151,10.0,0.04948204860628079
27,91,Tomato,28.85,81.17,0.884,0.749,3.67,25.0,2.0,1.0,0.041667,1.3058597870889177,3.897848011256718,6.102151988743282,4.7072,-1.3949519887432817,10.0,0.054411259748633936
27,92,Tomato,27.42,71.89,0.884,0.749,3.67,25.0,2.0,1.0,0.041667,1.182631000244143,3.9471246971438907,6.052875302856109,4.8413,-1.211575302856109,10.0,0.049276685887172704
27,93,Tomato,26.21,69.23,0.884,0.749,3.67,25.0,2.0,1.0,0.041667,1.087488390854883,3.992437075925641,6.007562924074358,4.7519,-1.2556629240743584,10.0,0.04531237878175041
27,94,Tomato,28.62,73.77,0.884,0.749,3.67,25.0,2.0,1.0,0.041667,1.285206337469373,4.045987768388978,5.954012231611022,4.7175,-1.2365122316110222,10.0,0.053550692463336366
27,95,Tomato,26.4,61.4,0.884,0.749,3.67,25.0,2.0,1.0,0.041667,1.1019051158766107,4.091900848852208,5.908099151147792,4.8159,-1.092199151147792,10.0,0.04591308046323074
28,0,Banana,25.47,87.02,0.929,0.536,4.94,25.0,2.2,1.0,0.041667,1.0377526856860604,0.04324004115448108,7.956759958845519,7.0,-0.9567599588455193,8.0,0.04324004115448108
28,1,Banana,26.39,82.85,0.929,0.536,4.94,25.0,2.2,1.0,0.041667,1.1158267088463851,0.08973319263198341,7.910266807368017,6.9028,-1.0074668073680169,8.0,0.04649315147750233
28,2,Banana,28.72,90.36,0.929,0.536,4.94,25.0,2.2,1.0,0.041667,1.3408532138009652,0.14560252349142824,7.854397476508572,6.8771,-0.9772974765085713,8.0,0.05586933085944482
28,3,Banana,27.49,81.83,0.929,0.536,4.94,25.0,2.2,1.0,0.041667,1.2169234150485255,0.19630807142625514,7.803691928573745,6.9723,-0.831391928573745,8.0,0.050705547934826914
28,4,Banana,31.68,76.59,0.929,0.536,4.94,25.0,2.2,1.0,0.041667,1.693317320912156,0.26686352423670195,7.733136475763298,6.8225,-0.9106364757632983,8.0,0.07055545281044681
28,5,Banana,29.22,70.73,0.929,0.536,4.94,25.0,2.2,1.0,0.041667,1.3947692732492378,0.324979375545178,7.675020624454822,6.6625,-1.0125206244548224,8.0,0.058115851308476
28,6,Banana,27.65,72.53,0.929,0.536,4.94,25.0,2.2,1.0,0.041667,1.2323725335067637,0.3763286418988043,7.623671358101196,6.6125,-1.0111713581011958,8.0,0.05134926635362633
28,7,Banana,28.25,69.7,0.929,0.536,4.94,25.0,2.2,1.0,0.041667,1.2920739520076736,0.430165487257108,7.569834512742892,6.6003,-0.969534512742892,8.0,0.05383684535830374
28,8,Banana,26.99,64.2,0.929,0.536,4.94,25.0,2.2,1.0,0.041667,1.1698821470423104,0.47891096667792,7.52108903332208,6.5862,-0.9348890333220803,8.0,0.04874547942081195
28,9,Banana,26.13,65.94,0.929,0.536,4.94,25.0,2.2,1.0,0.041667,1.0931852491686287,0.5244607164550292,7.475539283544971,6.4689,-1.0066392835449713,8.0,0.04554974977710925
28,10,Banana,24.45,71.8,0.929,0.536,4.94,25.0,2.2,1.0,0.041667,0.9575616679610236,0.5643594384739612,7.435640561526039,6.2833,-1.1523405615260396,8.0,0.03989872201893197
28,11,Banana,24.31,62.11,0.929,0.536,4.94,25.0,2.2,1.0,0.041667,0.9470498399620606,0.6038201641556604,7.39617983584434,6.3071,-1.0890798358443394,8.0,0.03946072568169918
28,12,Banana,28.11,61.51,0.929,0.536,4.94,25.0,2.2,1.0,0.041667,1.2778899473634966,0.6570660045924552,7.342933995407545,6.3742,-0.9687339954075451,8.0,0.05324584043679482
28,13,Banana,24.4,59.91,0.929,0.536,4.94,25.0,2.2,1.0,0.041667,0.9537941164991806,0.6968077440446265,7.3031922559553735,6.2177,-1.0854922559553737,8.0,0.03974173945217136
28,14,Banana,21.98,64.41,0.929,0.536,4.94,25.0,2.2,1.0,0.041667,0.7881127443046303,0.7296460377615676,7.270353962238432,6.3131,-0.9572539622384317,8.0,0.03283829371694103
28,15,Banana,22.63,65.51,0.929,0.536,4.94,25.0,2.2,1.0,0.041667,0.8295562212223048,0.7642111568312373,7.235788843168763,6.1141,-1.121688843168763,8.0,0.034565119069669775
28,16,Banana,22.54,70.97,0.929,0.536,4.94,25.0,2.2,1.0,0.041667,0.8236904306263777,0.7985318660041466,7.201468133995854,6.0393,-1.1621681339958538,8.0,0.03432070917290928
28,17,Banana,20.83,68.79,0.929,0.536,4.94,25.0,2.2,1.0,0.041667,0.7197965191026239,0.8285236275655957,7.171476372434404,5.9259,-1.245576372434404,8.0,0.029991761561449032
28,18,Banana,23.24,69.15,0.929,0.536,4.94,25.0,2.2,1.0,0.041667,0.8704295135503665,0.8647918141066988,7.135208185893301,5.8724,-1.2628081858933013,8.0,0.03626818654110312
28,19,Banana,22.19,71.97,0.929,0.536,4.94,25.0,2.2,1.0,0.041667,0.801270634444217,0.898178357632086,7.101821642367914,5.9032,-1.1986216423679137,8.0,0.03338654352538719
28,20,Banana,22.76,74.84,0.929,0.536,4.94,25.0,2.2,1.0,0.041667,0.8381028538658345,0.9330995892441137,7.066900410755887,5.9635,-1.1034004107558868,8.0,0.03492123161202773
28,21,Banana,24.36,80.15,0.929,0.536,4.94,25.0,2.2,1.0,0.041667,0.9507907510740767,0.9727161874691173,7.027283812530882,5.8381,-1.1891838125308825,8.0,0.03961659822500356
28,22,Banana,24.95,80.82,0.929,0.536,4.94,25.0,2.2,1.0,0.041667,0.9960654738092581,1.0142192475663276,6.985780752433673,5.7373,-1.2484807524336725,8.0,0.04150306009721036
28,23,Banana,25.98,79.06,0.929,0.536,4.94,25.0,2.2,1.0,0.041667,1.0803324537526493,1.0592334599168394,6.94076654008316,5.634,-1.30676654008316,8.0,0.04501421235051164
28,24,Banana,25.46,77.71,0.929,0.536,4.94,25.0,2.2,1.0,0.041667,1.0369347844252998,1.1024394215794882,6.897560578420512,5.5142,-1.383360578420512,8.0,0.04320596166264897
28,25,Banana,26.56,91.87,0.929,0.536,4.94,25.0,2.2,1.0,0.041667,1.1308836838562923,1.1495599520347284,6.850440047965272,5.4446,-1.4058400479652713,8.0,0.04712053045524014
28,26,Banana,27.45,79.84,0.929,0.536,4.94,25.0,2.2,1.0,0.041667,1.2130914919463252,1.2001058352296559,6.799894164770344,5.529,-1.2708941647703442,8.0,0.05054588319492753
28,27,Banana,28.57,79.65,0.929,0.536,4.94,25.0,2.2,1.0,0.041667,1.3250885370886252,1.2553182993045278,6.744681700695472,5.5582,-1.186481700695472,8.0,0.05521246407487175
28,28,Banana,28.66,81.05,0.929,0.536,4.94,25.0,2.2,1.0,0.041667,1.3345249607626435,1.3109239508446247,6.689076049155375,5.4117,-1.2773760491553752,8.0,0.05560565154009707
28,29,Banana,27.6,78.19,0.929,0.536,4.94,25.0,2.2,1.0,0.041667,1.2275237314969307,1.3620711821649074,6.637928817835093,5.3176,-1.320328817835093,8.0,0.051147231320282614
28,30,Banana,27.6,72.76,0.929,0.536,4.94,25.0,2.2,1.0,0.041667,1.2275237314969307,1.41321841348519,6.58678158651481,5.436,-1.1507815865148103,8.0,0.051147231320282614
28,31,Banana,28.77,69.46,0.929,0.536,4.94,25.0,2.2,1.0,0.041667,1.3461496749537294,1.469308431991487,6.530691568008513,5.2944,-1.2362915680085127,8.0,0.056090018506297044
28,32,Banana,29.95,64.17,0.929,0.536,4.94,25.0,2.2,1.0,0.041667,1.477403851982489,1.5308674182920414,6.469132581707958,5.3902,-1.0789325817079582,8.0,0.061558986300554376
28,33,Banana,25.55,66.49,0.929,0.536,4.94,25.0,2.2,1.0,0.041667,1.0443191634115243,1.5743810648739094,6.42561893512609,5.1706,-1.25501893512609,8.0,0.04351364658186799
28,34,Banana,24.3,63.09,0.929,0.536,4.94,25.0,2.2,1.0,0.041667,0.9463034258416327,1.6138106897184528,6.386189310281547,5.1705,-1.2156893102815474,8.0,0.039429624844543314
28,35,Banana,25.33,59.11,0.929,0.536,4.94,25.0,2.2,1.0,0.041667,1.0263605444774195,1.6565760545251933,6.3434239454748065,5.0768,-1.266623945474806,8.0,0.04276536480674064
28,36,Banana,23.2,56.63,0.929,0.536,4.94,25.0,2.2,1.0,0.041667,0.8676886517010793,1.6927300375756222,6.307269962424378,5.113,-1.1942699624243778,8.0,0.03615398305042888
28,37,Banana,23.8,63.86,0.929,0.536,4.94,25.0,2.2,1.0,0.041667,0.9097232166684526,1.7306354748445467,6.269364525155453,5.1467,-1.1226645251554528,8.0,0.03790543726892442
28,38,Banana,23.84,61.97,0.929,0.536,4.94,25.0,2.2,1.0,0.041667,0.9125968576375826,1.7686606481117317,6.231339351888268,4.9062,-1.325139351888268,8.0,0.03802517326718516
28,39,Banana,23.05,64.93,0.929,0.536,4.94,25.0,2.2,1.0,0.041667,0.8574870644279595,1.8043895616252517,6.195610438374748,4.8182,-1.3774104383747483,8.0,0.03572891351351979
28,40,Banana,21.83,64.46,0.929,0.536,4.94,25.0,2.2,1.0,0.041667,0.7788467467301321,1.836841769021256,6.163158230978744,4.7931,-1.370058230978744,8.0,0.032452207396004414
28,41,Banana,22.31,66.89,0.929,0.536,4.94,25.0,2.2,1.0,0.041667,0.8088878253540936,1.870545698040285,6.129454301959715,4.8441,-1.285354301959715,8.0,0.03370392901902902
28,42,Banana,28.39,71.91,0.929,0.536,4.94,25.0,2.2,1.0,0.041667,1.3064153927347943,1.9249801082093656,6.075019891790634,4.6707,-1.4043198917906343,8.0,0.05443441016908068
28,43,Banana,23.3,69.93,0.929,0.536,4.94,25.0,2.2,1.0,0.041667,0.874557048347934,1.961420276742879,6.038579723257121,4.8901,-1.1484797232571209,8.0,0.03644016853351337
28,44,Banana,21.99,71.23,0.929,0.536,4.94,25.0,2.2,1.0,0.041667,0.788734382634128,1.9942844722640953,6.005715527735905,4.5685,-1.4372155277359049,8.0,0.032864195521216215
28,45,Banana,23.58,76.14,0.929,0.536,4.94,25.0,2.2,1.0,0.041667,0.8940791749271454,2.0315380692457845,5.9684619307542155,4.5497,-1.4187619307542159,8.0,0.03725359698168937
28,46,Banana,24.49,76.23,0.929,0.536,4.94,25.0,2.2,1.0,0.041667,0.9605864214125166,2.07156282366678,5.928437176333221,4.3667,-1.5617371763332208,8.0,0.04002475442099533
28,47,Banana,23.84,81.67,0.929,0.536,4.94,25.0,2.2,1.0,0.041667,0.9125968576375826,2.109587996933965,5.890412003066035,4.4089,-1.481512003066035,8.0,0.03802517326718516
28,48,Banana,25.67,80.91,0.929,0.536,4.94,25.0,2.2,1.0,0.041667,1.0542468683548936,2.1535153011977086,5.846484698802291,4.3234,-1.5230846988022906,8.0,0.043927304263743354
28,49,Banana,28.03,82.94,0.929,0.536,4.94,25.0,2.2,1.0,0.041667,1.2698548215428191,2.206426342046933,5.793573657953067,4.2952,-1.4983736579530662,8.0,0.05291104084922465
28,50,Banana,27.59,82.69,0.929,0.536,4.94,25.0,2.2,1.0,0.041667,1.2265562628298259,2.2575332618502637,5.742466738149736,4.1526,-1.5898667381497367,8.0,0.05110691980333036
28,51,Banana,26.78,79.7,0.929,0.536,4.94,25.0,2.2,1.0,0.041667,1.1506711837231276,2.305478278062455,5.694521721937544,4.2133,-1.481221721937544,8.0,0.04794501621219156
28,52,Banana,27.57,73.23,0.929,0.536,4.94,25.0,2.2,1.0,0.041667,1.2246236124160985,2.3565046701209966,5.643495329879004,4.3034,-1.340095329879004,8.0,0.05102639205854158
28,53,Banana,28.12,78.67,0.929,0.536,4.94,25.0,2.2,1.0,0.041667,1.2788979064123789,2.409792509187481,5.590207490812519,4.1209,-1.4693074908125192,8.0,0.05328783906648459
28,54,Banana,27.41,73.72,0.929,0.536,4.94,25.0,2.2,1.0,0.041667,1.2092716350386605,2.4601792304046373,5.539820769595362,4.0621,-1.4777207695953622,8.0,0.05038672121715587
28,55,Banana,27.82,73.04,0.929,0.536,4.94,25.0,2.2,1.0,0.041667,1.2490021788565258,2.512221404191052,5.487778595808948,3.9708,-1.5169785958089474,8.0,0.05204217378641486
28,56,Banana,26.74,69.79,0.929,0.536,4.94,25.0,2.2,1.0,0.041667,1.147047879711207,2.560015448194979,5.439984551805021,3.999,-1.440984551805021,8.0,0.04779404400392686
28,57,Banana,26.21,62.01,0.929,0.536,4.94,25.0,2.2,1.0,0.041667,1.1001024816532894,2.6058534182980266,5.394146581701973,4.079,-1.3151465817019732,8.0,0.04583797010304761
28,58,Banana,29.29,61.09,0.929,0.536,4.94,25.0,2.2,1.0,0.041667,1.4024885685237225,2.6642909094827045,5.3357090905172955,4.0405,-1.2952090905172957,8.0,0.05843749118467795
28,59,Banana,24.63,57.14,0.929,0.536,4.94,25.0,2.2,1.0,0.041667,0.9712484993876654,2.70475992070669,5.295240079293309,3.9245,-1.3707400792933093,8.0,0.04046901122398586
28,60,Banana,23.25,64.19,0.929,0.536,4.94,25.0,2.2,1.0,0.041667,0.8711160807359112,2.7410567144427134,5.258943285557287,3.939,-1.3199432855572866,8.0,0.036296793736023215
28,61,Banana,27.78,62.82,0.929,0.536,4.94,25.0,2.2,1.0,0.041667,1.2450692441749558,2.792935014639751,5.207064985360249,3.907,-1.3000649853602493,8.0,0.05187830019703789
28,62,Banana,24.15,59.7,0.929,0.536,4.94,25.0,2.2,1.0,0.041667,0.9351775491038767,2.8319010575782624,5.168098942421738,3.7573,-1.4107989424217378,8.0,0.03896604293851123
28,63,Banana,21.81,61.02,0.929,0.536,4.94,25.0,2.2,1.0,0.041667,0.7776195396847534,2.864302130938307,5.135697869061692,3.6768,-1.4588978690616923,8.0,0.03240107336004462
28,64,Banana,21.72,64.0,0.929,0.536,4.94,25.0,2.2,1.0,0.041667,0.7721209932735517,2.8964740963650364,5.103525903634964,3.7565,-1.3470259036349637,8.0,0.03217196542672908
28,65,Banana,22.62,66.48,0.929,0.536,4.94,25.0,2.2,1.0,0.041667,0.8289024092991287,2.931011973053303,5.0689880269466965,3.7273,-1.3416880269466964,8.0,0.0345378766882668
28,66,Banana,23.32,70.77,0.929,0.536,4.94,25.0,2.2,1.0,0.041667,0.8759372381664066,2.9675096499559825,5.032490350044018,3.5125,-1.5199903500440177,8.0,0.03649767690267967
28,67,Banana,22.52,72.51,0.929,0.536,4.94,25.0,2.2,1.0,0.041667,0.8223925646419339,3.001776280946918,4.998223719053081,3.4667,-1.5315237190530815,8.0,0.03426663099093546
28,68,Banana,22.74,74.72,0.929,0.536,4.94,25.0,2.2,1.0,0.041667,0.8367822786290058,3.036642488150553,4.963357511849447,3.388,-1.5753575118494467,8.0,0.034866207203634786
28,69,Banana,27.55,75.81,0.929,0.536,4.94,25.0,2.2,1.0,0.041667,1.222694007225599,3.087588479349622,4.9124115206503784,3.2619,-1.6505115206503786,8.0,0.050945991199069035
28,70,Banana,23.0,77.99,0.929,0.536,4.94,25.0,2.2,1.0,0.041667,0.8541132591147453,3.123176816517156,4.876823183482844,3.2684,-1.6084231834828437,8.0,0.035588337167534095
28,71,Banana,23.79,80.61,0.929,0.536,4.94,25.0,2.2,1.0,0.041667,0.9090062213996187,3.161052378744214,4.838947621255786,3.3179,-1.5210476212557857,8.0,0.037875562227057916
28,72,Banana,24.93,78.35,0.929,0.536,4.94,25.0,2.2,1.0,0.041667,0.9944960012881887,3.202490043629889,4.797509956370111,3.1315,-1.666009956370111,8.0,0.04143766488567496
28,73,Banana,28.19,82.25,0.929,0.536,4.94,25.0,2.2,1.0,0.041667,1.285975916198556,3.2560728021301344,4.743927197869866,2.9397,-1.8042271978698654,8.0,0.053582758500245235
28,74,Banana,25.87,83.04,0.929,0.536,4.94,25.0,2.2,1.0,0.041667,1.0710032118118076,3.300698292956697,4.699301707043303,2.8413,-1.8580017070433033,8.0,0.044625490826562586
28,75,Banana,30.4,93.77,0.929,0.536,4.94,25.0,2.2,1.0,0.041667,1.530764026664472,3.3644806376557255,4.635519362344274,1.8191,-2.8164193623442744,8.0,0.06378234469902856
28,76,Banana,29.67,79.05,0.929,0.536,4.94,25.0,2.2,1.0,0.041667,1.445144891237355,3.4246954898389124,4.575304510161088,2.8379,-1.7374045101610878,8.0,0.060214852183186875
28,77,Banana,28.34,79.15,0.929,0.536,4.94,25.0,2.2,1.0,0.041667,1.301275267156091,3.4789157263955053,4.521084273604495,2.8315,-1.6895842736044946,8.0,0.054220236556592846
28,78,Banana,28.16,80.67,0.929,0.536,4.94,25.0,2.2,1.0,0.041667,1.2829376993426505,3.5323718915140154,4.467628108485984,2.8037,-1.663928108485984,8.0,0.05345616511851022
28,79,Banana,26.69,66.93,0.929,0.536,4.94,25.0,2.2,1.0,0.041667,1.1425347897864486,3.5799778886000473,4.420022111399953,3.0018,-1.418222111399953,8.0,0.047605997086031956
28,80,Banana,32.24,69.28,0.929,0.536,4.94,25.0,2.2,1.0,0.041667,1.7697585571717593,3.653718418401723,4.3462815815982765,2.7901,-1.5561815815982767,8.0,0.0737405298016757
28,81,Banana,29.46,65.13,0.929,0.536,4.94,25.0,2.2,1.0,0.041667,1.421413761083215,3.712944465584777,4.287055534415223,2.7567,-1.5303555344152229,8.0,0.05922604718305432
28,82,Banana,25.36,60.04,0.929,0.536,4.94,25.0,2.2,1.0,0.041667,1.0287911425556158,3.755811106121642,4.244188893878357,2.6735,-1.5706888938783572,8.0,0.04286664053686484
28,83,Banana,24.6,63.77,0.929,0.536,4.94,25.0,2.2,1.0,0.041667,0.9689538502228232,3.7961845061988764,4.203815493801123,2.5494,-1.6544154938011233,8.0,0.040373400077234375
28,84,Banana,23.94,63.76,0.929,0.536,4.94,25.0,2.2,1.0,0.041667,0.9198207359084803,3.834510676801975,4.165489323198025,2.7258,-1.4396893231980248,8.0,0.038326170603098654
28,85,Banana,23.03,65.12,0.929,0.536,4.94,25.0,2.2,1.0,0.041667,0.8561359460324535,3.8701832932653093,4.12981670673469,2.6425,-1.4873167067346902,8.0,0.03567261646333424
28,86,Banana,22.58,65.64,0.929,0.536,4.94,25.0,2.2,1.0,0.041667,0.8262923105432127,3.9046124149687134,4.095387585031286,2.6454,-1.4499875850312862,8.0,0.03442912170340405
28,87,Banana,21.82,67.19,0.929,0.536,4.94,25.0,2.2,1.0,0.041667,0.7782329013073485,3.9370390452674866,4.062960954732514,2.4205,-1.6424609547325137,8.0,0.03242663029877329
28,88,Banana,21.25,75.58,0.929,0.536,4.94,25.0,2.2,1.0,0.041667,0.7440317947846128,3.968040618060777,4.031959381939223,2.3779,-1.654059381939223,8.0,0.031001572793290463
28,89,Banana,20.78,68.09,0.929,0.536,4.94,25.0,2.2,1.0,0.041667,0.71696446084621,3.9979143762508564,4.002085623749144,2.273,-1.7290856237491439,8.0,0.029873758190079036
28,90,Banana,22.33,74.73,0.929,0.536,4.94,25.0,2.2,1.0,0.041667,0.8101643787166777,4.031671495418844,3.968328504581156,2.2408,-1.727528504581156,8.0,0.03375711916798781
28,91,Banana,23.11,72.32,0.929,0.536,4.94,25.0,2.2,1.0,0.041667,0.8615532267556291,4.067569833718071,3.9324301662819288,2.187,-1.745430166281929,8.0,0.0358983382992268
28,92,Banana,22.76,73.15,0.929,0.536,4.94,25.0,2.2,1.0,0.041667,0.8381028538658345,4.102491065330098,3.8975089346699017,2.1839,-1.7136089346699017,8.0,0.03492123161202773
28,93,Banana,22.3,75.75,0.929,0.536,4.94,25.0,2.2,1.0,0.041667,0.8082503031570457,4.136168430711743,3.8638315692882568,1.9914,-1.8724315692882567,8.0,0.033677365381644626
28,94,Banana,23.08,80.48,0.929,0.536,4.94,25.0,2.2,1.0,0.041667,0.8595177410962035,4.171981956429999,3.828018043570001,1.9683,-1.8597180435700011,8.0,0.035813525718255516
28,95,Banana,25.73,81.94,0.929,0.536,4.94,25.0,2.2,1.0,0.041667,1.0592460561887391,4.216117561853215,3.783882438146785,1.8835,-1.9003824381467849,8.0,0.04413560542321619
29,0,Tomato,25.37,77.84,0.986,0.507,31.91,25.0,2.0,1.0,0.041667,1.0259781453371406,0.04274943138176264,9.957250568618237,9.8563,-0.10095056861823792,10.0,0.04274943138176264
29,1,Tomato,25.04,91.9,0.986,0.507,31.91,25.0,2.0,1.0,0.041667,1.0027764359010776,0.08453211713645284,9.915467882863547,9.9123,-0.003167882863547078,10.0,0.0417826857546902
29,2,Tomato,24.33,77.69,0.986,0.507,31.91,25.0,2.0,1.0,0.041667,0.9546210141397168,0.12430831093261242,9.875691689067388,9.8399,-0.03579168906738772,10.0,0.039776193796159584
29,3,Tomato,25.68,78.95,0.986,0.507,31.91,25.0,2.0,1.0,0.041667,1.0482624755169287,0.1679862634999763,9.832013736500024,9.7074,-0.12461373650002372,10.0,0.04367795256736387
29,4,Tomato,28.07,91.25,0.986,0.507,31.91,25.0,2.0,1.0,0.041667,1.2371324786871727,0.2195338624894347,9.780466137510565,9.7131,-0.06736613751056453,10.0,0.051547598989458425
29,5,Tomato,28.47,79.51,0.986,0.507,31.91,25.0,2.0,1.0,0.041667,1.2719130067435735,0.2725306617414192,9.727469338258581,9.3974,-0.330069338258582,10.0,0.05299679925198448
29,6,Tomato,27.18,74.34,0.986,0.507,31.91,25.0,2.0,1.0,0.041667,1.1631200415478509,0.3209943845125935,9.679005615487407,9.5087,-0.17030561548740764,10.0,0.048463722771174306
29,7,Tomato,27.95,77.84,0.986,0.507,31.91,25.0,2.0,1.0,0.041667,1.226884977253804,0.37211500085982774,9.627884999140171,9.3484,-0.27948499914017155,10.0,0.051120616347234256
29,8,Tomato,28.99,73.88,0.986,0.507,31.91,25.0,2.0,1.0,0.041667,1.3185936144923662,0.42705684099488117,9.572943159005119,9.3724,-0.2005431590051181,10.0,0.054941840135053426
29,9,Tomato,28.0,66.1,0.986,0.507,31.91,25.0,2.0,1.0,0.041667,1.2311444133449163,0.4783549352657238,9.521645064734276,9.2593,-0.26234506473427643,10.0,0.05129809427084263
29,10,Tomato,26.73,75.4,0.986,0.507,31.91,25.0,2.0,1.0,0.041667,1.1274004121454215,0.525330328238587,9.474669671761413,9.2328,-0.24186967176141394,10.0,0.04697539297286328
29,11,Tomato,24.96,60.68,0.986,0.507,31.91,25.0,2.0,1.0,0.041667,0.9972312513520696,0.5668819627886738,9.433118037211326,9.0978,-0.33531803721132647,10.0,0.04155163455008669
29,12,Tomato,25.61,64.77,0.986,0.507,31.91,25.0,2.0,1.0,0.041667,1.0431885935298582,0.6103485019152823,9.389651498084717,8.9842,-0.4054514980847177,10.0,0.043466539126608604
29,13,Tomato,25.11,57.95,0.986,0.507,31.91,25.0,2.0,1.0,0.041667,1.007653760410504,0.6523344111503069,9.347665588849694,8.9505,-0.39716558884969366,10.0,0.041985909235024474
29,14,Tomato,23.71,56.93,0.986,0.507,31.91,25.0,2.0,1.0,0.041667,0.9144650894999016,0.6904374280344993,9.3095625719655,8.8294,-0.4801625719655007,10.0,0.0381030168841924
29,15,Tomato,22.13,65.4,0.986,0.507,31.91,25.0,2.0,1.0,0.041667,0.8196046076375171,0.7245878932209316,9.275412106779068,8.8524,-0.4230121067790691,10.0,0.03415046518643242
29,16,Tomato,30.2,68.06,0.986,0.507,31.91,25.0,2.0,1.0,0.041667,1.4339552480158273,0.7843365065400072,9.215663493459992,8.7059,-0.5097634934599924,10.0,0.05974861331907548
29,17,Tomato,23.39,65.75,0.986,0.507,31.91,25.0,2.0,1.0,0.041667,0.8944049017826058,0.821603675582583,9.178396324417417,8.5997,-0.5786963244174164,10.0,0.037267169042575835
29,18,Tomato,22.31,66.15,0.986,0.507,31.91,25.0,2.0,1.0,0.041667,0.8298945855899824,0.8561828932803608,9.14381710671964,8.532,-0.6118171067196396,10.0,0.034579217697777796
29,19,Tomato,19.52,67.52,0.986,0.507,31.91,25.0,2.0,1.0,0.041667,0.6839676519512454,0.8846817734342134,9.115318226565787,8.4966,-0.618718226565786,10.0,0.028498880153852546
29,20,Tomato,21.62,71.38,0.986,0.507,31.91,25.0,2.0,1.0,0.041667,0.7911373011854499,0.9176460913627075,9.082353908637293,8.4014,-0.6809539086372922,10.0,0.03296431792849414
29,21,Tomato,28.64,66.77,0.986,0.507,31.91,25.0,2.0,1.0,0.041667,1.2869892473012707,0.9712710723300095,9.02872892766999,8.2764,-0.7523289276699892,10.0,0.053624980967302054
29,22,Tomato,28.62,78.35,0.986,0.507,31.91,25.0,2.0,1.0,0.041667,1.285206337469373,1.024821764793346,8.975178235206654,8.0776,-0.8975782352066535,10.0,0.053550692463336366
29,23,Tomato,25.38,76.71,0.986,0.507,31.91,25.0,2.0,1.0,0.041667,1.026689545719999,1.0676008380948612,8.932399161905138,8.0045,-0.9278991619051382,10.0,0.042779073301515196
29,24,Tomato,24.05,73.46,0.986,0.507,31.91,25.0,2.0,1.0,0.041667,0.9362722474344923,1.106612493828714,8.893387506171287,7.9279,-0.9654875061712866,10.0,0.03901165573385299
29,25,Tomato,25.2,81.35,0.986,0.507,31.91,25.0,2.0,1.0,0.041667,1.013959479790029,1.1488611434731253,8.851138856526875,7.8746,-0.9765388565268749,10.0,0.04224864964441114
29,26,Tomato,25.87,80.43,0.986,0.507,31.91,25.0,2.0,1.0,0.041667,1.0621591864953726,1.193118130296828,8.806881869703172,7.9499,-0.8569818697031719,10.0,0.04425698682370269
29,27,Tomato,26.99,84.14,0.986,0.507,31.91,25.0,2.0,1.0,0.041667,1.1479024138550018,1.2409477801749242,8.759052219825076,7.6802,-1.0788522198250758,10.0,0.04782964987809636
29,28,Tomato,27.88,78.02,0.986,0.507,31.91,25.0,2.0,1.0,0.041667,1.2209465126691341,1.2918209585183091,8.70817904148169,7.5221,-1.1860790414816904,10.0,0.05087317834338481
29,29,Tomato,27.95,82.12,0.986,0.507,31.91,25.0,2.0,1.0,0.041667,1.226884977253804,1.3429415748655433,8.657058425134457,7.5332,-1.1238584251344568,10.0,0.051120616347234256
29,30,Tomato,26.65,74.21,0.986,0.507,31.91,25.0,2.0,1.0,0.041667,1.1211660780285087,1.3896572018387572,8.610342798161243,7.5619,-1.0484427981612434,10.0,0.046715626973213874
29,31,Tomato,27.83,80.34,0.986,0.507,31.91,25.0,2.0,1.0,0.041667,1.2167223586340676,1.4403543723559629,8.559645627644038,7.2774,-1.2822456276440377,10.0,0.0506971705172057
29,32,Tomato,27.23,72.3,0.986,0.507,31.91,25.0,2.0,1.0,0.041667,1.1671581018184676,1.488986348984433,8.511013651015567,7.3761,-1.1349136510155668,10.0,0.04863197662847009
29,33,Tomato,27.63,70.58,0.986,0.507,31.91,25.0,2.0,1.0,0.041667,1.1999713823732154,1.5389855565737778,8.461014443426222,7.3887,-1.0723144434262224,10.0,0.04999920758934477
29,34,Tomato,25.76,72.17,0.986,0.507,31.91,25.0,2.0,1.0,0.041667,1.054091423290738,1.582906383908033,8.417093616091966,7.0344,-1.3826936160919665,10.0,0.04392082733425518
29,35,Tomato,25.43,64.88,0.986,0.507,31.91,25.0,2.0,1.0,0.041667,1.0302539536200745,1.6258339753935207,8.37416602460648,7.1751,-1.1990660246064797,10.0,0.04292759148548765
29,36,Tomato,29.31,64.37,0.986,0.507,31.91,25.0,2.0,1.0,0.041667,1.3481677317370564,1.6820080802718085,8.317991919728192,6.9109,-1.4070919197281917,10.0,0.05617410487828793
29,37,Tomato,23.78,65.37,0.986,0.507,31.91,25.0,2.0,1.0,0.041667,0.91891288347905,1.72029642338773,8.27970357661227,6.9628,-1.3169035766122708,10.0,0.03828834311592158
29,38,Tomato,23.99,63.13,0.986,0.507,31.91,25.0,2.0,1.0,0.041667,0.9323864864368324,1.7591461711180936,8.240853828881907,6.8812,-1.359653828881907,10.0,0.038849747730363496
29,39,Tomato,24.36,64.24,0.986,0.507,31.91,25.0,2.0,1.0,0.041667,0.9566081580918743,1.7990051632413078,8.200994836758692,6.7856,-1.4153948367586926,10.0,0.03985899212321413
29,40,Tomato,22.78,66.08,0.986,0.507,31.91,25.0,2.0,1.0,0.041667,0.8573760366341717,1.8347294505597438,8.165270549440256,6.7728,-1.3924705494402563,10.0,0.035724287318436035
29,41,Tomato,22.97,66.34,0.986,0.507,31.91,25.0,2.0,1.0,0.041667,0.8687421851506232,1.870927331188415,8.129072668811585,6.5482,-1.580872668811585,10.0,0.03619788062867102
29,42,Tomato,22.18,65.63,0.986,0.507,31.91,25.0,2.0,1.0,0.041667,0.8224500687124643,1.905196358201457,8.094803641798542,6.61,-1.4848036417985417,10.0,0.03426902701304225
29,43,Tomato,22.14,65.86,0.986,0.507,31.91,25.0,2.0,1.0,0.041667,0.8201729111967263,1.939370502892291,8.060629497107708,6.3821,-1.678529497107708,10.0,0.034174144690834
29,44,Tomato,21.54,70.03,0.986,0.507,31.91,25.0,2.0,1.0,0.041667,0.7867624453535659,1.972152533702838,8.027847466297162,6.378,-1.649847466297162,10.0,0.03278203081054703
29,45,Tomato,21.5,75.23,0.986,0.507,31.91,25.0,2.0,1.0,0.041667,0.7845840978967508,2.004843799309902,7.995156200690098,6.378,-1.617156200690098,10.0,0.03269126560706392
29,46,Tomato,23.64,72.95,0.986,0.507,31.91,25.0,2.0,1.0,0.041667,0.9100388240808992,2.042762386992881,7.957237613007119,6.1898,-1.767437613007119,10.0,0.03791858768297883
29,47,Tomato,23.81,74.1,0.986,0.507,31.91,25.0,2.0,1.0,0.041667,0.9208256972050398,2.081130431318323,7.918869568681677,6.1263,-1.7925695686816772,10.0,0.0383680443254424
29,48,Tomato,23.98,82.9,0.986,0.507,31.91,25.0,2.0,1.0,0.041667,0.9317404293047731,2.1199532597861652,7.880046740213835,5.9251,-1.9549467402138356,10.0,0.038822828467841984
29,49,Tomato,25.49,87.05,0.986,0.507,31.91,25.0,2.0,1.0,0.041667,1.0345475815189091,2.163059753865314,7.836940246134686,5.7372,-2.0997402461346866,10.0,0.04310649407914839
29,50,Tomato,24.78,80.29,0.986,0.507,31.91,25.0,2.0,1.0,0.041667,0.9848664428955507,2.2040961839414424,7.795903816058558,5.5995,-2.1964038160585577,10.0,0.041036430076128914
29,51,Tomato,26.93,83.7,0.986,0.507,31.91,25.0,2.0,1.0,0.041667,1.143138335414036,2.251727328963139,7.748272671036861,5.7181,-2.030172671036861,10.0,0.047631145021696644
29,52,Tomato,27.27,79.24,0.986,0.507,31.91,25.0,2.0,1.0,0.041667,1.17039864147459,2.300494329157461,7.699505670842539,5.5876,-2.111905670842539,10.0,0.048767000194321744
29,53,Tomato,27.51,82.19,0.986,0.507,31.91,25.0,2.0,1.0,0.041667,1.1900316963066757,2.3500793798474713,7.649920620152528,5.5251,-2.124820620152528,10.0,0.04958505069001026
29,54,Tomato,29.29,78.7,0.986,0.507,31.91,25.0,2.0,1.0,0.041667,1.3463000692767821,2.4061756648340267,7.593824335165973,5.4865,-2.1073243351659725,10.0,0.05609628498655569
29,55,Tomato,29.14,72.66,0.986,0.507,31.91,25.0,2.0,1.0,0.041667,1.3323748250920218,2.4616917266711362,7.538308273328864,5.4406,-2.0977082733288643,10.0,0.055516061837109276
29,56,Tomato,29.41,75.69,0.986,0.507,31.91,25.0,2.0,1.0,0.041667,1.3575449798800068,2.5182565533477965,7.481743446652203,5.1728,-2.3089434466522034,10.0,0.05656482667666025
29,57,Tomato,25.94,73.35,0.986,0.507,31.91,25.0,2.0,1.0,0.041667,1.06732533803996,2.562728798207907,7.437271201792093,5.1669,-2.270371201792093,10.0,0.04447224486011102
29,58,Tomato,25.87,71.85,0.986,0.507,31.91,25.0,2.0,1.0,0.041667,1.0621591864953726,2.6069857850316103,7.39301421496839,5.2539,-2.13911421496839,10.0,0.04425698682370269
29,59,Tomato,24.75,61.56,0.986,0.507,31.91,25.0,2.0,1.0,0.041667,0.9828205985452511,2.647936970911195,7.352063029088805,5.1248,-2.227263029088806,10.0,0.040951185879584975
29,60,Tomato,25.63,65.13,0.986,0.507,31.91,25.0,2.0,1.0,0.041667,1.0446357628642315,2.691463809242459,7.3085361907575415,5.1074,-2.2011361907575413,10.0,0.04352683833126394
29,61,Tomato,25.6,72.55,0.986,0.507,31.91,25.0,2.0,1.0,0.041667,1.0424657608411214,2.734900230099426,7.265099769900575,5.0059,-2.259199769900575,10.0,0.04343642085696701
29,62,Tomato,24.55,61.31,0.986,0.507,31.91,25.0,2.0,1.0,0.041667,0.969289816935065,2.7752876289016593,7.224712371098341,4.9374,-2.2873123710983405,10.0,0.040387398802233354
29,63,Tomato,23.64,59.4,0.986,0.507,31.91,25.0,2.0,1.0,0.041667,0.9100388240808992,2.8132062165846383,7.186793783415362,4.7499,-2.4368937834153614,10.0,0.03791858768297883
29,64,Tomato,22.55,60.44,0.986,0.507,31.91,25.0,2.0,1.0,0.041667,0.8438157961300179,2.8483654893619876,7.151634510638012,4.6827,-2.4689345106380127,10.0,0.03515927277734946
29,65,Tomato,21.48,59.43,0.986,0.507,31.91,25.0,2.0,1.0,0.041667,0.7834971869493408,2.8810114666506057,7.118988533349395,4.6883,-2.430688533349395,10.0,0.032645977288618185
29,66,Tomato,21.49,59.06,0.986,0.507,31.91,25.0,2.0,1.0,0.041667,0.7840404540757385,2.91368008025058,7.08631991974942,4.6946,-2.39171991974942,10.0,0.0326686135999738
29,67,Tomato,21.96,66.2,0.986,0.507,31.91,25.0,2.0,1.0,0.041667,0.810003473632046,2.9474304949864063,7.052569505013594,4.5489,-2.503669505013594,10.0,0.03375041473582646
29,68,Tomato,22.71,69.2,0.986,0.507,31.91,25.0,2.0,1.0,0.041667,0.8532260981120675,2.9829818668164414,7.017018133183559,4.3413,-2.6757181331835582,10.0,0.03555137183003552
29,69,Tomato,22.49,70.22,0.986,0.507,31.91,25.0,2.0,1.0,0.041667,0.8403137522332818,3.0179952199307456,6.982004780069254,4.3957,-2.5863047800692547,10.0,0.035013353114304153
29,70,Tomato,22.87,77.8,0.986,0.507,31.91,25.0,2.0,1.0,0.041667,0.862741344542656,3.0539430635338047,6.946056936466196,4.2814,-2.664656936466196,10.0,0.03594784360305885
29,71,Tomato,23.27,73.81,0.986,0.507,31.91,25.0,2.0,1.0,0.041667,0.8869963051521499,3.0909015385805794,6.90909846141942,4.1127,-2.79639846141942,10.0,0.03695847504677463
29,72,Tomato,24.39,85.8,0.986,0.507,31.91,25.0,2.0,1.0,0.041667,0.9585994384929766,3.130843501384266,6.869156498615734,3.6498,-3.219356498615734,10.0,0.03994196280368686
29,73,Tomato,25.52,84.25,0.986,0.507,31.91,25.0,2.0,1.0,0.041667,1.0367011010197207,3.174039726160455,6.825960273839545,3.6892,-3.136760273839545,10.0,0.0431962247761887
29,74,Tomato,26.46,83.45,0.986,0.507,31.91,25.0,2.0,1.0,0.041667,1.1064973530922722,3.2201441513717506,6.77985584862825,3.7246,-3.0552558486282497,10.0,0.04610442521129571
29,75,Tomato,28.7,84.52,0.986,0.507,31.91,25.0,2.0,1.0,0.041667,1.2923528306374923,3.273992616765923,6.7260073832340765,3.5895,-3.1365073832340764,10.0,0.053848465394172394
29,76,Tomato,28.59,80.47,0.986,0.507,31.91,25.0,2.0,1.0,0.041667,1.282536602762248,3.3274320693932173,6.672567930606783,3.5064,-3.1661679306067825,10.0,0.05343945262729459
29,77,Tomato,26.57,84.77,0.986,0.507,31.91,25.0,2.0,1.0,0.041667,1.1149662187276974,3.3738893668289447,6.626110633171056,3.327,-3.299110633171056,10.0,0.04645729743572697
29,78,Tomato,27.58,84.58,0.986,0.507,31.91,25.0,2.0,1.0,0.041667,1.195819796776124,3.423715590301215,6.5762844096987845,3.2992,-3.2770844096987846,10.0,0.04982622347227076
29,79,Tomato,27.16,76.16,0.986,0.507,31.91,25.0,2.0,1.0,0.041667,1.161508731925722,3.4721121746343644,6.527887825365635,3.3868,-3.141087825365635,10.0,0.04839658433314906
29,80,Tomato,28.14,77.75,0.986,0.507,31.91,25.0,2.0,1.0,0.041667,1.2431496689039396,3.523910491888585,6.476089508111415,3.2922,-3.1838895081114154,10.0,0.051798317254220454
29,81,Tomato,27.43,76.16,0.986,0.507,31.91,25.0,2.0,1.0,0.041667,1.183451021752571,3.573221345611949,6.426778654388051,3.4084,-3.018378654388051,10.0,0.049310853723364384
29,82,Tomato,27.29,65.45,0.986,0.507,31.91,25.0,2.0,1.0,0.041667,1.1720222836745138,3.622055998105815,6.3779440018941855,3.2091,-3.1688440018941857,10.0,0.04883465249386597
29,83,Tomato,26.39,67.63,0.986,0.507,31.91,25.0,2.0,1.0,0.041667,1.1011415980979635,3.667937265073763,6.332062734926237,3.2395,-3.092562734926237,10.0,0.04588126696794785
29,84,Tomato,30.31,65.54,0.986,0.507,31.91,25.0,2.0,1.0,0.041667,1.4449303979235255,3.7281431799640425,6.271856820035957,3.2683,-3.003556820035957,10.0,0.060205914890279544
29,85,Tomato,24.19,66.38,0.986,0.507,31.91,25.0,2.0,1.0,0.041667,0.9454021167507438,3.767535249962696,6.232464750037304,2.9206,-3.3118647500373037,10.0,0.039392069998653245
29,86,Tomato,22.48,59.74,0.986,0.507,31.91,25.0,2.0,1.0,0.041667,0.8397314929441403,3.802524342079199,6.197475657920801,3.1331,-3.064375657920801,10.0,0.034989092116503494
29,87,Tomato,24.48,65.98,0.986,0.507,31.91,25.0,2.0,1.0,0.041667,0.9645981845841383,3.8427162546362665,6.157283745363733,2.9573,-3.199983745363733,10.0,0.04019191255706729
29,88,Tomato,23.64,63.4,0.986,0.507,31.91,25.0,2.0,1.0,0.041667,0.9100388240808992,3.880634842319245,6.119365157680755,2.7063,-3.4130651576807547,10.0,0.03791858768297883
29,89,Tomato,20.3,64.78,0.986,0.507,31.91,25.0,2.0,1.0,0.041667,0.7219645977612481,3.9107169412141634,6.089283058785837,2.7615,-3.327783058785837,10.0,0.030082098894917926
29,90,Tomato,21.5,63.93,0.986,0.507,31.91,25.0,2.0,1.0,0.041667,0.7845840978967508,3.943408206821227,6.056591793178773,2.6038,-3.4527917931787733,10.0,0.03269126560706392
29,91,Tomato,22.12,69.53,0.986,0.507,31.91,25.0,2.0,1.0,0.041667,0.8190366978598277,3.9775350089109525,6.0224649910890475,2.5238,-3.4986649910890475,10.0,0.03412680208972544
29,92,Tomato,23.07,75.5,0.986,0.507,31.91,25.0,2.0,1.0,0.041667,0.8747847649058218,4.013984665710283,5.986015334289717,2.3351,-3.6509153342897167,10.0,0.036449656799330876
29,93,Tomato,22.0,71.53,0.986,0.507,31.91,25.0,2.0,1.0,0.041667,0.8122523963562356,4.047828786309259,5.952171213690741,2.3231,-3.6290712136907413,10.0,0.03384412059897527
29,94,Tomato,22.44,78.58,0.986,0.507,31.91,25.0,2.0,1.0,0.041667,0.8374064875084266,4.082721002424273,5.917278997575727,2.0919,-3.8253789975757275,10.0,0.03489221611501361
29,95,Tomato,24.57,76.3,0.986,0.507,31.91,25.0,2.0,1.0,0.041667,0.9706344697695466,4.12316442887616,5.87683557112384,2.018,-3.85883557112384,10.0,0.0404434264518877
30,0,Tomato,33.0,80.39,0.905,0.362,2.71,25.0,2.0,1.0,0.041667,1.7411011265922482,0.07254646064171921,9.92745353935828,9.8336,-0.09385353935828,10.0,0.07254646064171921
30,1,Tomato,26.74,68.69,0.905,0.362,2.71,25.0,2.0,1.0,0.041667,1.1281821374565113,0.11955442576311967,9.88044557423688,9.908,0.027554425763119283,10.0,0.04700796512140046
30,2,Tomato,26.32,59.05,0.905,0.362,2.71,25.0,2.0,1.0,0.041667,1.095811766447691,0.16521361463569562,9.834786385364305,9.8961,0.0613136146356954,10.0,0.045659188872575945
30,3,Tomato,25.88,66.09,0.905,0.362,2.71,25.0,2.0,1.0,0.041667,1.0628956743585531,0.20950128869919346,9.790498711300806,9.8919,0.10140128869919351,10.0,0.04428767406349784
30,4,Tomato,24.02,64.06,0.905,0.362,2.71,25.0,2.0,1.0,0.041667,0.9343273468831803,0.24843190626177492,9.751568093738225,9.6899,-0.06166809373822524,10.0,0.038930617562581475
30,5,Tomato,22.44,65.98,0.905,0.362,2.71,25.0,2.0,1.0,0.041667,0.8374064875084266,0.28332412237678856,9.716675877623212,9.9086,0.19192412237678802,10.0,0.03489221611501361
30,6,Tomato,21.75,66.03,0.905,0.362,2.71,25.0,2.0,1.0,0.041667,0.7982983863566498,0.3165868212411111,9.683413178758888,9.7462,0.06278682124111157,10.0,0.03326269886432253
30,7,Tomato,23.25,70.0,0.905,0.362,2.71,25.0,2.0,1.0,0.041667,0.8857675191023606,0.35349409645954916,9.64650590354045,9.6327,-0.01380590354045097,10.0,0.03690727521843806
30,8,Tomato,22.25,62.16,0.905,0.362,2.71,25.0,2.0,1.0,0.041667,0.8264503181542117,0.38792980186608067,9.61207019813392,9.5907,-0.02137019813391916,10.0,0.03443570540653154
30,9,Tomato,24.22,67.48,0.905,0.362,2.71,25.0,2.0,1.0,0.041667,0.9473700705992676,0.4274038705977404,9.57259612940226,9.4161,-0.1564961294022602,10.0,0.039474068731659685
30,10,Tomato,21.45,67.9,0.905,0.362,2.71,25.0,2.0,1.0,0.041667,0.7818696431285935,0.45998203301797946,9.54001796698202,9.4677,-0.07231796698201975,10.0,0.03257816242023911
30,11,Tomato,21.28,75.18,0.905,0.362,2.71,25.0,2.0,1.0,0.041667,0.7727105496479874,0.49217856349016215,9.507821436509838,9.5687,0.06087856349016185,10.0,0.03219653047218269
30,12,Tomato,23.32,79.75,0.905,0.362,2.71,25.0,2.0,1.0,0.041667,0.8900757332524964,0.5292653490675939,9.470734650932407,9.5077,0.03696534906759297,10.0,0.03708678557743177
30,13,Tomato,22.66,77.69,0.905,0.362,2.71,25.0,2.0,1.0,0.041667,0.8502741600641959,0.5646937224949888,9.435306277505012,9.4842,0.04889372249498791,10.0,0.035428373427394855
30,14,Tomato,24.73,83.4,0.905,0.362,2.71,25.0,2.0,1.0,0.041667,0.9814590638534794,0.6055881773085717,9.394411822691428,9.3554,-0.03901182269142822,10.0,0.04089445481358293
30,15,Tomato,24.03,81.61,0.905,0.362,2.71,25.0,2.0,1.0,0.041667,0.9349751977514554,0.6445457888732816,9.355454211126718,9.2971,-0.05835421112671746,10.0,0.03895761156470989
30,16,Tomato,26.54,85.5,0.905,0.362,2.71,25.0,2.0,1.0,0.041667,1.112650120584834,0.6909065814476899,9.30909341855231,9.309,-9.341855231070895e-05,10.0,0.04636079257440828
30,17,Tomato,28.11,82.1,0.905,0.362,2.71,25.0,2.0,1.0,0.041667,1.240567297715389,0.742597299041597,9.257402700958403,9.2849,0.027497299041597145,10.0,0.051690717593907115
30,18,Tomato,27.48,77.48,0.905,0.362,2.71,25.0,2.0,1.0,0.041667,1.1875596660734102,0.7920793476478778,9.207920652352122,9.0514,-0.15652065235212298,10.0,0.04948204860628079
30,19,Tomato,27.92,83.58,0.905,0.362,2.71,25.0,2.0,1.0,0.041667,1.2243363924002046,0.8430937721100171,9.156906227889984,9.1022,-0.054706227889983694,10.0,0.05101442446213933
30,20,Tomato,29.15,81.06,0.905,0.362,2.71,25.0,2.0,1.0,0.041667,1.3332986770911985,0.8986483280883761,9.101351671911624,9.1093,0.007948328088374979,10.0,0.055554555978358976
30,21,Tomato,28.21,73.45,0.905,0.362,2.71,25.0,2.0,1.0,0.041667,1.2491961256533768,0.9506985830559753,9.049301416944024,8.9078,-0.14150141694402407,10.0,0.052050254967599255
30,22,Tomato,27.77,71.4,0.905,0.362,2.71,25.0,2.0,1.0,0.041667,1.211672660430243,1.0011853477981223,8.998814652201878,9.0946,0.09578534779812209,10.0,0.05048676474214694
30,23,Tomato,25.97,71.48,0.905,0.362,2.71,25.0,2.0,1.0,0.041667,1.0695470878852447,1.0457501663090367,8.954249833690962,8.989,0.03475016630903838,10.0,0.04456481851091449
30,24,Tomato,26.01,67.37,0.905,0.362,2.71,25.0,2.0,1.0,0.041667,1.0725166168179425,1.09043871618199,8.909561283818011,9.069,0.1594387161819899,10.0,0.04468854987295321
30,25,Tomato,26.49,67.25,0.905,0.362,2.71,25.0,2.0,1.0,0.041667,1.1088006436030693,1.1366391125989992,8.863360887401,8.8942,0.030839112598998852,10.0,0.04620039641700909
30,26,Tomato,25.95,64.13,0.905,0.362,2.71,25.0,2.0,1.0,0.041667,1.0680654080478515,1.1811421939561288,8.818857806043871,8.9355,0.11664219395612818,10.0,0.04450308135712983
30,27,Tomato,25.63,73.91,0.905,0.362,2.71,25.0,2.0,1.0,0.041667,1.0446357628642315,1.2246690322873928,8.775330967712607,8.6053,-0.1700309677126075,10.0,0.04352683833126394
30,28,Tomato,23.89,59.99,0.905,0.362,2.71,25.0,2.0,1.0,0.041667,0.925946022527324,1.2632504252080388,8.736749574791961,8.6472,-0.08954957479196146,10.0,0.03858139292064602
30,29,Tomato,23.3,59.55,0.905,0.362,2.71,25.0,2.0,1.0,0.041667,0.8888426811665703,1.3002858332042064,8.699714166795793,8.7274,0.027685833204206034,10.0,0.03703540799616749
30,30,Tomato,29.32,66.19,0.905,0.362,2.71,25.0,2.0,1.0,0.041667,1.349102534339699,1.3564988885025386,8.64350111149746,8.6097,-0.03380111149746057,10.0,0.05621305529833224
30,31,Tomato,22.59,63.15,0.905,0.362,2.71,25.0,2.0,1.0,0.041667,0.8461585966002897,1.391755778747083,8.608244221252917,8.6417,0.03345577874708283,10.0,0.03525689024454427
30,32,Tomato,22.52,67.71,0.905,0.362,2.71,25.0,2.0,1.0,0.041667,0.842062953608416,1.4268420158350847,8.573157984164915,8.6284,0.055242015835084146,10.0,0.03508623708800187
30,33,Tomato,22.99,80.07,0.905,0.362,2.71,25.0,2.0,1.0,0.041667,0.8699473527086506,1.463090112180396,8.536909887819604,8.4424,-0.0945098878196049,10.0,0.03624809634531135
30,34,Tomato,22.25,70.41,0.905,0.362,2.71,25.0,2.0,1.0,0.041667,0.8264503181542117,1.4975258175869277,8.502474182413073,8.4586,-0.04387418241307195,10.0,0.03443570540653154
30,35,Tomato,21.04,71.36,0.905,0.362,2.71,25.0,2.0,1.0,0.041667,0.7599624282007579,1.5291911720827687,8.470808827917232,8.3237,-0.147108827917231,10.0,0.03166535449584098
30,36,Tomato,24.2,76.83,0.905,0.362,2.71,25.0,2.0,1.0,0.041667,0.9460576467255959,1.568610556048884,8.431389443951115,8.4725,0.041110556048884916,10.0,0.039419383966115405
30,37,Tomato,24.93,84.69,0.905,0.362,2.71,25.0,2.0,1.0,0.041667,0.9951597218200828,1.6100758761779614,8.389924123822038,8.25,-0.13992412382203767,10.0,0.041465320129077395
30,38,Tomato,23.28,78.53,0.905,0.362,2.71,25.0,2.0,1.0,0.041667,0.8876113372694979,1.6470599777679695,8.35294002223203,8.3263,-0.026640022232029992,10.0,0.03698410159000817
30,39,Tomato,26.07,73.96,0.905,0.362,2.71,25.0,2.0,1.0,0.041667,1.0769863761930485,1.6919347691048054,8.308065230895195,8.3707,0.06263476910480392,10.0,0.04487479133683575
30,40,Tomato,24.7,83.01,0.905,0.362,2.71,25.0,2.0,1.0,0.041667,0.9794202975869268,1.7327442746443598,8.267255725355641,8.1092,-0.15805572535564139,10.0,0.04080950553955448
30,41,Tomato,26.83,84.98,0.905,0.362,2.71,25.0,2.0,1.0,0.041667,1.1352421021460644,1.78004640731448,8.21995359268552,8.1201,-0.09985359268551974,10.0,0.04730213267012007
30,42,Tomato,27.89,80.87,0.905,0.362,2.71,25.0,2.0,1.0,0.041667,1.2217931016735006,1.8309548604819097,8.16904513951809,8.0502,-0.11884513951808984,10.0,0.05090845316742976
30,43,Tomato,26.69,78.54,0.905,0.362,2.71,25.0,2.0,1.0,0.041667,1.1242789237786177,1.8778001903989934,8.122199809601007,8.0235,-0.09869980960100655,10.0,0.046845329917083664
30,44,Tomato,28.38,78.98,0.905,0.362,2.71,25.0,2.0,1.0,0.041667,1.2640030984528068,1.9304674075022263,8.069532592497774,7.7435,-0.32603259249777405,10.0,0.052667217103233105
30,45,Tomato,27.34,73.36,0.905,0.362,2.71,25.0,2.0,1.0,0.041667,1.1760912502909648,1.9794716016281,8.0205283983719,8.0166,-0.003928398371899178,10.0,0.04900419412587363
30,46,Tomato,27.29,78.69,0.905,0.362,2.71,25.0,2.0,1.0,0.041667,1.1720222836745138,2.028306254121966,7.971693745878034,7.865,-0.10669374587803393,10.0,0.04883465249386597
30,47,Tomato,27.3,66.66,0.905,0.362,2.71,25.0,2.0,1.0,0.041667,1.1728349492318788,2.0771747679516106,7.922825232048389,8.0232,0.10037476795161027,10.0,0.048868513829644696
30,48,Tomato,25.39,67.74,0.905,0.362,2.71,25.0,2.0,1.0,0.041667,1.0274014393789639,2.119983503726214,7.880016496273786,8.0315,0.15148350372621344,10.0,0.04280873577460329
30,49,Tomato,30.35,62.23,0.905,0.362,2.71,25.0,2.0,1.0,0.041667,1.448942154554879,2.1803565764800523,7.819643423519947,7.8506,0.03095657648005279,10.0,0.06037307275383815
30,50,Tomato,25.19,62.49,0.905,0.362,2.71,25.0,2.0,1.0,0.041667,1.0132569001590856,2.222575951738981,7.777424048261019,7.8336,0.0561759517389806,10.0,0.042219375258928625
30,51,Tomato,24.67,59.23,0.905,0.362,2.71,25.0,2.0,1.0,0.041667,0.9773857664108054,2.2633006844680197,7.736699315531981,7.7676,0.03090068446801908,10.0,0.04072473272903903
30,52,Tomato,25.1,63.84,0.905,0.362,2.71,25.0,2.0,1.0,0.041667,1.0069555500567189,2.305257501372233,7.694742498627766,7.7768,0.08205750137223333,10.0,0.04195681690421331
30,53,Tomato,24.01,64.38,0.905,0.362,2.71,25.0,2.0,1.0,0.041667,0.9336799449153133,2.3441611436370193,7.655838856362981,7.6288,-0.027038856362980646,10.0,0.03890364226478636
30,54,Tomato,23.46,60.69,0.905,0.362,2.71,25.0,2.0,1.0,0.041667,0.8987551266110299,2.381609573497521,7.618390426502479,7.6959,0.07750957349752063,10.0,0.037448429860501786
30,55,Tomato,21.31,67.18,0.905,0.362,2.71,25.0,2.0,1.0,0.041667,0.7743190278532204,2.4138731244310816,7.586126875568919,7.6522,0.06607312443108082,10.0,0.032263550933560134
30,56,Tomato,21.08,62.6,0.905,0.362,2.71,25.0,2.0,1.0,0.041667,0.7620724151698846,2.445626395753965,7.5543736042460345,7.5926,0.03822639575396547,10.0,0.03175327132288358
30,57,Tomato,21.33,67.03,0.905,0.362,2.71,25.0,2.0,1.0,0.041667,0.7753932063470047,2.4779347044828257,7.522065295517175,7.4798,-0.04226529551717473,10.0,0.032308308728860646
30,58,Tomato,24.07,71.59,0.905,0.362,2.71,25.0,2.0,1.0,0.041667,0.9375710964571098,2.517000479358904,7.482999520641096,7.4943,0.011300479358903992,10.0,0.039065774876078395
30,59,Tomato,23.51,75.67,0.905,0.362,2.71,25.0,2.0,1.0,0.041667,0.9018753783822496,2.5545789207499574,7.445421079250043,7.3518,-0.0936210792500427,10.0,0.0375784413910532
30,60,Tomato,21.33,72.2,0.905,0.362,2.71,25.0,2.0,1.0,0.041667,0.7753932063470047,2.5868872294788177,7.413112770521183,7.2972,-0.11591277052118265,10.0,0.032308308728860646
30,61,Tomato,24.08,78.51,0.905,0.362,2.71,25.0,2.0,1.0,0.041667,0.938221196500671,2.6259800920734113,7.374019907926589,7.209,-0.16501990792658905,10.0,0.039092862594593464
30,62,Tomato,23.71,86.98,0.905,0.362,2.71,25.0,2.0,1.0,0.041667,0.9144650894999016,2.6640831089576036,7.335916891042396,6.9765,-0.3594168910423967,10.0,0.0381030168841924
30,63,Tomato,24.99,77.24,0.905,0.362,2.71,25.0,2.0,1.0,0.041667,0.9993070929904524,2.705721237601237,7.294278762398763,7.2777,-0.01657876239876277,10.0,0.041638128643633185
30,64,Tomato,24.38,79.82,0.905,0.362,2.71,25.0,2.0,1.0,0.041667,0.9579352182226964,2.745635524338922,7.2543644756610774,7.1323,-0.12206447566107759,10.0,0.039914286737685094
30,65,Tomato,29.18,84.07,0.905,0.362,2.71,25.0,2.0,1.0,0.041667,1.3360740783900993,2.8013057229632023,7.198694277036798,6.8519,-0.346794277036798,10.0,0.05567019862428027
30,66,Tomato,28.95,86.86,0.905,0.362,2.71,25.0,2.0,1.0,0.041667,1.3149427602050707,2.856095442952667,7.143904557047334,6.7149,-0.42900455704733353,10.0,0.054789719989464684
30,67,Tomato,26.8,77.65,0.905,0.362,2.71,25.0,2.0,1.0,0.041667,1.1328838852957988,2.903299315801287,7.096700684198713,6.976,-0.12070068419871305,10.0,0.04720387284862005
30,68,Tomato,28.11,79.39,0.905,0.362,2.71,25.0,2.0,1.0,0.041667,1.240567297715389,2.954990033395194,7.045009966604805,6.9525,-0.0925099666048057,10.0,0.051690717593907115
30,69,Tomato,33.69,81.18,0.905,0.362,2.71,25.0,2.0,1.0,0.041667,1.826396500023983,3.0310904963616934,6.968909503638306,6.9618,-0.007109503638305981,10.0,0.0761004629664993
30,70,Tomato,28.35,75.15,0.905,0.362,2.71,25.0,2.0,1.0,0.041667,1.2613774088312497,3.083648308855465,6.916351691144535,6.6989,-0.217451691144535,10.0,0.052557812493771686
30,71,Tomato,28.29,69.51,0.905,0.362,2.71,25.0,2.0,1.0,0.041667,1.256142381143527,3.1359879934505726,6.8640120065494274,6.8177,-0.04631200654942713,10.0,0.05233968459510734
30,72,Tomato,27.15,69.23,0.905,0.362,2.71,25.0,2.0,1.0,0.041667,1.16070391438372,3.184351043451199,6.8156489565488005,6.9212,0.10555104345119926,10.0,0.04836305000062646
30,73,Tomato,26.47,66.91,0.905,0.362,2.71,25.0,2.0,1.0,0.041667,1.107264584484285,3.2304874368929055,6.769512563107094,6.6599,-0.10961256310709366,10.0,0.046136393441706704
30,74,Tomato,25.64,62.58,0.905,0.362,2.71,25.0,2.0,1.0,0.041667,1.045360100205165,3.2740444561881543,6.725955543811846,6.7133,-0.01265554381184586,10.0,0.043557019295248606
30,75,Tomato,25.3,64.11,0.905,0.362,2.71,25.0,2.0,1.0,0.041667,1.0210121257071934,3.316586968429996,6.683413031570004,6.8181,0.13468696842999606,10.0,0.04254251224184163
30,76,Tomato,23.97,61.55,0.905,0.362,2.71,25.0,2.0,1.0,0.041667,0.9310948198302289,3.355382896287862,6.644617103712138,6.7606,0.1159828962878624,10.0,0.03879592785786615
30,77,Tomato,23.66,58.82,0.905,0.362,2.71,25.0,2.0,1.0,0.041667,0.9113012806371416,3.39335408674817,6.60664591325183,6.8153,0.20865408674816965,10.0,0.03797119046030778
30,78,Tomato,21.61,67.59,0.905,0.362,2.71,25.0,2.0,1.0,0.041667,0.7905891166039439,3.4262955634697065,6.573704436530294,6.4497,-0.12400443653029392,10.0,0.032941476721536536
30,79,Tomato,22.54,59.94,0.905,0.362,2.71,25.0,2.0,1.0,0.041667,0.8432311102501124,3.4614304741404975,6.5385695258595025,6.6035,0.0649304741404979,10.0,0.035134910670791435
30,80,Tomato,24.45,63.82,0.905,0.362,2.71,25.0,2.0,1.0,0.041667,0.9625944431017514,3.501538896801218,6.498461103198782,6.6578,0.15933889680121816,10.0,0.04010842266072068
30,81,Tomato,21.69,69.38,0.905,0.362,2.71,25.0,2.0,1.0,0.041667,0.7949852509489742,3.534663547252509,6.465336452747491,6.3459,-0.11943645274749048,10.0,0.03312465045129091
30,82,Tomato,23.83,71.91,0.905,0.362,2.71,25.0,2.0,1.0,0.041667,0.9221031179126311,3.573084817866575,6.426915182133425,6.5073,0.08038481786657492,10.0,0.038421270614065604
30,83,Tomato,23.71,76.41,0.905,0.362,2.71,25.0,2.0,1.0,0.041667,0.9144650894999016,3.6111878347507673,6.388812165249233,6.326,-0.06281216524923305,10.0,0.0381030168841924
30,84,Tomato,22.26,74.27,0.905,0.362,2.71,25.0,2.0,1.0,0.041667,0.8270233684432657,3.645647417443693,6.354352582556308,6.2049,-0.14945258255630733,10.0,0.03445958269292555
30,85,Tomato,24.85,82.28,0.905,0.362,2.71,25.0,2.0,1.0,0.041667,0.989656656415207,3.6868834413465454,6.313116558653455,6.119,-0.19411655865345523,10.0,0.04123602390285243
30,86,Tomato,26.5,81.92,0.905,0.362,2.71,25.0,2.0,1.0,0.041667,1.109569472067845,3.733115872539196,6.266884127460804,5.9709,-0.2959841274608035,10.0,0.04623243119265091
30,87,Tomato,26.07,79.35,0.905,0.362,2.71,25.0,2.0,1.0,0.041667,1.0769863761930485,3.777990663876032,6.222009336123968,6.1635,-0.05850933612396769,10.0,0.04487479133683575
30,88,Tomato,26.72,83.35,0.905,0.362,2.71,25.0,2.0,1.0,0.041667,1.1266192284972791,3.824933507269828,6.175066492730172,5.6954,-0.47966649273017214,10.0,0.04694284339379613
30,89,Tomato,26.49,80.68,0.905,0.362,2.71,25.0,2.0,1.0,0.041667,1.1088006436030693,3.8711339036868373,6.128866096313162,5.798,-0.3308660963131622,10.0,0.04620039641700909
30,90,Tomato,27.92,78.83,0.905,0.362,2.71,25.0,2.0,1.0,0.041667,1.2243363924002046,3.9221483281489764,6.077851671851024,5.8658,-0.21205167185102347,10.0,0.05101442446213933
30,91,Tomato,26.79,77.45,0.905,0.362,2.71,25.0,2.0,1.0,0.041667,1.1320989021106738,3.969319493103222,6.030680506896778,5.8715,-0.15918050689677798,10.0,0.04717116495424545
30,92,Tomato,29.48,79.96,0.905,0.362,2.71,25.0,2.0,1.0,0.041667,1.3641478348793545,4.02615944093914,5.97384055906086,5.7645,-0.2093405590608599,10.0,0.056839947835918066
30,93,Tomato,27.14,81.33,0.905,0.362,2.71,25.0,2.0,1.0,0.041667,1.1598996545054345,4.074488979843418,5.925511020156582,5.6549,-0.2706110201565828,10.0,0.04832953890427794
30,94,Tomato,27.23,75.07,0.905,0.362,2.71,25.0,2.0,1.0,0.041667,1.1671581018184676,4.1231209564718885,5.8768790435281115,5.6776,-0.19927904352811154,10.0,0.04863197662847009
30,95,Tomato,28.75,72.13,0.905,0.362,2.71,25.0,2.0,1.0,0.041667,1.2968395546510096,4.177156370195532,5.822843629804468,5.8324,0.009556370195531905,10.0,0.05403541372364362
31,0,Tomato,27.33,81.96,0.952,0.589,35.04,25.0,2.0,1.0,0.041667,1.1752763284197707,0.04897023877626659,9.951029761223733,10.0,0.04897023877626694,10.0,0.04897023877626659
31,1,Tomato,29.33,84.58,0.952,0.589,35.04,25.0,2.0,1.0,0.041667,1.3500379851227455,0.10522227150237604,9.894777728497624,9.9294,0.03462227150237496,10.0,0.056252032726109444
31,2,Tomato,28.99,83.05,0.952,0.589,35.04,25.0,2.0,1.0,0.041667,1.3185936144923662,0.16016411163742947,9.83983588836257,9.7335,-0.10633588836257069,10.0,0.054941840135053426
31,3,Tomato,28.05,74.33,0.952,0.589,35.04,25.0,2.0,1.0,0.041667,1.2354186371269291,0.21164029999059722,9.788359700009403,9.8798,0.09144029999059633,10.0,0.05147618835316776
31,4,Tomato,33.3,75.43,0.952,0.589,35.04,25.0,2.0,1.0,0.041667,1.7776853623331401,0.2857111159829322,9.714288884017067,9.4617,-0.2525888840170669,10.0,0.07407081599233495
31,5,Tomato,28.16,77.87,0.952,0.589,35.04,25.0,2.0,1.0,0.041667,1.2448742353821702,0.33758129074860105,9.6624187092514,9.5059,-0.1565187092513991,10.0,0.05187017476566889
31,6,Tomato,27.63,73.42,0.952,0.589,35.04,25.0,2.0,1.0,0.041667,1.1999713823732154,0.38758049833794583,9.612419501662053,9.3173,-0.2951195016620538,10.0,0.04999920758934477
31,7,Tomato,26.71,61.42,0.952,0.589,35.04,25.0,2.0,1.0,0.041667,1.1258385861367626,0.4344908147065063,9.565509185293493,9.3806,-0.18490918529349365,10.0,0.04691031636856049
31,8,Tomato,25.54,60.84,0.952,0.589,35.04,25.0,2.0,1.0,0.041667,1.0381392705430572,0.47774696369222386,9.522253036307776,9.1428,-0.37945303630777616,10.0,0.043256148985717564
31,9,Tomato,26.29,63.54,0.952,0.589,35.04,25.0,2.0,1.0,0.041667,1.0935354574846323,0.523311305599236,9.476688694400764,8.9886,-0.48808869440076386,10.0,0.045564341907012175
31,10,Tomato,22.84,60.38,0.952,0.589,35.04,25.0,2.0,1.0,0.041667,0.860949188338904,0.5591844754297531,9.440815524570247,9.1138,-0.32701552457024796,10.0,0.03587316983051712
31,11,Tomato,22.13,63.83,0.952,0.589,35.04,25.0,2.0,1.0,0.041667,0.8196046076375171,0.5933349406161856,9.406665059383814,9.058,-0.34866505938381387,10.0,0.03415046518643242
31,12,Tomato,22.52,62.88,0.952,0.589,35.04,25.0,2.0,1.0,0.041667,0.842062953608416,0.6284211777041875,9.371578822295813,8.9505,-0.4210788222958133,10.0,0.03508623708800187
31,13,Tomato,22.45,64.07,0.952,0.589,35.04,25.0,2.0,1.0,0.041667,0.8379871346679485,0.6633375876443969,9.336662412355603,8.9162,-0.42046241235560267,10.0,0.03491640994020941
31,14,Tomato,20.08,66.99,0.952,0.589,35.04,25.0,2.0,1.0,0.041667,0.7110387052936373,0.6929644373778668,9.307035562622133,8.5811,-0.7259355626221335,10.0,0.02962684973346999
31,15,Tomato,22.04,71.82,0.952,0.589,35.04,25.0,2.0,1.0,0.041667,0.8145075630702153,0.7269025240083136,9.273097475991687,8.8148,-0.4582974759916869,10.0,0.033938086630446666
31,16,Tomato,22.14,73.97,0.952,0.589,35.04,25.0,2.0,1.0,0.041667,0.8201729111967263,0.7610766686991475,9.238923331300853,8.4159,-0.8230233313008526,10.0,0.034174144690834
31,17,Tomato,22.52,70.76,0.952,0.589,35.04,25.0,2.0,1.0,0.041667,0.842062953608416,0.7961629057871494,9.203837094212851,8.5291,-0.6747370942128512,10.0,0.03508623708800187
31,18,Tomato,22.41,76.92,0.952,0.589,35.04,25.0,2.0,1.0,0.041667,0.8356669589218535,0.8309826409645462,9.169017359035454,8.4737,-0.6953173590354549,10.0,0.03481973517739687
31,19,Tomato,28.15,75.29,0.952,0.589,35.04,25.0,2.0,1.0,0.041667,1.2440116532984686,0.8828168745225335,9.117183125477467,8.2102,-0.906983125477467,10.0,0.051834233557987296
31,20,Tomato,25.16,77.04,0.952,0.589,35.04,25.0,2.0,1.0,0.041667,1.0111520808513041,0.9249485482753649,9.075051451724635,8.3231,-0.7519514517246346,10.0,0.04213167375283129
31,21,Tomato,24.45,81.67,0.952,0.589,35.04,25.0,2.0,1.0,0.041667,0.9625944431017514,0.9650569709360856,9.034943029063914,7.9794,-1.055543029063914,10.0,0.04010842266072068
31,22,Tomato,26.37,77.16,0.952,0.589,35.04,25.0,2.0,1.0,0.041667,1.0996161493145513,1.010874677029575,8.989125322970425,7.9283,-1.060825322970425,10.0,0.04581770609348941
31,23,Tomato,27.15,85.45,0.952,0.589,35.04,25.0,2.0,1.0,0.041667,1.16070391438372,1.0592377270302014,8.940762272969799,7.7124,-1.2283622729697994,10.0,0.04836305000062646
31,24,Tomato,27.83,78.16,0.952,0.589,35.04,25.0,2.0,1.0,0.041667,1.2167223586340676,1.109934897547407,8.890065102452592,7.8614,-1.0286651024525924,10.0,0.0506971705172057
31,25,Tomato,27.41,73.87,0.952,0.589,35.04,25.0,2.0,1.0,0.041667,1.1818115469343653,1.1591774392735212,8.84082256072648,7.7909,-1.04992256072648,10.0,0.049242541726114204
31,26,Tomato,28.68,72.31,0.952,0.589,35.04,25.0,2.0,1.0,0.041667,1.290562490451779,1.2129513065631756,8.787048693436825,7.6248,-1.1622486934368252,10.0,0.053773867289654276
31,27,Tomato,27.58,83.72,0.952,0.589,35.04,25.0,2.0,1.0,0.041667,1.195819796776124,1.2627775300354465,8.737222469964554,7.484,-1.2532224699645536,10.0,0.04982622347227076
31,28,Tomato,28.19,73.02,0.952,0.589,35.04,25.0,2.0,1.0,0.041667,1.247465571914046,1.3147556780203888,8.685244321979612,7.5351,-1.150144321979612,10.0,0.05197814798494255
31,29,Tomato,28.84,67.81,0.952,0.589,35.04,25.0,2.0,1.0,0.041667,1.3049549476889577,1.3691292358257448,8.630870764174254,7.4381,-1.192770764174254,10.0,0.054373557805355806
31,30,Tomato,27.7,71.44,0.952,0.589,35.04,25.0,2.0,1.0,0.041667,1.2058078276907602,1.4193716305821356,8.580628369417864,7.2965,-1.2841283694178642,10.0,0.05024239475639091
31,31,Tomato,26.23,61.18,0.952,0.589,35.04,25.0,2.0,1.0,0.041667,1.0889970153361064,1.464746869220145,8.535253130779855,7.1301,-1.4051531307798557,10.0,0.045375238638009546
31,32,Tomato,24.45,64.94,0.952,0.589,35.04,25.0,2.0,1.0,0.041667,0.9625944431017514,1.5048552918808658,8.495144708119135,7.1702,-1.3249447081191343,10.0,0.04010842266072068
31,33,Tomato,26.78,65.04,0.952,0.589,35.04,25.0,2.0,1.0,0.041667,1.1313144628459004,1.551993771604266,8.448006228395734,6.9959,-1.452106228395734,10.0,0.047138479723400135
31,34,Tomato,23.97,63.41,0.952,0.589,35.04,25.0,2.0,1.0,0.041667,0.9310948198302289,1.5907896994621322,8.409210300537868,6.9132,-1.4960103005378684,10.0,0.03879592785786615
31,35,Tomato,22.94,62.27,0.952,0.589,35.04,25.0,2.0,1.0,0.041667,0.8669375635146868,1.6269123869210986,8.373087613078901,6.983,-1.3900876130789017,10.0,0.036122687458966456
31,36,Tomato,21.39,62.59,0.952,0.589,35.04,25.0,2.0,1.0,0.041667,0.778624691061662,1.659355341923565,8.340644658076435,6.8307,-1.509944658076435,10.0,0.03244295500246627
31,37,Tomato,21.98,62.72,0.952,0.589,35.04,25.0,2.0,1.0,0.041667,0.8111271555770427,1.6931525771149936,8.306847422885006,6.6318,-1.6750474228850063,10.0,0.03379723519142864
31,38,Tomato,20.45,65.54,0.952,0.589,35.04,25.0,2.0,1.0,0.041667,0.7295101721200876,1.7235490774567213,8.27645092254328,6.5175,-1.7589509225432796,10.0,0.03039650034172769
31,39,Tomato,22.28,61.28,0.952,0.589,35.04,25.0,2.0,1.0,0.041667,0.8281706613345458,1.7580564644025478,8.241943535597452,6.5261,-1.7158435355974522,10.0,0.03450738694582652
31,40,Tomato,21.6,71.4,0.952,0.589,35.04,25.0,2.0,1.0,0.041667,0.7900413118633772,1.790975115743959,8.20902488425604,6.3027,-1.9063248842560405,10.0,0.032918651341411344
31,41,Tomato,24.59,81.92,0.952,0.589,35.04,25.0,2.0,1.0,0.041667,0.9719809879813525,1.831474647570178,8.168525352429821,6.3251,-1.8434253524298212,10.0,0.040499531826219015
31,42,Tomato,22.5,67.71,0.952,0.589,35.04,25.0,2.0,1.0,0.041667,0.8408964152537145,1.8665122785045547,8.133487721495445,6.2313,-1.9021877214954452,10.0,0.03503763093437653
31,43,Tomato,23.66,76.87,0.952,0.589,35.04,25.0,2.0,1.0,0.041667,0.9113012806371416,1.9044834689648624,8.095516531035138,6.1324,-1.963116531035138,10.0,0.03797119046030778
31,44,Tomato,23.46,76.84,0.952,0.589,35.04,25.0,2.0,1.0,0.041667,0.8987551266110299,1.9419318988253642,8.058068101174635,6.0626,-1.9954681011746356,10.0,0.037448429860501786
31,45,Tomato,24.83,75.24,0.952,0.589,35.04,25.0,2.0,1.0,0.041667,0.9882856515007324,1.9831107970664452,8.016889202933555,5.7309,-2.285989202933555,10.0,0.04117889824108102
31,46,Tomato,27.85,83.96,0.952,0.589,35.04,25.0,2.0,1.0,0.041667,1.2184102636751915,2.033878297522999,7.966121702477,5.7235,-2.2426217024770008,10.0,0.050767500456554204
31,47,Tomato,27.02,81.39,0.952,0.589,35.04,25.0,2.0,1.0,0.041667,1.1502918933506052,2.081807509843239,7.918192490156761,5.7009,-2.217292490156761,10.0,0.047929212320239674
31,48,Tomato,29.08,82.46,0.952,0.589,35.04,25.0,2.0,1.0,0.041667,1.3268451405971615,2.137093166316501,7.862906833683499,5.5481,-2.314806833683499,10.0,0.05528565647326193
31,49,Tomato,27.05,80.03,0.952,0.589,35.04,25.0,2.0,1.0,0.041667,1.1526863467988644,2.185122148328569,7.814877851671431,5.5762,-2.238677851671431,10.0,0.04802898201206829
31,50,Tomato,28.01,85.05,0.952,0.589,35.04,25.0,2.0,1.0,0.041667,1.231998073445756,2.2364558120548335,7.7635441879451665,5.3879,-2.3756441879451664,10.0,0.05133366372626432
31,51,Tomato,27.65,78.01,0.952,0.589,35.04,25.0,2.0,1.0,0.041667,1.2016360495268505,2.286524381330469,7.713475618669531,5.5195,-2.1939756186695307,10.0,0.050068569275635286
31,52,Tomato,27.96,77.05,0.952,0.589,35.04,25.0,2.0,1.0,0.041667,1.2277356839150604,2.337680444072158,7.6623195559278425,5.2474,-2.4149195559278427,10.0,0.051156062741688824
31,53,Tomato,27.75,65.04,0.952,0.589,35.04,25.0,2.0,1.0,0.041667,1.2099940892192926,2.388097267787658,7.611902732212342,5.284,-2.3279027322123422,10.0,0.05041682371550027
31,54,Tomato,27.13,69.09,0.952,0.589,35.04,25.0,2.0,1.0,0.041667,1.159095951904456,2.436393318815661,7.563606681184339,5.2651,-2.298506681184339,10.0,0.04829605102800297
31,55,Tomato,24.28,70.32,0.952,0.589,35.04,25.0,2.0,1.0,0.041667,0.9513182763317992,2.476031897435578,7.523968102564422,5.0762,-2.447768102564422,10.0,0.039638578619917084
31,56,Tomato,25.73,61.79,0.952,0.589,35.04,25.0,2.0,1.0,0.041667,1.0519017792038723,2.5198614888696658,7.480138511130335,4.9873,-2.4928385111303344,10.0,0.043829591434087746
31,57,Tomato,24.89,64.34,0.952,0.589,35.04,25.0,2.0,1.0,0.041667,0.9924043746858187,2.5612120019497,7.4387879980503,4.9536,-2.4851879980503,10.0,0.041350513080034006
31,58,Tomato,23.63,64.44,0.952,0.589,35.04,25.0,2.0,1.0,0.041667,0.909408251800733,2.599104315577481,7.400895684422519,4.8754,-2.525495684422519,10.0,0.03789231362778114
31,59,Tomato,23.34,62.49,0.952,0.589,35.04,25.0,2.0,1.0,0.041667,0.8913104958969712,2.63624255001002,7.36375744998998,4.7712,-2.5925574499899797,10.0,0.0371382344325391
31,60,Tomato,24.31,63.31,0.952,0.589,35.04,25.0,2.0,1.0,0.041667,0.9532985452881588,2.675963640496542,7.324036359503458,4.6452,-2.6788363595034577,10.0,0.03972109048652172
31,61,Tomato,23.05,59.63,0.952,0.589,35.04,25.0,2.0,1.0,0.041667,0.8735728959166943,2.7123628023507025,7.287637197649298,4.4982,-2.789437197649298,10.0,0.0363991618541609
31,62,Tomato,22.8,63.36,0.952,0.589,35.04,25.0,2.0,1.0,0.041667,0.8585654364377538,2.7481366483907546,7.251863351609245,4.4881,-2.763763351609245,10.0,0.03577384604005189
31,63,Tomato,21.22,68.94,0.952,0.589,35.04,25.0,2.0,1.0,0.041667,0.7695036100804311,2.780199555311976,7.219800444688024,4.3426,-2.8772004446880244,10.0,0.032062906921221324
31,64,Tomato,23.16,77.45,0.952,0.589,35.04,25.0,2.0,1.0,0.041667,0.880259013563151,2.8168773076301115,7.1831226923698885,4.1199,-3.063222692369888,10.0,0.03667775231813581
31,65,Tomato,22.47,69.85,0.952,0.589,35.04,25.0,2.0,1.0,0.041667,0.8391496371065414,2.8518421555594298,7.14815784444057,4.2133,-2.93485784444057,10.0,0.03496484792931826
31,66,Tomato,22.65,79.07,0.952,0.589,35.04,25.0,2.0,1.0,0.041667,0.8496849991386501,2.88724598041854,7.11275401958146,3.9504,-3.1623540195814597,10.0,0.03540382485911014
31,67,Tomato,25.15,71.36,0.952,0.589,35.04,25.0,2.0,1.0,0.041667,1.0104514464867638,2.929348460839304,7.070651539160696,4.0421,-3.0285515391606967,10.0,0.04210248042076399
31,68,Tomato,24.07,79.22,0.952,0.589,35.04,25.0,2.0,1.0,0.041667,0.9375710964571098,2.9684142357153824,7.031585764284618,3.8642,-3.1673857642846177,10.0,0.039065774876078395
31,69,Tomato,25.91,86.84,0.952,0.589,35.04,25.0,2.0,1.0,0.041667,1.0651082033934176,3.012794099226176,6.987205900773824,3.4317,-3.5555059007738237,10.0,0.04437986351079353
31,70,Tomato,27.5,79.71,0.952,0.589,35.04,25.0,2.0,1.0,0.041667,1.189207115002721,3.062344792086994,6.937655207913005,3.8147,-3.122955207913005,10.0,0.04955069286081838
31,71,Tomato,27.87,81.86,0.952,0.589,35.04,25.0,2.0,1.0,0.041667,1.2201005102722233,3.113182720048507,6.886817279951493,3.4404,-3.446417279951493,10.0,0.050837927961512736
31,72,Tomato,27.0,78.89,0.952,0.589,35.04,25.0,2.0,1.0,0.041667,1.148698354997035,3.1610455344061688,6.838954465593831,3.5681,-3.2708544655938314,10.0,0.047862814357661466
31,73,Tomato,26.77,78.18,0.952,0.589,35.04,25.0,2.0,1.0,0.041667,1.130530567124592,3.2081513515465487,6.791848648453451,3.4291,-3.362748648453451,10.0,0.047105817140380375
31,74,Tomato,27.14,78.84,0.952,0.589,35.04,25.0,2.0,1.0,0.041667,1.1598996545054345,3.2564808904508267,6.743519109549173,3.3442,-3.3993191095491735,10.0,0.04832953890427794
31,75,Tomato,27.21,77.83,0.952,0.589,35.04,25.0,2.0,1.0,0.041667,1.1655411981345598,3.3050454955535,6.6949545044465,3.4131,-3.2818545044464997,10.0,0.04856460510267271
31,76,Tomato,33.48,72.46,0.952,0.589,35.04,25.0,2.0,1.0,0.041667,1.8000038595870238,3.380046256370912,6.619953743629088,3.1827,-3.4372537436290878,10.0,0.07500076081741253
31,77,Tomato,29.12,73.8,0.952,0.589,35.04,25.0,2.0,1.0,0.041667,1.3305290410806863,3.435485409925621,6.5645145900743795,3.0372,-3.5273145900743796,10.0,0.05543915355470896
31,78,Tomato,25.33,67.17,0.952,0.589,35.04,25.0,2.0,1.0,0.041667,1.023137469734432,3.4781164788770456,6.521883521122954,3.0772,-3.4446835211229545,10.0,0.04263106895142458
31,79,Tomato,26.72,69.15,0.952,0.589,35.04,25.0,2.0,1.0,0.041667,1.1266192284972791,3.5250593222708417,6.474940677729158,2.9668,-3.508140677729158,10.0,0.04694284339379613
31,80,Tomato,25.32,65.2,0.952,0.589,35.04,25.0,2.0,1.0,0.041667,1.0224285306099223,3.5676608518557655,6.4323391481442345,2.8494,-3.5829391481442343,10.0,0.042601529584923636
31,81,Tomato,25.29,66.72,0.952,0.589,35.04,25.0,2.0,1.0,0.041667,1.0203046592484577,3.610173886092671,6.389826113907329,2.7673,-3.622526113907329,10.0,0.042513034236905486
31,82,Tomato,23.23,63.49,0.952,0.589,35.04,25.0,2.0,1.0,0.041667,0.8845404353315406,3.6470300324116303,6.35296996758837,2.73,-3.62296996758837,10.0,0.0368561463189593
31,83,Tomato,23.89,63.23,0.952,0.589,35.04,25.0,2.0,1.0,0.041667,0.925946022527324,3.6856114253322763,6.314388574667724,2.5462,-3.7681885746677244,10.0,0.03858139292064602
31,84,Tomato,21.6,64.19,0.952,0.589,35.04,25.0,2.0,1.0,0.041667,0.7900413118633772,3.7185300766736877,6.281469923326313,2.4627,-3.818769923326313,10.0,0.032918651341411344
31,85,Tomato,21.45,61.72,0.952,0.589,35.04,25.0,2.0,1.0,0.041667,0.7818696431285935,3.7511082390939268,6.248891760906073,2.5087,-3.7401917609060726,10.0,0.03257816242023911
31,86,Tomato,21.02,72.55,0.952,0.589,35.04,25.0,2.0,1.0,0.041667,0.758909626487027,3.7827297265007616,6.217270273499238,2.2508,-3.9664702734992385,10.0,0.03162148740683496
31,87,Tomato,23.92,66.4,0.952,0.589,35.04,25.0,2.0,1.0,0.041667,0.9278734764712828,3.8213914306448906,6.178608569355109,2.1562,-4.022408569355109,10.0,0.03866170414412894
31,88,Tomato,21.64,68.63,0.952,0.589,35.04,25.0,2.0,1.0,0.041667,0.7922348109249692,3.854401478511701,6.145598521488299,2.1915,-3.9540985214882993,10.0,0.03301004786681069
31,89,Tomato,28.1,75.22,0.952,0.589,35.04,25.0,2.0,1.0,0.041667,1.2397076999389867,3.906056379245059,6.093943620754941,1.9555,-4.138443620754941,10.0,0.05165490073335776
31,90,Tomato,22.21,76.68,0.952,0.589,35.04,25.0,2.0,1.0,0.041667,0.8241620849532405,3.9403967408388056,6.059603259161195,1.7369,-4.3227032591611945,10.0,0.03434036159374668
31,91,Tomato,23.38,74.9,0.952,0.589,35.04,25.0,2.0,1.0,0.041667,0.8937851623567868,3.977638087198726,6.022361912801275,1.9117,-4.110661912801275,10.0,0.03724134635992024
31,92,Tomato,24.89,75.7,0.952,0.589,35.04,25.0,2.0,1.0,0.041667,0.9924043746858187,4.01898860027876,5.98101139972124,1.7467,-4.23431139972124,10.0,0.041350513080034006
31,93,Tomato,26.32,79.63,0.952,0.589,35.04,25.0,2.0,1.0,0.041667,1.095811766447691,4.064647789151336,5.935352210848664,1.4843,-4.451052210848664,10.0,0.045659188872575945
31,94,Tomato,25.45,91.6,0.952,0.589,35.04,25.0,2.0,1.0,0.041667,1.0316831793013588,4.107634932183285,5.892365067816715,0.4593,-5.433065067816715,10.0,0.04298714303194972
31,95,Tomato,26.43,82.48,0.952,0.589,35.04,25.0,2.0,1.0,0.041667,1.1041988471630928,4.15364358554803,5.84635641445197,1.2283,-4.61805641445197,10.0,0.04600865336474459
32,0,Banana,21.11,73.39,0.907,0.447,11.44,25.0,2.2,1.0,0.041667,0.7358640344050755,0.030661246721556283,7.969338753278444,6.9616,-1.0077387532784439,8.0,0.030661246721556283
32,1,Banana,23.51,81.08,0.907,0.447,11.44,25.0,2.2,1.0,0.041667,0.8891581643000894,0.06770979995344811,7.932290200046552,6.8534,-1.0788902000465521,8.0,0.03704855323189183
32,2,Banana,23.36,79.12,0.907,0.447,11.44,25.0,2.2,1.0,0.041667,0.8787041557165595,0.10432276600969,7.89567723399031,6.907,-0.9886772339903098,8.0,0.03661296605624188
32,3,Banana,25.12,80.78,0.907,0.447,11.44,25.0,2.2,1.0,0.041667,1.0095063897045975,0.14638586874951146,7.853614131250488,6.785,-1.068614131250488,8.0,0.042063102739821466
32,4,Banana,26.12,78.7,0.907,0.447,11.44,25.0,2.2,1.0,0.041667,1.0923236589209016,0.19189971864576866,7.808100281354231,6.7951,-1.0130002813542314,8.0,0.04551384989625721
32,5,Banana,26.36,79.8,0.907,0.447,11.44,25.0,2.2,1.0,0.041667,1.113190482559109,0.23828302648255906,7.761716973517441,6.827,-0.9347169735174408,8.0,0.0463833078367904
32,6,Banana,26.57,83.49,0.907,0.447,11.44,25.0,2.2,1.0,0.041667,1.1317756890283557,0.2854407241173036,7.714559275882697,6.5107,-1.2038592758826967,8.0,0.0471576976347445
32,7,Banana,28.42,80.08,0.907,0.447,11.44,25.0,2.2,1.0,0.041667,1.3095092088016658,0.34000404432044257,7.659995955679557,6.5262,-1.133795955679557,8.0,0.05456332020313901
32,8,Banana,29.24,77.31,0.907,0.447,11.44,25.0,2.2,1.0,0.041667,1.3969704405186498,0.39821161166553315,7.601788388334467,6.4641,-1.1376883883344666,8.0,0.05820756734509058
32,9,Banana,26.48,79.14,0.907,0.447,11.44,25.0,2.2,1.0,0.041667,1.1237729051017649,0.4450358573024084,7.5549641426975915,6.3804,-1.1745641426975917,8.0,0.04682424563687524
32,10,Banana,26.96,73.39,0.907,0.447,11.44,25.0,2.2,1.0,0.041667,1.1671182106312201,0.49366617178477945,7.5063338282152205,6.3022,-1.2041338282152205,8.0,0.048630314482371054
32,11,Banana,28.83,68.65,0.907,0.447,11.44,25.0,2.2,1.0,0.041667,1.3525330518264207,0.5500221664552309,7.449977833544769,6.2667,-1.1832778335447687,8.0,0.05635599467045147
32,12,Banana,26.91,62.77,0.907,0.447,11.44,25.0,2.2,1.0,0.041667,1.1625261534637996,0.5984611436916071,7.401538856308393,6.3298,-1.071738856308393,8.0,0.04843897723637614
32,13,Banana,25.28,63.81,0.907,0.447,11.44,25.0,2.2,1.0,0.041667,1.0223223020340293,0.641058247050459,7.358941752949541,6.1279,-1.2310417529495403,8.0,0.042597103358851904
32,14,Banana,23.84,62.33,0.907,0.447,11.44,25.0,2.2,1.0,0.041667,0.9125968576375826,0.6790834203176441,7.320916579682356,6.0608,-1.2601165796823555,8.0,0.03802517326718516
32,15,Banana,25.05,63.75,0.907,0.447,11.44,25.0,2.2,1.0,0.041667,1.0039500678360982,0.7209150077941708,7.27908499220583,5.9349,-1.3441849922058298,8.0,0.0418315874765267
32,16,Banana,23.21,65.83,0.907,0.447,11.44,25.0,2.2,1.0,0.041667,0.8683730569817524,0.7570975079594295,7.242902492040571,5.9605,-1.2824024920405712,8.0,0.03618250016525868
32,17,Banana,23.47,54.87,0.907,0.447,11.44,25.0,2.2,1.0,0.041667,0.8863583285264011,0.794029400434139,7.205970599565861,6.0234,-1.182570599565861,8.0,0.03693189247470956
32,18,Banana,27.74,61.94,0.907,0.447,11.44,25.0,2.2,1.0,0.041667,1.241148693759379,0.8457443430570111,7.154255656942989,5.8261,-1.3281556569429886,8.0,0.051714942622872045
32,19,Banana,20.47,69.35,0.907,0.447,11.44,25.0,2.2,1.0,0.041667,0.699652717960402,0.8748967728562672,7.1251032271437325,5.8616,-1.2635032271437323,8.0,0.02915242979925607
32,20,Banana,21.52,61.96,0.907,0.447,11.44,25.0,2.2,1.0,0.041667,0.7600408011593766,0.906565392918175,7.093434607081825,5.8538,-1.2396346070818254,8.0,0.031668620061907744
32,21,Banana,22.64,71.62,0.907,0.447,11.44,25.0,2.2,1.0,0.041667,0.8302105488515835,0.9411577758571739,7.058842224142826,5.7237,-1.3351422241428264,8.0,0.03459238293899893
32,22,Banana,22.13,68.76,0.907,0.447,11.44,25.0,2.2,1.0,0.041667,0.7974889801402639,0.9743867491926782,7.0256132508073215,5.9518,-1.073813250807321,8.0,0.033228973335504376
32,23,Banana,23.22,74.3,0.907,0.447,11.44,25.0,2.2,1.0,0.041667,0.8690580020995974,1.0105977889661621,6.989402211033838,5.7025,-1.286902211033838,8.0,0.03621103977348392
32,24,Banana,23.69,75.41,0.907,0.447,11.44,25.0,2.2,1.0,0.041667,0.9018672756958194,1.04817589274258,6.95182410725742,5.715,-1.2368241072574202,8.0,0.03757810377641771
32,25,Banana,22.53,73.07,0.907,0.447,11.44,25.0,2.2,1.0,0.041667,0.8230412418061721,1.0824695521649177,6.917530447835082,5.4978,-1.4197304478350823,8.0,0.03429365942233777
32,26,Banana,23.08,85.14,0.907,0.447,11.44,25.0,2.2,1.0,0.041667,0.8595177410962035,1.1182830778831732,6.881716922116826,5.3465,-1.5352169221168266,8.0,0.035813525718255516
32,27,Banana,25.49,82.05,0.907,0.447,11.44,25.0,2.2,1.0,0.041667,1.0393904241201422,1.161591358684987,6.838408641315013,5.4403,-1.3981086413150132,8.0,0.04330828080181397
32,28,Banana,26.17,81.29,0.907,0.447,11.44,25.0,2.2,1.0,0.041667,1.096638411472614,1.2072849913758166,6.792715008624183,5.3881,-1.4046150086241838,8.0,0.04569363269082941
32,29,Banana,27.23,78.56,0.907,0.447,11.44,25.0,2.2,1.0,0.041667,1.1922305821791415,1.2569616630434748,6.743038336956525,5.2864,-1.4566383369565248,8.0,0.04967667166765829
32,30,Banana,26.9,81.91,0.907,0.447,11.44,25.0,2.2,1.0,0.041667,1.1616099124174497,1.3053624632641727,6.6946375367358275,5.2278,-1.4668375367358273,8.0,0.04840080022069788
32,31,Banana,26.53,84.25,0.907,0.447,11.44,25.0,2.2,1.0,0.041667,1.1282118843092859,1.3523716678476878,6.647628332152312,5.0833,-1.5643283321523116,8.0,0.04700920458351502
32,32,Banana,28.39,76.18,0.907,0.447,11.44,25.0,2.2,1.0,0.041667,1.3064153927347943,1.4068060780167684,6.593193921983231,4.9044,-1.6887939219832315,8.0,0.05443441016908068
32,33,Banana,26.86,87.08,0.907,0.447,11.44,25.0,2.2,1.0,0.041667,1.157952163865574,1.4550544708285553,6.544945529171445,4.8479,-1.6970455291714446,8.0,0.04824839281178688
32,34,Banana,28.44,77.92,0.907,0.447,11.44,25.0,2.2,1.0,0.041667,1.3115758221582197,1.5097039006104218,6.490296099389578,5.0552,-1.435096099389578,8.0,0.05464942978186654
32,35,Banana,27.85,68.92,0.907,0.447,11.44,25.0,2.2,1.0,0.041667,1.2519600305704546,1.561869319204201,6.438130680795799,4.7851,-1.6530306807957995,8.0,0.052165418593779135
32,36,Banana,26.46,70.31,0.907,0.447,11.44,25.0,2.2,1.0,0.041667,1.1220022075513976,1.6086197851862452,6.391380214813755,4.8092,-1.5821802148137554,8.0,0.04675046598204408
32,37,Banana,26.38,63.78,0.907,0.447,11.44,25.0,2.2,1.0,0.041667,1.1149472738089776,1.6550762932440437,6.3449237067559565,4.9433,-1.4016237067559567,8.0,0.046456508057798676
32,38,Banana,26.24,64.46,0.907,0.447,11.44,25.0,2.2,1.0,0.041667,1.1027077133061551,1.7010228155343714,6.298977184465628,4.6919,-1.607077184465628,8.0,0.04594652229032757
32,39,Banana,24.4,63.11,0.907,0.447,11.44,25.0,2.2,1.0,0.041667,0.9537941164991806,1.7407645549865427,6.2592354450134575,4.7938,-1.4654354450134575,8.0,0.03974173945217136
32,40,Banana,25.18,61.34,0.907,0.447,11.44,25.0,2.2,1.0,0.041667,1.0142934203452252,1.7830271189320672,6.2169728810679326,4.9125,-1.304472881067933,8.0,0.0422625639455245
32,41,Banana,23.27,64.31,0.907,0.447,11.44,25.0,2.2,1.0,0.041667,0.8724908401613948,1.819381194769072,6.180618805230928,4.6283,-1.5523188052309278,8.0,0.03635407583700484
32,42,Banana,24.27,61.68,0.907,0.447,11.44,25.0,2.2,1.0,0.041667,0.9440677113286485,1.858717664097003,6.141282335902997,4.7063,-1.4349823359029976,8.0,0.0393364693279308
32,43,Banana,22.32,66.55,0.907,0.447,11.44,25.0,2.2,1.0,0.041667,0.8095258504084252,1.8924481777059707,6.107551822294029,4.6008,-1.5067518222940297,8.0,0.03373051360896785
32,44,Banana,22.32,64.52,0.907,0.447,11.44,25.0,2.2,1.0,0.041667,0.8095258504084252,1.9261786913149386,6.073821308685061,4.5633,-1.5105213086850613,8.0,0.03373051360896785
32,45,Banana,21.28,62.35,0.907,0.447,11.44,25.0,2.2,1.0,0.041667,0.7457937898849224,1.9572536811580736,6.042746318841926,4.3627,-1.6800463188419261,8.0,0.031074989843135063
32,46,Banana,23.6,71.91,0.907,0.447,11.44,25.0,2.2,1.0,0.041667,0.8954901737596105,1.9945660702281152,6.005433929771884,4.4341,-1.5713339297718845,8.0,0.03731238907004169
32,47,Banana,22.9,74.0,0.907,0.447,11.44,25.0,2.2,1.0,0.041667,0.8474054192362381,2.0298749118314316,5.970125088168569,4.3929,-1.5772250881685688,8.0,0.035308841603316335
32,48,Banana,23.35,74.34,0.907,0.447,11.44,25.0,2.2,1.0,0.041667,0.8780116080154461,2.0664590215026113,5.933540978497389,4.2996,-1.6339409784973888,8.0,0.036584109671179595
32,49,Banana,24.13,71.32,0.907,0.447,11.44,25.0,2.2,1.0,0.041667,0.9337040159835824,2.105363666736599,5.894636333263401,4.1529,-1.7417363332634013,8.0,0.038904645233987935
32,50,Banana,23.89,78.9,0.907,0.447,11.44,25.0,2.2,1.0,0.041667,0.916201677132261,2.143539042017669,5.856460957982331,4.0726,-1.7838609579823306,8.0,0.03817537528106992
32,51,Banana,24.65,79.51,0.907,0.447,11.44,25.0,2.2,1.0,0.041667,0.9727812836612516,2.1840719197639826,5.815928080236017,4.0414,-1.774528080236017,8.0,0.040532877746313374
32,52,Banana,26.32,79.6,0.907,0.447,11.44,25.0,2.2,1.0,0.041667,1.1096852000782902,2.2303091729956446,5.769690827004355,4.0942,-1.6754908270043556,8.0,0.04623725323166212
32,53,Banana,25.56,79.66,0.907,0.447,11.44,25.0,2.2,1.0,0.041667,1.0451428892361567,2.2738571417614475,5.7261428582385525,3.7781,-1.9480428582385527,8.0,0.04354796876580295
32,54,Banana,31.19,81.39,0.907,0.447,11.44,25.0,2.2,1.0,0.041667,1.629144623249316,2.341738710778377,5.658261289221623,3.7948,-1.8634612892216231,8.0,0.06788156901692925
32,55,Banana,27.01,82.6,0.907,0.447,11.44,25.0,2.2,1.0,0.041667,1.1717284067359588,2.390561118301844,5.609438881698156,3.7595,-1.8499388816981561,8.0,0.0488224075234672
32,56,Banana,26.54,82.22,0.907,0.447,11.44,25.0,2.2,1.0,0.041667,1.1291017820506304,2.4376074022545478,5.562392597745452,3.6595,-1.9028925977454523,8.0,0.04704628395270362
32,57,Banana,28.13,67.68,0.907,0.447,11.44,25.0,2.2,1.0,0.041667,1.2799066605073806,2.4909372730779085,5.5090627269220915,3.7618,-1.7472627269220915,8.0,0.05332987082336103
32,58,Banana,25.68,73.86,0.907,0.447,11.44,25.0,2.2,1.0,0.041667,1.0550784248382246,2.534899225805643,5.465100774194357,3.6252,-1.8399007741943572,8.0,0.04396195272773431
32,59,Banana,27.72,67.15,0.907,0.447,11.44,25.0,2.2,1.0,0.041667,1.239193050460182,2.5865326826391675,5.4134673173608325,3.5776,-1.8358673173608326,8.0,0.05163345683352441
32,60,Banana,26.53,68.09,0.907,0.447,11.44,25.0,2.2,1.0,0.041667,1.1282118843092859,2.633541887222682,5.366458112777318,3.6798,-1.6866581127773177,8.0,0.04700920458351502
32,61,Banana,24.79,67.65,0.907,0.447,11.44,25.0,2.2,1.0,0.041667,0.9835787191318781,2.6745246617127503,5.32547533828725,3.5669,-1.7585753382872498,8.0,0.040982774490067965
32,62,Banana,24.9,61.5,0.907,0.447,11.44,25.0,2.2,1.0,0.041667,0.992146428114862,2.7158644269330123,5.284135573066988,3.5771,-1.7070355730669875,8.0,0.041339765220261955
32,63,Banana,25.56,64.56,0.907,0.447,11.44,25.0,2.2,1.0,0.041667,1.0451428892361567,2.7594123956988152,5.240587604301185,3.5162,-1.7243876043011848,8.0,0.04354796876580295
32,64,Banana,24.1,62.01,0.907,0.447,11.44,25.0,2.2,1.0,0.041667,0.931498068543934,2.7982251257208355,5.201774874279165,3.4984,-1.7033748742791648,8.0,0.038812730022020105
32,65,Banana,22.15,59.68,0.907,0.447,11.44,25.0,2.2,1.0,0.041667,0.798747544316052,2.8315065396498524,5.168493460350147,3.2555,-1.912993460350147,8.0,0.03328141392901694
32,66,Banana,23.31,68.03,0.907,0.447,11.44,25.0,2.2,1.0,0.041667,0.875246871201979,2.8679754510322253,5.132024548967775,3.2323,-1.8997245489677748,8.0,0.03646891138237286
32,67,Banana,21.91,61.91,0.907,0.447,11.44,25.0,2.2,1.0,0.041667,0.7837749727752156,2.90063300282285,5.09936699717715,3.317,-1.7823669971771494,8.0,0.03265755179062491
32,68,Banana,23.33,62.29,0.907,0.447,11.44,25.0,2.2,1.0,0.041667,0.8766281496703933,2.9371594679351665,5.0628405320648335,3.3577,-1.7051405320648336,8.0,0.036526465112316275
32,69,Banana,23.83,70.18,0.907,0.447,11.44,25.0,2.2,1.0,0.041667,0.9118775975183618,2.975154671790964,5.024845328209036,3.1981,-1.8267453282090358,8.0,0.037995203855797584
32,70,Banana,22.49,72.94,0.907,0.447,11.44,25.0,2.2,1.0,0.041667,0.8204495990540147,3.0093403452347474,4.990659654765253,3.0105,-1.9801596547652527,8.0,0.034185673443783635
32,71,Banana,22.41,74.17,0.907,0.447,11.44,25.0,2.2,1.0,0.041667,0.8152907700237648,3.043311065749328,4.956688934250672,3.092,-1.864688934250672,8.0,0.03397072051458021
32,72,Banana,22.45,73.78,0.907,0.447,11.44,25.0,2.2,1.0,0.041667,0.8178661170255416,3.077389093247431,4.922610906752569,2.8224,-2.1002109067525687,8.0,0.03407802749810324
32,73,Banana,24.98,75.03,0.907,0.447,11.44,25.0,2.2,1.0,0.041667,0.9984243279560054,3.118990439720374,4.881009560279626,2.9513,-1.9297095602796261,8.0,0.041601346472942884
32,74,Banana,24.89,80.47,0.907,0.447,11.44,25.0,2.2,1.0,0.041667,0.9913644712713798,3.1602976231448383,4.839702376855161,2.7683,-2.0714023768551613,8.0,0.041307183424464586
32,75,Banana,26.11,79.11,0.907,0.447,11.44,25.0,2.2,1.0,0.041667,1.0914627477326064,3.205775601454613,4.794224398545387,2.6124,-2.1818243985453867,8.0,0.045477978309774514
32,76,Banana,25.42,85.28,0.907,0.447,11.44,25.0,2.2,1.0,0.041667,1.0336696205647162,3.248845513534683,4.7511544864653175,2.3002,-2.4509544864653177,8.0,0.043069912080070036
32,77,Banana,26.4,84.47,0.907,0.447,11.44,25.0,2.2,1.0,0.041667,1.1167068375542495,3.295375337335056,4.704624662664944,2.2219,-2.482724662664944,8.0,0.04652982380037292
32,78,Banana,28.28,77.54,0.907,0.447,11.44,25.0,2.2,1.0,0.041667,1.2951338050793213,3.349339677591296,4.650660322408704,2.4747,-2.1759603224087045,8.0,0.053964340256240084
32,79,Banana,27.48,80.72,0.907,0.447,11.44,25.0,2.2,1.0,0.041667,1.21596430098489,3.4000052621204335,4.599994737879566,2.337,-2.262994737879566,8.0,0.050665584529137414
32,80,Banana,27.58,75.91,0.907,0.447,11.44,25.0,2.2,1.0,0.041667,1.225589556669871,3.451071902178197,4.548928097821803,2.2586,-2.2903280978218032,8.0,0.05106664005776351
32,81,Banana,27.28,76.35,0.907,0.447,11.44,25.0,2.2,1.0,0.041667,1.19693997385502,3.500944800068814,4.4990551999311865,2.375,-2.1240551999311865,8.0,0.04987289789061712
32,82,Banana,27.93,80.02,0.907,0.447,11.44,25.0,2.2,1.0,0.041667,1.2598819254181435,3.553440300255212,4.446559699744788,2.1688,-2.277759699744788,8.0,0.05249550018639779
32,83,Banana,26.33,73.08,0.907,0.447,11.44,25.0,2.2,1.0,0.041667,1.1105604845588801,3.5997140239653267,4.400285976034674,2.3304,-2.0698859760346737,8.0,0.04627372371011486
32,84,Banana,31.58,65.64,0.907,0.447,11.44,25.0,2.2,1.0,0.041667,1.6800187316080228,3.669715364455238,4.330284635544762,2.2577,-2.0725846355447626,8.0,0.0700013404899115
32,85,Banana,25.9,66.66,0.907,0.447,11.44,25.0,2.2,1.0,0.041667,1.0735395313949974,3.7144465361098735,4.2855534638901265,2.3049,-1.9806534638901265,8.0,0.04473117165463536
32,86,Banana,23.44,61.82,0.907,0.447,11.44,25.0,2.2,1.0,0.041667,0.8842642389091853,3.7512911741525024,4.248708825847498,2.1556,-2.0931088258474975,8.0,0.036844638042629024
32,87,Banana,24.72,64.23,0.907,0.447,11.44,25.0,2.2,1.0,0.041667,0.9781651031288113,3.7920483795045707,4.207951620495429,2.0897,-2.1182516204954287,8.0,0.040757205352068185
32,88,Banana,23.4,60.85,0.907,0.447,11.44,25.0,2.2,1.0,0.041667,0.8814798134279885,3.8287769988906746,4.171223001109325,2.0965,-2.0747230011093256,8.0,0.036728619386104
32,89,Banana,25.09,56.54,0.907,0.447,11.44,25.0,2.2,1.0,0.041667,1.0071213533359449,3.8707407243201235,4.1292592756798765,2.0234,-2.1058592756798764,8.0,0.04196372542944882
32,90,Banana,22.5,66.06,0.907,0.447,11.44,25.0,2.2,1.0,0.041667,0.8210967436686386,3.904953362338565,4.095046637661435,1.9338,-2.161246637661435,8.0,0.03421263801844117
32,91,Banana,21.66,61.76,0.907,0.447,11.44,25.0,2.2,1.0,0.041667,0.7684769127945377,3.9369734898639748,4.063026510136025,2.0075,-2.055526510136025,8.0,0.03202012752541
32,92,Banana,22.77,60.77,0.907,0.447,11.44,25.0,2.2,1.0,0.041667,0.8387639228077967,3.971922266235607,4.028077733764393,1.9862,-2.0418777337643927,8.0,0.03494877637163247
32,93,Banana,22.65,64.96,0.907,0.447,11.44,25.0,2.2,1.0,0.041667,0.8308653925937372,4.00654193454881,3.9934580654511898,1.6968,-2.2966580654511897,8.0,0.03461966831320325
32,94,Banana,21.79,66.57,0.907,0.447,11.44,25.0,2.2,1.0,0.041667,0.7763942663152081,4.038891954443367,3.9611080455566334,1.8878,-2.0733080455566335,8.0,0.03235001989455578
32,95,Banana,22.52,76.51,0.907,0.447,11.44,25.0,2.2,1.0,0.041667,0.8223925646419339,4.073158585434301,3.9268414145656987,1.5423,-2.3845414145656987,8.0,0.03426663099093546
33,0,Banana,25.87,81.89,0.942,0.659,33.5,25.0,2.2,1.0,0.041667,1.0710032118118076,0.044625490826562586,7.955374509173438,6.876,-1.0793745091734372,8.0,0.044625490826562586
33,1,Banana,25.54,85.95,0.942,0.659,33.5,25.0,2.2,1.0,0.041667,1.0434960868036076,0.0881048422754085,7.911895157724591,6.7804,-1.1314951577245909,8.0,0.04347935144884592
33,2,Banana,26.27,85.4,0.942,0.659,33.5,25.0,2.2,1.0,0.041667,1.1053191145951036,0.1341601738232427,7.8658398261767575,6.8515,-1.0143398261767578,8.0,0.046055331547834186
33,3,Banana,29.35,83.06,0.942,0.659,33.5,25.0,2.2,1.0,0.041667,1.4091391017141246,0.19287477277436513,7.807125227225635,6.4935,-1.3136252272256348,8.0,0.05871459895112243
33,4,Banana,28.55,77.47,0.942,0.659,33.5,25.0,2.2,1.0,0.041667,1.323000632124917,0.24800024011311406,7.7519997598868855,6.5799,-1.1720997598868852,8.0,0.05512546733874892
33,5,Banana,27.3,77.77,0.942,0.659,33.5,25.0,2.2,1.0,0.041667,1.1988289350935786,0.2979518453516582,7.702048154648342,6.4009,-1.3011481546483417,8.0,0.04995160523854414
33,6,Banana,27.67,69.26,0.942,0.659,33.5,25.0,2.2,1.0,0.041667,1.2343174129477614,0.3493821489969526,7.650617851003047,6.2933,-1.3573178510030468,8.0,0.05143030364529438
33,7,Banana,27.61,71.24,0.942,0.659,33.5,25.0,2.2,1.0,0.041667,1.2284919632726266,0.4005697236306331,7.599430276369367,6.2592,-1.3402302763693674,8.0,0.05118757463368053
33,8,Banana,27.7,70.14,0.942,0.659,33.5,25.0,2.2,1.0,0.041667,1.2372404886134596,0.4521218230696901,7.54787817693031,6.1982,-1.3496781769303103,8.0,0.051552099439057024
33,9,Banana,26.07,66.6,0.942,0.659,33.5,25.0,2.2,1.0,0.041667,1.0880258828761102,0.497456597531489,7.502543402468511,6.1214,-1.3811434024685108,8.0,0.045334774461798885
33,10,Banana,25.84,69.28,0.942,0.659,33.5,25.0,2.2,1.0,0.041667,1.0684728844784042,0.5419766572090506,7.458023342790949,6.0887,-1.369323342790949,8.0,0.04452005967756167
33,11,Banana,25.96,58.04,0.942,0.659,33.5,25.0,2.2,1.0,0.041667,1.0786302041070512,0.5869199419235792,7.413080058076421,6.0016,-1.411480058076421,8.0,0.044943284714528506
33,12,Banana,28.72,59.22,0.942,0.659,33.5,25.0,2.2,1.0,0.041667,1.3408532138009652,0.642789272783024,7.357210727216976,6.0156,-1.3416107272169757,8.0,0.05586933085944482
33,13,Banana,22.13,61.3,0.942,0.659,33.5,25.0,2.2,1.0,0.041667,0.7974889801402639,0.6760182461185283,7.323981753881472,5.7034,-1.6205817538814715,8.0,0.033228973335504376
33,14,Banana,23.01,58.57,0.942,0.659,33.5,25.0,2.2,1.0,0.041667,0.8547869565564313,0.7116346542373652,7.288365345762635,5.6607,-1.6276653457626349,8.0,0.035616408118836825
33,15,Banana,22.41,60.25,0.942,0.659,33.5,25.0,2.2,1.0,0.041667,0.8152907700237648,0.7456053747519454,7.254394625248055,5.5853,-1.6690946252480545,8.0,0.03397072051458021
33,16,Banana,22.25,64.37,0.942,0.659,33.5,25.0,2.2,1.0,0.041667,0.8050702211705992,0.7791502356574608,7.220849764342539,5.6898,-1.531049764342539,8.0,0.03354486090551536
33,17,Banana,22.25,66.87,0.942,0.659,33.5,25.0,2.2,1.0,0.041667,0.8050702211705992,0.8126950965629761,7.187304903437024,5.533,-1.6543049034370236,8.0,0.03354486090551536
33,18,Banana,21.8,69.45,0.942,0.659,33.5,25.0,2.2,1.0,0.041667,0.7770066614810417,0.8450706331269067,7.154929366873093,5.2848,-1.8701293668730932,8.0,0.032375536563930565
33,19,Banana,23.73,73.06,0.942,0.659,33.5,25.0,2.2,1.0,0.041667,0.9047161012558047,0.8827674389179323,7.1172325610820675,5.2673,-1.8499325610820678,8.0,0.03769680579102562
33,20,Banana,23.96,77.42,0.942,0.659,33.5,25.0,2.2,1.0,0.041667,0.9212723590094765,0.9211540943007802,7.07884590569922,5.034,-2.04484590569922,8.0,0.038386655382847856
33,21,Banana,24.16,79.26,0.942,0.659,33.5,25.0,2.2,1.0,0.041667,0.9359151874857072,0.9601508724177471,7.039849127582253,5.0111,-2.0287491275822527,8.0,0.03899677811696697
33,22,Banana,23.78,82.71,0.942,0.659,33.5,25.0,2.2,1.0,0.041667,0.9082897912281753,0.9979965831488515,7.0020034168511485,4.9353,-2.0667034168511487,8.0,0.03784571073110438
33,23,Banana,27.39,81.44,0.942,0.659,33.5,25.0,2.2,1.0,0.041667,1.2073662195297346,1.048303911417997,6.951696088582003,4.7773,-2.174396088582003,8.0,0.050307328269145454
33,24,Banana,27.49,87.01,0.942,0.659,33.5,25.0,2.2,1.0,0.041667,1.2169234150485255,1.099009459352824,6.900990540647176,4.5563,-2.344690540647176,8.0,0.050705547934826914
33,25,Banana,28.48,88.66,0.942,0.659,33.5,25.0,2.2,1.0,0.041667,1.315718838349976,1.1538315161903523,6.846168483809648,4.3507,-2.495468483809648,8.0,0.05482205683752846
33,26,Banana,29.41,85.72,0.942,0.659,33.5,25.0,2.2,1.0,0.041667,1.415821171412352,1.212824536939591,6.787175463060409,4.4093,-2.377875463060409,8.0,0.05899302074923848
33,27,Banana,27.15,76.61,0.942,0.659,33.5,25.0,2.2,1.0,0.041667,1.1847340659456163,1.2621888512653467,6.737811148734654,4.5326,-2.2052111487346533,8.0,0.049364314325756
33,28,Banana,27.93,77.85,0.942,0.659,33.5,25.0,2.2,1.0,0.041667,1.2598819254181435,1.3146843514517446,6.685315648548255,4.4012,-2.284115648548255,8.0,0.05249550018639779
33,29,Banana,33.48,76.9,0.942,0.659,33.5,25.0,2.2,1.0,0.041667,1.9515264116828706,1.3959986024473348,6.604001397552665,4.3533,-2.250701397552665,8.0,0.08131425099559017
33,30,Banana,26.89,76.82,0.942,0.659,33.5,25.0,2.2,1.0,0.041667,1.1606943935033744,1.4443612557414398,6.555638744258561,4.0868,-2.4688387442585604,8.0,0.04836265329410511
33,31,Banana,27.37,72.78,0.942,0.659,33.5,25.0,2.2,1.0,0.041667,1.2054638063307583,1.4945893161598236,6.505410683840177,4.0567,-2.4487106838401766,8.0,0.05022806041838371
33,32,Banana,28.59,58.83,0.942,0.659,33.5,25.0,2.2,1.0,0.041667,1.327179737097726,1.5498889142654746,6.450111085734525,4.208,-2.242111085734525,8.0,0.05529959810565096
33,33,Banana,27.67,68.8,0.942,0.659,33.5,25.0,2.2,1.0,0.041667,1.2343174129477614,1.601319217910769,6.398680782089231,3.8501,-2.5485807820892314,8.0,0.05143030364529438
33,34,Banana,25.66,66.82,0.942,0.659,33.5,25.0,2.2,1.0,0.041667,1.0534159672599852,1.6452119010185908,6.354788098981409,3.9058,-2.448988098981409,8.0,0.04389268310782181
33,35,Banana,23.52,63.01,0.942,0.659,33.5,25.0,2.2,1.0,0.041667,0.8898595040511709,1.6822896769738909,6.317710323026109,3.7123,-2.605410323026109,8.0,0.03707777595530014
33,36,Banana,24.29,60.95,0.942,0.659,33.5,25.0,2.2,1.0,0.041667,0.9455576000049629,1.7216882254932977,6.278311774506703,3.8399,-2.4384117745067027,8.0,0.039398548519406794
33,37,Banana,22.14,58.54,0.942,0.659,33.5,25.0,2.2,1.0,0.041667,0.7981180141471239,1.7549434087887659,6.245056591211235,3.6522,-2.5928565912112345,8.0,0.03325518329546821
33,38,Banana,23.2,65.42,0.942,0.659,33.5,25.0,2.2,1.0,0.041667,0.8676886517010793,1.7910973918391948,6.208902608160805,3.6242,-2.5847026081608053,8.0,0.03615398305042888
33,39,Banana,21.85,62.69,0.942,0.659,33.5,25.0,2.2,1.0,0.041667,0.780075890502992,1.823600813968783,6.176399186031217,3.506,-2.6703991860312173,8.0,0.03250342212958817
33,40,Banana,22.76,62.36,0.942,0.659,33.5,25.0,2.2,1.0,0.041667,0.8381028538658345,1.8585220455808107,6.141477954419189,3.4504,-2.691077954419189,8.0,0.03492123161202773
33,41,Banana,21.18,68.11,0.942,0.659,33.5,25.0,2.2,1.0,0.041667,0.7399366447445717,1.8893529857573828,6.110647014242617,3.3569,-2.753747014242617,8.0,0.03083094017657207
33,42,Banana,22.61,70.43,0.942,0.659,33.5,25.0,2.2,1.0,0.041667,0.828249112675603,1.923863641535237,6.076136358464763,3.2328,-2.8433363584647626,8.0,0.03451065577785435
33,43,Banana,23.05,68.97,0.942,0.659,33.5,25.0,2.2,1.0,0.041667,0.8574870644279595,1.959592555048757,6.040407444951243,3.0928,-2.947607444951243,8.0,0.03572891351351979
33,44,Banana,25.42,71.57,0.942,0.659,33.5,25.0,2.2,1.0,0.041667,1.0336696205647162,2.002662467128827,5.997337532871173,2.9461,-3.051237532871173,8.0,0.043069912080070036
33,45,Banana,22.96,83.85,0.942,0.659,33.5,25.0,2.2,1.0,0.041667,0.8514237748883555,2.0381387415571,5.9618612584429,2.7104,-3.2514612584429,8.0,0.035476274428273114
33,46,Banana,24.91,78.91,0.942,0.659,33.5,25.0,2.2,1.0,0.041667,0.9929290017410947,2.079511114272646,5.920488885727353,2.7957,-3.1247888857273534,8.0,0.041372372715546196
33,47,Banana,24.5,84.19,0.942,0.659,33.5,25.0,2.2,1.0,0.041667,0.961344101506717,2.1195674389501264,5.880432561049874,2.665,-3.215432561049874,8.0,0.04005632467748038
33,48,Banana,26.09,82.93,0.942,0.659,33.5,25.0,2.2,1.0,0.041667,1.0897429603939428,2.164973758880861,5.835026241119139,2.5401,-3.294926241119139,8.0,0.04540631993073442
33,49,Banana,27.84,80.76,0.942,0.659,33.5,25.0,2.2,1.0,0.041667,1.2509733025170853,2.2170980634768402,5.78290193652316,2.3608,-3.4221019365231604,8.0,0.052124304595979394
33,50,Banana,27.41,77.75,0.942,0.659,33.5,25.0,2.2,1.0,0.041667,1.2092716350386605,2.2674847846939965,5.7325152153060035,2.3209,-3.4116152153060035,8.0,0.05038672121715587
33,51,Banana,28.39,82.17,0.942,0.659,33.5,25.0,2.2,1.0,0.041667,1.3064153927347943,2.321919194863077,5.678080805136923,2.268,-3.410080805136923,8.0,0.05443441016908068
33,52,Banana,29.27,80.52,0.942,0.659,33.5,25.0,2.2,1.0,0.041667,1.4002787064942777,2.380264607726574,5.6197353922734266,1.9567,-3.6630353922734264,8.0,0.05834541286349707
33,53,Banana,30.01,78.67,0.942,0.659,33.5,25.0,2.2,1.0,0.041667,1.4844096298360512,2.442115503772953,5.557884496227047,2.0546,-3.5032844962270464,8.0,0.06185089604637875
33,54,Banana,28.01,77.22,0.942,0.659,33.5,25.0,2.2,1.0,0.041667,1.2678539468005825,2.4949431741742925,5.505056825825708,1.9654,-3.539656825825708,8.0,0.05282767040133987
33,55,Banana,27.85,71.14,0.942,0.659,33.5,25.0,2.2,1.0,0.041667,1.2519600305704546,2.5471085927680717,5.452891407231928,1.9038,-3.5490914072319284,8.0,0.052165418593779135
33,56,Banana,27.25,66.26,0.942,0.659,33.5,25.0,2.2,1.0,0.041667,1.1941121112502338,2.5968636621075354,5.403136337892464,1.9239,-3.4792363378924644,8.0,0.04975506933946349
33,57,Banana,26.42,64.59,0.942,0.659,33.5,25.0,2.2,1.0,0.041667,1.1184691781703624,2.6434669173543597,5.35653308264564,1.8873,-3.4692330826456406,8.0,0.046603255246824495
33,58,Banana,23.53,64.84,0.942,0.659,33.5,25.0,2.2,1.0,0.041667,0.890561396996798,2.6805739390830254,5.319426060916975,1.9061,-3.4133260609169747,8.0,0.03710702172866558
33,59,Banana,25.52,62.07,0.942,0.659,33.5,25.0,2.2,1.0,0.041667,1.0418518791916134,2.7239847813333022,5.276015218666698,1.5986,-3.677415218666698,8.0,0.04341084225027696
33,60,Banana,25.03,65.79,0.942,0.659,33.5,25.0,2.2,1.0,0.041667,1.0023681717806425,2.765750455946886,5.234249544053114,1.4807,-3.753549544053114,8.0,0.04176567461358403
33,61,Banana,21.75,58.6,0.942,0.659,33.5,25.0,2.2,1.0,0.041667,0.7739495084210637,2.797998610114267,5.202001389885734,1.5994,-3.6026013898857334,8.0,0.032248154167380465
33,62,Banana,22.47,63.24,0.942,0.659,33.5,25.0,2.2,1.0,0.041667,0.8191568395572788,2.8321304181481,5.1678695818519,1.3837,-3.7841695818518994,8.0,0.03413180803383314
33,63,Banana,22.11,63.26,0.942,0.659,33.5,25.0,2.2,1.0,0.041667,0.7962323990488632,2.8653070335192687,5.134692966480731,1.3649,-3.7697929664807313,8.0,0.033176615371168984
33,64,Banana,22.92,68.58,0.942,0.659,33.5,25.0,2.2,1.0,0.041667,0.8487427594748858,2.900671598078309,5.0993284019216905,1.2128,-3.8865284019216904,8.0,0.035364564559040065
33,65,Banana,22.41,67.1,0.942,0.659,33.5,25.0,2.2,1.0,0.041667,0.8152907700237648,2.934642318592889,5.065357681407111,1.2485,-3.816857681407111,8.0,0.03397072051458021
33,66,Banana,21.1,71.81,0.942,0.659,33.5,25.0,2.2,1.0,0.041667,0.7352840656612796,2.9652793997567977,5.034720600243203,0.9613,-4.073420600243203,8.0,0.03063708116390854
33,67,Banana,21.01,74.28,0.942,0.659,33.5,25.0,2.2,1.0,0.041667,0.7300848733131878,2.9956998461731383,5.004300153826861,0.8499,-4.154400153826861,8.0,0.030420446416340598
33,68,Banana,22.56,87.42,0.942,0.659,33.5,25.0,2.2,1.0,0.041667,0.8249903448493221,3.030074718871975,4.969925281128025,0.4756,-4.494325281128025,8.0,0.034374872698836705
33,69,Banana,22.19,75.44,0.942,0.659,33.5,25.0,2.2,1.0,0.041667,0.801270634444217,3.0634612623973623,4.936538737602637,0.6078,-4.328738737602637,8.0,0.03338654352538719
33,70,Banana,25.66,80.59,0.942,0.659,33.5,25.0,2.2,1.0,0.041667,1.0534159672599852,3.107353945505184,4.892646054494816,0.6514,-4.241246054494816,8.0,0.04389268310782181
33,71,Banana,25.81,85.74,0.942,0.659,33.5,25.0,2.2,1.0,0.041667,1.0659485352376372,3.151768823122931,4.84823117687707,0.296,-4.552231176877069,8.0,0.04441487761774663
33,72,Banana,25.56,81.52,0.942,0.659,33.5,25.0,2.2,1.0,0.041667,1.0451428892361567,3.1953167918887337,4.804683208111266,0.4609,-4.343783208111266,8.0,0.04354796876580295
33,73,Banana,27.07,80.65,0.942,0.659,33.5,25.0,2.2,1.0,0.041667,1.1772846863620643,3.244370712915382,4.755629287084618,0.2776,-4.478029287084619,8.0,0.049053921026648135
33,74,Banana,27.59,83.59,0.942,0.659,33.5,25.0,2.2,1.0,0.041667,1.2265562628298259,3.295477632718712,4.704522367281288,0.146,-4.558522367281288,8.0,0.05110691980333036
33,75,Banana,27.96,77.32,0.942,0.659,33.5,25.0,2.2,1.0,0.041667,1.2628655422408601,3.348097451267262,4.651902548732738,0.2362,-4.415702548732738,8.0,0.05261981854854992
33,76,Banana,28.02,73.78,0.942,0.659,33.5,25.0,2.2,1.0,0.041667,1.2688539897706166,3.400966790459034,4.599033209540966,0.049,-4.550033209540966,8.0,0.05286933919177229
33,77,Banana,28.37,76.57,0.942,0.659,33.5,25.0,2.2,1.0,0.041667,1.304356910522618,3.4553154298497804,4.54468457015022,0.0,-4.54468457015022,8.0,0.05434863939074593
33,78,Banana,27.75,72.77,0.942,0.659,33.5,25.0,2.2,1.0,0.041667,1.24212767247305,3.507071163578715,4.492928836421285,0.0,-4.492928836421285,8.0,0.05175573372893457
33,79,Banana,28.2,70.74,0.942,0.659,33.5,25.0,2.2,1.0,0.041667,1.286990253203124,3.5606961864589293,4.439303813541071,0.0,-4.439303813541071,8.0,0.053625022880214576
33,80,Banana,27.3,71.0,0.942,0.659,33.5,25.0,2.2,1.0,0.041667,1.1988289350935786,3.6106477916974735,4.389352208302526,0.0,-4.389352208302526,8.0,0.04995160523854414
33,81,Banana,26.69,65.18,0.942,0.659,33.5,25.0,2.2,1.0,0.041667,1.1425347897864486,3.6582537887835054,4.341746211216495,0.0,-4.341746211216495,8.0,0.047605997086031956
33,82,Banana,24.95,70.21,0.942,0.659,33.5,25.0,2.2,1.0,0.041667,0.9960654738092581,3.6997568488807158,4.300243151119284,0.0,-4.300243151119284,8.0,0.04150306009721036
33,83,Banana,25.14,66.75,0.942,0.659,33.5,25.0,2.2,1.0,0.041667,1.011099551000805,3.7418863338722663,4.258113666127734,0.0,-4.258113666127734,8.0,0.042129484991550545
33,84,Banana,22.84,60.53,0.942,0.659,33.5,25.0,2.2,1.0,0.041667,0.8434060285022067,3.777028532861868,4.222971467138132,0.0,-4.222971467138132,8.0,0.03514219898960145
33,85,Banana,22.54,56.65,0.942,0.659,33.5,25.0,2.2,1.0,0.041667,0.8236904306263777,3.811349242034777,4.188650757965223,0.0,-4.188650757965223,8.0,0.03432070917290928
33,86,Banana,23.14,61.43,0.942,0.659,33.5,25.0,2.2,1.0,0.041667,0.8635935327947531,3.8473325937657363,4.152667406234263,0.0,-4.152667406234263,8.0,0.035983351730958985
33,87,Banana,21.73,64.61,0.942,0.659,33.5,25.0,2.2,1.0,0.041667,0.7727300178171813,3.8795299354181245,4.120470064581875,0.0,-4.120470064581875,8.0,0.032197341652388495
33,88,Banana,26.03,61.18,0.942,0.659,33.5,25.0,2.2,1.0,0.041667,1.0845998402305106,3.9247219569610095,4.07527804303899,0.0,-4.07527804303899,8.0,0.04519202154288469
33,89,Banana,21.21,71.73,0.942,0.659,33.5,25.0,2.2,1.0,0.041667,0.741688941826119,3.9556259101000784,4.044374089899922,0.0,-4.044374089899922,8.0,0.030903953139068904
33,90,Banana,21.71,79.69,0.942,0.659,33.5,25.0,2.2,1.0,0.041667,0.7715124487305514,3.987772519301334,4.012227480698666,0.0,-4.012227480698666,8.0,0.03214660920125589
33,91,Banana,23.69,76.97,0.942,0.659,33.5,25.0,2.2,1.0,0.041667,0.9018672756958194,4.025350623077752,3.9746493769222484,0.0,-3.9746493769222484,8.0,0.03757810377641771
33,92,Banana,22.87,83.38,0.942,0.659,33.5,25.0,2.2,1.0,0.041667,0.8454033588585292,4.06057604483131,3.9394239551686896,0.0,-3.9394239551686896,8.0,0.03522542175355834
33,93,Banana,24.34,79.55,0.942,0.659,33.5,25.0,2.2,1.0,0.041667,0.9492926166679208,4.100130220290012,3.899869779709988,0.0,-3.899869779709988,8.0,0.039554175458702254
33,94,Banana,23.42,83.77,0.942,0.659,33.5,25.0,2.2,1.0,0.041667,0.882870928468432,4.136916803266507,3.863083196733493,0.0,-3.863083196733493,8.0,0.036786582976494155
33,95,Banana,26.4,79.52,0.942,0.659,33.5,25.0,2.2,1.0,0.041667,1.1167068375542495,4.183446627066879,3.8165533729331207,0.0,-3.8165533729331207,8.0,0.04652982380037292
34,0,Banana,32.2,76.34,0.917,0.369,10.52,25.0,2.2,1.0,0.041667,1.7641858328600386,0.07350833109777924,7.926491668902221,6.9408,-0.9856916689022208,8.0,0.07350833109777924
34,1,Banana,27.57,70.74,0.917,0.369,10.52,25.0,2.2,1.0,0.041667,1.2246236124160985,0.12453472315632082,7.875465276843679,6.8205,-1.0549652768436788,8.0,0.05102639205854158
34,2,Banana,27.87,64.64,0.917,0.369,10.52,25.0,2.2,1.0,0.041667,1.2539358221904433,0.17678246705953002,7.82321753294047,6.8142,-1.0090175329404705,8.0,0.0522477439032092
34,3,Banana,26.0,64.68,0.917,0.369,10.52,25.0,2.2,1.0,0.041667,1.0820373898183429,0.22186771898109092,7.778132281018909,6.7519,-1.0262322810189088,8.0,0.0450852519215609
34,4,Banana,25.06,62.97,0.917,0.369,10.52,25.0,2.2,1.0,0.041667,1.0047419517988672,0.26373230188669433,7.736267698113306,6.6298,-1.1064676981133053,8.0,0.0418645829056034
34,5,Banana,24.64,66.04,0.917,0.369,10.52,25.0,2.2,1.0,0.041667,0.9720145893907137,0.3042332337828372,7.6957667662171625,6.6431,-1.052666766217163,8.0,0.04050093189614287
34,6,Banana,23.53,65.01,0.917,0.369,10.52,25.0,2.2,1.0,0.041667,0.890561396996798,0.34134025551150277,7.658659744488498,6.5924,-1.066259744488498,8.0,0.03710702172866558
34,7,Banana,21.47,58.29,0.917,0.369,10.52,25.0,2.2,1.0,0.041667,0.7570504007211826,0.37288427455835227,7.627115725441648,6.8071,-0.8200157254416478,8.0,0.03154401904684952
34,8,Banana,22.96,60.46,0.917,0.369,10.52,25.0,2.2,1.0,0.041667,0.8514237748883555,0.4083605489866254,7.591639451013375,6.5623,-1.0293394510133753,8.0,0.035476274428273114
34,9,Banana,22.79,66.16,0.917,0.369,10.52,25.0,2.2,1.0,0.041667,0.8400876253936351,0.443364480073902,7.556635519926098,6.5097,-1.0469355199260981,8.0,0.0350039310872766
34,10,Banana,23.37,64.23,0.917,0.369,10.52,25.0,2.2,1.0,0.041667,0.8793972496773284,0.48000632527620724,7.519993674723793,6.4301,-1.0898936747237924,8.0,0.03664184520230524
34,11,Banana,21.24,69.77,0.917,0.369,10.52,25.0,2.2,1.0,0.041667,0.7434453886481659,0.5109834642850104,7.48901653571499,6.3932,-1.0958165357149898,8.0,0.03097713900880313
34,12,Banana,23.68,73.08,0.917,0.369,10.52,25.0,2.2,1.0,0.041667,0.9011564720602279,0.5485319510063439,7.4514680489936564,6.2856,-1.1658680489936568,8.0,0.03754848672133352
34,13,Banana,21.87,71.57,0.917,0.369,10.52,25.0,2.2,1.0,0.041667,0.781306974059796,0.5810866686944934,7.4189133313055065,6.2621,-1.1568133313055062,8.0,0.03255471768814952
34,14,Banana,23.94,77.14,0.917,0.369,10.52,25.0,2.2,1.0,0.041667,0.9198207359084803,0.619412839297592,7.380587160702408,6.1709,-1.2096871607024084,8.0,0.038326170603098654
34,15,Banana,24.96,82.08,0.917,0.369,10.52,25.0,2.2,1.0,0.041667,0.9968511386544012,0.660948635691905,7.339051364308095,6.2381,-1.100951364308095,8.0,0.041535796394312936
34,16,Banana,24.99,76.68,0.917,0.369,10.52,25.0,2.2,1.0,0.041667,0.9992118533904636,0.7025827959871255,7.297417204012874,6.1466,-1.1508172040128741,8.0,0.04163416029522045
34,17,Banana,26.95,85.77,0.917,0.369,10.52,25.0,2.2,1.0,0.041667,1.1661983503705828,0.7511747826520165,7.248825217347983,5.9089,-1.3399252173479832,8.0,0.048591986664891076
34,18,Banana,31.75,82.88,0.917,0.369,10.52,25.0,2.2,1.0,0.041667,1.7026889185263403,0.8221207218202535,7.177879278179747,5.9383,-1.2395792781797468,8.0,0.07094593916823702
34,19,Banana,27.87,86.2,0.917,0.369,10.52,25.0,2.2,1.0,0.041667,1.2539358221904433,0.8743684657234627,7.125631534276537,5.7769,-1.3487315342765367,8.0,0.0522477439032092
34,20,Banana,26.87,83.89,0.917,0.369,10.52,25.0,2.2,1.0,0.041667,1.15886551979591,0.9226549153367989,7.077345084663201,5.7248,-1.352545084663201,8.0,0.04828644961333618
34,21,Banana,27.99,73.56,0.917,0.369,10.52,25.0,2.2,1.0,0.041667,1.2658562247807403,0.975399346654738,7.024600653345262,5.6837,-1.3409006533452619,8.0,0.052744431317939114
34,22,Banana,28.15,76.26,0.917,0.369,10.52,25.0,2.2,1.0,0.041667,1.281926556344667,1.0288133804779513,6.971186619522049,5.8224,-1.148786619522049,8.0,0.05341403382321324
34,23,Banana,28.13,71.96,0.917,0.369,10.52,25.0,2.2,1.0,0.041667,1.2799066605073806,1.0821432513013123,6.9178567486986875,5.6897,-1.2281567486986873,8.0,0.05332987082336103
34,24,Banana,26.52,70.52,0.917,0.369,10.52,25.0,2.2,1.0,0.041667,1.1273226879378289,1.1291154057396178,6.8708845942603824,5.6116,-1.2592845942603823,8.0,0.04697215443830552
34,25,Banana,24.97,70.27,0.917,0.369,10.52,25.0,2.2,1.0,0.041667,0.9976374232070482,1.1706839642523859,6.829316035747614,5.6093,-1.220016035747614,8.0,0.041568558512768077
34,26,Banana,27.58,66.43,0.917,0.369,10.52,25.0,2.2,1.0,0.041667,1.225589556669871,1.2217506043101494,6.77824939568985,5.5712,-1.2070493956898503,8.0,0.05106664005776351
34,27,Banana,25.99,64.84,0.917,0.369,10.52,25.0,2.2,1.0,0.041667,1.081184585718166,1.2668003224432682,6.7331996775567315,5.5249,-1.2082996775567318,8.0,0.045049718133118824
34,28,Banana,24.28,61.52,0.917,0.369,10.52,25.0,2.2,1.0,0.041667,0.9448123619883978,1.3061678191302388,6.693832180869761,5.5466,-1.1472321808697616,8.0,0.03936749668697057
34,29,Banana,25.31,63.96,0.917,0.369,10.52,25.0,2.2,1.0,0.041667,1.0247433368604273,1.3488657997472022,6.651134200252798,5.426,-1.225134200252798,8.0,0.04269798061696343
34,30,Banana,21.65,65.16,0.917,0.369,10.52,25.0,2.2,1.0,0.041667,0.7678712403212116,1.3808606907176662,6.619139309282334,5.3485,-1.270639309282334,8.0,0.03199489097046392
34,31,Banana,22.56,62.62,0.917,0.369,10.52,25.0,2.2,1.0,0.041667,0.8249903448493221,1.4152355634165028,6.584764436583497,5.5126,-1.0721644365834972,8.0,0.034374872698836705
34,32,Banana,20.22,65.97,0.917,0.369,10.52,25.0,2.2,1.0,0.041667,0.6859965926479238,1.4438189834423638,6.556181016557636,5.215,-1.3411810165576359,8.0,0.02858342002586104
34,33,Banana,21.51,71.58,0.917,0.369,10.52,25.0,2.2,1.0,0.041667,0.7594417775788336,1.4754626439887413,6.524537356011258,5.2188,-1.3057373560112584,8.0,0.03164366054637726
34,34,Banana,22.65,68.19,0.917,0.369,10.52,25.0,2.2,1.0,0.041667,0.8308653925937372,1.5100823123019445,6.489917687698055,5.0989,-1.3910176876980547,8.0,0.03461966831320325
34,35,Banana,21.51,74.62,0.917,0.369,10.52,25.0,2.2,1.0,0.041667,0.7594417775788336,1.5417259728483217,6.4582740271516785,4.9789,-1.4793740271516782,8.0,0.03164366054637726
34,36,Banana,21.3,75.11,0.917,0.369,10.52,25.0,2.2,1.0,0.041667,0.7469707708462259,1.5728500039571713,6.427149996042829,5.1247,-1.3024499960428289,8.0,0.031124031108849697
34,37,Banana,24.2,74.72,0.917,0.369,10.52,25.0,2.2,1.0,0.041667,0.9388715638616331,1.611969965408594,6.388030034591406,4.9792,-1.4088300345914062,8.0,0.039119961451422665
34,38,Banana,23.88,80.13,0.917,0.369,10.52,25.0,2.2,1.0,0.041667,0.9154795758867776,1.6501152528970684,6.349884747102932,4.8359,-1.5139847471029322,8.0,0.038145287488474365
34,39,Banana,23.66,78.57,0.917,0.369,10.52,25.0,2.2,1.0,0.041667,0.8997365449999378,1.6876045755175808,6.312395424482419,4.8326,-1.4797954244824192,8.0,0.03748932262051241
34,40,Banana,27.33,75.66,0.917,0.369,10.52,25.0,2.2,1.0,0.041667,1.2016679679474846,1.7376744747380486,6.262325525261952,4.7818,-1.4805255252619522,8.0,0.050069899220467846
34,41,Banana,25.98,83.19,0.917,0.369,10.52,25.0,2.2,1.0,0.041667,1.0803324537526493,1.7826886870885603,6.2173113129114395,4.7083,-1.509011312911439,8.0,0.04501421235051164
34,42,Banana,25.62,81.41,0.917,0.369,10.52,25.0,2.2,1.0,0.041667,1.0500989064398436,1.8264431582231893,6.1735568417768105,4.6742,-1.4993568417768106,8.0,0.043754471134628964
34,43,Banana,27.22,79.81,0.917,0.369,10.52,25.0,2.2,1.0,0.041667,1.1912909296880114,1.8760806773904997,6.123919322609501,4.6875,-1.4364193226095008,8.0,0.04963751916731037
34,44,Banana,28.34,81.91,0.917,0.369,10.52,25.0,2.2,1.0,0.041667,1.301275267156091,1.9303009139470926,6.069699086052907,4.6245,-1.4451990860529067,8.0,0.054220236556592846
34,45,Banana,28.86,73.31,0.917,0.369,10.52,25.0,2.2,1.0,0.041667,1.3557360824321423,1.9867903692937925,6.013209630706207,4.5757,-1.4375096307062067,8.0,0.05648945534670007
34,46,Banana,28.4,77.73,0.917,0.369,10.52,25.0,2.2,1.0,0.041667,1.3074458517500032,2.04126771559866,5.95873228440134,4.5648,-1.3939322844013402,8.0,0.054477346304867384
34,47,Banana,27.41,73.67,0.917,0.369,10.52,25.0,2.2,1.0,0.041667,1.2092716350386605,2.0916544368158156,5.908345563184184,4.4417,-1.4666455631841844,8.0,0.05038672121715587
34,48,Banana,26.22,73.4,0.917,0.369,10.52,25.0,2.2,1.0,0.041667,1.1009702075896015,2.1375285624554516,5.862471437544548,4.3401,-1.5223714375445487,8.0,0.04587412563963593
34,49,Banana,27.64,67.37,0.917,0.369,10.52,25.0,2.2,1.0,0.041667,1.2314012432727948,2.1888373580588993,5.811162641941101,4.3265,-1.4846626419411004,8.0,0.051308795603447546
34,50,Banana,25.4,64.78,0.917,0.369,10.52,25.0,2.2,1.0,0.041667,1.0320408962408656,2.2318394060825675,5.7681605939174325,4.3816,-1.3865605939174328,8.0,0.04300204802366815
34,51,Banana,24.71,62.73,0.917,0.369,10.52,25.0,2.2,1.0,0.041667,0.9773941656192138,2.2725644887814234,5.727435511218577,4.2056,-1.521835511218577,8.0,0.04072508269885578
34,52,Banana,24.49,68.28,0.917,0.369,10.52,25.0,2.2,1.0,0.041667,0.9605864214125166,2.3125892432024187,5.687410756797581,4.3804,-1.307010756797581,8.0,0.04002475442099533
34,53,Banana,24.43,65.9,0.917,0.369,10.52,25.0,2.2,1.0,0.041667,0.9560528648104166,2.352425097920474,5.647574902079526,4.2177,-1.4298749020795265,8.0,0.03983585471805563
34,54,Banana,22.82,56.16,0.917,0.369,10.52,25.0,2.2,1.0,0.041667,0.8420770972013593,2.387511924329563,5.612488075670437,4.1236,-1.4888880756704372,8.0,0.03508682640908904
34,55,Banana,22.39,64.87,0.917,0.369,10.52,25.0,2.2,1.0,0.041667,0.8140061391497115,2.4214291181295144,5.578570881870485,4.2018,-1.3767708818704847,8.0,0.033917193799951034
34,56,Banana,26.17,63.76,0.917,0.369,10.52,25.0,2.2,1.0,0.041667,1.096638411472614,2.4671227508203435,5.5328772491796565,4.1129,-1.4199772491796567,8.0,0.04569363269082941
34,57,Banana,21.94,65.2,0.917,0.369,10.52,25.0,2.2,1.0,0.041667,0.7856310865481156,2.499857641303544,5.500142358696456,3.9618,-1.5383423586964557,8.0,0.032734890483200337
34,58,Banana,22.11,69.02,0.917,0.369,10.52,25.0,2.2,1.0,0.041667,0.7962323990488632,2.533034256674713,5.466965743325288,3.9682,-1.4987657433252877,8.0,0.033176615371168984
34,59,Banana,23.37,71.33,0.917,0.369,10.52,25.0,2.2,1.0,0.041667,0.8793972496773284,2.5696761018770182,5.430323898122982,3.8917,-1.5386238981229816,8.0,0.03664184520230524
34,60,Banana,22.61,69.21,0.917,0.369,10.52,25.0,2.2,1.0,0.041667,0.828249112675603,2.6041867576548725,5.3958132423451275,3.8627,-1.5331132423451277,8.0,0.03451065577785435
34,61,Banana,23.72,76.45,0.917,0.369,10.52,25.0,2.2,1.0,0.041667,0.9040030523280068,2.6418538528362236,5.358146147163776,3.8206,-1.5375461471637757,8.0,0.037667095181351064
34,62,Banana,24.92,78.74,0.917,0.369,10.52,25.0,2.2,1.0,0.041667,0.9937121926365762,2.683258858766812,5.316741141233188,3.5157,-1.8010411412331884,8.0,0.04140500593058822
34,63,Banana,23.21,81.25,0.917,0.369,10.52,25.0,2.2,1.0,0.041667,0.8683730569817524,2.7194413589320705,5.2805586410679295,3.5171,-1.7634586410679294,8.0,0.03618250016525868
34,64,Banana,24.67,81.29,0.917,0.369,10.52,25.0,2.2,1.0,0.041667,0.9743164869116816,2.7600382039922198,5.23996179600778,3.4868,-1.7531617960077797,8.0,0.04059684506014904
34,65,Banana,27.09,88.61,0.917,0.369,10.52,25.0,2.2,1.0,0.041667,1.1791426284375757,2.809169539891328,5.190830460108672,3.0143,-2.176530460108672,8.0,0.049131335899108466
34,66,Banana,27.91,81.8,0.917,0.369,10.52,25.0,2.2,1.0,0.041667,1.257896764689528,2.8615823243856466,5.138417675614353,3.277,-1.8614176756143532,8.0,0.05241278449431857
34,67,Banana,27.88,82.52,0.917,0.369,10.52,25.0,2.2,1.0,0.041667,1.2549248869853435,2.913871279651665,5.086128720348335,3.1315,-1.9546287203483352,8.0,0.05228895526601831
34,68,Banana,28.85,79.09,0.917,0.369,10.52,25.0,2.2,1.0,0.041667,1.3546675636353473,2.970316213025659,5.029683786974341,3.2192,-1.8104837869743413,8.0,0.05644493337399402
34,69,Banana,28.59,81.24,0.917,0.369,10.52,25.0,2.2,1.0,0.041667,1.327179737097726,3.02561581113131,4.97438418886869,3.2251,-1.7492841888686903,8.0,0.05529959810565096
34,70,Banana,28.38,75.93,0.917,0.369,10.52,25.0,2.2,1.0,0.041667,1.3053857458723641,3.0800073190045736,4.919992680995426,3.1478,-1.7721926809954258,8.0,0.0543915078732638
34,71,Banana,27.74,77.44,0.917,0.369,10.52,25.0,2.2,1.0,0.041667,1.241148693759379,3.131722261627446,4.868277738372554,2.9967,-1.871577738372554,8.0,0.051714942622872045
34,72,Banana,28.75,71.76,0.917,0.369,10.52,25.0,2.2,1.0,0.041667,1.3440285845438724,3.1877239006596354,4.812276099340364,3.1335,-1.678776099340364,8.0,0.056001639032189535
34,73,Banana,33.94,71.88,0.917,0.369,10.52,25.0,2.2,1.0,0.041667,2.0236056189986567,3.2720414759864522,4.727958524013548,3.0005,-1.727458524013548,8.0,0.08431757532681704
34,74,Banana,26.52,57.51,0.917,0.369,10.52,25.0,2.2,1.0,0.041667,1.1273226879378289,3.3190136304247577,4.680986369575242,3.0498,-1.6311863695752424,8.0,0.04697215443830552
34,75,Banana,25.62,68.43,0.917,0.369,10.52,25.0,2.2,1.0,0.041667,1.0500989064398436,3.3627681015593867,4.637231898440613,2.967,-1.6702318984406133,8.0,0.043754471134628964
34,76,Banana,23.49,58.57,0.917,0.369,10.52,25.0,2.2,1.0,0.041667,0.8877571426379121,3.3997582784216807,4.600241721578319,3.0731,-1.5271417215783192,8.0,0.03699017686229388
34,77,Banana,24.37,60.07,0.917,0.369,10.52,25.0,2.2,1.0,0.041667,0.9515407046542859,3.439406124962511,4.560593875037489,2.8524,-1.7081938750374888,8.0,0.03964784654083013
34,78,Banana,21.25,62.34,0.917,0.369,10.52,25.0,2.2,1.0,0.041667,0.7440317947846128,3.4704076977558014,4.529592302244199,2.6646,-1.8649923022441985,8.0,0.031001572793290463
34,79,Banana,22.78,57.6,0.917,0.369,10.52,25.0,2.2,1.0,0.041667,0.8394255131799678,3.505384040613471,4.494615959386529,2.7569,-1.737715959386529,8.0,0.03497634285766972
34,80,Banana,22.74,60.84,0.917,0.369,10.52,25.0,2.2,1.0,0.041667,0.8367822786290058,3.540250247817106,4.459749752182894,2.5133,-1.946449752182894,8.0,0.034866207203634786
34,81,Banana,25.95,69.9,0.917,0.369,10.52,25.0,2.2,1.0,0.041667,1.0777800853687407,3.5851581106341652,4.414841889365835,2.5368,-1.8780418893658353,8.0,0.04490786281705932
34,82,Banana,21.8,65.89,0.917,0.369,10.52,25.0,2.2,1.0,0.041667,0.7770066614810417,3.617533647198096,4.382466352801904,2.6263,-1.756166352801904,8.0,0.032375536563930565
34,83,Banana,28.7,70.31,0.917,0.369,10.52,25.0,2.2,1.0,0.041667,1.338740468876879,3.6733149463147887,4.326685053685211,2.5935,-1.7331850536852111,8.0,0.05578129911669292
34,84,Banana,22.2,71.13,0.917,0.369,10.52,25.0,2.2,1.0,0.041667,0.8019026513000171,3.7067278240865065,4.2932721759134935,2.4577,-1.8355721759134935,8.0,0.033412877771717815
34,85,Banana,23.87,73.21,0.917,0.369,10.52,25.0,2.2,1.0,0.041667,0.9147580437629428,3.744843047495977,4.255156952504024,2.2548,-2.0003569525040237,8.0,0.03811522340947054
34,86,Banana,21.98,74.23,0.917,0.369,10.52,25.0,2.2,1.0,0.041667,0.7881127443046303,3.7776813412129178,4.222318658787082,2.2804,-1.941918658787082,8.0,0.03283829371694103
34,87,Banana,24.4,81.86,0.917,0.369,10.52,25.0,2.2,1.0,0.041667,0.9537941164991806,3.8174230806650895,4.1825769193349105,2.1802,-2.0023769193349104,8.0,0.03974173945217136
34,88,Banana,24.97,83.25,0.917,0.369,10.52,25.0,2.2,1.0,0.041667,0.9976374232070482,3.8589916391778574,4.141008360822143,1.86,-2.2810083608221428,8.0,0.041568558512768077
34,89,Banana,24.66,77.99,0.917,0.369,10.52,25.0,2.2,1.0,0.041667,0.9735485826759066,3.899556487972214,4.100443512027786,1.9969,-2.1035435120277857,8.0,0.040564848794357004
34,90,Banana,27.47,80.74,0.917,0.369,10.52,25.0,2.2,1.0,0.041667,1.2150059428437512,3.950182140592685,4.049817859407315,1.9102,-2.1396178594073154,8.0,0.050625652620470585
34,91,Banana,26.53,81.56,0.917,0.369,10.52,25.0,2.2,1.0,0.041667,1.1282118843092859,3.9971913451762,4.0028086548238,1.7803,-2.2225086548238004,8.0,0.04700920458351502
34,92,Banana,27.26,83.13,0.917,0.369,10.52,25.0,2.2,1.0,0.041667,1.195053988999877,4.046985659735858,3.953014340264142,1.8965,-2.0565143402641417,8.0,0.04979431455965788
34,93,Banana,27.13,84.43,0.917,0.369,10.52,25.0,2.2,1.0,0.041667,1.1828673135983376,4.0962721920915595,3.9037278079084405,1.5267,-2.3770278079084406,8.0,0.049286532355701934
34,94,Banana,28.13,76.68,0.917,0.369,10.52,25.0,2.2,1.0,0.041667,1.2799066605073806,4.149602062914921,3.850397937085079,1.6686,-2.181797937085079,8.0,0.05332987082336103
34,95,Banana,28.1,78.91,0.917,0.369,10.52,25.0,2.2,1.0,0.041667,1.2768827827341218,4.202805937823103,3.7971940621768967,1.7646,-2.032594062176897,8.0,0.05320387490818266
35,0,Mango,27.57,72.65,0.949,0.624,16.06,25.0,2.1,1.0,0.041667,1.2100696229669918,0.05041997098016565,11.949580029019835,9.0,-2.9495800290198346,12.0,0.05041997098016565
35,1,Mango,26.8,70.52,0.949,0.624,16.06,25.0,2.1,1.0,0.041667,1.1428769480879095,0.09804022477614457,11.901959775223855,8.9953,-2.9066597752238543,12.0,0.04762025379597893
35,2,Mango,25.7,57.13,0.949,0.624,16.06,25.0,2.1,1.0,0.041667,1.0533079221842176,0.1419284059697944,11.858071594030205,9.0,-2.8580715940302053,12.0,0.0438881811936498
35,3,Mango,24.42,61.92,0.949,0.624,16.06,25.0,2.1,1.0,0.041667,0.9578803868141645,0.18184040804718019,11.81815959195282,8.6938,-3.124359591952821,12.0,0.039912002077385794
35,4,Mango,26.13,75.58,0.949,0.624,16.06,25.0,2.1,1.0,0.041667,1.0874537126065136,0.2271513418903558,11.772848658109645,8.8384,-2.9344486581096447,12.0,0.0453109338431756
35,5,Mango,24.39,61.8,0.949,0.624,16.06,25.0,2.1,1.0,0.041667,0.9557506961466887,0.2669746061466999,11.7330253938533,8.6775,-3.0555253938532996,12.0,0.03982326425634408
35,6,Mango,22.92,59.58,0.949,0.624,16.06,25.0,2.1,1.0,0.041667,0.8569951945407873,0.3026830249176308,11.69731697508237,8.5856,-3.11171697508237,12.0,0.035708418770930984
35,7,Mango,22.04,59.72,0.949,0.624,16.06,25.0,2.1,1.0,0.041667,0.8028290683247528,0.3361345037075183,11.663865496292482,8.5227,-3.1411654962924818,12.0,0.033451478789887475
35,8,Mango,22.38,65.32,0.949,0.624,16.06,25.0,2.1,1.0,0.041667,0.8233387292381961,0.37044055853868624,11.629559441461314,8.4965,-3.133059441461315,12.0,0.034306054831167915
35,9,Mango,23.37,65.16,0.949,0.624,16.06,25.0,2.1,1.0,0.041667,0.8860908561491136,0.40736130624185135,11.592638693758149,8.4212,-3.171438693758148,12.0,0.03692074770316512
35,10,Mango,21.51,67.92,0.949,0.624,16.06,25.0,2.1,1.0,0.041667,0.7718723183991734,0.4395229101325897,11.56047708986741,8.5225,-3.037977089867409,12.0,0.03216160389073836
35,11,Mango,21.5,70.78,0.949,0.624,16.06,25.0,2.1,1.0,0.041667,0.7712998498949317,0.47166066097816184,11.528339339021839,8.3276,-3.2007393390218386,12.0,0.03213775084557212
35,12,Mango,23.5,71.37,0.949,0.624,16.06,25.0,2.1,1.0,0.041667,0.8946787159836173,0.5089392390370512,11.491060760962949,8.29,-3.2010607609629496,12.0,0.03727857805888938
35,13,Mango,23.1,74.34,0.949,0.624,16.06,25.0,2.1,1.0,0.041667,0.868517020858166,0.5451277377451484,11.454872262254852,8.3162,-3.138672262254852,12.0,0.036188498708097205
35,14,Mango,23.53,83.6,0.949,0.624,16.06,25.0,2.1,1.0,0.041667,0.8966723205077902,0.5824893833237466,11.417510616676253,8.1154,-3.302110616676254,12.0,0.0373616455785981
35,15,Mango,25.45,79.09,0.949,0.624,16.06,25.0,2.1,1.0,0.041667,1.0339507873482499,0.6255710107801861,11.374428989219814,7.9925,-3.381928989219814,12.0,0.04308162745643953
35,16,Mango,25.64,81.1,0.949,0.624,16.06,25.0,2.1,1.0,0.041667,1.0486294124957274,0.6692642525106456,11.330735747489355,7.9483,-3.382435747489355,12.0,0.04369324173045948
35,17,Mango,26.61,78.42,0.949,0.624,16.06,25.0,2.1,1.0,0.041667,1.1268790539693865,0.716217922052388,11.283782077947611,7.949,-3.3347820779476116,12.0,0.04695366954174243
35,18,Mango,27.54,84.53,0.949,0.624,16.06,25.0,2.1,1.0,0.041667,1.207379230702463,0.7665257924580675,11.233474207541933,7.7271,-3.506374207541933,12.0,0.05030787040567952
35,19,Mango,26.68,79.5,0.949,0.624,16.06,25.0,2.1,1.0,0.041667,1.1327467935850992,0.8137239531063778,11.186276046893623,7.6674,-3.518876046893623,12.0,0.04719816064831033
35,20,Mango,29.44,79.99,0.949,0.624,16.06,25.0,2.1,1.0,0.041667,1.3901618525673494,0.8716478270173016,11.128352172982698,7.732,-3.3963521729826978,12.0,0.05792387391092375
35,21,Mango,26.83,79.21,0.949,0.624,16.06,25.0,2.1,1.0,0.041667,1.1454236104970803,0.9193741925958834,11.080625807404116,7.5322,-3.548425807404117,12.0,0.04772636557858185
35,22,Mango,27.24,71.2,0.949,0.624,16.06,25.0,2.1,1.0,0.041667,1.1808021140534417,0.9685746742821482,11.031425325717851,7.7832,-3.2482253257178515,12.0,0.04920048168626476
35,23,Mango,27.98,76.87,0.949,0.624,16.06,25.0,2.1,1.0,0.041667,1.247444836876721,1.0205519583002904,10.97944804169971,7.6059,-3.37354804169971,12.0,0.05197728401814234
35,24,Mango,27.13,76.53,0.949,0.624,16.06,25.0,2.1,1.0,0.041667,1.1712044390935188,1.0693525336640002,10.930647466336,7.4072,-3.523447466336,12.0,0.04880057536370965
35,25,Mango,27.13,75.76,0.949,0.624,16.06,25.0,2.1,1.0,0.041667,1.1712044390935188,1.11815310902771,10.881846890972291,7.441,-3.440846890972291,12.0,0.04880057536370965
35,26,Mango,27.19,65.77,0.949,0.624,16.06,25.0,2.1,1.0,0.041667,1.176429823056821,1.1671714104650184,10.832828589534982,7.2835,-3.5493285895349818,12.0,0.049018301437308565
35,27,Mango,25.6,66.53,0.949,0.624,16.06,25.0,2.1,1.0,0.041667,1.0455219565640366,1.210735173829172,10.789264826170829,7.1909,-3.5983648261708288,12.0,0.04356376336415371
35,28,Mango,23.24,61.65,0.949,0.624,16.06,25.0,2.1,1.0,0.041667,0.8775854296342132,1.247301525925741,10.75269847407426,7.1688,-3.5838984740742594,12.0,0.03656635209656876
35,29,Mango,23.3,64.15,0.949,0.624,16.06,25.0,2.1,1.0,0.041667,0.8815008185085822,1.2840310205305379,10.715968979469462,7.1076,-3.6083689794694624,12.0,0.036729494604797096
35,30,Mango,22.23,65.58,0.949,0.624,16.06,25.0,2.1,1.0,0.041667,0.8142265420687991,1.3179573978589185,10.682042602141081,7.0218,-3.660242602141081,12.0,0.03392637732838066
35,31,Mango,22.44,61.2,0.949,0.624,16.06,25.0,2.1,1.0,0.041667,0.8270120938947173,1.3524165107752297,10.64758348922477,7.1018,-3.54578348922477,12.0,0.03445911291631119
35,32,Mango,23.14,68.96,0.949,0.624,16.06,25.0,2.1,1.0,0.041667,0.8710983902414638,1.388712567401421,10.61128743259858,6.9791,-3.63218743259858,12.0,0.03629605662619108
35,33,Mango,23.02,61.29,0.949,0.624,16.06,25.0,2.1,1.0,0.041667,0.8633772079260283,1.4246869055240747,10.575313094475925,6.8144,-3.7609130944759253,12.0,0.035974338122653826
35,34,Mango,19.97,62.36,0.949,0.624,16.06,25.0,2.1,1.0,0.041667,0.6885313112233737,1.453375939668819,10.546624060331181,6.872,-3.6746240603311815,12.0,0.028689034144744316
35,35,Mango,22.16,70.66,0.949,0.624,16.06,25.0,2.1,1.0,0.041667,0.8100087686315945,1.4871265750313916,10.512873424968609,6.5861,-3.9267734249686086,12.0,0.033750635362572654
35,36,Mango,22.99,68.33,0.949,0.624,16.06,25.0,2.1,1.0,0.041667,0.8614576296493013,1.5230209300859892,10.47697906991401,6.6479,-3.8290790699140107,12.0,0.03589435505459744
35,37,Mango,23.93,79.29,0.949,0.624,16.06,25.0,2.1,1.0,0.041667,0.9236821168769814,1.5615079928499023,10.438492007150098,6.309,-4.129492007150097,12.0,0.038487062763913185
35,38,Mango,23.88,88.24,0.949,0.624,16.06,25.0,2.1,1.0,0.041667,0.9202618934921355,1.599852545166039,10.400147454833961,6.2331,-4.167047454833961,12.0,0.038344552316136815
35,39,Mango,23.98,84.32,0.949,0.624,16.06,25.0,2.1,1.0,0.041667,0.9271150517824119,1.638482648028657,10.361517351971344,6.1387,-4.222817351971344,12.0,0.03863010286261776
35,40,Mango,27.15,83.08,0.949,0.624,16.06,25.0,2.1,1.0,0.041667,1.1729436497831038,1.6873556910841694,10.31264430891583,6.3046,-4.008044308915831,12.0,0.04887304305551259
35,41,Mango,26.35,82.73,0.949,0.624,16.06,25.0,2.1,1.0,0.041667,1.105349463506885,1.7334122871801108,10.26658771281989,6.2245,-4.04208771281989,12.0,0.04605659609594138
35,42,Mango,26.39,77.79,0.949,0.624,16.06,25.0,2.1,1.0,0.041667,1.1086347362124471,1.7796057707338748,10.220394229266125,6.1743,-4.046094229266125,12.0,0.046193483553764035
35,43,Mango,26.25,84.49,0.949,0.624,16.06,25.0,2.1,1.0,0.041667,1.0971788110890202,1.825321920255521,10.17467807974448,5.9945,-4.180178079744479,12.0,0.0457161495216462
35,44,Mango,28.35,75.94,0.949,0.624,16.06,25.0,2.1,1.0,0.041667,1.282163660291435,1.8787458334888842,10.121254166511116,5.9429,-4.178354166511117,12.0,0.05342391323336323
35,45,Mango,27.39,81.98,0.949,0.624,16.06,25.0,2.1,1.0,0.041667,1.1940167285585603,1.9284969285177338,10.071503071482265,5.9454,-4.126103071482265,12.0,0.049751095028849536
35,46,Mango,29.62,69.74,0.949,0.624,16.06,25.0,2.1,1.0,0.041667,1.4088518096643774,1.9871995568710195,10.012800443128981,5.9898,-4.023000443128981,12.0,0.058702628353285616
35,47,Mango,27.92,79.86,0.949,0.624,16.06,25.0,2.1,1.0,0.041667,1.2419040233764458,2.038945971813046,9.961054028186954,5.6645,-4.296554028186954,12.0,0.05174641494202637
35,48,Mango,28.92,71.44,0.949,0.624,16.06,25.0,2.1,1.0,0.041667,1.337549808552543,2.094677659686005,9.905322340313996,5.8703,-4.035022340313995,12.0,0.05573168787295881
35,49,Mango,25.86,79.51,0.949,0.624,16.06,25.0,2.1,1.0,0.041667,1.0658862488422105,2.139089942016513,9.860910057983487,5.7004,-4.160510057983487,12.0,0.04441228233050839
35,50,Mango,26.69,64.76,0.949,0.624,16.06,25.0,2.1,1.0,0.041667,1.1335875325826454,2.186323133736634,9.813676866263366,5.7983,-4.015376866263366,12.0,0.04723319172012109
35,51,Mango,25.23,61.71,0.949,0.624,16.06,25.0,2.1,1.0,0.041667,1.017210990257362,2.2287072640676877,9.771292735932313,5.7105,-4.0607927359323135,12.0,0.04238413033105351
35,52,Mango,30.46,58.53,0.949,0.624,16.06,25.0,2.1,1.0,0.041667,1.4994491243505468,2.291184810732002,9.708815189267998,5.5736,-4.135215189267998,12.0,0.06247754666431424
35,53,Mango,23.45,63.85,0.949,0.624,16.06,25.0,2.1,1.0,0.041667,0.8913658868074097,2.3283253531376062,9.671674646862394,5.6082,-4.063474646862394,12.0,0.03714054240560434
35,54,Mango,22.59,63.97,0.949,0.624,16.06,25.0,2.1,1.0,0.041667,0.8362673669686904,2.363170105517091,9.63682989448291,5.4474,-4.18942989448291,12.0,0.03484475237948442
35,55,Mango,24.35,61.62,0.949,0.624,16.06,25.0,2.1,1.0,0.041667,0.9529184723557403,2.4028753595047374,9.597124640495263,5.4127,-4.184424640495263,12.0,0.039705253987646634
35,56,Mango,22.61,65.05,0.949,0.624,16.06,25.0,2.1,1.0,0.041667,0.8375092040856236,2.437771855511373,9.562228144488627,5.2013,-4.360928144488627,12.0,0.03489649600663568
35,57,Mango,21.2,64.46,0.949,0.624,16.06,25.0,2.1,1.0,0.041667,0.7543218155203437,2.469202182598659,9.530797817401341,5.2871,-4.243697817401341,12.0,0.031430327087286165
35,58,Mango,22.22,69.46,0.949,0.624,16.06,25.0,2.1,1.0,0.041667,0.8136226610388138,2.5031033980161634,9.496896601983837,5.2374,-4.2594966019838365,12.0,0.03390121541750425
35,59,Mango,21.02,68.94,0.949,0.624,16.06,25.0,2.1,1.0,0.041667,0.7443149132523288,2.534116767506648,9.465883232493352,5.1962,-4.269683232493352,12.0,0.031013369490484787
35,60,Mango,27.64,73.95,0.949,0.624,16.06,25.0,2.1,1.0,0.041667,1.2163705418095625,2.5847992788722274,9.415200721127773,5.0014,-4.413800721127773,12.0,0.050682511365579046
35,61,Mango,22.54,79.89,0.949,0.624,16.06,25.0,2.1,1.0,0.041667,0.8331708241730365,2.619515007603045,9.380484992396955,4.9781,-4.4023849923969545,12.0,0.034715728730817914
35,62,Mango,24.77,75.41,0.949,0.624,16.06,25.0,2.1,1.0,0.041667,0.9830802159805532,2.660477010962307,9.339522989037693,4.693,-4.646522989037694,12.0,0.040962003359261714
35,63,Mango,24.53,79.28,0.949,0.624,16.06,25.0,2.1,1.0,0.041667,0.9657299340804327,2.7007160801256362,9.299283919874364,4.7965,-4.502783919874364,12.0,0.040239069163329394
35,64,Mango,26.33,83.28,0.949,0.624,16.06,25.0,2.1,1.0,0.041667,1.1037104797389825,2.7467043846849206,9.253295615315078,4.7563,-4.496995615315078,12.0,0.04598830455928419
35,65,Mango,26.7,86.57,0.949,0.624,16.06,25.0,2.1,1.0,0.041667,1.1344288955873092,2.793972633477357,9.206027366522644,4.2423,-4.963727366522644,12.0,0.047268248792436414
35,66,Mango,27.76,81.18,0.949,0.624,16.06,25.0,2.1,1.0,0.041667,1.2272485434874123,2.845108398538847,9.154891601461152,4.526,-4.628891601461152,12.0,0.051135765061490014
35,67,Mango,25.81,79.16,0.949,0.624,16.06,25.0,2.1,1.0,0.041667,1.0619394699587978,2.88935623043362,9.11064376956638,4.4576,-4.65304376956638,12.0,0.044247831894773236
35,68,Mango,29.16,77.21,0.949,0.624,16.06,25.0,2.1,1.0,0.041667,1.3615801978103188,2.9460891925357826,9.053910807464217,4.5007,-4.553210807464216,12.0,0.056732962102162554
35,69,Mango,27.58,80.95,0.949,0.624,16.06,25.0,2.1,1.0,0.041667,1.2109677519465092,2.9965465858561378,9.003453414143863,4.2347,-4.768753414143863,12.0,0.050457393320355204
35,70,Mango,28.59,80.61,0.949,0.624,16.06,25.0,2.1,1.0,0.041667,1.3051989832767676,3.0509303118923308,8.94906968810767,4.2277,-4.7213696881076705,12.0,0.054383726036193084
35,71,Mango,28.21,73.65,0.949,0.624,16.06,25.0,2.1,1.0,0.041667,1.268914597810803,3.1038021764393138,8.896197823560687,4.1429,-4.753297823560687,12.0,0.05287186454698273
35,72,Mango,28.0,68.77,0.949,0.624,16.06,25.0,2.1,1.0,0.041667,1.2492972627406829,3.1558566454859296,8.84414335451407,4.2628,-4.58134335451407,12.0,0.052054469046616036
35,73,Mango,26.26,71.54,0.949,0.624,16.06,25.0,2.1,1.0,0.041667,1.0979931510800824,3.2016067261119834,8.798393273888017,4.1204,-4.677993273888017,12.0,0.0457500806260538
35,74,Mango,26.07,70.03,0.949,0.624,16.06,25.0,2.1,1.0,0.041667,1.082623536526888,3.2467164010084493,8.753283598991551,3.8532,-4.900083598991551,12.0,0.04510967489646584
35,75,Mango,25.19,60.31,0.949,0.624,16.06,25.0,2.1,1.0,0.041667,1.014196638106078,3.2889749323284154,8.711025067671585,4.0655,-4.645525067671585,12.0,0.04225853131996596
35,76,Mango,24.95,64.06,0.949,0.624,16.06,25.0,2.1,1.0,0.041667,0.9962971856633861,3.3304876471634515,8.669512352836549,4.0166,-4.652912352836548,12.0,0.04151271483503631
35,77,Mango,26.89,63.1,0.949,0.624,16.06,25.0,2.1,1.0,0.041667,1.15053397207504,3.3784269461779024,8.621573053822097,3.938,-4.683573053822096,12.0,0.047939299014450695
35,78,Mango,22.73,66.53,0.949,0.624,16.06,25.0,2.1,1.0,0.041667,0.8449990488443637,3.4136355215461003,8.5863644784539,3.9137,-4.6726644784539,12.0,0.0352085753681981
35,79,Mango,22.73,66.73,0.949,0.624,16.06,25.0,2.1,1.0,0.041667,0.8449990488443637,3.4488440969142986,8.551155903085702,3.7525,-4.798655903085702,12.0,0.0352085753681981
35,80,Mango,22.0,63.82,0.949,0.624,16.06,25.0,2.1,1.0,0.041667,0.800450004834094,3.4821964472657205,8.517803552734279,3.8278,-4.690003552734279,12.0,0.0333523503514222
35,81,Mango,20.95,62.09,0.949,0.624,16.06,25.0,2.1,1.0,0.041667,0.7404592889170494,3.513049164457027,8.486950835542974,3.6421,-4.844850835542974,12.0,0.030852717191306698
35,82,Mango,22.71,72.69,0.949,0.624,16.06,25.0,2.1,1.0,0.041667,0.843746105978173,3.5482055334548197,8.45179446654518,3.5444,-4.907394466545181,12.0,0.035156368997792536
35,83,Mango,23.13,70.64,0.949,0.624,16.06,25.0,2.1,1.0,0.041667,0.8704523295127373,3.584474670668627,8.415525329331373,3.4417,-4.9738253293313734,12.0,0.03626913721380723
35,84,Mango,21.07,70.89,0.949,0.624,16.06,25.0,2.1,1.0,0.041667,0.7470812162906246,3.615603303707809,8.38439669629219,3.4713,-4.913096696292191,12.0,0.03112863303918146
35,85,Mango,23.08,82.11,0.949,0.624,16.06,25.0,2.1,1.0,0.041667,0.8672292061476785,3.651738143040364,8.348261856959637,3.1749,-5.1733618569596365,12.0,0.036134839332555325
35,86,Mango,23.4,76.74,0.949,0.624,16.06,25.0,2.1,1.0,0.041667,0.8880653244225707,3.688741160913079,8.311258839086921,3.195,-5.116258839086921,12.0,0.03700301787271525
35,87,Mango,23.73,76.06,0.949,0.624,16.06,25.0,2.1,1.0,0.041667,0.9100770226478805,3.7266613402157485,8.273338659784251,3.1567,-5.116638659784251,12.0,0.037920179302669235
35,88,Mango,25.86,77.62,0.949,0.624,16.06,25.0,2.1,1.0,0.041667,1.0658862488422105,3.7710736225462567,8.228926377453742,2.9611,-5.267826377453742,12.0,0.04441228233050839
35,89,Mango,26.6,87.95,0.949,0.624,16.06,25.0,2.1,1.0,0.041667,1.126043290396695,3.817992468327216,8.182007531672784,2.4469,-5.735107531672785,12.0,0.0469188457809591
35,90,Mango,26.68,79.66,0.949,0.624,16.06,25.0,2.1,1.0,0.041667,1.1327467935850992,3.865190628975526,8.134809371024474,2.9897,-5.145109371024474,12.0,0.04719816064831033
35,91,Mango,27.76,85.09,0.949,0.624,16.06,25.0,2.1,1.0,0.041667,1.2272485434874123,3.916326394037016,8.083673605962984,2.6089,-5.474773605962984,12.0,0.051135765061490014
35,92,Mango,28.72,76.97,0.949,0.624,16.06,25.0,2.1,1.0,0.041667,1.3178487762937392,3.9712371989988475,8.028762801001152,2.7158,-5.312962801001152,12.0,0.05491080496183123
35,93,Mango,28.35,82.56,0.949,0.624,16.06,25.0,2.1,1.0,0.041667,1.282163660291435,4.024661112232211,7.975338887767789,2.4853,-5.490038887767788,12.0,0.05342391323336323
35,94,Mango,29.66,78.31,0.949,0.624,16.06,25.0,2.1,1.0,0.041667,1.4130391391463928,4.083538214043023,7.916461785956977,2.6356,-5.280861785956977,12.0,0.05887710181081275
35,95,Mango,26.17,71.49,0.949,0.624,16.06,25.0,2.1,1.0,0.041667,1.0906857963216983,4.12898381911836,7.87101618088164,2.5141,-5.35691618088164,12.0,0.0454456050753362
36,0,Tomato,21.0,69.34,0.99,0.538,25.49,25.0,2.0,1.0,0.041667,0.757858283255199,0.03157768108839438,9.968422318911605,10.0,0.03157768108839498,10.0,0.03157768108839438
36,1,Tomato,21.81,74.22,0.99,0.538,25.49,25.0,2.0,1.0,0.041667,0.8016253293993937,0.06497900368847892,9.935020996311522,9.9515,0.016479003688477434,10.0,0.03340132260008454
36,2,Tomato,21.67,74.97,0.99,0.538,25.49,25.0,2.0,1.0,0.041667,0.7938839309316525,0.09805776543860809,9.901942234561393,10.0,0.09805776543860745,10.0,0.03307876175012917
36,3,Tomato,23.62,75.14,0.99,0.538,25.49,25.0,2.0,1.0,0.041667,0.9087781164485201,0.13592382321666857,9.864076176783332,9.9899,0.12582382321666863,10.0,0.03786605777806049
36,4,Tomato,22.78,84.25,0.99,0.538,25.49,25.0,2.0,1.0,0.041667,0.8573760366341717,0.17164811053510462,9.828351889464896,9.7694,-0.05895188946489682,10.0,0.035724287318436035
36,5,Tomato,24.86,77.83,0.99,0.538,25.49,25.0,2.0,1.0,0.041667,0.9903428719330246,0.21291272697993796,9.787087273020061,9.7427,-0.04438727302006207,10.0,0.04126461644483334
36,6,Tomato,26.34,84.75,0.99,0.538,25.49,25.0,2.0,1.0,0.041667,1.097331937579243,0.2586352568230523,9.741364743176948,9.6168,-0.12456474317694877,10.0,0.04572252984311432
36,7,Tomato,27.78,87.87,0.99,0.538,25.49,25.0,2.0,1.0,0.041667,1.2125128190617374,0.3091570284548977,9.690842971545102,9.6234,-0.06744297154510193,10.0,0.050521771631845416
36,8,Tomato,26.49,81.44,0.99,0.538,25.49,25.0,2.0,1.0,0.041667,1.1088006436030693,0.3553574248719068,9.644642575128094,9.6333,-0.011342575128093557,10.0,0.04620039641700909
36,9,Tomato,28.66,79.34,0.99,0.538,25.49,25.0,2.0,1.0,0.041667,1.2887746304850156,0.40905679740032597,9.590943202599673,9.3968,-0.19414320259967255,10.0,0.05369937252841915
36,10,Tomato,32.32,82.35,0.99,0.538,25.49,25.0,2.0,1.0,0.041667,1.6609400481817882,0.47826318638791654,9.521736813612083,9.2089,-0.3128368136120834,10.0,0.06920638898759057
36,11,Tomato,27.5,80.05,0.99,0.538,25.49,25.0,2.0,1.0,0.041667,1.189207115002721,0.5278138792487349,9.472186120751266,9.1436,-0.32858612075126636,10.0,0.04955069286081838
36,12,Tomato,29.64,74.36,0.99,0.538,25.49,25.0,2.0,1.0,0.041667,1.3793609218270606,0.5852877107785031,9.414712289221496,9.1962,-0.218512289221497,10.0,0.057473831529768135
36,13,Tomato,27.51,67.93,0.99,0.538,25.49,25.0,2.0,1.0,0.041667,1.1900316963066757,0.6348727614685132,9.365127238531487,9.1089,-0.256227238531487,10.0,0.04958505069001026
36,14,Tomato,29.03,66.97,0.99,0.538,25.49,25.0,2.0,1.0,0.041667,1.322254605142575,0.6899671441009889,9.310032855899012,9.0092,-0.3008328558990119,10.0,0.05509438263247567
36,15,Tomato,26.5,65.24,0.99,0.538,25.49,25.0,2.0,1.0,0.041667,1.109569472067845,0.7361995752936399,9.26380042470636,8.9908,-0.27300042470636043,10.0,0.04623243119265091
36,16,Tomato,26.87,64.31,0.99,0.538,25.49,25.0,2.0,1.0,0.041667,1.1383940290748777,0.7836330393031028,9.216366960696897,8.736,-0.48036696069689633,10.0,0.04743346400946293
36,17,Tomato,24.58,65.22,0.99,0.538,25.49,25.0,2.0,1.0,0.041667,0.9713074955416332,0.824104508719836,9.175895491280164,8.7611,-0.414795491280163,10.0,0.040471469416733234
36,18,Tomato,22.65,62.29,0.99,0.538,25.49,25.0,2.0,1.0,0.041667,0.8496849991386501,0.8595083335789462,9.140491666421054,8.6848,-0.4556916664210551,10.0,0.03540382485911014
36,19,Tomato,22.88,58.57,0.99,0.538,25.49,25.0,2.0,1.0,0.041667,0.8633395585744118,0.8954811029660662,9.104518897033934,8.7246,-0.37991889703393333,10.0,0.03597276938712002
36,20,Tomato,21.91,62.59,0.99,0.538,25.49,25.0,2.0,1.0,0.041667,0.8072010745047649,0.9291147501374563,9.070885249862544,8.5292,-0.5416852498625442,10.0,0.03363364717139004
36,21,Tomato,21.79,66.12,0.99,0.538,25.49,25.0,2.0,1.0,0.041667,0.8005148106563028,0.9624698007530724,9.037530199246927,8.4148,-0.6227301992469272,10.0,0.03335505061561617
36,22,Tomato,20.94,66.14,0.99,0.538,25.49,25.0,2.0,1.0,0.041667,0.75471298426028,0.9939164266682455,9.006083573331754,8.3498,-0.6562835733317538,10.0,0.03144662591517309
36,23,Tomato,20.91,70.96,0.99,0.538,25.49,25.0,2.0,1.0,0.041667,0.7531452333169062,1.025297729104861,8.97470227089514,8.2663,-0.7084022708951405,10.0,0.031381302436615535
36,24,Tomato,22.64,68.24,0.99,0.538,25.49,25.0,2.0,1.0,0.041667,0.8490962464468398,1.0606770224055615,8.939322977594438,8.1924,-0.7469229775944388,10.0,0.03537929330070048
36,25,Tomato,24.15,72.2,0.99,0.538,25.49,25.0,2.0,1.0,0.041667,0.9427845359182394,1.0999600256636668,8.900039974336334,8.1136,-0.786439974336334,10.0,0.039283003258105284
36,26,Tomato,22.21,78.13,0.99,0.538,25.49,25.0,2.0,1.0,0.041667,0.8241620849532405,1.1343003872574136,8.865699612742587,8.0347,-0.8309996127425858,10.0,0.03434036159374668
36,27,Tomato,24.38,78.53,0.99,0.538,25.49,25.0,2.0,1.0,0.041667,0.9579352182226964,1.1742146739950985,8.825785326004901,8.1064,-0.7193853260049003,10.0,0.039914286737685094
36,28,Tomato,22.95,79.53,0.99,0.538,25.49,25.0,2.0,1.0,0.041667,0.8675386871520679,1.2103624084726639,8.789637591527336,7.8912,-0.8984375915273359,10.0,0.03614773447756522
36,29,Tomato,26.14,78.6,0.99,0.538,25.49,25.0,2.0,1.0,0.041667,1.0822246445257149,1.2554554627361167,8.744544537263883,7.6952,-1.0493445372638828,10.0,0.04509305426345296
36,30,Tomato,26.18,89.91,0.99,0.538,25.49,25.0,2.0,1.0,0.041667,1.0852293718818071,1.300673714974316,8.699326285025684,7.5672,-1.1321262850256844,10.0,0.04521825223819926
36,31,Tomato,26.66,82.69,0.99,0.538,25.49,25.0,2.0,1.0,0.041667,1.1219434805304844,1.3474217339775798,8.65257826602242,7.573,-1.0795782660224198,10.0,0.0467480190032637
36,32,Tomato,25.42,80.41,0.99,0.538,25.49,25.0,2.0,1.0,0.041667,1.0295400834339972,1.390319580634024,8.609680419365976,7.5428,-1.066880419365976,10.0,0.04289784665644436
36,33,Tomato,28.46,90.1,0.99,0.538,25.49,25.0,2.0,1.0,0.041667,1.2710316893056666,1.4432796580323233,8.556720341967676,7.1872,-1.369520341967676,10.0,0.052960077398299214
36,34,Tomato,28.16,81.3,0.99,0.538,25.49,25.0,2.0,1.0,0.041667,1.2448742353821702,1.4951498327979922,8.504850167202008,7.3739,-1.1309501672020081,10.0,0.05187017476566889
36,35,Tomato,26.6,78.96,0.99,0.538,25.49,25.0,2.0,1.0,0.041667,1.11728713807222,1.5417038359800475,8.458296164019952,7.3988,-1.0594961640199525,10.0,0.046554003182055194
36,36,Tomato,27.62,76.43,0.99,0.538,25.49,25.0,2.0,1.0,0.041667,1.1991399137911127,1.5916683987679816,8.408331601232018,7.3802,-1.0281316012320172,10.0,0.0499645627879343
36,37,Tomato,27.64,70.54,0.99,0.538,25.49,25.0,2.0,1.0,0.041667,1.2008034274852086,1.6417022751810078,8.358297724818993,7.313,-1.045297724818993,10.0,0.050033876413026195
36,38,Tomato,27.12,68.02,0.99,0.538,25.49,25.0,2.0,1.0,0.041667,1.1582928061946434,1.68996486153672,8.310035138463281,7.2029,-1.1071351384632813,10.0,0.048262586355712206
36,39,Tomato,25.04,63.55,0.99,0.538,25.49,25.0,2.0,1.0,0.041667,1.0027764359010776,1.7317475472914103,8.26825245270859,7.0719,-1.196352452708589,10.0,0.0417826857546902
36,40,Tomato,30.85,66.33,0.99,0.538,25.49,25.0,2.0,1.0,0.041667,1.5000389892858184,1.7942496718579823,8.205750328142017,7.0338,-1.1719503281420165,10.0,0.0625021245665722
36,41,Tomato,27.08,62.58,0.99,0.538,25.49,25.0,2.0,1.0,0.041667,1.155085784553584,1.8423786312429766,8.157621368757024,6.9947,-1.162921368757024,10.0,0.04812895938499419
36,42,Tomato,24.39,60.87,0.99,0.538,25.49,25.0,2.0,1.0,0.041667,0.9585994384929766,1.8823205940466634,8.117679405953336,6.9425,-1.1751794059533358,10.0,0.03994196280368686
36,43,Tomato,22.32,65.46,0.99,0.538,25.49,25.0,2.0,1.0,0.041667,0.8304700240908942,1.9169237885404589,8.083076211459542,6.7782,-1.3048762114595416,10.0,0.03460319449379529
36,44,Tomato,23.21,62.5,0.99,0.538,25.49,25.0,2.0,1.0,0.041667,0.8833150514814653,1.953728876790537,8.046271123209463,6.701,-1.3452711232094634,10.0,0.036805088250078215
36,45,Tomato,22.25,57.43,0.99,0.538,25.49,25.0,2.0,1.0,0.041667,0.8264503181542117,1.9881645821970686,8.011835417802931,6.7853,-1.226535417802931,10.0,0.03443570540653154
36,46,Tomato,22.11,66.92,0.99,0.538,25.49,25.0,2.0,1.0,0.041667,0.818469181590804,2.0222677375864127,7.977732262413587,6.6612,-1.3165322624135873,10.0,0.03410315538934403
36,47,Tomato,20.64,66.62,0.99,0.538,25.49,25.0,2.0,1.0,0.041667,0.739181215636921,2.053067201298356,7.946932798701644,6.6389,-1.3080327987016442,10.0,0.030799463711943587
36,48,Tomato,20.75,67.98,0.99,0.538,25.49,25.0,2.0,1.0,0.041667,0.7448387315613512,2.084102396726323,7.915897603273677,6.5014,-1.4144976032736771,10.0,0.03103519542796682
36,49,Tomato,22.0,71.59,0.99,0.538,25.49,25.0,2.0,1.0,0.041667,0.8122523963562356,2.117946517325298,7.882053482674702,6.3691,-1.5129534826747015,10.0,0.03384412059897527
36,50,Tomato,22.8,71.78,0.99,0.538,25.49,25.0,2.0,1.0,0.041667,0.8585654364377538,2.15372036336535,7.84627963663465,6.433,-1.41327963663465,10.0,0.03577384604005189
36,51,Tomato,21.81,75.7,0.99,0.538,25.49,25.0,2.0,1.0,0.041667,0.8016253293993937,2.1871216859654345,7.812878314034565,6.2559,-1.5569783140345654,10.0,0.03340132260008454
36,52,Tomato,22.77,80.83,0.99,0.538,25.49,25.0,2.0,1.0,0.041667,0.8567819547685698,2.2228212196747767,7.777178780325223,5.9594,-1.8177787803252237,10.0,0.035699533709342
36,53,Tomato,25.68,83.02,0.99,0.538,25.49,25.0,2.0,1.0,0.041667,1.0482624755169287,2.2664991722421406,7.73350082775786,5.9448,-1.78870082775786,10.0,0.04367795256736387
36,54,Tomato,30.82,80.4,0.99,0.538,25.49,25.0,2.0,1.0,0.041667,1.4969229867926914,2.3288714623328315,7.671128537667169,5.9889,-1.6822285376671688,10.0,0.06237229009069108
36,55,Tomato,26.37,79.55,0.99,0.538,25.49,25.0,2.0,1.0,0.041667,1.0996161493145513,2.374689168426321,7.625310831573679,5.9277,-1.6976108315736793,10.0,0.04581770609348941
36,56,Tomato,26.65,86.7,0.99,0.538,25.49,25.0,2.0,1.0,0.041667,1.1211660780285087,2.421404795399535,7.5785952046004645,5.6344,-1.9441952046004642,10.0,0.046715626973213874
36,57,Tomato,28.23,82.86,0.99,0.538,25.49,25.0,2.0,1.0,0.041667,1.2509290801132664,2.4735272573806144,7.526472742619386,5.5157,-2.0107727426193858,10.0,0.052122461981079476
36,58,Tomato,30.06,79.14,0.99,0.538,25.49,25.0,2.0,1.0,0.041667,1.420107358543427,2.5326988706890434,7.467301129310957,5.4973,-1.9700011293109565,10.0,0.059171613308428975
36,59,Tomato,26.48,80.35,0.99,0.538,25.49,25.0,2.0,1.0,0.041667,1.108032347864926,2.5788672545275313,7.421132745472469,5.6504,-1.7707327454724684,10.0,0.04616838383848788
36,60,Tomato,32.17,94.83,0.99,0.538,25.49,25.0,2.0,1.0,0.041667,1.6437603745897014,2.64735781805556,7.352642181944439,4.2686,-3.0840421819444392,10.0,0.0684905635280291
36,61,Tomato,25.34,76.59,0.99,0.538,25.49,25.0,2.0,1.0,0.041667,1.0238469004284423,2.6900184468557122,7.309981553144288,5.4616,-1.8483815531442884,10.0,0.04266062880015191
36,62,Tomato,26.71,70.42,0.99,0.538,25.49,25.0,2.0,1.0,0.041667,1.1258385861367626,2.736928763224273,7.263071236775727,5.2626,-2.000471236775727,10.0,0.04691031636856049
36,63,Tomato,25.49,69.02,0.99,0.538,25.49,25.0,2.0,1.0,0.041667,1.0345475815189091,2.780035257303421,7.219964742696579,5.1916,-2.0283647426965787,10.0,0.04310649407914839
36,64,Tomato,25.66,61.38,0.99,0.538,25.49,25.0,2.0,1.0,0.041667,1.0468102819745757,2.8236527013224557,7.176347298677545,5.2604,-1.915947298677545,10.0,0.04361744401903465
36,65,Tomato,25.07,67.64,0.99,0.538,25.49,25.0,2.0,1.0,0.041667,1.0048638204237854,2.8655223621280537,7.134477637871946,5.2628,-1.8716776378719455,10.0,0.04186966080559787
36,66,Tomato,22.09,64.89,0.99,0.538,25.49,25.0,2.0,1.0,0.041667,0.817335328488283,2.899578273260175,7.100421726739825,5.088,-2.0124217267398246,10.0,0.034055911132121294
36,67,Tomato,22.57,63.48,0.99,0.538,25.49,25.0,2.0,1.0,0.041667,0.8449863844125135,2.9347863209394913,7.065213679060509,5.0239,-2.041313679060509,10.0,0.0352080476793162
36,68,Tomato,22.5,59.38,0.99,0.538,25.49,25.0,2.0,1.0,0.041667,0.8408964152537145,2.9698239518738676,7.030176048126132,4.9746,-2.0555760481261327,10.0,0.03503763093437653
36,69,Tomato,21.77,68.66,0.99,0.538,25.49,25.0,2.0,1.0,0.041667,0.7994058303524723,3.003132794607164,6.996867205392836,4.98,-2.0168672053928356,10.0,0.03330884273329646
36,70,Tomato,22.93,63.63,0.99,0.538,25.49,25.0,2.0,1.0,0.041667,0.8663368564000873,3.0392304524027867,6.960769547597213,4.9491,-2.0116695475972133,10.0,0.03609765779562244
36,71,Tomato,21.95,70.63,0.99,0.538,25.49,25.0,2.0,1.0,0.041667,0.8094422165474084,3.0729574812396674,6.927042518760333,4.6405,-2.2865425187603323,10.0,0.03372702883688087
36,72,Tomato,23.55,71.43,0.99,0.538,25.49,25.0,2.0,1.0,0.041667,0.9043793775610881,3.1106402567645053,6.889359743235495,4.6261,-2.263259743235495,10.0,0.03768277552483786
36,73,Tomato,22.18,70.57,0.99,0.538,25.49,25.0,2.0,1.0,0.041667,0.8224500687124643,3.1449092837775474,6.855090716222453,4.3431,-2.511990716222453,10.0,0.03426902701304225
36,74,Tomato,20.55,73.05,0.99,0.538,25.49,25.0,2.0,1.0,0.041667,0.7345843166391546,3.175517208498951,6.824482791501049,4.4231,-2.4013827915010495,10.0,0.030607924721403657
36,75,Tomato,23.12,78.53,0.99,0.538,25.49,25.0,2.0,1.0,0.041667,0.8778217976095194,3.212093409339947,6.787906590660053,4.2288,-2.559106590660053,10.0,0.036576200840995846
36,76,Tomato,25.39,83.96,0.99,0.538,25.49,25.0,2.0,1.0,0.041667,1.0274014393789639,3.2549021451145506,6.745097854885449,3.9248,-2.820297854885449,10.0,0.04280873577460329
36,77,Tomato,25.12,81.76,0.99,0.538,25.49,25.0,2.0,1.0,0.041667,1.008352454894595,3.2969171668526434,6.703082833147357,4.0522,-2.6508828331473566,10.0,0.04201502173809309
36,78,Tomato,24.43,81.58,0.99,0.538,25.49,25.0,2.0,1.0,0.041667,0.9612609283887613,3.336970025955818,6.663029974044182,3.9949,-2.668129974044182,10.0,0.04005285910317452
36,79,Tomato,25.39,91.62,0.99,0.538,25.49,25.0,2.0,1.0,0.041667,1.0274014393789639,3.3797787617304214,6.620221238269579,3.0631,-3.557121238269579,10.0,0.04280873577460329
36,80,Tomato,26.72,91.32,0.99,0.538,25.49,25.0,2.0,1.0,0.041667,1.1266192284972791,3.4267216051242175,6.573278394875782,3.1088,-3.464478394875782,10.0,0.04694284339379613
36,81,Tomato,33.98,81.01,0.99,0.538,25.49,25.0,2.0,1.0,0.041667,1.8634808586095457,3.504367262059901,6.495632737940099,3.8324,-2.663232737940099,10.0,0.07764565693568394
36,82,Tomato,28.0,77.33,0.99,0.538,25.49,25.0,2.0,1.0,0.041667,1.2311444133449163,3.555665356330744,6.444334643669256,3.881,-2.5633346436692563,10.0,0.05129809427084263
36,83,Tomato,27.21,77.16,0.99,0.538,25.49,25.0,2.0,1.0,0.041667,1.1655411981345598,3.6042299614334166,6.395770038566583,3.62,-2.7757700385665833,10.0,0.04856460510267271
36,84,Tomato,29.02,80.29,0.99,0.538,25.49,25.0,2.0,1.0,0.041667,1.321338405658265,3.6592861687819798,6.34071383121802,3.4127,-2.9280138312180197,10.0,0.05505620734856294
36,85,Tomato,26.58,73.84,0.99,0.538,25.49,25.0,2.0,1.0,0.041667,1.115739322324964,3.705775679125294,6.294224320874706,3.5663,-2.727924320874706,10.0,0.046489510343314285
36,86,Tomato,27.62,72.69,0.99,0.538,25.49,25.0,2.0,1.0,0.041667,1.1991399137911127,3.7557402419132284,6.244259758086772,3.4506,-2.7936597580867715,10.0,0.0499645627879343
36,87,Tomato,26.93,66.22,0.99,0.538,25.49,25.0,2.0,1.0,0.041667,1.143138335414036,3.803371386934925,6.196628613065075,3.4054,-2.7912286130650745,10.0,0.047631145021696644
36,88,Tomato,24.55,60.45,0.99,0.538,25.49,25.0,2.0,1.0,0.041667,0.969289816935065,3.8437587857371582,6.156241214262842,3.565,-2.591241214262842,10.0,0.040387398802233354
36,89,Tomato,24.96,61.6,0.99,0.538,25.49,25.0,2.0,1.0,0.041667,0.9972312513520696,3.885310420287245,6.1146895797127545,3.4218,-2.6928895797127543,10.0,0.04155163455008669
36,90,Tomato,23.96,54.64,0.99,0.538,25.49,25.0,2.0,1.0,0.041667,0.9304496577030154,3.9240794661747564,6.0759205338252436,3.2953,-2.7806205338252434,10.0,0.038769045887511545
36,91,Tomato,24.14,59.31,0.99,0.538,25.49,25.0,2.0,1.0,0.041667,0.9421312739048088,3.963335249964548,6.036664750035452,3.3873,-2.6493647500354522,10.0,0.03925578378979167
36,92,Tomato,23.2,65.48,0.99,0.538,25.49,25.0,2.0,1.0,0.041667,0.8827029962906549,4.000114835710991,5.999885164289009,3.2026,-2.797285164289009,10.0,0.03677958574644272
36,93,Tomato,23.02,62.25,0.99,0.538,25.49,25.0,2.0,1.0,0.041667,0.8717582395370621,4.036438386277782,5.963561613722218,3.0701,-2.893461613722218,10.0,0.03632355056679077
36,94,Tomato,21.03,57.22,0.99,0.538,25.49,25.0,2.0,1.0,0.041667,0.7594358449072649,4.0680817996275325,5.9319182003724675,3.1883,-2.7436182003724676,10.0,0.03164341334975101
36,95,Tomato,22.78,69.63,0.99,0.538,25.49,25.0,2.0,1.0,0.041667,0.8573760366341717,4.103806086945968,5.896193913054032,2.9418,-2.9543939130540315,10.0,0.035724287318436035
37,0,Tomato,26.58,80.65,0.934,0.49,31.51,25.0,2.0,1.0,0.041667,1.115739322324964,0.046489510343314285,9.953510489656686,9.9521,-0.0014104896566866643,10.0,0.046489510343314285
37,1,Tomato,27.65,80.4,0.934,0.49,31.51,25.0,2.0,1.0,0.041667,1.2016360495268505,0.09655807961894958,9.90344192038105,9.9951,0.09165807961895034,10.0,0.050068569275635286
37,2,Tomato,28.82,82.61,0.934,0.49,31.51,25.0,2.0,1.0,0.041667,1.303147149363294,0.15085631189146995,9.84914368810853,9.7045,-0.14464368810853045,10.0,0.054298232272520376
37,3,Tomato,27.9,75.55,0.934,0.49,31.51,25.0,2.0,1.0,0.041667,1.2226402776920684,0.20180006434206538,9.798199935657935,9.713,-0.08519993565793627,10.0,0.05094375245059542
37,4,Tomato,29.53,83.5,0.934,0.49,31.51,25.0,2.0,1.0,0.041667,1.3688838130918384,0.258837346182163,9.741162653817836,9.5253,-0.21586265381783676,10.0,0.05703728184009763
37,5,Tomato,27.69,72.24,0.934,0.49,31.51,25.0,2.0,1.0,0.041667,1.2049723149947864,0.30904492763105074,9.690955072368949,9.4946,-0.19635507236894867,10.0,0.05020758144888777
37,6,Tomato,27.65,78.01,0.934,0.49,31.51,25.0,2.0,1.0,0.041667,1.2016360495268505,0.35911349690668604,9.640886503093315,9.3326,-0.3082865030933153,10.0,0.050068569275635286
37,7,Tomato,26.5,61.87,0.934,0.49,31.51,25.0,2.0,1.0,0.041667,1.109569472067845,0.40534592809933695,9.594654071900663,9.4466,-0.14805407190066333,10.0,0.04623243119265091
37,8,Tomato,29.24,67.39,0.934,0.49,31.51,25.0,2.0,1.0,0.041667,1.341642224882261,0.4612481346835061,9.538751865316494,9.3488,-0.18995186531649288,10.0,0.055902206584169174
37,9,Tomato,24.29,62.4,0.934,0.49,31.51,25.0,2.0,1.0,0.041667,0.9519779084975314,0.5009141981968728,9.499085801803128,9.2458,-0.25328580180312876,10.0,0.03966606351336664
37,10,Tomato,25.08,65.76,0.934,0.49,31.51,25.0,2.0,1.0,0.041667,1.005560580398468,0.5428128909003358,9.457187109099664,9.0786,-0.378587109099664,10.0,0.04189869270346297
37,11,Tomato,25.4,54.83,0.934,0.49,31.51,25.0,2.0,1.0,0.041667,1.0281138266560663,0.5856513097156141,9.414348690284386,8.9815,-0.432848690284386,10.0,0.04283841881527832
37,12,Tomato,21.9,62.76,0.934,0.49,31.51,25.0,2.0,1.0,0.041667,0.8066417592221262,0.6192616518971223,9.380738348102877,8.9106,-0.4701383481028767,10.0,0.03361034218150834
37,13,Tomato,23.9,61.18,0.934,0.49,31.51,25.0,2.0,1.0,0.041667,0.9265880618903708,0.6578697966719085,9.342130203328091,8.8949,-0.4472302033280915,10.0,0.03860814477478608
37,14,Tomato,22.21,61.0,0.934,0.49,31.51,25.0,2.0,1.0,0.041667,0.8241620849532405,0.6922101582656551,9.307789841734344,8.8566,-0.45118984173434384,10.0,0.03434036159374668
37,15,Tomato,22.64,65.04,0.934,0.49,31.51,25.0,2.0,1.0,0.041667,0.8490962464468398,0.7275894515663557,9.272410548433644,8.5653,-0.7071105484336435,10.0,0.03537929330070048
37,16,Tomato,21.46,65.54,0.934,0.49,31.51,25.0,2.0,1.0,0.041667,0.7824117817365114,0.7601902032759709,9.239809796724028,8.6467,-0.5931097967240291,10.0,0.032600751709615225
37,17,Tomato,22.53,68.58,0.934,0.49,31.51,25.0,2.0,1.0,0.041667,0.8426468295031517,0.7953007687208786,9.204699231279122,8.5773,-0.6273992312791226,10.0,0.03511056544490782
37,18,Tomato,22.86,69.27,0.934,0.49,31.51,25.0,2.0,1.0,0.041667,0.8621435450175959,0.8312237038111269,9.168776296188874,8.4445,-0.724276296188874,10.0,0.03592293509024817
37,19,Tomato,23.88,74.52,0.934,0.49,31.51,25.0,2.0,1.0,0.041667,0.9253044280378522,0.86977836341418,9.13022163658582,8.3959,-0.7343216365858201,10.0,0.03855465960305319
37,20,Tomato,25.19,79.62,0.934,0.49,31.51,25.0,2.0,1.0,0.041667,1.0132569001590856,0.9119977386731086,9.088002261326892,8.3019,-0.7861022613268922,10.0,0.042219375258928625
37,21,Tomato,22.79,82.97,0.934,0.49,31.51,25.0,2.0,1.0,0.041667,0.8579705304286908,0.9477467967644809,9.05225320323552,8.1286,-0.9236532032355189,10.0,0.03574905809137226
37,22,Tomato,26.35,77.92,0.934,0.49,31.51,25.0,2.0,1.0,0.041667,1.0980928137870498,0.9935010300365459,9.006498969963454,8.1635,-0.8429989699634532,10.0,0.04575423327206501
37,23,Tomato,26.18,79.19,0.934,0.49,31.51,25.0,2.0,1.0,0.041667,1.0852293718818071,1.0387192822747453,8.961280717725256,8.1864,-0.7748807177252548,10.0,0.04521825223819926
37,24,Tomato,26.31,83.55,0.934,0.49,31.51,25.0,2.0,1.0,0.041667,1.0950524707935745,1.084346833575301,8.915653166424699,7.8616,-1.0540531664246986,10.0,0.045627551300555874
37,25,Tomato,27.25,78.28,0.934,0.49,31.51,25.0,2.0,1.0,0.041667,1.1687772485612455,1.1330462751911026,8.866953724808898,7.9158,-0.9511537248088979,10.0,0.04869944161580142
37,26,Tomato,28.86,83.31,0.934,0.49,31.51,25.0,2.0,1.0,0.041667,1.3067652538931733,1.1874952630250692,8.812504736974931,7.7892,-1.0233047369749313,10.0,0.05444898783396686
37,27,Tomato,29.24,75.89,0.934,0.49,31.51,25.0,2.0,1.0,0.041667,1.341642224882261,1.2433974696092385,8.756602530390762,7.7208,-1.0358025303907619,10.0,0.055902206584169174
37,28,Tomato,26.39,77.64,0.934,0.49,31.51,25.0,2.0,1.0,0.041667,1.1011415980979635,1.2892787365771863,8.710721263422814,7.6567,-1.0540212634228139,10.0,0.04588126696794785
37,29,Tomato,27.66,85.99,0.934,0.49,31.51,25.0,2.0,1.0,0.041667,1.2024692488981776,1.3393820227710267,8.660617977228974,7.4245,-1.2361179772289734,10.0,0.05010328619384037
37,30,Tomato,26.78,70.93,0.934,0.49,31.51,25.0,2.0,1.0,0.041667,1.1313144628459004,1.386520502494427,8.613479497505573,7.3134,-1.300079497505573,10.0,0.047138479723400135
37,31,Tomato,27.02,72.62,0.934,0.49,31.51,25.0,2.0,1.0,0.041667,1.1502918933506052,1.4344497148146667,8.565550285185333,7.3746,-1.190950285185333,10.0,0.047929212320239674
37,32,Tomato,27.26,63.97,0.934,0.49,31.51,25.0,2.0,1.0,0.041667,1.1695876640519476,1.483182924012719,8.51681707598728,7.3827,-1.1341170759872803,10.0,0.048733209198052505
37,33,Tomato,24.5,60.95,0.934,0.49,31.51,25.0,2.0,1.0,0.041667,0.9659363289248456,1.5234305930300307,8.476569406969968,7.2063,-1.2702694069699687,10.0,0.04024766901731154
37,34,Tomato,25.38,61.06,0.934,0.49,31.51,25.0,2.0,1.0,0.041667,1.026689545719999,1.5662096663315457,8.433790333668455,7.1037,-1.3300903336684549,10.0,0.042779073301515196
37,35,Tomato,23.86,64.45,0.934,0.49,31.51,25.0,2.0,1.0,0.041667,0.9240225724468233,1.6047109148576877,8.395289085142313,7.1234,-1.2718890851423126,10.0,0.03850124852614179
37,36,Tomato,23.99,55.68,0.934,0.49,31.51,25.0,2.0,1.0,0.041667,0.9323864864368324,1.643560662588051,8.356439337411949,6.8927,-1.4637393374119494,10.0,0.038849747730363496
37,37,Tomato,22.78,65.64,0.934,0.49,31.51,25.0,2.0,1.0,0.041667,0.8573760366341717,1.679284949906487,8.320715050093513,6.9529,-1.3678150500935136,10.0,0.035724287318436035
37,38,Tomato,25.67,62.85,0.934,0.49,31.51,25.0,2.0,1.0,0.041667,1.0475361270997976,1.7229326377143543,8.277067362285646,6.8975,-1.3795673622856457,10.0,0.04364768780786727
37,39,Tomato,21.32,61.72,0.934,0.49,31.51,25.0,2.0,1.0,0.041667,0.7748559309591715,1.7552185597896302,8.24478144021037,6.8774,-1.3673814402103694,10.0,0.0322859220752758
37,40,Tomato,27.78,67.81,0.934,0.49,31.51,25.0,2.0,1.0,0.041667,1.2125128190617374,1.8057403314214755,8.194259668578525,6.6691,-1.5251596685785245,10.0,0.050521771631845416
37,41,Tomato,22.6,72.42,0.934,0.49,31.51,25.0,2.0,1.0,0.041667,0.8467453123625273,1.8410216683516851,8.158978331648315,6.5065,-1.6524783316483154,10.0,0.03528133693020943
37,42,Tomato,21.78,71.49,0.934,0.49,31.51,25.0,2.0,1.0,0.041667,0.7999601283327527,1.874353607018926,8.125646392981075,6.4821,-1.643546392981075,10.0,0.03333193866724081
37,43,Tomato,22.77,75.49,0.934,0.49,31.51,25.0,2.0,1.0,0.041667,0.8567819547685698,1.910053140728268,8.089946859271732,6.4472,-1.6427468592717327,10.0,0.035699533709342
37,44,Tomato,24.71,78.14,0.934,0.49,31.51,25.0,2.0,1.0,0.041667,0.9800994153418707,1.9508909430673176,8.049109056932682,6.243,-1.8061090569326819,10.0,0.04083780233904973
37,45,Tomato,26.59,78.94,0.934,0.49,31.51,25.0,2.0,1.0,0.041667,1.1165129619825724,1.9974126886542454,8.002587311345755,6.0806,-1.921987311345755,10.0,0.04652174558692785
37,46,Tomato,25.47,77.62,0.934,0.49,31.51,25.0,2.0,1.0,0.041667,1.0331143876841324,2.0404594658458803,7.95954053415412,6.1899,-1.76964053415412,10.0,0.04304677719163475
37,47,Tomato,29.38,81.4,0.934,0.49,31.51,25.0,2.0,1.0,0.041667,1.3547249774853676,2.096906791482763,7.903093208517237,6.1343,-1.7687932085172378,10.0,0.05644732563688282
37,48,Tomato,27.69,78.99,0.934,0.49,31.51,25.0,2.0,1.0,0.041667,1.2049723149947864,2.1471143729316506,7.85288562706835,5.895,-1.9578856270683502,10.0,0.05020758144888777
37,49,Tomato,28.25,83.11,0.934,0.49,31.51,25.0,2.0,1.0,0.041667,1.252664438624128,2.199309142095802,7.800690857904198,5.8602,-1.940490857904198,10.0,0.05219476916415154
37,50,Tomato,28.46,78.5,0.934,0.49,31.51,25.0,2.0,1.0,0.041667,1.2710316893056666,2.2522692194941016,7.747730780505899,5.6716,-2.076130780505899,10.0,0.052960077398299214
37,51,Tomato,28.26,85.83,0.934,0.49,31.51,25.0,2.0,1.0,0.041667,1.2535330204406907,2.3045001798568037,7.695499820143196,5.4528,-2.242699820143196,10.0,0.052230960362702264
37,52,Tomato,28.32,76.63,0.934,0.49,31.51,25.0,2.0,1.0,0.041667,1.2587571735048577,2.356948815005231,7.6430511849947695,5.5879,-2.0551511849947692,10.0,0.05244863514842691
37,53,Tomato,28.56,74.49,0.934,0.49,31.51,25.0,2.0,1.0,0.041667,1.2798724138443078,2.4102772588728816,7.589722741127119,5.6966,-1.8931227411271188,10.0,0.05332844386765078
37,54,Tomato,27.22,72.91,0.934,0.49,31.51,25.0,2.0,1.0,0.041667,1.1663493697884673,2.4588755380638574,7.541124461936143,5.4237,-2.1174244619361424,10.0,0.04859827919097607
37,55,Tomato,26.26,68.49,0.934,0.49,31.51,25.0,2.0,1.0,0.041667,1.0912638770549352,2.5043452300291054,7.495654769970894,5.4303,-2.0653547699708943,10.0,0.045469691965247985
37,56,Tomato,26.18,68.06,0.934,0.49,31.51,25.0,2.0,1.0,0.041667,1.0852293718818071,2.549563482267305,7.450436517732696,5.2851,-2.1653365177326958,10.0,0.04521825223819926
37,57,Tomato,27.37,66.48,0.934,0.49,31.51,25.0,2.0,1.0,0.041667,1.1785394078116822,2.598669683772594,7.401330316227406,5.2543,-2.147030316227406,10.0,0.04910620150528937
37,58,Tomato,24.36,61.65,0.934,0.49,31.51,25.0,2.0,1.0,0.041667,0.9566081580918743,2.638528675895808,7.361471324104192,5.2729,-2.0885713241041923,10.0,0.03985899212321413
37,59,Tomato,25.36,61.15,0.934,0.49,31.51,25.0,2.0,1.0,0.041667,1.0252672378885939,2.681248485896912,7.318751514103088,5.1693,-2.149451514103088,10.0,0.042719810001104044
37,60,Tomato,23.41,58.41,0.934,0.49,31.51,25.0,2.0,1.0,0.041667,0.8956456700908493,2.718567354032588,7.281432645967412,5.1767,-2.1047326459674114,10.0,0.03731886813567542
37,61,Tomato,23.58,58.0,0.934,0.49,31.51,25.0,2.0,1.0,0.041667,0.9062619382673343,2.756328570214373,7.243671429785627,4.9544,-2.289271429785627,10.0,0.03776121618178502
37,62,Tomato,22.73,58.84,0.934,0.49,31.51,25.0,2.0,1.0,0.041667,0.8544097408897331,2.791929260888025,7.2080707391119745,4.9051,-2.3029707391119745,10.0,0.03560069067365251
37,63,Tomato,21.71,68.65,0.934,0.49,31.51,25.0,2.0,1.0,0.041667,0.7960880987787798,2.825099863699841,7.17490013630016,4.6878,-2.4871001363001595,10.0,0.03317060281181542
37,64,Tomato,23.0,64.69,0.934,0.49,31.51,25.0,2.0,1.0,0.041667,0.8705505632961241,2.8613730940207005,7.138626905979299,4.7011,-2.4375269059792988,10.0,0.036273230320859606
37,65,Tomato,22.73,67.39,0.934,0.49,31.51,25.0,2.0,1.0,0.041667,0.8544097408897331,2.8969737846943526,7.103026215305647,4.6645,-2.4385262153056466,10.0,0.03560069067365251
37,66,Tomato,22.54,73.25,0.934,0.49,31.51,25.0,2.0,1.0,0.041667,0.8432311102501124,2.932108695365144,7.0678913046348555,4.5352,-2.532691304634856,10.0,0.035134910670791435
37,67,Tomato,23.04,73.47,0.934,0.49,31.51,25.0,2.0,1.0,0.041667,0.8729675911337629,2.968482635984915,7.031517364015086,4.6111,-2.4204173640150852,10.0,0.0363739406197705
37,68,Tomato,22.69,77.32,0.934,0.49,31.51,25.0,2.0,1.0,0.041667,0.852044095074866,3.003984757294399,6.996015242705601,4.3312,-2.6648152427056013,10.0,0.03550212130948444
37,69,Tomato,23.83,73.6,0.934,0.49,31.51,25.0,2.0,1.0,0.041667,0.9221031179126311,3.0424060279084646,6.957593972091535,4.3704,-2.5871939720915353,10.0,0.038421270614065604
37,70,Tomato,23.68,76.52,0.934,0.49,31.51,25.0,2.0,1.0,0.041667,0.9125654885434519,3.0804298941196047,6.919570105880395,4.2453,-2.674270105880395,10.0,0.03802386621114001
37,71,Tomato,25.07,82.59,0.934,0.49,31.51,25.0,2.0,1.0,0.041667,1.0048638204237854,3.1222995549252026,6.877700445074797,3.9373,-2.9404004450747974,10.0,0.04186966080559787
37,72,Tomato,30.31,80.48,0.934,0.49,31.51,25.0,2.0,1.0,0.041667,1.4449303979235255,3.1825054698154824,6.817494530184518,3.9155,-2.9019945301845174,10.0,0.060205914890279544
37,73,Tomato,27.67,80.97,0.934,0.49,31.51,25.0,2.0,1.0,0.041667,1.2033030259995026,3.2326434969998035,6.7673565030001965,3.9628,-2.8045565030001964,10.0,0.050138027184321275
37,74,Tomato,27.31,78.93,0.934,0.49,31.51,25.0,2.0,1.0,0.041667,1.1736481782813524,3.2815458956442525,6.7184541043557475,3.7004,-3.0180541043557474,10.0,0.04890239864444911
37,75,Tomato,29.95,77.91,0.934,0.49,31.51,25.0,2.0,1.0,0.041667,1.4093207551420193,3.340268063548755,6.659731936451244,3.8003,-2.8594319364512444,10.0,0.05872216790450252
37,76,Tomato,26.48,78.03,0.934,0.49,31.51,25.0,2.0,1.0,0.041667,1.108032347864926,3.386436447387243,6.6135635526127565,3.5047,-3.1088635526127564,10.0,0.04616838383848788
37,77,Tomato,27.96,80.24,0.934,0.49,31.51,25.0,2.0,1.0,0.041667,1.2277356839150604,3.437592510128932,6.5624074898710685,3.4277,-3.1347074898710683,10.0,0.051156062741688824
37,78,Tomato,26.48,74.33,0.934,0.49,31.51,25.0,2.0,1.0,0.041667,1.108032347864926,3.48376089396742,6.516239106032581,3.3396,-3.1766391060325807,10.0,0.04616838383848788
37,79,Tomato,27.06,64.51,0.934,0.49,31.51,25.0,2.0,1.0,0.041667,1.1534856050600224,3.5318231786734557,6.468176821326544,3.4813,-2.986876821326544,10.0,0.048062284706035956
37,80,Tomato,27.18,68.94,0.934,0.49,31.51,25.0,2.0,1.0,0.041667,1.1631200415478509,3.58028690144463,6.41971309855537,3.3001,-3.11961309855537,10.0,0.048463722771174306
37,81,Tomato,25.56,63.97,0.934,0.49,31.51,25.0,2.0,1.0,0.041667,1.0395794351752785,3.623603057770078,6.376396942229922,3.2608,-3.115596942229922,10.0,0.04331615632544833
37,82,Tomato,30.51,68.95,0.934,0.49,31.51,25.0,2.0,1.0,0.041667,1.4651008746113379,3.6846494159125087,6.315350584087492,3.2949,-3.0204505840874916,10.0,0.06104635814243062
37,83,Tomato,25.27,60.72,0.934,0.49,31.51,25.0,2.0,1.0,0.041667,1.0188911966167227,3.727103555401938,6.272896444598063,3.2042,-3.0686964445980625,10.0,0.042454139489428985
37,84,Tomato,23.52,58.77,0.934,0.49,31.51,25.0,2.0,1.0,0.041667,0.9025007274624299,3.764708053213115,6.2352919467868855,3.1522,-3.0830919467868854,10.0,0.03760449781117707
37,85,Tomato,24.35,69.5,0.934,0.49,31.51,25.0,2.0,1.0,0.041667,0.9559453175937422,3.8045394267612935,6.195460573238707,2.9538,-3.2416605732387067,10.0,0.03983137354817846
37,86,Tomato,22.06,58.88,0.934,0.49,31.51,25.0,2.0,1.0,0.041667,0.8156374933390096,3.83852459419625,6.16147540580375,3.0312,-3.13027540580375,10.0,0.03398516743495651
37,87,Tomato,22.45,64.02,0.934,0.49,31.51,25.0,2.0,1.0,0.041667,0.8379871346679485,3.8734410041364593,6.12655899586354,2.7935,-3.3330589958635404,10.0,0.03491640994020941
37,88,Tomato,22.19,67.39,0.934,0.49,31.51,25.0,2.0,1.0,0.041667,0.8230203452787082,3.9077337928631874,6.092266207136813,2.7449,-3.347366207136813,10.0,0.03429278872672793
37,89,Tomato,21.4,68.15,0.934,0.49,31.51,25.0,2.0,1.0,0.041667,0.7791645796604998,3.9401992434039013,6.059800756596099,2.5948,-3.4650007565960985,10.0,0.03246545054071405
37,90,Tomato,21.51,71.23,0.934,0.49,31.51,25.0,2.0,1.0,0.041667,0.7851281186735726,3.9729131767246733,6.027086823275327,2.5493,-3.4777868232753266,10.0,0.03271393332077175
37,91,Tomato,22.85,76.02,0.934,0.49,31.51,25.0,2.0,1.0,0.041667,0.8615461597120172,4.008811220561394,5.991188779438606,2.4928,-3.4983887794386064,10.0,0.03589804383672062
37,92,Tomato,23.9,78.21,0.934,0.49,31.51,25.0,2.0,1.0,0.041667,0.9265880618903708,4.04741936533618,5.95258063466382,2.3087,-3.6438806346638204,10.0,0.03860814477478608
37,93,Tomato,25.34,79.98,0.934,0.49,31.51,25.0,2.0,1.0,0.041667,1.0238469004284423,4.090079994136332,5.909920005863668,2.1722,-3.737720005863668,10.0,0.04266062880015191
37,94,Tomato,24.69,85.49,0.934,0.49,31.51,25.0,2.0,1.0,0.041667,0.9787416503974359,4.130861222483442,5.869138777516558,1.6415,-4.2276387775165585,10.0,0.04078122834710996
37,95,Tomato,26.35,85.35,0.934,0.49,31.51,25.0,2.0,1.0,0.041667,1.0980928137870498,4.176615455755507,5.823384544244493,1.673,-4.150384544244493,10.0,0.04575423327206501
38,0,Banana,27.94,79.17,0.949,0.69,25.06,25.0,2.2,1.0,0.041667,1.2608756803106274,0.052536906971502914,7.947463093028497,6.9167,-1.0307630930284972,8.0,0.052536906971502914
38,1,Banana,29.66,77.41,0.949,0.69,25.06,25.0,2.2,1.0,0.041667,1.4440059051910372,0.11270430102309786,7.887295698976902,6.9369,-0.9503956989769025,8.0,0.06016739405159495
38,2,Banana,32.08,69.45,0.949,0.69,25.06,25.0,2.2,1.0,0.041667,1.747572725494363,0.1855204137762715,7.814479586223729,6.7501,-1.0643795862237289,8.0,0.07281611275317362
38,3,Banana,32.18,71.8,0.949,0.69,25.06,25.0,2.2,1.0,0.041667,1.7614060545627892,0.25891291985173925,7.741087080148261,6.6678,-1.073287080148261,8.0,0.07339250607546774
38,4,Banana,26.07,65.97,0.949,0.69,25.06,25.0,2.2,1.0,0.041667,1.0880258828761102,0.3042476943135381,7.695752305686462,6.4619,-1.2338523056864616,8.0,0.045334774461798885
38,5,Banana,25.99,61.19,0.949,0.69,25.06,25.0,2.2,1.0,0.041667,1.081184585718166,0.3492974124466569,7.650702587553343,6.4451,-1.2056025875533427,8.0,0.045049718133118824
38,6,Banana,25.55,63.02,0.949,0.69,25.06,25.0,2.2,1.0,0.041667,1.0443191634115243,0.3928110590285249,7.607188940971475,6.3904,-1.2167889409714752,8.0,0.04351364658186799
38,7,Banana,24.45,62.57,0.949,0.69,25.06,25.0,2.2,1.0,0.041667,0.9575616679610236,0.4327097810474569,7.567290218952543,6.3945,-1.1727902189525432,8.0,0.03989872201893197
38,8,Banana,23.93,58.59,0.949,0.69,25.06,25.0,2.2,1.0,0.041667,0.9190957823140927,0.4710057450091382,7.528994254990862,6.2878,-1.2411942549908623,8.0,0.038295963961681306
38,9,Banana,22.48,60.39,0.949,0.69,25.06,25.0,2.2,1.0,0.041667,0.8198029644842251,0.5051644751303024,7.494835524869698,6.1652,-1.3296355248696985,8.0,0.03415873012116421
38,10,Banana,23.09,67.76,0.949,0.69,25.06,25.0,2.2,1.0,0.041667,0.8601957014218169,0.5410062494214453,7.458993750578554,6.1543,-1.3046937505785543,8.0,0.035841774291142846
38,11,Banana,22.42,63.89,0.949,0.69,25.06,25.0,2.2,1.0,0.041667,0.8159338455177156,0.575003764962632,7.424996235037368,6.0411,-1.3838962350373682,8.0,0.03399751554118666
38,12,Banana,21.01,62.96,0.949,0.69,25.06,25.0,2.2,1.0,0.041667,0.7300848733131878,0.6054242113789725,7.394575788621028,5.935,-1.459575788621028,8.0,0.030420446416340598
38,13,Banana,21.02,63.09,0.949,0.69,25.06,25.0,2.2,1.0,0.041667,0.7306607410990061,0.6358686524783448,7.364131347521655,5.8247,-1.5394313475216554,8.0,0.03044444109937229
38,14,Banana,22.83,72.96,0.949,0.69,25.06,25.0,2.2,1.0,0.041667,0.84274130090038,0.670983154262961,7.329016845737039,5.8251,-1.5039168457370389,8.0,0.035114501784616135
38,15,Banana,23.09,77.3,0.949,0.69,25.06,25.0,2.2,1.0,0.041667,0.8601957014218169,0.7068249285541037,7.293175071445896,5.7729,-1.5202750714458961,8.0,0.035841774291142846
38,16,Banana,24.89,81.12,0.949,0.69,25.06,25.0,2.2,1.0,0.041667,0.9913644712713798,0.7481321119785683,7.251867888021431,5.7081,-1.5437678880214314,8.0,0.041307183424464586
38,17,Banana,23.65,77.54,0.949,0.69,25.06,25.0,2.2,1.0,0.041667,0.8990274206925201,0.7855918875165636,7.2144081124834365,5.5419,-1.6725081124834364,8.0,0.03745977553799523
38,18,Banana,25.46,80.53,0.949,0.69,25.06,25.0,2.2,1.0,0.041667,1.0369347844252998,0.8287978491792126,7.171202150820787,5.4973,-1.673902150820787,8.0,0.04320596166264897
38,19,Banana,26.53,83.67,0.949,0.69,25.06,25.0,2.2,1.0,0.041667,1.1282118843092859,0.8758070537627276,7.124192946237272,5.3043,-1.8198929462372728,8.0,0.04700920458351502
38,20,Banana,30.83,85.28,0.949,0.69,25.06,25.0,2.2,1.0,0.041667,1.5835523420257727,0.9417889291979155,7.058211070802084,5.3056,-1.7526110708020841,8.0,0.06598187543518787
38,21,Banana,26.09,76.71,0.949,0.69,25.06,25.0,2.2,1.0,0.041667,1.0897429603939428,0.9871952491286499,7.01280475087135,5.3147,-1.6981047508713498,8.0,0.04540631993073442
38,22,Banana,27.79,84.5,0.949,0.69,25.06,25.0,2.2,1.0,0.041667,1.246051315294413,1.039114469283022,6.960885530716978,5.049,-1.9118855307169778,8.0,0.05191922015437231
38,23,Banana,27.49,77.41,0.949,0.69,25.06,25.0,2.2,1.0,0.041667,1.2169234150485255,1.0898200172178492,6.910179982782151,5.0636,-1.846579982782151,8.0,0.050705547934826914
38,24,Banana,26.27,79.34,0.949,0.69,25.06,25.0,2.2,1.0,0.041667,1.1053191145951036,1.1358753487656832,6.864124651234317,4.8204,-2.0437246512343163,8.0,0.046055331547834186
38,25,Banana,27.4,77.13,0.949,0.69,25.06,25.0,2.2,1.0,0.041667,1.2083185516994963,1.1862223578593463,6.8137776421406535,4.9927,-1.8210776421406534,8.0,0.050347009093662916
38,26,Banana,28.7,72.75,0.949,0.69,25.06,25.0,2.2,1.0,0.041667,1.338740468876879,1.242003656976039,6.757996343023961,4.9968,-1.7611963430239603,8.0,0.05578129911669292
38,27,Banana,27.85,72.14,0.949,0.69,25.06,25.0,2.2,1.0,0.041667,1.2519600305704546,1.2941690755698183,6.705830924430182,4.8512,-1.8546309244301815,8.0,0.052165418593779135
38,28,Banana,26.96,65.33,0.949,0.69,25.06,25.0,2.2,1.0,0.041667,1.1671182106312201,1.3427993900521893,6.657200609947811,4.5306,-2.126600609947811,8.0,0.048630314482371054
38,29,Banana,26.66,65.27,0.949,0.69,25.06,25.0,2.2,1.0,0.041667,1.1398354636069592,1.3902929143143006,6.6097070856857,4.6055,-2.0042070856856995,8.0,0.047493524262111175
38,30,Banana,25.29,64.55,0.949,0.69,25.06,25.0,2.2,1.0,0.041667,1.0231286774322668,1.4329236169168706,6.56707638308313,4.581,-1.9860763830831294,8.0,0.042630702602570264
38,31,Banana,24.87,61.09,0.949,0.69,25.06,25.0,2.2,1.0,0.041667,0.989802405988588,1.4741657137671973,6.5258342862328025,4.4874,-2.0384342862328024,8.0,0.0412420968503265
38,32,Banana,23.88,64.01,0.949,0.69,25.06,25.0,2.2,1.0,0.041667,0.9154795758867776,1.5123110012556715,6.4876889987443285,4.3697,-2.1179889987443286,8.0,0.038145287488474365
38,33,Banana,23.48,66.57,0.949,0.69,25.06,25.0,2.2,1.0,0.041667,0.8870574598558504,1.5492720244354854,6.450727975564515,4.3271,-2.1236279755645153,8.0,0.03696102317981372
38,34,Banana,24.6,62.11,0.949,0.69,25.06,25.0,2.2,1.0,0.041667,0.9689538502228232,1.5896454245127196,6.410354575487281,4.167,-2.243354575487281,8.0,0.040373400077234375
38,35,Banana,21.49,66.91,0.949,0.69,25.06,25.0,2.2,1.0,0.041667,0.7582451464008609,1.6212392250278045,6.3787607749721955,4.1512,-2.2275607749721953,8.0,0.031593800515084675
38,36,Banana,19.99,65.84,0.949,0.69,25.06,25.0,2.2,1.0,0.041667,0.6736684941274917,1.6493089701726147,6.350691029827385,4.2184,-2.1322910298273854,8.0,0.0280697451448102
38,37,Banana,22.29,68.67,0.949,0.69,25.06,25.0,2.2,1.0,0.041667,0.8076132834209556,1.6829597928529156,6.317040207147084,3.9076,-2.409440207147084,8.0,0.03365082268030096
38,38,Banana,22.56,77.25,0.949,0.69,25.06,25.0,2.2,1.0,0.041667,0.8249903448493221,1.7173346655517523,6.2826653344482475,3.8548,-2.4278653344482475,8.0,0.034374872698836705
38,39,Banana,23.74,72.61,0.949,0.69,25.06,25.0,2.2,1.0,0.041667,0.9054297126139746,1.7550612053872388,6.244938794612761,3.8656,-2.3793387946127607,8.0,0.03772653983548648
38,40,Banana,23.82,73.82,0.949,0.69,25.06,25.0,2.2,1.0,0.041667,0.9111589042815658,1.7930264634519388,6.206973536548061,3.83,-2.3769735365480607,8.0,0.037965258064700004
38,41,Banana,25.37,74.0,0.949,0.69,25.06,25.0,2.2,1.0,0.041667,1.0296026203700301,1.8359269158348968,6.1640730841651035,3.715,-2.4490730841651036,8.0,0.042900452382958046
38,42,Banana,25.0,80.36,0.949,0.69,25.06,25.0,2.2,1.0,0.041667,1.0,1.8775939158348969,6.122406084165103,3.5649,-2.557506084165103,8.0,0.041667
38,43,Banana,25.87,75.51,0.949,0.69,25.06,25.0,2.2,1.0,0.041667,1.0710032118118076,1.9222194066614593,6.077780593338541,3.5072,-2.5705805933385406,8.0,0.044625490826562586
38,44,Banana,25.27,81.29,0.949,0.69,25.06,25.0,2.2,1.0,0.041667,1.0215165621778277,1.964782937257723,6.0352170627422765,3.3211,-2.7141170627422766,8.0,0.04256353059626355
38,45,Banana,27.26,82.73,0.949,0.69,25.06,25.0,2.2,1.0,0.041667,1.195053988999877,2.014577251817381,5.98542274818262,3.1865,-2.7989227481826195,8.0,0.04979431455965788
38,46,Banana,28.4,84.13,0.949,0.69,25.06,25.0,2.2,1.0,0.041667,1.3074458517500032,2.069054598122248,5.930945401877752,3.0478,-2.883145401877752,8.0,0.054477346304867384
38,47,Banana,27.55,80.99,0.949,0.69,25.06,25.0,2.2,1.0,0.041667,1.222694007225599,2.120000589321317,5.879999410678683,3.0711,-2.808899410678683,8.0,0.050945991199069035
38,48,Banana,26.96,81.67,0.949,0.69,25.06,25.0,2.2,1.0,0.041667,1.1671182106312201,2.168630903803688,5.831369096196312,2.964,-2.867369096196312,8.0,0.048630314482371054
38,49,Banana,26.91,70.75,0.949,0.69,25.06,25.0,2.2,1.0,0.041667,1.1625261534637996,2.2170698810400644,5.782930118959936,3.0223,-2.7606301189599356,8.0,0.04843897723637614
38,50,Banana,27.42,71.99,0.949,0.69,25.06,25.0,2.2,1.0,0.041667,1.210225470139726,2.267496345704376,5.732503654295623,3.0154,-2.7171036542956233,8.0,0.050426464664311964
38,51,Banana,32.8,66.5,0.949,0.69,25.06,25.0,2.2,1.0,0.041667,1.849650571692904,2.3445657360751047,5.655434263924896,2.845,-2.8104342639248956,8.0,0.07706939037072823
38,52,Banana,31.0,70.66,0.949,0.69,25.06,25.0,2.2,1.0,0.041667,1.6049208106703468,2.411437971493306,5.5885620285066935,2.7188,-2.8697620285066936,8.0,0.06687223541820134
38,53,Banana,27.37,66.67,0.949,0.69,25.06,25.0,2.2,1.0,0.041667,1.2054638063307583,2.4616660319116894,5.538333968088311,2.7455,-2.7928339680883107,8.0,0.05022806041838371
38,54,Banana,26.75,65.04,0.949,0.69,25.06,25.0,2.2,1.0,0.041667,1.147952634688145,2.5094977743412406,5.4905022256587594,2.4893,-3.0012022256587594,8.0,0.04783174242955094
38,55,Banana,24.62,60.55,0.949,0.69,25.06,25.0,2.2,1.0,0.041667,0.970483013175856,2.549934890051239,5.450065109948762,2.5115,-2.9385651099487617,8.0,0.04043711570999839
38,56,Banana,23.18,65.11,0.949,0.69,25.06,25.0,2.2,1.0,0.041667,0.8663214589497027,2.5860319062812964,5.413968093718704,2.3912,-3.0227680937187036,8.0,0.03609701623005727
38,57,Banana,22.7,66.57,0.949,0.69,25.06,25.0,2.2,1.0,0.041667,0.8341473672571488,2.6207883246328,5.3792116753672,2.5076,-2.8716116753672,8.0,0.03475641835150362
38,58,Banana,23.41,72.46,0.949,0.69,25.06,25.0,2.2,1.0,0.041667,0.8821750967395013,2.6575459143886446,5.342454085611355,2.1886,-3.1538540856113553,8.0,0.036757589755844804
38,59,Banana,24.22,62.09,0.949,0.69,25.06,25.0,2.2,1.0,0.041667,0.9403532521925922,2.6967276133477536,5.303272386652246,2.2648,-3.038472386652246,8.0,0.039181698959108745
38,60,Banana,20.96,68.0,0.949,0.69,25.06,25.0,2.2,1.0,0.041667,0.7272123352576726,2.727028369720935,5.272971630279065,2.1513,-3.1216716302790646,8.0,0.030300756373181446
38,61,Banana,22.07,65.22,0.949,0.69,25.06,25.0,2.2,1.0,0.041667,0.7937251736253848,2.760100516530384,5.239899483469616,2.1425,-3.0973994834696157,8.0,0.03307214680944891
38,62,Banana,22.54,69.81,0.949,0.69,25.06,25.0,2.2,1.0,0.041667,0.8236904306263777,2.794421225703293,5.205578774296707,2.0204,-3.185178774296707,8.0,0.03432070917290928
38,63,Banana,23.47,78.24,0.949,0.69,25.06,25.0,2.2,1.0,0.041667,0.8863583285264011,2.8313531181780025,5.1686468818219975,1.8034,-3.3652468818219976,8.0,0.03693189247470956
38,64,Banana,24.94,74.18,0.949,0.69,25.06,25.0,2.2,1.0,0.041667,0.9952804281831993,2.872823467779112,5.127176532220888,1.8074,-3.3197765322208883,8.0,0.04147034960110937
38,65,Banana,24.61,85.83,0.949,0.69,25.06,25.0,2.2,1.0,0.041667,0.9697181302794087,2.913228713113464,5.0867712868865365,1.3946,-3.6921712868865364,8.0,0.04040524533435212
38,66,Banana,25.22,83.89,0.949,0.69,25.06,25.0,2.2,1.0,0.041667,1.0174973785096624,2.9556247763838264,5.044375223616173,1.4419,-3.6024752236161732,8.0,0.042396063270362105
38,67,Banana,25.93,84.3,0.949,0.69,25.06,25.0,2.2,1.0,0.041667,1.076081857418651,3.000461879136889,4.999538120863111,1.3957,-3.603838120863111,8.0,0.044837102753062935
38,68,Banana,29.76,81.59,0.949,0.69,25.06,25.0,2.2,1.0,0.041667,1.4554362786294917,3.0611055425585443,4.938894457441456,1.2154,-3.723494457441456,8.0,0.06064366342165503
38,69,Banana,27.6,81.86,0.949,0.69,25.06,25.0,2.2,1.0,0.041667,1.2275237314969307,3.1122527738788266,4.887747226121173,1.2368,-3.6509472261211737,8.0,0.051147231320282614
38,70,Banana,28.65,84.93,0.949,0.69,25.06,25.0,2.2,1.0,0.041667,1.3334731594394769,3.1678146000131915,4.832185399986809,0.9969,-3.835285399986809,8.0,0.05556182613436469
38,71,Banana,33.02,77.41,0.949,0.69,25.06,25.0,2.2,1.0,0.041667,1.882014607856429,3.2462325026787453,4.753767497321254,1.1382,-3.615567497321254,8.0,0.07841790266555383
38,72,Banana,28.43,75.56,0.949,0.69,25.06,25.0,2.2,1.0,0.041667,1.3105421081208355,3.3008388606978163,4.699161139302184,1.0472,-3.651961139302184,8.0,0.05460635801907086
38,73,Banana,28.26,73.93,0.949,0.69,25.06,25.0,2.2,1.0,0.041667,1.2930930989494256,3.3547181708517417,4.645281829148258,0.7896,-3.855681829148258,8.0,0.05387931015392572
38,74,Banana,28.15,78.25,0.949,0.69,25.06,25.0,2.2,1.0,0.041667,1.281926556344667,3.408132204674955,4.5918677953250455,0.806,-3.7858677953250455,8.0,0.05341403382321324
38,75,Banana,26.36,70.28,0.949,0.69,25.06,25.0,2.2,1.0,0.041667,1.113190482559109,3.4545155125117457,4.545484487488254,0.8226,-3.7228844874882543,8.0,0.0463833078367904
38,76,Banana,26.03,64.26,0.949,0.69,25.06,25.0,2.2,1.0,0.041667,1.0845998402305106,3.49970753405463,4.500292465945369,0.7421,-3.7581924659453696,8.0,0.04519202154288469
38,77,Banana,26.65,62.6,0.949,0.69,25.06,25.0,2.2,1.0,0.041667,1.138937106150888,3.5471636264566193,4.452836373543381,0.8438,-3.609036373543381,8.0,0.04745609240198905
38,78,Banana,25.86,63.69,0.949,0.69,25.06,25.0,2.2,1.0,0.041667,1.0701591042616154,3.591753945853888,4.408246054146112,0.666,-3.7422460541461118,8.0,0.044590319397268735
38,79,Banana,24.86,63.64,0.949,0.69,25.06,25.0,2.2,1.0,0.041667,0.9890222965781971,3.632963537885412,4.367036462114588,0.6281,-3.738936462114588,8.0,0.04120959203152374
38,80,Banana,24.49,61.7,0.949,0.69,25.06,25.0,2.2,1.0,0.041667,0.9605864214125166,3.672988292306407,4.327011707693593,0.4806,-3.8464117076935933,8.0,0.04002475442099533
38,81,Banana,23.44,53.24,0.949,0.69,25.06,25.0,2.2,1.0,0.041667,0.8842642389091853,3.709832930349036,4.290167069650964,0.4283,-3.8618670696509643,8.0,0.036844638042629024
38,82,Banana,20.61,64.71,0.949,0.69,25.06,25.0,2.2,1.0,0.041667,0.7074185489862552,3.7393089390296463,4.260691060970354,0.4076,-3.8530910609703537,8.0,0.0294760086806103
38,83,Banana,19.82,65.42,0.949,0.69,25.06,25.0,2.2,1.0,0.041667,0.6646990396859433,3.7670049539162407,4.23299504608376,0.3673,-3.8656950460837596,8.0,0.027696014886594202
38,84,Banana,22.44,66.54,0.949,0.69,25.06,25.0,2.2,1.0,0.041667,0.8172215186183533,3.8010561229325117,4.198943877067489,0.3331,-3.8658438770674888,8.0,0.03405116901627093
38,85,Banana,20.95,66.64,0.949,0.69,25.06,25.0,2.2,1.0,0.041667,0.7266391853212262,3.831332997867291,4.168667002132709,0.0442,-4.124467002132709,8.0,0.030276874934779534
38,86,Banana,21.96,66.28,0.949,0.69,25.06,25.0,2.2,1.0,0.041667,0.7868709370859137,3.86411954920285,4.13588045079715,0.1134,-4.02248045079715,8.0,0.032786551335558765
38,87,Banana,22.34,83.51,0.949,0.69,25.06,25.0,2.2,1.0,0.041667,0.8108034106758024,3.8979032949154786,4.102096705084522,0.0,-4.102096705084522,8.0,0.03378374571262866
38,88,Banana,23.9,76.23,0.949,0.69,25.06,25.0,2.2,1.0,0.041667,0.9169243479482977,3.9361087817214404,4.06389121827856,0.0,-4.06389121827856,8.0,0.038205486805961725
38,89,Banana,22.69,78.31,0.949,0.69,25.06,25.0,2.2,1.0,0.041667,0.8334899368377916,3.9708378069196604,4.02916219308034,0.0,-4.02916219308034,8.0,0.03472902519822026
38,90,Banana,24.76,80.35,0.949,0.69,25.06,25.0,2.2,1.0,0.041667,0.9812549388760162,4.011723756457807,3.9882762435421926,0.0,-3.9882762435421926,8.0,0.04088594953814697
38,91,Banana,29.94,87.8,0.949,0.69,25.06,25.0,2.2,1.0,0.041667,1.4762394411456334,4.073234225252023,3.9267657747479774,0.0,-3.9267657747479774,8.0,0.06151046879421511
38,92,Banana,25.92,87.02,0.949,0.69,25.06,25.0,2.2,1.0,0.041667,1.075233747151143,4.118035989794569,3.881964010205431,0.0,-3.881964010205431,8.0,0.04480176454254668
38,93,Banana,26.67,80.28,0.949,0.69,25.06,25.0,2.2,1.0,0.041667,1.140734529658891,4.165566975441866,3.834433024558134,0.0,-3.834433024558134,8.0,0.04753098564729702
38,94,Banana,26.96,85.88,0.949,0.69,25.06,25.0,2.2,1.0,0.041667,1.1671182106312201,4.214197289924237,3.785802710075763,0.0,-3.785802710075763,8.0,0.048630314482371054
38,95,Banana,27.82,76.85,0.949,0.69,25.06,25.0,2.2,1.0,0.041667,1.2490021788565258,4.266239463710652,3.7337605362893482,0.0,-3.7337605362893482,8.0,0.05204217378641486
39,0,Tomato,22.72,60.38,0.892,0.363,22.67,25.0,2.0,1.0,0.041667,0.8538177143912449,0.03557602270554,9.96442397729446,10.0,0.0355760227055395,10.0,0.03557602270554
39,1,Tomato,22.15,58.54,0.892,0.363,22.67,25.0,2.0,1.0,0.041667,0.8207416088104983,0.06977386331984703,9.930226136680153,9.805,-0.12522613668015303,10.0,0.034197840614307036
39,2,Tomato,23.28,59.7,0.892,0.363,22.67,25.0,2.0,1.0,0.041667,0.8876113372694979,0.1067579649098552,9.893242035090145,9.6985,-0.19474203509014565,10.0,0.03698410159000817
39,3,Tomato,21.46,68.98,0.892,0.363,22.67,25.0,2.0,1.0,0.041667,0.7824117817365114,0.13935871661947044,9.860641283380529,9.8489,-0.0117412833805286,10.0,0.032600751709615225
39,4,Tomato,21.74,68.81,0.892,0.363,22.67,25.0,2.0,1.0,0.041667,0.7977452398090328,0.1725983675265934,9.827401632473407,9.6362,-0.1912016324734065,10.0,0.03323965090712297
39,5,Tomato,23.66,65.54,0.892,0.363,22.67,25.0,2.0,1.0,0.041667,0.9113012806371416,0.2105695579869012,9.7894304420131,9.5133,-0.2761304420131001,10.0,0.03797119046030778
39,6,Tomato,23.07,70.97,0.892,0.363,22.67,25.0,2.0,1.0,0.041667,0.8747847649058218,0.24701921478623207,9.752980785213769,9.7119,-0.04108078521376868,10.0,0.036449656799330876
39,7,Tomato,23.74,78.05,0.892,0.363,22.67,25.0,2.0,1.0,0.041667,0.9163686446753513,0.28520154710391993,9.71479845289608,9.5167,-0.19809845289607964,10.0,0.03818233231768786
39,8,Tomato,23.28,75.52,0.892,0.363,22.67,25.0,2.0,1.0,0.041667,0.8876113372694979,0.3221856486939281,9.677814351306072,9.3553,-0.3225143513060722,10.0,0.03698410159000817
39,9,Tomato,25.44,80.5,0.892,0.363,22.67,25.0,2.0,1.0,0.041667,1.030968318794789,0.36514300563315055,9.63485699436685,9.2915,-0.3433569943668502,10.0,0.04295735693922247
39,10,Tomato,24.67,80.21,0.892,0.363,22.67,25.0,2.0,1.0,0.041667,0.9773857664108054,0.4058677383621896,9.59413226163781,9.1977,-0.39643226163781087,10.0,0.04072473272903903
39,11,Tomato,25.69,83.24,0.892,0.363,22.67,25.0,2.0,1.0,0.041667,1.048989327574946,0.44957597667425486,9.550424023325744,9.3109,-0.2395240233257443,10.0,0.04370823831206528
39,12,Tomato,27.16,83.11,0.892,0.363,22.67,25.0,2.0,1.0,0.041667,1.161508731925722,0.49797256100740395,9.502027438992595,9.2033,-0.2987274389925947,10.0,0.04839658433314906
39,13,Tomato,25.6,82.65,0.892,0.363,22.67,25.0,2.0,1.0,0.041667,1.0424657608411214,0.5414089818643709,9.458591018135628,9.1464,-0.31219101813562844,10.0,0.04343642085696701
39,14,Tomato,28.64,79.03,0.892,0.363,22.67,25.0,2.0,1.0,0.041667,1.2869892473012707,0.595033962831673,9.404966037168327,8.9035,-0.5014660371683277,10.0,0.053624980967302054
39,15,Tomato,26.45,81.58,0.892,0.363,22.67,25.0,2.0,1.0,0.041667,1.1057306533202689,0.6411064419635687,9.358893558036431,8.8739,-0.4849935580364306,10.0,0.04607247913189565
39,16,Tomato,29.6,78.44,0.892,0.363,22.67,25.0,2.0,1.0,0.041667,1.3755418181397439,0.6984211428999973,9.301578857100003,8.8604,-0.4411788571000024,10.0,0.05731470093642871
39,17,Tomato,28.28,74.67,0.892,0.363,22.67,25.0,2.0,1.0,0.041667,1.2552719912826433,0.7507245609607712,9.249275439039229,8.7039,-0.545375439039228,10.0,0.052303418060773904
39,18,Tomato,34.36,67.96,0.892,0.363,22.67,25.0,2.0,1.0,0.041667,1.9132163161837485,0.8304425452071995,9.1695574547928,8.6915,-0.4780574547928005,10.0,0.07971798424642826
39,19,Tomato,28.27,73.02,0.892,0.363,22.67,25.0,2.0,1.0,0.041667,1.2544022045209948,0.8827097218629758,9.117290278137023,8.6232,-0.49409027813702266,10.0,0.05226717665577629
39,20,Tomato,26.41,66.22,0.892,0.363,22.67,25.0,2.0,1.0,0.041667,1.102669163068913,0.9286546378805682,9.071345362119432,8.6597,-0.41164536211943137,10.0,0.045944916017592395
39,21,Tomato,27.96,68.66,0.892,0.363,22.67,25.0,2.0,1.0,0.041667,1.2277356839150604,0.9798107006222571,9.020189299377742,8.5038,-0.5163892993777424,10.0,0.051156062741688824
39,22,Tomato,26.2,60.49,0.892,0.363,22.67,25.0,2.0,1.0,0.041667,1.086734862526058,1.0250916821391303,8.97490831786087,8.45,-0.52490831786087,10.0,0.045280981516873264
39,23,Tomato,25.54,65.97,0.892,0.363,22.67,25.0,2.0,1.0,0.041667,1.0381392705430572,1.0683478311248478,8.931652168875152,8.2336,-0.6980521688751526,10.0,0.043256148985717564
39,24,Tomato,23.37,66.47,0.892,0.363,22.67,25.0,2.0,1.0,0.041667,0.8931658523527605,1.1055633726948304,8.89443662730517,8.2728,-0.6216366273051701,10.0,0.037215541569982476
39,25,Tomato,22.09,64.44,0.892,0.363,22.67,25.0,2.0,1.0,0.041667,0.817335328488283,1.1396192838269517,8.860380716173049,8.2269,-0.6334807161730485,10.0,0.034055911132121294
39,26,Tomato,22.76,61.73,0.892,0.363,22.67,25.0,2.0,1.0,0.041667,0.856188284546457,1.1752940810791488,8.824705918920852,8.0783,-0.7464059189208516,10.0,0.03567479725219723
39,27,Tomato,20.78,66.36,0.892,0.363,22.67,25.0,2.0,1.0,0.041667,0.7463891916484766,1.206393879527566,8.793606120472434,8.0225,-0.7711061204724334,10.0,0.031099798448417076
39,28,Tomato,20.21,62.5,0.892,0.363,22.67,25.0,2.0,1.0,0.041667,0.7174747673033517,1.2362889006567948,8.763711099343205,8.1983,-0.5654110993432049,10.0,0.029895021129228757
39,29,Tomato,20.95,66.0,0.892,0.363,22.67,25.0,2.0,1.0,0.041667,0.7552362927814127,1.2677573312681178,8.732242668731882,8.0802,-0.6520426687318821,10.0,0.03146843061132312
39,30,Tomato,22.93,74.97,0.892,0.363,22.67,25.0,2.0,1.0,0.041667,0.8663368564000873,1.3038549890637403,8.69614501093626,7.8894,-0.8067450109362593,10.0,0.03609765779562244
39,31,Tomato,24.65,72.06,0.892,0.363,22.67,25.0,2.0,1.0,0.041667,0.9760317607762246,1.3445233044400031,8.655476695559997,7.9,-0.755476695559997,10.0,0.04066831537626295
39,32,Tomato,28.94,79.89,0.892,0.363,22.67,25.0,2.0,1.0,0.041667,1.314031627149371,1.399275060248436,8.600724939751563,7.7441,-0.8566249397515628,10.0,0.05475175580843285
39,33,Tomato,23.5,82.67,0.892,0.363,22.67,25.0,2.0,1.0,0.041667,0.9012504626108302,1.4368274632740414,8.563172536725958,7.5761,-0.9870725367259574,10.0,0.03755240302560547
39,34,Tomato,24.47,84.18,0.892,0.363,22.67,25.0,2.0,1.0,0.041667,0.9639298077406431,1.4769915265731708,8.52300847342683,7.5315,-0.9915084734268289,10.0,0.04016406329912938
39,35,Tomato,25.62,79.38,0.892,0.363,22.67,25.0,2.0,1.0,0.041667,1.043911927421719,1.5204882048530517,8.479511795146948,7.5326,-0.9469117951469475,10.0,0.04349667827988077
39,36,Tomato,26.48,80.78,0.892,0.363,22.67,25.0,2.0,1.0,0.041667,1.108032347864926,1.5666565886915396,8.43334341130846,7.3515,-1.0818434113084603,10.0,0.04616838383848788
39,37,Tomato,27.66,86.05,0.892,0.363,22.67,25.0,2.0,1.0,0.041667,1.2024692488981776,1.61675987488538,8.38324012511462,7.1797,-1.2035401251146194,10.0,0.05010328619384037
39,38,Tomato,27.85,80.71,0.892,0.363,22.67,25.0,2.0,1.0,0.041667,1.2184102636751915,1.6675273753419342,8.332472624658067,7.1606,-1.171872624658067,10.0,0.050767500456554204
39,39,Tomato,26.59,81.19,0.892,0.363,22.67,25.0,2.0,1.0,0.041667,1.1165129619825724,1.714049120928862,8.285950879071137,7.3561,-0.9298508790711377,10.0,0.04652174558692785
39,40,Tomato,26.58,74.25,0.892,0.363,22.67,25.0,2.0,1.0,0.041667,1.115739322324964,1.7605386312721762,8.239461368727824,7.1485,-1.0909613687278235,10.0,0.046489510343314285
39,41,Tomato,27.07,78.75,0.892,0.363,22.67,25.0,2.0,1.0,0.041667,1.1542854175168384,1.8086342417638503,8.191365758236149,7.1456,-1.0457657582361488,10.0,0.04809561049167411
39,42,Tomato,27.34,70.8,0.892,0.363,22.67,25.0,2.0,1.0,0.041667,1.1760912502909648,1.857638435889724,8.142361564110276,6.9365,-1.2058615641102763,10.0,0.04900419412587363
39,43,Tomato,26.92,73.56,0.892,0.363,22.67,25.0,2.0,1.0,0.041667,1.1423462468485455,1.9052365769571624,8.094763423042838,6.8186,-1.2761634230428385,10.0,0.04759814106743835
39,44,Tomato,27.01,65.54,0.892,0.363,22.67,25.0,2.0,1.0,0.041667,1.1494948480346772,1.9531325787902232,8.046867421209777,7.1474,-0.8994674212097769,10.0,0.0478960018330609
39,45,Tomato,28.8,59.44,0.892,0.363,22.67,25.0,2.0,1.0,0.041667,1.3013418554419336,2.0073555898809223,7.992644410119078,6.777,-1.2156444101190775,10.0,0.05422301109069905
39,46,Tomato,24.8,68.85,0.892,0.363,22.67,25.0,2.0,1.0,0.041667,0.9862327044933592,2.048448947979047,7.951551052020953,6.9395,-1.0120510520209534,10.0,0.0410933580981248
39,47,Tomato,29.05,66.18,0.892,0.363,22.67,25.0,2.0,1.0,0.041667,1.3240889103953972,2.1036197606084923,7.896380239391508,6.7187,-1.177680239391508,10.0,0.05517081262944502
39,48,Tomato,23.94,62.21,0.892,0.363,22.67,25.0,2.0,1.0,0.041667,0.9291606742509134,2.142335098422505,7.857664901577495,6.643,-1.2146649015774953,10.0,0.03871533781401281
39,49,Tomato,22.69,58.78,0.892,0.363,22.67,25.0,2.0,1.0,0.041667,0.852044095074866,2.1778372197319893,7.822162780268011,6.6534,-1.1687627802680103,10.0,0.03550212130948444
39,50,Tomato,22.5,62.34,0.892,0.363,22.67,25.0,2.0,1.0,0.041667,0.8408964152537145,2.212874850666366,7.787125149333634,6.5908,-1.1963251493336342,10.0,0.03503763093437653
39,51,Tomato,22.19,65.7,0.892,0.363,22.67,25.0,2.0,1.0,0.041667,0.8230203452787082,2.2471676393930937,7.752832360606906,6.506,-1.2468323606069056,10.0,0.03429278872672793
39,52,Tomato,21.28,61.85,0.892,0.363,22.67,25.0,2.0,1.0,0.041667,0.7727105496479874,2.2793641698652767,7.720635830134723,6.3875,-1.3331358301347231,10.0,0.03219653047218269
39,53,Tomato,22.46,64.89,0.892,0.363,22.67,25.0,2.0,1.0,0.041667,0.8385681844409313,2.3143047904063767,7.685695209593623,6.3462,-1.3394952095936237,10.0,0.03494062054110029
39,54,Tomato,21.83,70.44,0.892,0.363,22.67,25.0,2.0,1.0,0.041667,0.8027373887159533,2.3477524491820043,7.652247550817996,6.3112,-1.3410475508179953,10.0,0.03344765877562763
39,55,Tomato,23.93,74.74,0.892,0.363,22.67,25.0,2.0,1.0,0.041667,0.928516852306729,2.386440960867069,7.613559039132931,6.3053,-1.3082590391329312,10.0,0.03868851168506448
39,56,Tomato,22.61,81.51,0.892,0.363,22.67,25.0,2.0,1.0,0.041667,0.8473324349461182,2.421746761433969,7.578253238566031,6.0282,-1.550053238566031,10.0,0.03530580056689991
39,57,Tomato,23.93,74.8,0.892,0.363,22.67,25.0,2.0,1.0,0.041667,0.928516852306729,2.460435273119033,7.5395647268809665,5.9695,-1.5700647268809664,10.0,0.03868851168506448
39,58,Tomato,24.46,79.56,0.892,0.363,22.67,25.0,2.0,1.0,0.041667,0.963261894020148,2.5005715064571707,7.49942849354283,5.7817,-1.7177284935428299,10.0,0.040136233338137504
39,59,Tomato,29.86,84.89,0.892,0.363,22.67,25.0,2.0,1.0,0.041667,1.4005563208872045,2.558928486679578,7.441071513320422,5.6944,-1.7466715133204218,10.0,0.05835698022240715
39,60,Tomato,26.95,83.58,0.892,0.363,22.67,25.0,2.0,1.0,0.041667,1.1447241605986846,2.6066257082792434,7.3933742917207566,5.7087,-1.6846742917207562,10.0,0.0476972215996654
39,61,Tomato,25.64,76.01,0.892,0.363,22.67,25.0,2.0,1.0,0.041667,1.045360100205165,2.650182727574492,7.349817272425508,5.6955,-1.6543172724255077,10.0,0.043557019295248606
39,62,Tomato,26.93,78.67,0.892,0.363,22.67,25.0,2.0,1.0,0.041667,1.143138335414036,2.6978138725961887,7.302186127403811,5.5859,-1.7162861274038113,10.0,0.047631145021696644
39,63,Tomato,27.58,77.26,0.892,0.363,22.67,25.0,2.0,1.0,0.041667,1.195819796776124,2.7476400960684595,7.2523599039315405,5.5471,-1.7052599039315401,10.0,0.04982622347227076
39,64,Tomato,28.16,79.88,0.892,0.363,22.67,25.0,2.0,1.0,0.041667,1.2448742353821702,2.799510270834128,7.200489729165872,5.3458,-1.8546897291658722,10.0,0.05187017476566889
39,65,Tomato,26.18,75.29,0.892,0.363,22.67,25.0,2.0,1.0,0.041667,1.0852293718818071,2.8447285230723276,7.155271476927672,5.534,-1.6212714769276726,10.0,0.04521825223819926
39,66,Tomato,26.94,69.05,0.892,0.363,22.67,25.0,2.0,1.0,0.041667,1.1439309732038077,2.8923926949328105,7.107607305067189,5.5781,-1.529507305067189,10.0,0.04766417186048306
39,67,Tomato,26.99,73.61,0.892,0.363,22.67,25.0,2.0,1.0,0.041667,1.1479024138550018,2.940222344810907,7.059777655189093,5.1968,-1.862977655189093,10.0,0.04782964987809636
39,68,Tomato,25.75,70.72,0.892,0.363,22.67,25.0,2.0,1.0,0.041667,1.0533610359548358,2.984112739096037,7.015887260903963,5.3365,-1.6793872609039626,10.0,0.04389039428513015
39,69,Tomato,25.55,67.45,0.892,0.363,22.67,25.0,2.0,1.0,0.041667,1.0388591032976644,3.027398881353141,6.972601118646859,5.3087,-1.6639011186468586,10.0,0.04328614225710378
39,70,Tomato,25.67,64.59,0.892,0.363,22.67,25.0,2.0,1.0,0.041667,1.0475361270997976,3.071046569161008,6.928953430838992,5.1947,-1.7342534308389919,10.0,0.04364768780786727
39,71,Tomato,25.88,65.52,0.892,0.363,22.67,25.0,2.0,1.0,0.041667,1.0628956743585531,3.115334243224506,6.884665756775494,5.1418,-1.742865756775494,10.0,0.04428767406349784
39,72,Tomato,24.91,63.86,0.892,0.363,22.67,25.0,2.0,1.0,0.041667,0.9937810933225548,3.156742120039977,6.8432578799600225,5.1618,-1.6814578799600222,10.0,0.041407876815470895
39,73,Tomato,23.49,67.54,0.892,0.363,22.67,25.0,2.0,1.0,0.041667,0.9006259798479291,3.1942685027423003,6.8057314972577,4.9458,-1.8599314972576995,10.0,0.03752638270232367
39,74,Tomato,22.39,69.33,0.892,0.363,22.67,25.0,2.0,1.0,0.041667,0.834509281155409,3.229040000960203,6.770959999039797,5.0115,-1.7594599990397972,10.0,0.03477149821790243
39,75,Tomato,22.29,66.18,0.892,0.363,22.67,25.0,2.0,1.0,0.041667,0.8287449044879921,3.263571314895504,6.736428685104496,4.8629,-1.873528685104496,10.0,0.03453131393530117
39,76,Tomato,23.54,68.66,0.892,0.363,22.67,25.0,2.0,1.0,0.041667,0.9037527267510858,3.3012279797610415,6.698772020238959,4.8159,-1.8828720202389588,10.0,0.037656664865537495
39,77,Tomato,22.37,69.14,0.892,0.363,22.67,25.0,2.0,1.0,0.041667,0.8333532071592185,3.335951307843745,6.664048692156255,4.7395,-1.9245486921562556,10.0,0.034723328082703155
39,78,Tomato,23.21,70.6,0.892,0.363,22.67,25.0,2.0,1.0,0.041667,0.8833150514814653,3.372756396093823,6.627243603906177,4.7802,-1.8470436039061768,10.0,0.036805088250078215
39,79,Tomato,23.45,76.21,0.892,0.363,22.67,25.0,2.0,1.0,0.041667,0.8981323728839342,3.410178877674778,6.5898211223252225,4.6018,-1.9880211223252227,10.0,0.03742248158095489
39,80,Tomato,22.67,73.55,0.892,0.363,22.67,25.0,2.0,1.0,0.041667,0.8508637295065407,3.445631816692127,6.554368183307873,4.6274,-1.9269681833078733,10.0,0.035452939017349035
39,81,Tomato,24.0,78.45,0.892,0.363,22.67,25.0,2.0,1.0,0.041667,0.9330329915368074,3.484508502350491,6.515491497649509,4.3711,-2.144391497649509,10.0,0.038876685658364156
39,82,Tomato,23.77,82.23,0.892,0.363,22.67,25.0,2.0,1.0,0.041667,0.9182761623009238,3.5227703152050838,6.477229684794916,4.1399,-2.3373296847949163,10.0,0.0382618128545926
39,83,Tomato,24.49,82.97,0.892,0.363,22.67,25.0,2.0,1.0,0.041667,0.9652670248717569,3.5629900963304153,6.437009903669585,4.1555,-2.281509903669585,10.0,0.0402197811253315
39,84,Tomato,25.21,87.93,0.892,0.363,22.67,25.0,2.0,1.0,0.041667,1.0146625465808803,3.605268040658801,6.394731959341199,3.7567,-2.6380319593411987,10.0,0.04227794432838554
39,85,Tomato,26.56,83.13,0.892,0.363,22.67,25.0,2.0,1.0,0.041667,1.1141936508193322,3.6516931475074896,6.34830685249251,3.8518,-2.4965068524925105,10.0,0.04642510684868912
39,86,Tomato,26.0,83.5,0.892,0.363,22.67,25.0,2.0,1.0,0.041667,1.0717734625362931,3.6963507323709894,6.303649267629011,3.9354,-2.3682492676290106,10.0,0.04465758486349973
39,87,Tomato,26.27,78.56,0.892,0.363,22.67,25.0,2.0,1.0,0.041667,1.092020545745652,3.7418519524505736,6.258148047549426,3.9711,-2.287048047549426,10.0,0.045501220079584084
39,88,Tomato,28.35,74.96,0.892,0.363,22.67,25.0,2.0,1.0,0.041667,1.2613774088312497,3.794409764944345,6.205590235055655,3.9236,-2.281990235055655,10.0,0.052557812493771686
39,89,Tomato,28.77,70.61,0.892,0.363,22.67,25.0,2.0,1.0,0.041667,1.2986386027298837,3.8485201396042914,6.151479860395709,3.9992,-2.1522798603957085,10.0,0.054110374659946066
39,90,Tomato,28.75,70.94,0.892,0.363,22.67,25.0,2.0,1.0,0.041667,1.2968395546510096,3.902555553327935,6.097444446672065,3.8689,-2.228544446672065,10.0,0.05403541372364362
39,91,Tomato,26.8,70.93,0.892,0.363,22.67,25.0,2.0,1.0,0.041667,1.1328838852957988,3.949759426176555,6.050240573823444,3.8224,-2.2278405738234444,10.0,0.04720387284862005
39,92,Tomato,26.41,61.43,0.892,0.363,22.67,25.0,2.0,1.0,0.041667,1.102669163068913,3.9957043421941476,6.004295657805852,3.6932,-2.3110956578058524,10.0,0.045944916017592395
39,93,Tomato,26.54,62.77,0.892,0.363,22.67,25.0,2.0,1.0,0.041667,1.112650120584834,4.0420651347685554,5.9579348652314446,3.4674,-2.4905348652314445,10.0,0.04636079257440828
39,94,Tomato,26.58,56.23,0.892,0.363,22.67,25.0,2.0,1.0,0.041667,1.115739322324964,4.08855464511187,5.91144535488813,3.6678,-2.24364535488813,10.0,0.046489510343314285
39,95,Tomato,28.17,63.9,0.892,0.363,22.67,25.0,2.0,1.0,0.041667,1.245737415569474,4.140460786006403,5.859539213993597,3.5222,-2.3373392139935967,10.0,0.05190614089453328
40,0,Banana,24.67,65.62,0.888,0.571,4.65,25.0,2.2,1.0,0.041667,0.9743164869116816,0.04059684506014904,7.959403154939851,6.9826,-0.9768031549398515,8.0,0.04059684506014904
40,1,Banana,32.04,65.31,0.888,0.571,4.65,25.0,2.2,1.0,0.041667,1.742069861290431,0.11318366997053744,7.886816330029463,6.8729,-1.0139163300294634,8.0,0.0725868249103884
40,2,Banana,24.48,66.53,0.888,0.571,4.65,25.0,2.2,1.0,0.041667,0.9598293384813138,0.15317687901703836,7.846823120982962,6.9232,-0.9236231209829624,8.0,0.0399932090465009
40,3,Banana,29.01,64.83,0.888,0.571,4.65,25.0,2.2,1.0,0.041667,1.3718653752669863,0.21033839360828788,7.789661606391713,6.7112,-1.0784616063917127,8.0,0.05716151459124952
40,4,Banana,20.84,63.24,0.888,0.571,4.65,25.0,2.2,1.0,0.041667,0.7203642717610436,0.24035381171975526,7.759646188280245,6.6508,-1.1088461882802445,8.0,0.030015418111467403
40,5,Banana,21.53,63.98,0.888,0.571,4.65,25.0,2.2,1.0,0.041667,0.7606402972307158,0.2720474109844675,7.7279525890155325,6.5315,-1.1964525890155322,8.0,0.031693599264712234
40,6,Banana,22.42,69.7,0.888,0.571,4.65,25.0,2.2,1.0,0.041667,0.8159338455177156,0.3060449265256542,7.693955073474346,6.63,-1.0639550734743457,8.0,0.03399751554118666
40,7,Banana,22.74,74.32,0.888,0.571,4.65,25.0,2.2,1.0,0.041667,0.8367822786290058,0.34091113372928894,7.659088866270711,6.5896,-1.069488866270711,8.0,0.034866207203634786
40,8,Banana,28.21,72.94,0.888,0.571,4.65,25.0,2.2,1.0,0.041667,1.2880053902845414,0.3945784543262749,7.605421545673725,6.6026,-1.0028215456737248,8.0,0.05366732059698599
40,9,Banana,22.06,77.31,0.888,0.571,4.65,25.0,2.2,1.0,0.041667,0.7930996018208882,0.4276245354353459,7.572375464564654,6.4834,-1.0889754645646548,8.0,0.03304608110907095
40,10,Banana,23.44,80.86,0.888,0.571,4.65,25.0,2.2,1.0,0.041667,0.8842642389091853,0.4644691734779749,7.5355308265220255,6.3182,-1.2173308265220255,8.0,0.036844638042629024
40,11,Banana,25.23,93.39,0.888,0.571,4.65,25.0,2.2,1.0,0.041667,1.0182999481612969,0.5068986774180116,7.493101322581988,6.1407,-1.3524013225819882,8.0,0.04242950394003676
40,12,Banana,25.95,81.71,0.888,0.571,4.65,25.0,2.2,1.0,0.041667,1.0777800853687407,0.551806540235071,7.448193459764929,6.3076,-1.1405934597649292,8.0,0.04490786281705932
40,13,Banana,26.83,83.04,0.888,0.571,4.65,25.0,2.2,1.0,0.041667,1.1552164129558768,0.5999409425137036,7.400059057486296,6.2618,-1.1382590574862963,8.0,0.048134402278632527
40,14,Banana,27.55,83.14,0.888,0.571,4.65,25.0,2.2,1.0,0.041667,1.222694007225599,0.6508869337127725,7.349113066287227,6.0886,-1.2605130662872277,8.0,0.050945991199069035
40,15,Banana,25.83,82.76,0.888,0.571,4.65,25.0,2.2,1.0,0.041667,1.0676307711971207,0.695371905056243,7.304628094943757,6.0739,-1.230728094943757,8.0,0.04448497134347043
40,16,Banana,29.19,83.33,0.888,0.571,4.65,25.0,2.2,1.0,0.041667,1.3914740237327374,0.753350453203115,7.246649546796885,5.9857,-1.2609495467968852,8.0,0.05797854814687198
40,17,Banana,26.33,81.32,0.888,0.571,4.65,25.0,2.2,1.0,0.041667,1.1105604845588801,0.7996241769132298,7.2003758230867705,5.9799,-1.2204758230867707,8.0,0.04627372371011486
40,18,Banana,27.36,78.0,0.888,0.571,4.65,25.0,2.2,1.0,0.041667,1.2045137241188797,0.8498126502560912,7.150187349743909,5.913,-1.237187349743909,8.0,0.05018847334286136
40,19,Banana,27.24,72.87,0.888,0.571,4.65,25.0,2.2,1.0,0.041667,1.1931709758383455,0.8995285053063475,7.100471494693652,5.9072,-1.1932714946936525,8.0,0.049715855050256344
40,20,Banana,28.14,74.7,0.888,0.571,4.65,25.0,2.2,1.0,0.041667,1.2809162102756095,0.9529004410399013,7.047099558960099,5.8795,-1.1675995589600987,8.0,0.053371935733553824
40,21,Banana,26.85,72.65,0.888,0.571,4.65,25.0,2.2,1.0,0.041667,1.1570395277936183,1.001110807044478,6.998889192955522,5.8346,-1.164289192955522,8.0,0.0482103660045767
40,22,Banana,32.11,66.74,0.888,0.571,4.65,25.0,2.2,1.0,0.041667,1.7517112779074993,1.0740993608610498,6.92590063913895,5.8176,-1.1083006391389505,8.0,0.07298855381657178
40,23,Banana,25.15,70.12,0.888,0.571,4.65,25.0,2.2,1.0,0.041667,1.0118970742490738,1.116262076253786,6.883737923746214,5.6045,-1.279237923746214,8.0,0.04216271539273616
40,24,Banana,23.71,57.05,0.888,0.571,4.65,25.0,2.2,1.0,0.041667,0.9032905653873041,1.1538994842417787,6.846100515758222,5.6847,-1.1614005157582215,8.0,0.0376374079879928
40,25,Banana,29.32,57.47,0.888,0.571,4.65,25.0,2.2,1.0,0.041667,1.405809902374374,1.212475365444012,6.787524634555988,5.3909,-1.3966246345559874,8.0,0.058575881202233046
40,26,Banana,23.99,62.44,0.888,0.571,4.65,25.0,2.2,1.0,0.041667,0.9234540902123684,1.2509529270208906,6.74904707297911,5.404,-1.34504707297911,8.0,0.038477561576878754
40,27,Banana,22.23,68.78,0.888,0.571,4.65,25.0,2.2,1.0,0.041667,0.8038016945296482,1.2844449322268574,6.715555067773143,5.5054,-1.210155067773143,8.0,0.03349200520596685
40,28,Banana,21.15,60.25,0.888,0.571,4.65,25.0,2.2,1.0,0.041667,0.7381884875994436,1.3152030319396635,6.684796968060336,5.6495,-1.0352969680603366,8.0,0.030758099712806016
40,29,Banana,22.45,66.18,0.888,0.571,4.65,25.0,2.2,1.0,0.041667,0.8178661170255416,1.3492810594377667,6.650718940562234,5.3834,-1.2673189405622338,8.0,0.03407802749810324
40,30,Banana,20.95,71.65,0.888,0.571,4.65,25.0,2.2,1.0,0.041667,0.7266391853212262,1.3795579343725461,6.620442065627454,5.3252,-1.2952420656274546,8.0,0.030276874934779534
40,31,Banana,22.64,66.02,0.888,0.571,4.65,25.0,2.2,1.0,0.041667,0.8302105488515835,1.414150317311545,6.585849682688455,5.3135,-1.2723496826884544,8.0,0.03459238293899893
40,32,Banana,23.2,75.63,0.888,0.571,4.65,25.0,2.2,1.0,0.041667,0.8676886517010793,1.450304300361974,6.549695699638026,5.2434,-1.3062956996380253,8.0,0.03615398305042888
40,33,Banana,24.53,71.72,0.888,0.571,4.65,25.0,2.2,1.0,0.041667,0.9636207294793923,1.4904554852971919,6.509544514702808,5.2191,-1.2904445147028083,8.0,0.04015118493521784
40,34,Banana,29.33,80.22,0.888,0.571,4.65,25.0,2.2,1.0,0.041667,1.4069187606254538,1.5490775692961727,6.4509224307038275,4.9631,-1.4878224307038277,8.0,0.05862208399898079
40,35,Banana,25.49,86.6,0.888,0.571,4.65,25.0,2.2,1.0,0.041667,1.0393904241201422,1.5923858500979866,6.407614149902013,4.866,-1.5416141499020135,8.0,0.04330828080181397
40,36,Banana,25.15,81.7,0.888,0.571,4.65,25.0,2.2,1.0,0.041667,1.0118970742490738,1.6345485654907228,6.365451434509277,4.8419,-1.5235514345092769,8.0,0.04216271539273616
40,37,Banana,24.74,80.69,0.888,0.571,4.65,25.0,2.2,1.0,0.041667,0.9797088029007974,1.6753700921811903,6.32462990781881,4.834,-1.4906299078188106,8.0,0.04082152669046753
40,38,Banana,28.82,86.43,0.888,0.571,4.65,25.0,2.2,1.0,0.041667,1.351467057487338,1.7316816700655153,6.268318329934485,4.7372,-1.5311183299344853,8.0,0.05631157788432491
40,39,Banana,26.42,81.15,0.888,0.571,4.65,25.0,2.2,1.0,0.041667,1.1184691781703624,1.7782849253123398,6.22171507468766,4.7106,-1.5111150746876598,8.0,0.046603255246824495
40,40,Banana,28.21,82.04,0.888,0.571,4.65,25.0,2.2,1.0,0.041667,1.2880053902845414,1.8319522459093258,6.168047754090674,4.6308,-1.5372477540906742,8.0,0.05366732059698599
40,41,Banana,27.67,78.21,0.888,0.571,4.65,25.0,2.2,1.0,0.041667,1.2343174129477614,1.8833825495546201,6.11661745044538,4.6967,-1.4199174504453804,8.0,0.05143030364529438
40,42,Banana,28.73,77.28,0.888,0.571,4.65,25.0,2.2,1.0,0.041667,1.341910836276877,1.9392959483697687,6.060704051630231,4.6263,-1.4344040516302314,8.0,0.05591339881514864
40,43,Banana,27.67,74.92,0.888,0.571,4.65,25.0,2.2,1.0,0.041667,1.2343174129477614,1.990726252015063,6.0092737479849365,4.433,-1.5762737479849367,8.0,0.05143030364529438
40,44,Banana,25.32,70.35,0.888,0.571,4.65,25.0,2.2,1.0,0.041667,1.0255516218941279,2.033457911444526,5.9665420885554745,4.5923,-1.3742420885554747,8.0,0.04273165942946263
40,45,Banana,27.02,66.62,0.888,0.571,4.65,25.0,2.2,1.0,0.041667,1.1726526289296135,2.082318828534136,5.917681171465864,4.5936,-1.3240811714658633,8.0,0.04886091708961021
40,46,Banana,25.95,68.76,0.888,0.571,4.65,25.0,2.2,1.0,0.041667,1.0777800853687407,2.1272266913511952,5.872773308648805,4.5894,-1.2833733086488044,8.0,0.04490786281705932
40,47,Banana,25.14,65.24,0.888,0.571,4.65,25.0,2.2,1.0,0.041667,1.011099551000805,2.169356176342746,5.830643823657255,4.468,-1.3626438236572547,8.0,0.042129484991550545
40,48,Banana,24.35,64.85,0.888,0.571,4.65,25.0,2.2,1.0,0.041667,0.9500413885672393,2.208941550880177,5.791058449119824,4.4798,-1.3112584491198236,8.0,0.03958537453743116
40,49,Banana,24.57,60.35,0.888,0.571,4.65,25.0,2.2,1.0,0.041667,0.9666646223428456,2.2492195656993363,5.750780434300664,4.4599,-1.2908804343006635,8.0,0.040278014819159345
40,50,Banana,22.04,60.53,0.888,0.571,4.65,25.0,2.2,1.0,0.041667,0.7918499369501958,2.2822135770222403,5.71778642297776,4.3835,-1.33428642297776,8.0,0.03299401132290381
40,51,Banana,22.65,60.27,0.888,0.571,4.65,25.0,2.2,1.0,0.041667,0.8308653925937372,2.3168332453354434,5.683166754664557,4.2021,-1.4810667546645568,8.0,0.03461966831320325
40,52,Banana,23.44,58.7,0.888,0.571,4.65,25.0,2.2,1.0,0.041667,0.8842642389091853,2.3536778833780723,5.646322116621928,4.327,-1.3193221166219278,8.0,0.036844638042629024
40,53,Banana,21.12,63.85,0.888,0.571,4.65,25.0,2.2,1.0,0.041667,0.736444460609817,2.3843633147183017,5.615636685281698,4.1679,-1.447736685281698,8.0,0.03068543134022925
40,54,Banana,21.95,64.7,0.888,0.571,4.65,25.0,2.2,1.0,0.041667,0.7862507674247067,2.4171240254445867,5.582875974555414,4.2048,-1.378075974555414,8.0,0.03276071072628525
40,55,Banana,26.18,71.73,0.888,0.571,4.65,25.0,2.2,1.0,0.041667,1.0975034050602666,2.462853699823233,5.537146300176767,4.0842,-1.4529463001767668,8.0,0.045729674378646126
40,56,Banana,23.66,77.96,0.888,0.571,4.65,25.0,2.2,1.0,0.041667,0.8997365449999378,2.5003430224437455,5.4996569775562545,3.8767,-1.6229569775562545,8.0,0.03748932262051241
40,57,Banana,23.67,79.11,0.888,0.571,4.65,25.0,2.2,1.0,0.041667,0.900446228642112,2.5378619154525763,5.462138084547424,3.7831,-1.6790380845474235,8.0,0.037518893008830885
40,58,Banana,24.29,79.33,0.888,0.571,4.65,25.0,2.2,1.0,0.041667,0.9455576000049629,2.577260463971983,5.422739536028017,3.8146,-1.6081395360280166,8.0,0.039398548519406794
40,59,Banana,24.89,88.05,0.888,0.571,4.65,25.0,2.2,1.0,0.041667,0.9913644712713798,2.6185676473964477,5.381432352603552,3.3838,-1.997632352603552,8.0,0.041307183424464586
40,60,Banana,24.04,74.73,0.888,0.571,4.65,25.0,2.2,1.0,0.041667,0.9271017965122296,2.6571971979517226,5.342802802048277,3.8196,-1.5232028020482775,8.0,0.038629550555275075
40,61,Banana,25.9,72.91,0.888,0.571,4.65,25.0,2.2,1.0,0.041667,1.0735395313949974,2.701928369606358,5.2980716303936415,3.7088,-1.5892716303936414,8.0,0.04473117165463536
40,62,Banana,26.01,85.57,0.888,0.571,4.65,25.0,2.2,1.0,0.041667,1.0828908665833386,2.747049183344286,5.252950816655714,3.3403,-1.912650816655714,8.0,0.04512081373792797
40,63,Banana,26.8,82.59,0.888,0.571,4.65,25.0,2.2,1.0,0.041667,1.1524871254677906,2.7950698644011527,5.204930135598847,3.4589,-1.746030135598847,8.0,0.04802068105686644
40,64,Banana,27.27,84.76,0.888,0.571,4.65,25.0,2.2,1.0,0.041667,1.1959966096728074,2.8449034551363894,5.155096544863611,3.2836,-1.8714965448636107,8.0,0.04983359073523687
40,65,Banana,34.17,78.42,0.888,0.571,4.65,25.0,2.2,1.0,0.041667,2.0606374969252412,2.9307640377207735,5.069235962279226,3.485,-1.5842359622792261,8.0,0.08586058258438403
40,66,Banana,28.03,78.48,0.888,0.571,4.65,25.0,2.2,1.0,0.041667,1.2698548215428191,2.983675078569998,5.016324921430002,3.3872,-1.6291249214300016,8.0,0.05291104084922465
40,67,Banana,27.15,66.03,0.888,0.571,4.65,25.0,2.2,1.0,0.041667,1.1847340659456163,3.033039392895754,4.966960607104246,3.2663,-1.700660607104246,8.0,0.049364314325756
40,68,Banana,26.27,70.53,0.888,0.571,4.65,25.0,2.2,1.0,0.041667,1.1053191145951036,3.0790947244435882,4.920905275556412,3.3415,-1.5794052755564119,8.0,0.046055331547834186
40,69,Banana,25.96,66.36,0.888,0.571,4.65,25.0,2.2,1.0,0.041667,1.0786302041070512,3.1240380091581166,4.875961990841883,3.3437,-1.5322619908418833,8.0,0.044943284714528506
40,70,Banana,26.99,67.1,0.888,0.571,4.65,25.0,2.2,1.0,0.041667,1.1698821470423104,3.172783488578929,4.827216511421071,3.201,-1.6262165114210707,8.0,0.04874547942081195
40,71,Banana,26.5,62.07,0.888,0.571,4.65,25.0,2.2,1.0,0.041667,1.1255463970938844,3.21968163030664,4.78031836969336,3.237,-1.5433183696933597,8.0,0.04689814172771088
40,72,Banana,23.87,63.66,0.888,0.571,4.65,25.0,2.2,1.0,0.041667,0.9147580437629428,3.25779685371611,4.74220314628389,3.2612,-1.4810031462838897,8.0,0.03811522340947054
40,73,Banana,24.16,64.11,0.888,0.571,4.65,25.0,2.2,1.0,0.041667,0.9359151874857072,3.296793631833077,4.7032063681669225,3.0865,-1.6167063681669225,8.0,0.03899677811696697
40,74,Banana,24.35,62.87,0.888,0.571,4.65,25.0,2.2,1.0,0.041667,0.9500413885672393,3.336379006370508,4.6636209936294915,2.9472,-1.7164209936294914,8.0,0.03958537453743116
40,75,Banana,23.66,59.07,0.888,0.571,4.65,25.0,2.2,1.0,0.041667,0.8997365449999378,3.3738683289910205,4.626131671008979,3.0867,-1.539431671008979,8.0,0.03748932262051241
40,76,Banana,21.46,70.35,0.888,0.571,4.65,25.0,2.2,1.0,0.041667,0.7564537340146061,3.4053874867262075,4.594612513273793,2.8579,-1.736712513273793,8.0,0.0315191577351866
40,77,Banana,21.72,67.1,0.888,0.571,4.65,25.0,2.2,1.0,0.041667,0.7721209932735517,3.4375594521529362,4.562440547847064,3.0387,-1.5237405478470643,8.0,0.03217196542672908
40,78,Banana,21.88,64.94,0.888,0.571,4.65,25.0,2.2,1.0,0.041667,0.7819232442136405,3.470139847969586,4.529860152030414,2.9986,-1.531260152030414,8.0,0.03258039581664976
40,79,Banana,23.1,71.42,0.888,0.571,4.65,25.0,2.2,1.0,0.041667,0.8608741965010266,3.5060098931151944,4.493990106884805,2.7192,-1.7747901068848053,8.0,0.03587004514560828
40,80,Banana,22.83,79.12,0.888,0.571,4.65,25.0,2.2,1.0,0.041667,0.84274130090038,3.5411243948998106,4.458875605100189,2.6399,-1.8189756051001895,8.0,0.035114501784616135
40,81,Banana,24.45,78.55,0.888,0.571,4.65,25.0,2.2,1.0,0.041667,0.9575616679610236,3.5810231169187423,4.418976883081258,2.6382,-1.7807768830812578,8.0,0.03989872201893197
40,82,Banana,24.26,75.46,0.888,0.571,4.65,25.0,2.2,1.0,0.041667,0.9433236475627923,3.6203285833417413,4.379671416658258,2.6201,-1.7595714166582583,8.0,0.03930546642299887
40,83,Banana,23.73,80.83,0.888,0.571,4.65,25.0,2.2,1.0,0.041667,0.9047161012558047,3.658025389132767,4.341974610867233,2.3542,-1.9877746108672327,8.0,0.03769680579102562
40,84,Banana,25.02,84.53,0.888,0.571,4.65,25.0,2.2,1.0,0.041667,1.0015781587045463,3.6997581462715092,4.30024185372849,2.1804,-2.11984185372849,8.0,0.04173275713874233
40,85,Banana,25.6,80.61,0.888,0.571,4.65,25.0,2.2,1.0,0.041667,1.0484442949495372,3.7434436747091717,4.256556325290829,2.4247,-1.8318563252908286,8.0,0.043685528437662366
40,86,Banana,27.2,82.14,0.888,0.571,4.65,25.0,2.2,1.0,0.041667,1.1894138458738377,3.793002981425197,4.206997018574803,2.2681,-1.9388970185748033,8.0,0.049559306716025195
40,87,Banana,27.93,80.72,0.888,0.571,4.65,25.0,2.2,1.0,0.041667,1.2598819254181435,3.8454984816115947,4.154501518388406,2.1561,-1.9984015183884059,8.0,0.05249550018639779
40,88,Banana,26.7,79.27,0.888,0.571,4.65,25.0,2.2,1.0,0.041667,1.1434359849812332,3.893142028797808,4.106857971202192,2.3273,-1.779557971202192,8.0,0.047643547186213046
40,89,Banana,27.96,80.9,0.888,0.571,4.65,25.0,2.2,1.0,0.041667,1.2628655422408601,3.9457618473463576,4.054238152653642,2.0847,-1.9695381526536422,8.0,0.05261981854854992
40,90,Banana,27.7,76.61,0.888,0.571,4.65,25.0,2.2,1.0,0.041667,1.2372404886134596,3.9973139467854146,4.002686053214585,1.9481,-2.054586053214585,8.0,0.051552099439057024
40,91,Banana,28.38,76.31,0.888,0.571,4.65,25.0,2.2,1.0,0.041667,1.3053857458723641,4.051705454658679,3.948294545341321,1.9957,-1.9525945453413212,8.0,0.0543915078732638
40,92,Banana,26.73,67.44,0.888,0.571,4.65,25.0,2.2,1.0,0.041667,1.1461438378138369,4.099461829948868,3.9005381700511323,2.3005,-1.6000381700511324,8.0,0.04775637529018915
40,93,Banana,27.2,67.61,0.888,0.571,4.65,25.0,2.2,1.0,0.041667,1.1894138458738377,4.149021136664893,3.850978863335107,1.9215,-1.929478863335107,8.0,0.049559306716025195
40,94,Banana,25.8,65.59,0.888,0.571,4.65,25.0,2.2,1.0,0.041667,1.0651084115136495,4.193401008847432,3.806598991152568,2.0638,-1.742798991152568,8.0,0.04437987218253924
40,95,Banana,25.72,65.51,0.888,0.571,4.65,25.0,2.2,1.0,0.041667,1.058411215000889,4.237501828942874,3.7624981710571257,2.0993,-1.6631981710571258,8.0,0.04410082009544205
41,0,Tomato,22.19,63.13,0.968,0.374,22.29,25.0,2.0,1.0,0.041667,0.8230203452787082,0.03429278872672793,9.965707211273273,10.0,0.03429278872672725,10.0,0.03429278872672793
41,1,Tomato,22.71,69.77,0.968,0.374,22.29,25.0,2.0,1.0,0.041667,0.8532260981120675,0.06984416055676346,9.930155839443236,9.9321,0.001944160556764274,10.0,0.03555137183003552
41,2,Tomato,22.85,73.12,0.968,0.374,22.29,25.0,2.0,1.0,0.041667,0.8615461597120172,0.10574220439348407,9.894257795606515,9.8922,-0.002057795606514645,10.0,0.03589804383672062
41,3,Tomato,22.22,69.7,0.968,0.374,22.29,25.0,2.0,1.0,0.041667,0.8247335486100813,0.14010637716342034,9.85989362283658,9.8971,0.0372063771634199,10.0,0.03436417276993626
41,4,Tomato,23.5,70.62,0.968,0.374,22.29,25.0,2.0,1.0,0.041667,0.9012504626108302,0.1776587801890258,9.822341219810975,9.811,-0.011341219810974579,10.0,0.03755240302560547
41,5,Tomato,25.2,77.42,0.968,0.374,22.29,25.0,2.0,1.0,0.041667,1.013959479790029,0.21990742983343695,9.780092570166563,9.7183,-0.061792570166563365,10.0,0.04224864964441114
41,6,Tomato,25.06,79.16,0.968,0.374,22.29,25.0,2.0,1.0,0.041667,1.004167543238973,0.26174807885757523,9.738251921142425,9.6784,-0.05985192114242466,10.0,0.04184064902413829
41,7,Tomato,24.71,81.99,0.968,0.374,22.29,25.0,2.0,1.0,0.041667,0.9800994153418707,0.30258588119662494,9.697414118803374,9.4753,-0.22211411880337373,10.0,0.04083780233904973
41,8,Tomato,25.66,79.88,0.968,0.374,22.29,25.0,2.0,1.0,0.041667,1.0468102819745757,0.3462033252156596,9.65379667478434,9.5503,-0.10349667478434021,10.0,0.04361744401903465
41,9,Tomato,26.14,78.11,0.968,0.374,22.29,25.0,2.0,1.0,0.041667,1.0822246445257149,0.39129637947911255,9.608703620520888,9.4217,-0.1870036205208887,10.0,0.04509305426345296
41,10,Tomato,26.78,80.81,0.968,0.374,22.29,25.0,2.0,1.0,0.041667,1.1313144628459004,0.4384348592025127,9.561565140797487,9.2862,-0.2753651407974882,10.0,0.047138479723400135
41,11,Tomato,28.38,82.67,0.968,0.374,22.29,25.0,2.0,1.0,0.041667,1.2640030984528068,0.4911020763057458,9.508897923694255,9.3364,-0.1724979236942552,10.0,0.052667217103233105
41,12,Tomato,27.09,73.12,0.968,0.374,22.29,25.0,2.0,1.0,0.041667,1.1558867065547986,0.5392644077077646,9.460735592292234,9.2756,-0.18513559229223375,10.0,0.048162331402018796
41,13,Tomato,25.73,77.87,0.968,0.374,22.29,25.0,2.0,1.0,0.041667,1.0519017792038723,0.5830939991418523,9.416906000858148,9.1973,-0.21960600085814797,10.0,0.043829591434087746
41,14,Tomato,26.52,73.4,0.968,0.374,22.29,25.0,2.0,1.0,0.041667,1.1111087286550936,0.6293905665387242,9.370609433461276,9.024,-0.3466094334612766,10.0,0.04629656739687179
41,15,Tomato,26.22,72.95,0.968,0.374,22.29,25.0,2.0,1.0,0.041667,1.0882424416708036,0.6747343643558216,9.325265635644179,8.872,-0.4532656356441791,10.0,0.04534379781709738
41,16,Tomato,27.52,67.22,0.968,0.374,22.29,25.0,2.0,1.0,0.041667,1.1908568493649683,0.7243537966983117,9.275646203301688,8.9817,-0.2939462033016884,10.0,0.04961943234249014
41,17,Tomato,26.73,64.36,0.968,0.374,22.29,25.0,2.0,1.0,0.041667,1.1274004121454215,0.7713291896711749,9.228670810328826,8.9128,-0.3158708103288248,10.0,0.04697539297286328
41,18,Tomato,27.05,72.64,0.968,0.374,22.29,25.0,2.0,1.0,0.041667,1.1526863467988644,0.8193581716832432,9.180641828316757,8.8243,-0.35634182831675787,10.0,0.04802898201206829
41,19,Tomato,26.25,67.69,0.968,0.374,22.29,25.0,2.0,1.0,0.041667,1.0905077326652577,0.8647963573802065,9.135203642619793,8.8567,-0.27850364261979266,10.0,0.04543818569696329
41,20,Tomato,22.37,58.99,0.968,0.374,22.29,25.0,2.0,1.0,0.041667,0.8333532071592185,0.8995196854629097,9.10048031453709,8.5727,-0.5277803145370914,10.0,0.034723328082703155
41,21,Tomato,29.33,62.3,0.968,0.374,22.29,25.0,2.0,1.0,0.041667,1.3500379851227455,0.9557717181890191,9.04422828181098,8.7755,-0.2687282818109811,10.0,0.056252032726109444
41,22,Tomato,22.25,68.35,0.968,0.374,22.29,25.0,2.0,1.0,0.041667,0.8264503181542117,0.9902074235955507,9.009792576404449,8.525,-0.4847925764044483,10.0,0.03443570540653154
41,23,Tomato,21.75,64.76,0.968,0.374,22.29,25.0,2.0,1.0,0.041667,0.7982983863566498,1.0234701224598732,8.976529877540127,8.5598,-0.4167298775401278,10.0,0.03326269886432253
41,24,Tomato,22.55,62.37,0.968,0.374,22.29,25.0,2.0,1.0,0.041667,0.8438157961300179,1.0586293952372225,8.941370604762778,8.4372,-0.504170604762777,10.0,0.03515927277734946
41,25,Tomato,23.9,68.63,0.968,0.374,22.29,25.0,2.0,1.0,0.041667,0.9265880618903708,1.0972375400120087,8.902762459987992,8.3304,-0.5723624599879926,10.0,0.03860814477478608
41,26,Tomato,23.27,67.38,0.968,0.374,22.29,25.0,2.0,1.0,0.041667,0.8869963051521499,1.1341960150587833,8.865803984941216,8.3077,-0.5581039849412157,10.0,0.03695847504677463
41,27,Tomato,23.23,72.88,0.968,0.374,22.29,25.0,2.0,1.0,0.041667,0.8845404353315406,1.1710521613777427,8.828947838622257,8.2149,-0.6140478386222572,10.0,0.0368561463189593
41,28,Tomato,22.7,70.72,0.968,0.374,22.29,25.0,2.0,1.0,0.041667,0.8526348917679567,1.2065788994130382,8.793421100586961,8.2055,-0.5879211005869607,10.0,0.035526738035295456
41,29,Tomato,24.41,76.4,0.968,0.374,22.29,25.0,2.0,1.0,0.041667,0.959929261038908,1.2465762719327462,8.753423728067254,8.1694,-0.5840237280672547,10.0,0.03999737251970818
41,30,Tomato,24.39,74.82,0.968,0.374,22.29,25.0,2.0,1.0,0.041667,0.9585994384929766,1.2865182347364332,8.713481765263566,8.0657,-0.6477817652635665,10.0,0.03994196280368686
41,31,Tomato,25.23,81.62,0.968,0.374,22.29,25.0,2.0,1.0,0.041667,1.016070142993702,1.3288548293845517,8.671145170615448,7.7197,-0.9514451706154485,10.0,0.042336594648118585
41,32,Tomato,26.94,81.75,0.968,0.374,22.29,25.0,2.0,1.0,0.041667,1.1439309732038077,1.3765190012450348,8.623480998754966,7.9374,-0.6860809987549654,10.0,0.04766417186048306
41,33,Tomato,25.72,80.48,0.968,0.374,22.29,25.0,2.0,1.0,0.041667,1.0511729090877064,1.4203182228479923,8.579681777152008,7.8379,-0.7417817771520072,10.0,0.04379922160295747
41,34,Tomato,28.04,82.15,0.968,0.374,22.29,25.0,2.0,1.0,0.041667,1.2345626068935383,1.4717587429894254,8.528241257010574,7.7354,-0.7928412570105738,10.0,0.05144052014143306
41,35,Tomato,28.05,77.35,0.968,0.374,22.29,25.0,2.0,1.0,0.041667,1.2354186371269291,1.523234931342593,8.476765068657407,7.7212,-0.7555650686574076,10.0,0.05147618835316776
41,36,Tomato,28.59,82.39,0.968,0.374,22.29,25.0,2.0,1.0,0.041667,1.282536602762248,1.5766743839698876,8.423325616030112,7.4316,-0.991725616030112,10.0,0.05343945262729459
41,37,Tomato,27.76,81.99,0.968,0.374,22.29,25.0,2.0,1.0,0.041667,1.2108330839505541,1.6271261660788554,8.372873833921144,7.4252,-0.9476738339211437,10.0,0.05045178210896774
41,38,Tomato,27.51,83.12,0.968,0.374,22.29,25.0,2.0,1.0,0.041667,1.1900316963066757,1.6767112167688656,8.323288783231135,7.3827,-0.940588783231135,10.0,0.04958505069001026
41,39,Tomato,29.02,71.02,0.968,0.374,22.29,25.0,2.0,1.0,0.041667,1.321338405658265,1.7317674241174286,8.268232575882571,7.3514,-0.9168325758825713,10.0,0.05505620734856294
41,40,Tomato,25.74,73.27,0.968,0.374,22.29,25.0,2.0,1.0,0.041667,1.0526311547094385,1.7756274064407067,8.224372593559293,7.2391,-0.9852725935592934,10.0,0.043859982323278174
41,41,Tomato,26.56,64.91,0.968,0.374,22.29,25.0,2.0,1.0,0.041667,1.1141936508193322,1.8220525132893959,8.177947486710604,7.3862,-0.7917474867106042,10.0,0.04642510684868912
41,42,Tomato,24.77,65.58,0.968,0.374,22.29,25.0,2.0,1.0,0.041667,0.9841840220338002,1.8630605089354784,8.136939491064522,7.2229,-0.9140394910645222,10.0,0.04100799564608235
41,43,Tomato,24.06,64.6,0.968,0.374,22.29,25.0,2.0,1.0,0.041667,0.9369214468724254,1.9020992148623117,8.09790078513769,7.1782,-0.9197007851376888,10.0,0.03903870592683335
41,44,Tomato,22.25,71.25,0.968,0.374,22.29,25.0,2.0,1.0,0.041667,0.8264503181542117,1.936534920268843,8.063465079731158,7.2437,-0.819765079731158,10.0,0.03443570540653154
41,45,Tomato,21.71,59.3,0.968,0.374,22.29,25.0,2.0,1.0,0.041667,0.7960880987787798,1.9697055230806586,8.030294476919341,7.0205,-1.0097944769193408,10.0,0.03317060281181542
41,46,Tomato,22.69,62.84,0.968,0.374,22.29,25.0,2.0,1.0,0.041667,0.852044095074866,2.005207644390143,7.994792355609857,6.945,-1.0497923556098563,10.0,0.03550212130948444
41,47,Tomato,20.23,63.3,0.968,0.374,22.29,25.0,2.0,1.0,0.041667,0.7184700882720316,2.0351441375581736,7.964855862441826,7.0929,-0.8719558624418262,10.0,0.029936493168030744
41,48,Tomato,21.77,66.82,0.968,0.374,22.29,25.0,2.0,1.0,0.041667,0.7994058303524723,2.0684529802914704,7.93154701970853,6.9669,-0.9646470197085302,10.0,0.03330884273329646
41,49,Tomato,22.47,67.08,0.968,0.374,22.29,25.0,2.0,1.0,0.041667,0.8391496371065414,2.1034178282207887,7.896582171779212,6.8115,-1.085082171779212,10.0,0.03496484792931826
41,50,Tomato,20.96,67.17,0.968,0.374,22.29,25.0,2.0,1.0,0.041667,0.7557599641581133,2.1349080786473644,7.865091921352636,6.753,-1.1120919213526355,10.0,0.03149025042657611
41,51,Tomato,22.83,69.44,0.968,0.374,22.29,25.0,2.0,1.0,0.041667,0.8603526306114396,2.1707563917070516,7.829243608292948,6.5723,-1.2569436082929482,10.0,0.03584831305968686
41,52,Tomato,22.86,73.71,0.968,0.374,22.29,25.0,2.0,1.0,0.041667,0.8621435450175959,2.2066793267972997,7.7933206732027,6.5354,-1.2579206732027002,10.0,0.03592293509024817
41,53,Tomato,24.59,77.51,0.968,0.374,22.29,25.0,2.0,1.0,0.041667,0.9719809879813525,2.247178858623519,7.752821141376481,6.5764,-1.1764211413764816,10.0,0.040499531826219015
41,54,Tomato,24.65,80.8,0.968,0.374,22.29,25.0,2.0,1.0,0.041667,0.9760317607762246,2.2878471739997814,7.712152826000219,6.4815,-1.2306528260002194,10.0,0.04066831537626295
41,55,Tomato,24.45,77.15,0.968,0.374,22.29,25.0,2.0,1.0,0.041667,0.9625944431017514,2.327955596660502,7.672044403339498,6.3519,-1.3201444033394987,10.0,0.04010842266072068
41,56,Tomato,26.72,83.63,0.968,0.374,22.29,25.0,2.0,1.0,0.041667,1.1266192284972791,2.3748984400542983,7.625101559945701,6.1397,-1.4854015599457009,10.0,0.04694284339379613
41,57,Tomato,26.27,83.82,0.968,0.374,22.29,25.0,2.0,1.0,0.041667,1.092020545745652,2.4203996601338824,7.579600339866118,6.0603,-1.5193003398661178,10.0,0.045501220079584084
41,58,Tomato,27.98,80.18,0.968,0.374,22.29,25.0,2.0,1.0,0.041667,1.2294388672545808,2.4716266894157792,7.528373310584221,6.0601,-1.4682733105842205,10.0,0.051227029281896624
41,59,Tomato,26.95,86.11,0.968,0.374,22.29,25.0,2.0,1.0,0.041667,1.1447241605986846,2.5193239110154444,7.480676088984556,5.9665,-1.5141760889845557,10.0,0.0476972215996654
41,60,Tomato,27.62,77.4,0.968,0.374,22.29,25.0,2.0,1.0,0.041667,1.1991399137911127,2.569288473803379,7.430711526196621,5.9885,-1.4422115261966209,10.0,0.0499645627879343
41,61,Tomato,28.99,80.85,0.968,0.374,22.29,25.0,2.0,1.0,0.041667,1.3185936144923662,2.6242303139384324,7.375769686061568,5.7343,-1.6414696860615674,10.0,0.054941840135053426
41,62,Tomato,29.43,72.23,0.968,0.374,22.29,25.0,2.0,1.0,0.041667,1.3594282419067387,2.6808736104939603,7.31912638950604,5.8986,-1.4205263895060396,10.0,0.056643296555528085
41,63,Tomato,27.98,75.05,0.968,0.374,22.29,25.0,2.0,1.0,0.041667,1.2294388672545808,2.732100639775857,7.267899360224143,5.8838,-1.384099360224143,10.0,0.051227029281896624
41,64,Tomato,26.21,70.85,0.968,0.374,22.29,25.0,2.0,1.0,0.041667,1.087488390854883,2.777413018557607,7.222586981442393,5.7403,-1.4822869814423925,10.0,0.04531237878175041
41,65,Tomato,27.47,65.93,0.968,0.374,22.29,25.0,2.0,1.0,0.041667,1.186736797656532,2.826860780705562,7.173139219294438,5.7389,-1.4342392192944375,10.0,0.04944776214795472
41,66,Tomato,25.05,66.9,0.968,0.374,22.29,25.0,2.0,1.0,0.041667,1.0034717485095028,2.8686724380507074,7.131327561949293,5.705,-1.426327561949293,10.0,0.041811657345145456
41,67,Tomato,23.71,61.31,0.968,0.374,22.29,25.0,2.0,1.0,0.041667,0.9144650894999016,2.9067754549349,7.0932245450651,5.6887,-1.4045245450651,10.0,0.0381030168841924
41,68,Tomato,22.26,60.74,0.968,0.374,22.29,25.0,2.0,1.0,0.041667,0.8270233684432657,2.9412350376278256,7.058764962372175,5.5365,-1.5222649623721747,10.0,0.03445958269292555
41,69,Tomato,23.62,71.12,0.968,0.374,22.29,25.0,2.0,1.0,0.041667,0.9087781164485201,2.979101095405886,7.020898904594114,5.3911,-1.6297989045941144,10.0,0.03786605777806049
41,70,Tomato,22.82,64.1,0.968,0.374,22.29,25.0,2.0,1.0,0.041667,0.8597564862430065,3.014924568918173,6.985075431081826,5.3689,-1.6161754310818264,10.0,0.03582347351228735
41,71,Tomato,21.58,63.61,0.968,0.374,22.29,25.0,2.0,1.0,0.041667,0.7889468408524651,3.047797616935973,6.9522023830640265,5.447,-1.5052023830640264,10.0,0.032873048017799666
41,72,Tomato,22.15,60.17,0.968,0.374,22.29,25.0,2.0,1.0,0.041667,0.8207416088104983,3.08199545755028,6.9180045424497205,5.319,-1.5990045424497206,10.0,0.034197840614307036
41,73,Tomato,22.82,64.25,0.968,0.374,22.29,25.0,2.0,1.0,0.041667,0.8597564862430065,3.1178189310625672,6.882181068937433,5.2123,-1.6698810689374328,10.0,0.03582347351228735
41,74,Tomato,20.76,65.66,0.968,0.374,22.29,25.0,2.0,1.0,0.041667,0.7453551933994603,3.148875645905943,6.851124354094058,5.1992,-1.6519243540940574,10.0,0.031056714843375317
41,75,Tomato,25.29,75.25,0.968,0.374,22.29,25.0,2.0,1.0,0.041667,1.0203046592484577,3.191388680142848,6.808611319857151,5.0466,-1.7620113198571516,10.0,0.042513034236905486
41,76,Tomato,21.95,77.96,0.968,0.374,22.29,25.0,2.0,1.0,0.041667,0.8094422165474084,3.225115708979729,6.774884291020271,4.7802,-1.9946842910202713,10.0,0.03372702883688087
41,77,Tomato,24.25,76.28,0.968,0.374,22.29,25.0,2.0,1.0,0.041667,0.9493421209505192,3.2646719471333743,6.735328052866626,4.913,-1.8223280528666255,10.0,0.039556238153645285
41,78,Tomato,24.79,87.66,0.968,0.374,22.29,25.0,2.0,1.0,0.041667,0.9855493369393707,3.305736831355627,6.6942631686443725,4.2695,-2.4247631686443727,10.0,0.04106488422225276
41,79,Tomato,25.04,78.49,0.968,0.374,22.29,25.0,2.0,1.0,0.041667,1.0027764359010776,3.3475195171103174,6.652480482889683,4.603,-2.049480482889683,10.0,0.0417826857546902
41,80,Tomato,25.99,81.66,0.968,0.374,22.29,25.0,2.0,1.0,0.041667,1.0710308231914547,3.3921461584202355,6.6078538415797645,4.6206,-1.987253841579765,10.0,0.04462664130991835
41,81,Tomato,26.52,79.96,0.968,0.374,22.29,25.0,2.0,1.0,0.041667,1.1111087286550936,3.4384427258171075,6.561557274182892,4.4767,-2.084857274182892,10.0,0.04629656739687179
41,82,Tomato,27.06,82.36,0.968,0.374,22.29,25.0,2.0,1.0,0.041667,1.1534856050600224,3.4865050105231434,6.513494989476857,4.4589,-2.0545949894768567,10.0,0.048062284706035956
41,83,Tomato,28.78,79.54,0.968,0.374,22.29,25.0,2.0,1.0,0.041667,1.29953906245544,3.540652904638474,6.459347095361526,4.464,-1.9953470953615255,10.0,0.054147894115330816
41,84,Tomato,26.99,81.4,0.968,0.374,22.29,25.0,2.0,1.0,0.041667,1.1479024138550018,3.5884825545165704,6.41151744548343,4.1909,-2.2206174454834295,10.0,0.04782964987809636
41,85,Tomato,27.46,75.18,0.968,0.374,22.29,25.0,2.0,1.0,0.041667,1.185914499410948,3.6378960539635266,6.3621039460364734,4.3631,-1.9990039460364732,10.0,0.04941349944695598
41,86,Tomato,27.6,80.81,0.968,0.374,22.29,25.0,2.0,1.0,0.041667,1.1974787046189288,3.6877913991488835,6.3122086008511165,4.0588,-2.2534086008511167,10.0,0.04989534518535691
41,87,Tomato,25.45,73.26,0.968,0.374,22.29,25.0,2.0,1.0,0.041667,1.0316831793013588,3.730778542180833,6.269221457819167,4.1741,-2.0951214578191673,10.0,0.04298714303194972
41,88,Tomato,26.28,69.57,0.968,0.374,22.29,25.0,2.0,1.0,0.041667,1.0927777391009525,3.7763113122359524,6.223688687764048,4.1436,-2.0800886877640474,10.0,0.045532770055119395
41,89,Tomato,26.19,68.05,0.968,0.374,22.29,25.0,2.0,1.0,0.041667,1.0859818563222943,3.8215609182433337,6.178439081756666,4.2411,-1.937339081756666,10.0,0.04524960600738104
41,90,Tomato,24.9,66.93,0.968,0.374,22.29,25.0,2.0,1.0,0.041667,0.9930924954370358,3.8629401032507085,6.1370598967492915,4.1353,-2.0017598967492916,10.0,0.041379185007374975
41,91,Tomato,25.09,63.18,0.968,0.374,22.29,25.0,2.0,1.0,0.041667,1.0062578234977817,3.904867847982391,6.095132152017609,4.1677,-1.9274321520176088,10.0,0.04192774473168207
41,92,Tomato,24.2,64.94,0.968,0.374,22.29,25.0,2.0,1.0,0.041667,0.9460576467255959,3.9442872319485063,6.055712768051494,4.0571,-1.998612768051494,10.0,0.039419383966115405
41,93,Tomato,23.88,67.43,0.968,0.374,22.29,25.0,2.0,1.0,0.041667,0.9253044280378522,3.9828418915515593,6.017158108448441,3.8892,-2.1279581084484405,10.0,0.03855465960305319
41,94,Tomato,20.68,62.46,0.968,0.374,22.29,25.0,2.0,1.0,0.041667,0.7412335049014175,4.013726868000287,5.986273131999713,3.7782,-2.208073131999713,10.0,0.030884976448727366
41,95,Tomato,22.77,58.97,0.968,0.374,22.29,25.0,2.0,1.0,0.041667,0.8567819547685698,4.049426401709629,5.950573598290371,4.0248,-1.9257735982903714,10.0,0.035699533709342
42,0,Tomato,24.35,87.68,0.893,0.481,23.79,25.0,2.0,1.0,0.041667,0.9559453175937422,0.03983137354817846,9.960168626451821,9.9433,-0.016868626451820745,10.0,0.03983137354817846
42,1,Tomato,26.55,87.24,0.893,0.481,23.79,25.0,2.0,1.0,0.041667,1.1134216182286865,0.08622431211491313,9.913775687885087,9.6947,-0.2190756878850877,10.0,0.04639293856673468
42,2,Tomato,26.5,83.03,0.893,0.481,23.79,25.0,2.0,1.0,0.041667,1.109569472067845,0.13245674330756405,9.867543256692436,9.6738,-0.19374325669243575,10.0,0.04623243119265091
42,3,Tomato,26.78,82.18,0.893,0.481,23.79,25.0,2.0,1.0,0.041667,1.1313144628459004,0.17959522303096417,9.820404776969037,9.854,0.03359522303096263,10.0,0.047138479723400135
42,4,Tomato,26.09,76.93,0.893,0.481,23.79,25.0,2.0,1.0,0.041667,1.0784804316944516,0.2245322671783769,9.775467732821623,9.673,-0.1024677328216228,10.0,0.044937044147412716
42,5,Tomato,27.72,79.82,0.893,0.481,23.79,25.0,2.0,1.0,0.041667,1.2074805914864961,0.27484436098384474,9.725155639016155,9.5332,-0.19195563901615387,10.0,0.050312093805467833
42,6,Tomato,26.95,80.39,0.893,0.481,23.79,25.0,2.0,1.0,0.041667,1.1447241605986846,0.3225415825835101,9.67745841741649,9.4457,-0.23175841741648995,10.0,0.0476972215996654
42,7,Tomato,28.23,74.33,0.893,0.481,23.79,25.0,2.0,1.0,0.041667,1.2509290801132664,0.3746640445645896,9.62533595543541,9.4016,-0.22373595543541036,10.0,0.052122461981079476
42,8,Tomato,27.83,78.97,0.893,0.481,23.79,25.0,2.0,1.0,0.041667,1.2167223586340676,0.4253612150817953,9.574638784918205,9.2554,-0.31923878491820545,10.0,0.0506971705172057
42,9,Tomato,28.51,69.71,0.893,0.481,23.79,25.0,2.0,1.0,0.041667,1.2754443916785443,0.4785051565498652,9.521494843450135,9.1507,-0.3707948434501347,10.0,0.05314394146806991
42,10,Tomato,26.2,69.48,0.893,0.481,23.79,25.0,2.0,1.0,0.041667,1.086734862526058,0.5237861380667385,9.476213861933262,9.1059,-0.370313861933262,10.0,0.045280981516873264
42,11,Tomato,25.57,65.04,0.893,0.481,23.79,25.0,2.0,1.0,0.041667,1.0403002665219858,0.56713232927191,9.43286767072809,9.0806,-0.3522676707280894,10.0,0.04334619120517159
42,12,Tomato,23.32,64.61,0.893,0.481,23.79,25.0,2.0,1.0,0.041667,0.8900757332524964,0.6042191148493419,9.395780885150659,9.0194,-0.3763808851506596,10.0,0.03708678557743177
42,13,Tomato,23.13,66.76,0.893,0.481,23.79,25.0,2.0,1.0,0.041667,0.8784304682383617,0.6408206771694297,9.35917932283057,9.0174,-0.3417793228305701,10.0,0.03660156232008782
42,14,Tomato,22.71,62.86,0.893,0.481,23.79,25.0,2.0,1.0,0.041667,0.8532260981120675,0.6763720489994651,9.323627951000535,8.8774,-0.4462279510005356,10.0,0.03555137183003552
42,15,Tomato,21.57,63.67,0.893,0.481,23.79,25.0,2.0,1.0,0.041667,0.7884001740562783,0.7092223190518682,9.290777680948132,8.8678,-0.42297768094813115,10.0,0.03285027005240295
42,16,Tomato,21.82,62.58,0.893,0.481,23.79,25.0,2.0,1.0,0.041667,0.8021811663524864,0.7426468017102772,9.257353198289723,8.9404,-0.31695319828972224,10.0,0.033424482658409055
42,17,Tomato,21.42,64.3,0.893,0.481,23.79,25.0,2.0,1.0,0.041667,0.7802454801737035,0.7751572901326749,9.224842709867325,8.6153,-0.6095427098673252,10.0,0.032510488422397704
42,18,Tomato,21.87,68.14,0.893,0.481,23.79,25.0,2.0,1.0,0.041667,0.8049661376211218,0.8086978141889342,9.191302185811066,8.5787,-0.6126021858110668,10.0,0.033540524056259284
42,19,Tomato,21.57,67.89,0.893,0.481,23.79,25.0,2.0,1.0,0.041667,0.7884001740562783,0.8415480842413371,9.158451915758663,8.5726,-0.5858519157586635,10.0,0.03285027005240295
42,20,Tomato,22.0,72.62,0.893,0.481,23.79,25.0,2.0,1.0,0.041667,0.8122523963562356,0.8753922048403124,9.124607795159687,8.6788,-0.44580779515968594,10.0,0.03384412059897527
42,21,Tomato,21.93,72.74,0.893,0.481,23.79,25.0,2.0,1.0,0.041667,0.808320868805567,0.9090725104808339,9.090927489519165,8.4795,-0.6114274895191656,10.0,0.03368030564052156
42,22,Tomato,23.66,91.34,0.893,0.481,23.79,25.0,2.0,1.0,0.041667,0.9113012806371416,0.9470437009411418,9.052956299058858,8.0938,-0.9591562990588578,10.0,0.03797119046030778
42,23,Tomato,24.54,83.68,0.893,0.481,23.79,25.0,2.0,1.0,0.041667,0.9686181892266276,0.9874031150316476,9.012596884968353,8.2268,-0.7857968849683523,10.0,0.04035941409050589
42,24,Tomato,26.4,80.37,0.893,0.481,23.79,25.0,2.0,1.0,0.041667,1.1019051158766107,1.0333161954948784,8.966683804505122,7.959,-1.0076838045051222,10.0,0.04591308046323074
42,25,Tomato,26.16,84.8,0.893,0.481,23.79,25.0,2.0,1.0,0.041667,1.08372596684478,1.0784718053553999,8.9215281946446,8.0356,-0.8859281946445989,10.0,0.04515560986052145
42,26,Tomato,25.02,84.92,0.893,0.481,23.79,25.0,2.0,1.0,0.041667,1.0013872557113346,1.120196608139124,8.879803391860875,7.9603,-0.919503391860875,10.0,0.04172480278372418
42,27,Tomato,26.57,79.24,0.893,0.481,23.79,25.0,2.0,1.0,0.041667,1.1149662187276974,1.166653905574851,8.83334609442515,8.0722,-0.7611460944251487,10.0,0.04645729743572697
42,28,Tomato,28.02,80.95,0.893,0.481,23.79,25.0,2.0,1.0,0.041667,1.2328523254638066,1.2180231634199514,8.781976836580048,7.923,-0.8589768365800481,10.0,0.051369257845100436
42,29,Tomato,28.67,80.56,0.893,0.481,23.79,25.0,2.0,1.0,0.041667,1.2896682506558859,1.2717597704200303,8.72824022957997,7.7555,-0.972740229579971,10.0,0.0537366070000788
42,30,Tomato,27.9,77.96,0.893,0.481,23.79,25.0,2.0,1.0,0.041667,1.2226402776920684,1.3227035228706256,8.677296477129374,7.7305,-0.9467964771293742,10.0,0.05094375245059542
42,31,Tomato,27.87,80.46,0.893,0.481,23.79,25.0,2.0,1.0,0.041667,1.2201005102722233,1.3735414508321384,8.626458549167861,7.6581,-0.9683585491678608,10.0,0.050837927961512736
42,32,Tomato,26.97,74.42,0.893,0.481,23.79,25.0,2.0,1.0,0.041667,1.1463121857283778,1.4213048406748827,8.578695159325118,7.4942,-1.084495159325118,10.0,0.04776338984274432
42,33,Tomato,27.54,68.76,0.893,0.481,23.79,25.0,2.0,1.0,0.041667,1.1925088723306316,1.4709931078582832,8.529006892141716,7.599,-0.9300068921417157,10.0,0.04968826718340043
42,34,Tomato,25.83,66.79,0.893,0.481,23.79,25.0,2.0,1.0,0.041667,1.0592183346838764,1.5151275582095562,8.484872441790444,7.4564,-1.0284724417904432,10.0,0.04413445035127308
42,35,Tomato,26.36,67.26,0.893,0.481,23.79,25.0,2.0,1.0,0.041667,1.0988542175768796,1.5609135168933321,8.439086483106667,7.4642,-0.9748864831066673,10.0,0.04578595868377584
42,36,Tomato,26.06,62.46,0.893,0.481,23.79,25.0,2.0,1.0,0.041667,1.076240124783797,1.6057572141726986,8.394242785827302,7.2658,-1.1284427858273025,10.0,0.04484369727936647
42,37,Tomato,23.53,65.89,0.893,0.481,23.79,25.0,2.0,1.0,0.041667,0.9031265101518224,1.6433877864711945,8.356612213528805,7.2979,-1.0587122135288052,10.0,0.037630572298495986
42,38,Tomato,23.48,64.81,0.893,0.481,23.79,25.0,2.0,1.0,0.041667,0.9000019297935121,1.6808881668799007,8.319111833120099,7.2006,-1.118511833120099,10.0,0.03750038040870627
42,39,Tomato,22.78,59.96,0.893,0.481,23.79,25.0,2.0,1.0,0.041667,0.8573760366341717,1.7166124541983367,8.283387545801663,7.0899,-1.1934875458016627,10.0,0.035724287318436035
42,40,Tomato,22.1,66.22,0.893,0.481,23.79,25.0,2.0,1.0,0.041667,0.8179020585577812,1.750691979272264,8.249308020727735,7.0326,-1.2167080207277348,10.0,0.03407952507392707
42,41,Tomato,21.15,69.03,0.893,0.481,23.79,25.0,2.0,1.0,0.041667,0.7657789985471913,1.7825996928047296,8.21740030719527,6.9074,-1.3100003071952697,10.0,0.031907713532465826
42,42,Tomato,21.1,70.66,0.893,0.481,23.79,25.0,2.0,1.0,0.041667,0.7631296044802797,1.8143970140346095,8.18560298596539,6.8347,-1.3509029859653907,10.0,0.03179732122987981
42,43,Tomato,22.81,66.29,0.893,0.481,23.79,25.0,2.0,1.0,0.041667,0.8591607549471847,1.8501956652109939,8.149804334789007,6.9571,-1.1927043347890072,10.0,0.035798651176384345
42,44,Tomato,21.91,77.62,0.893,0.481,23.79,25.0,2.0,1.0,0.041667,0.8072010745047649,1.883829312382384,8.116170687617617,6.7109,-1.4052706876176169,10.0,0.03363364717139004
42,45,Tomato,21.82,71.68,0.893,0.481,23.79,25.0,2.0,1.0,0.041667,0.8021811663524864,1.9172537950407929,8.082746204959207,6.7711,-1.3116462049592075,10.0,0.033424482658409055
42,46,Tomato,22.98,70.97,0.893,0.481,23.79,25.0,2.0,1.0,0.041667,0.8693445600900217,1.953476774826064,8.046523225173935,6.5897,-1.4568232251739355,10.0,0.036222979785270934
42,47,Tomato,22.87,73.72,0.893,0.481,23.79,25.0,2.0,1.0,0.041667,0.862741344542656,1.9894246184291227,8.010575381570877,6.6484,-1.3621753815708777,10.0,0.03594784360305885
42,48,Tomato,24.05,81.23,0.893,0.481,23.79,25.0,2.0,1.0,0.041667,0.9362722474344923,2.0284362741629756,7.971563725837024,6.4526,-1.5189637258370237,10.0,0.03901165573385299
42,49,Tomato,23.63,79.39,0.893,0.481,23.79,25.0,2.0,1.0,0.041667,0.909408251800733,2.066328587790757,7.933671412209243,6.4257,-1.5079714122092431,10.0,0.03789231362778114
42,50,Tomato,25.37,78.94,0.893,0.481,23.79,25.0,2.0,1.0,0.041667,1.0259781453371406,2.1090780191725194,7.89092198082748,6.4202,-1.4707219808274798,10.0,0.04274943138176264
42,51,Tomato,26.53,83.27,0.893,0.481,23.79,25.0,2.0,1.0,0.041667,1.111879157517107,2.1554066880287848,7.844593311971215,6.2001,-1.6444933119712148,10.0,0.0463286688562653
42,52,Tomato,26.97,80.48,0.893,0.481,23.79,25.0,2.0,1.0,0.041667,1.1463121857283778,2.2031700778715293,7.79682992212847,6.1923,-1.60452992212847,10.0,0.04776338984274432
42,53,Tomato,26.42,82.14,0.893,0.481,23.79,25.0,2.0,1.0,0.041667,1.1034337400419594,2.2491468515178576,7.750853148482142,6.0699,-1.6809531484821427,10.0,0.04597677364632832
42,54,Tomato,28.29,78.31,0.893,0.481,23.79,25.0,2.0,1.0,0.041667,1.256142381143527,2.301486536112965,7.698513463887036,6.0759,-1.6226134638870358,10.0,0.05233968459510734
42,55,Tomato,27.36,77.71,0.893,0.481,23.79,25.0,2.0,1.0,0.041667,1.1777227895949816,2.350558711587019,7.649441288412981,5.7908,-1.858641288412981,10.0,0.0490721754740541
42,56,Tomato,27.62,72.33,0.893,0.481,23.79,25.0,2.0,1.0,0.041667,1.1991399137911127,2.400523274374953,7.599476725625047,5.8669,-1.732576725625047,10.0,0.0499645627879343
42,57,Tomato,31.75,66.51,0.893,0.481,23.79,25.0,2.0,1.0,0.041667,1.5965967727133,2.4670486721035982,7.532951327896402,5.9186,-1.6143513278964026,10.0,0.06652539772864507
42,58,Tomato,25.79,66.06,0.893,0.481,23.79,25.0,2.0,1.0,0.041667,1.056285625351857,2.511060925255134,7.4889390747448665,5.7528,-1.7361390747448668,10.0,0.044012253151535834
42,59,Tomato,24.5,64.35,0.893,0.481,23.79,25.0,2.0,1.0,0.041667,0.9659363289248456,2.5513085942724456,7.448691405727555,5.8701,-1.578591405727555,10.0,0.04024766901731154
42,60,Tomato,23.26,65.96,0.893,0.481,23.79,25.0,2.0,1.0,0.041667,0.8863816991948674,2.588241460532798,7.411758539467202,5.7982,-1.6135585394672027,10.0,0.03693286626035254
42,61,Tomato,25.52,65.34,0.893,0.481,23.79,25.0,2.0,1.0,0.041667,1.0367011010197207,2.631437685308987,7.3685623146910135,5.5926,-1.7759623146910135,10.0,0.0431962247761887
42,62,Tomato,23.17,64.4,0.893,0.481,23.79,25.0,2.0,1.0,0.041667,0.8808693741269793,2.6681408695207356,7.331859130479264,5.6491,-1.6827591304792646,10.0,0.03670318421174885
42,63,Tomato,22.44,58.56,0.893,0.481,23.79,25.0,2.0,1.0,0.041667,0.8374064875084266,2.703033085635749,7.296966914364251,5.58,-1.7169669143642512,10.0,0.03489221611501361
42,64,Tomato,23.73,58.47,0.893,0.481,23.79,25.0,2.0,1.0,0.041667,0.9157336864181262,2.7411889611477336,7.258811038852267,5.4137,-1.8451110388522665,10.0,0.03815587551198407
42,65,Tomato,21.74,70.57,0.893,0.481,23.79,25.0,2.0,1.0,0.041667,0.7977452398090328,2.7744286120548565,7.225571387945143,5.5062,-1.7193713879451433,10.0,0.03323965090712297
42,66,Tomato,20.9,64.29,0.893,0.481,23.79,25.0,2.0,1.0,0.041667,0.7526233737055336,2.8057881701670446,7.194211829832955,5.1863,-2.0079118298329552,10.0,0.03135955811218847
42,67,Tomato,22.38,71.76,0.893,0.481,23.79,25.0,2.0,1.0,0.041667,0.833931043824964,2.8405355749700996,7.159464425029901,5.1328,-2.0266644250299013,10.0,0.03474740480305478
42,68,Tomato,21.29,69.33,0.893,0.481,23.79,25.0,2.0,1.0,0.041667,0.773246337455317,2.8727544301128503,7.127245569887149,5.1196,-2.007645569887149,10.0,0.0322188551427507
42,69,Tomato,22.88,74.15,0.893,0.481,23.79,25.0,2.0,1.0,0.041667,0.8633395585744118,2.90872719949997,7.09127280050003,4.9849,-2.10637280050003,10.0,0.03597276938712002
42,70,Tomato,22.09,74.71,0.893,0.481,23.79,25.0,2.0,1.0,0.041667,0.817335328488283,2.9427831106320914,7.057216889367909,4.9165,-2.1407168893679085,10.0,0.034055911132121294
42,71,Tomato,27.49,79.77,0.893,0.481,23.79,25.0,2.0,1.0,0.041667,1.1883831050569318,2.992299469470499,7.007700530529501,4.8925,-2.115200530529501,10.0,0.04951635883840718
42,72,Tomato,25.55,81.31,0.893,0.481,23.79,25.0,2.0,1.0,0.041667,1.0388591032976644,3.0355856117276026,6.964414388272397,4.5081,-2.4563143882723972,10.0,0.04328614225710378
42,73,Tomato,25.59,88.94,0.893,0.481,23.79,25.0,2.0,1.0,0.041667,1.0417434290082213,3.078991935184088,6.921008064815911,4.1082,-2.8128080648159113,10.0,0.043406323456485554
42,74,Tomato,26.02,88.14,0.893,0.481,23.79,25.0,2.0,1.0,0.041667,1.0732602863934533,3.123711471537244,6.876288528462756,3.9872,-2.889088528462756,10.0,0.04471953635315602
42,75,Tomato,26.86,77.11,0.893,0.481,23.79,25.0,2.0,1.0,0.041667,1.1376052278725046,3.171112068567008,6.828887931432992,4.4997,-2.329187931432992,10.0,0.04740059702976365
42,76,Tomato,26.65,82.82,0.893,0.481,23.79,25.0,2.0,1.0,0.041667,1.1211660780285087,3.2178276955402216,6.782172304459778,4.3777,-2.4044723044597784,10.0,0.046715626973213874
42,77,Tomato,26.75,77.64,0.893,0.481,23.79,25.0,2.0,1.0,0.041667,1.1289644048061311,3.2648682553952786,6.735131744604722,4.4164,-2.3187317446047215,10.0,0.04704055985505707
42,78,Tomato,28.99,78.3,0.893,0.481,23.79,25.0,2.0,1.0,0.041667,1.3185936144923662,3.319810095530332,6.6801899044696675,4.3123,-2.367889904469668,10.0,0.054941840135053426
42,79,Tomato,29.02,70.97,0.893,0.481,23.79,25.0,2.0,1.0,0.041667,1.321338405658265,3.374866302878895,6.625133697121105,4.214,-2.4111336971211044,10.0,0.05505620734856294
42,80,Tomato,26.4,69.15,0.893,0.481,23.79,25.0,2.0,1.0,0.041667,1.1019051158766107,3.420779383342126,6.579220616657874,4.0771,-2.5021206166578747,10.0,0.04591308046323074
42,81,Tomato,26.07,74.01,0.893,0.481,23.79,25.0,2.0,1.0,0.041667,1.0769863761930485,3.4656541746789618,6.534345825321038,4.1621,-2.3722458253210386,10.0,0.04487479133683575
42,82,Tomato,26.42,68.33,0.893,0.481,23.79,25.0,2.0,1.0,0.041667,1.1034337400419594,3.51163094832529,6.4883690516747095,4.0541,-2.4342690516747094,10.0,0.04597677364632832
42,83,Tomato,25.53,68.1,0.893,0.481,23.79,25.0,2.0,1.0,0.041667,1.0374199365656114,3.554857124822169,6.445142875177831,4.0461,-2.399042875177831,10.0,0.043226176496879334
42,84,Tomato,25.46,61.59,0.893,0.481,23.79,25.0,2.0,1.0,0.041667,1.032398535483242,3.5978740746001496,6.402125925399851,3.8983,-2.503825925399851,10.0,0.04301694977798024
42,85,Tomato,22.75,58.35,0.893,0.481,23.79,25.0,2.0,1.0,0.041667,0.8555950256826022,3.6335241525352666,6.366475847464733,4.0837,-2.282775847464733,10.0,0.035650077935116986
42,86,Tomato,28.21,58.7,0.893,0.481,23.79,25.0,2.0,1.0,0.041667,1.2491961256533768,3.6855744075028656,6.314425592497134,3.8648,-2.449625592497134,10.0,0.052050254967599255
42,87,Tomato,22.22,56.57,0.893,0.481,23.79,25.0,2.0,1.0,0.041667,0.8247335486100813,3.719938580272802,6.280061419727198,3.7269,-2.5531614197271977,10.0,0.03436417276993626
42,88,Tomato,20.35,64.91,0.893,0.481,23.79,25.0,2.0,1.0,0.041667,0.7244710772774395,3.750125116649721,6.249874883350278,3.5197,-2.7301748833502786,10.0,0.030186536376919076
42,89,Tomato,22.6,63.23,0.893,0.481,23.79,25.0,2.0,1.0,0.041667,0.8467453123625273,3.7854064535799306,6.214593546420069,3.6125,-2.602093546420069,10.0,0.03528133693020943
42,90,Tomato,22.06,68.65,0.893,0.481,23.79,25.0,2.0,1.0,0.041667,0.8156374933390096,3.819391621014887,6.180608378985113,3.5576,-2.623008378985113,10.0,0.03398516743495651
42,91,Tomato,22.04,72.95,0.893,0.481,23.79,25.0,2.0,1.0,0.041667,0.8145075630702153,3.853329707645334,6.146670292354666,3.4796,-2.667070292354666,10.0,0.033938086630446666
42,92,Tomato,21.82,72.91,0.893,0.481,23.79,25.0,2.0,1.0,0.041667,0.8021811663524864,3.886754190303743,6.113245809696258,3.3918,-2.7214458096962577,10.0,0.033424482658409055
42,93,Tomato,22.91,72.08,0.893,0.481,23.79,25.0,2.0,1.0,0.041667,0.8651366905849882,3.9228018407903473,6.077198159209653,3.2973,-2.7798981592096528,10.0,0.03604765048660471
42,94,Tomato,24.32,74.17,0.893,0.481,23.79,25.0,2.0,1.0,0.041667,0.9539595505475581,3.9625504733830126,6.037449526616987,3.2126,-2.824849526616987,10.0,0.039748632592665104
42,95,Tomato,24.21,79.61,0.893,0.481,23.79,25.0,2.0,1.0,0.041667,0.946713631236714,4.001997190255753,5.998002809744247,2.9845,-3.013502809744247,10.0,0.039446716872740165
43,0,Banana,20.76,70.0,0.913,0.456,17.35,25.0,2.2,1.0,0.041667,0.715834759988717,0.029826686944449874,7.97017331305555,6.9707,-0.9994733130555504,8.0,0.029826686944449874
43,1,Banana,22.76,65.98,0.913,0.456,17.35,25.0,2.2,1.0,0.041667,0.8381028538658345,0.0647479185564776,7.935252081443522,6.7868,-1.148452081443522,8.0,0.03492123161202773
43,2,Banana,23.83,82.87,0.913,0.456,17.35,25.0,2.2,1.0,0.041667,0.9118775975183618,0.10274312241227518,7.897256877587725,6.9531,-0.9441568775877247,8.0,0.037995203855797584
43,3,Banana,22.4,77.77,0.913,0.456,17.35,25.0,2.2,1.0,0.041667,0.8146482013675842,0.13668706901865832,7.863312930981341,6.714,-1.149312930981341,8.0,0.033943946606383134
43,4,Banana,23.17,79.47,0.913,0.456,17.35,25.0,2.2,1.0,0.041667,0.865638670629063,0.1727556355077595,7.82724436449224,6.7401,-1.0871443644922403,8.0,0.036068566489101166
43,5,Banana,25.46,75.37,0.913,0.456,17.35,25.0,2.2,1.0,0.041667,1.0369347844252998,0.21596159717040847,7.784038402829592,6.7056,-1.0784384028295921,8.0,0.04320596166264897
43,6,Banana,24.42,81.09,0.913,0.456,17.35,25.0,2.2,1.0,0.041667,0.955299354986479,0.2557660553946301,7.74423394460537,6.5732,-1.1710339446053704,8.0,0.03980445822422162
43,7,Banana,26.37,81.55,0.913,0.456,17.35,25.0,2.2,1.0,0.041667,1.1140685318953136,0.3021859489131121,7.697814051086888,6.5051,-1.192714051086888,8.0,0.04641989351848204
43,8,Banana,26.28,86.16,0.913,0.456,17.35,25.0,2.2,1.0,0.041667,1.1061909552459805,0.3482776074453464,7.651722392554653,6.4718,-1.1799223925546531,8.0,0.04609165853223427
43,9,Banana,28.08,81.99,0.913,0.456,17.35,25.0,2.2,1.0,0.041667,1.2748708342299093,0.40139765049520404,7.598602349504796,6.3581,-1.240502349504796,8.0,0.05312004304985764
43,10,Banana,26.74,80.86,0.913,0.456,17.35,25.0,2.2,1.0,0.041667,1.147047879711207,0.4491916944991309,7.550808305500869,6.246,-1.3048083055008686,8.0,0.04779404400392686
43,11,Banana,28.26,75.04,0.913,0.456,17.35,25.0,2.2,1.0,0.041667,1.2930930989494256,0.5030710046530567,7.496928995346943,6.1863,-1.310628995346943,8.0,0.05387931015392572
43,12,Banana,28.13,76.46,0.913,0.456,17.35,25.0,2.2,1.0,0.041667,1.2799066605073806,0.5564008754764176,7.443599124523582,6.1472,-1.2963991245235826,8.0,0.05332987082336103
43,13,Banana,27.94,74.57,0.913,0.456,17.35,25.0,2.2,1.0,0.041667,1.2608756803106274,0.6089377824479205,7.391062217552079,6.2841,-1.1069622175520797,8.0,0.052536906971502914
43,14,Banana,29.71,77.89,0.913,0.456,17.35,25.0,2.2,1.0,0.041667,1.449709826472268,0.6693428417875406,7.33065715821246,5.9761,-1.3545571582124598,8.0,0.060405059339619996
43,15,Banana,27.81,69.57,0.913,0.456,17.35,25.0,2.2,1.0,0.041667,1.2480177820239562,0.7213439987111328,7.2786560012888675,6.0708,-1.2078560012888673,8.0,0.05200115692359219
43,16,Banana,24.93,65.76,0.913,0.456,17.35,25.0,2.2,1.0,0.041667,0.9944960012881887,0.7627816635968077,7.237218336403192,5.8635,-1.3737183364031917,8.0,0.04143766488567496
43,17,Banana,25.51,63.76,0.913,0.456,17.35,25.0,2.2,1.0,0.041667,1.0410307471653897,0.806158291738948,7.193841708261052,5.9978,-1.1960417082610526,8.0,0.04337662814214029
43,18,Banana,25.16,68.63,0.913,0.456,17.35,25.0,2.2,1.0,0.041667,1.0126952265583797,0.848354263743956,7.151645736256044,5.7229,-1.4287457362560438,8.0,0.04219597200500801
43,19,Banana,23.47,63.33,0.913,0.456,17.35,25.0,2.2,1.0,0.041667,0.8863583285264011,0.8852861562186656,7.114713843781335,5.93,-1.184713843781335,8.0,0.03693189247470956
43,20,Banana,22.67,59.73,0.913,0.456,17.35,25.0,2.2,1.0,0.041667,0.8321766300453655,0.9199604598627658,7.080039540137234,5.696,-1.384039540137234,8.0,0.03467430364410024
43,21,Banana,23.58,63.0,0.913,0.456,17.35,25.0,2.2,1.0,0.041667,0.8940791749271454,0.9572140568444552,7.042785943155545,5.6449,-1.3978859431555453,8.0,0.03725359698168937
43,22,Banana,23.1,64.43,0.913,0.456,17.35,25.0,2.2,1.0,0.041667,0.8608741965010266,0.9930841019900635,7.006915898009937,5.5577,-1.4492158980099372,8.0,0.03587004514560828
43,23,Banana,22.73,64.19,0.913,0.456,17.35,25.0,2.2,1.0,0.041667,0.8361227715131844,1.0279228295107032,6.972077170489297,5.6189,-1.353177170489297,8.0,0.03483872752063986
43,24,Banana,23.03,64.17,0.913,0.456,17.35,25.0,2.2,1.0,0.041667,0.8561359460324535,1.0635954459740375,6.9364045540259625,5.4375,-1.4989045540259625,8.0,0.03567261646333424
43,25,Banana,22.62,69.81,0.913,0.456,17.35,25.0,2.2,1.0,0.041667,0.8289024092991287,1.0981333226623042,6.901866677337695,5.3975,-1.5043666773376954,8.0,0.0345378766882668
43,26,Banana,22.99,65.43,0.913,0.456,17.35,25.0,2.2,1.0,0.041667,0.853440092645414,1.1336936110025608,6.866306388997439,5.2847,-1.5816063889974394,8.0,0.035560288340256464
43,27,Banana,23.67,68.26,0.913,0.456,17.35,25.0,2.2,1.0,0.041667,0.900446228642112,1.1712125040113917,6.828787495988609,5.3896,-1.4391874959886088,8.0,0.037518893008830885
43,28,Banana,23.02,77.29,0.913,0.456,17.35,25.0,2.2,1.0,0.041667,0.8554611853892857,1.206857005223007,6.793142994776993,5.2069,-1.5862429947769927,8.0,0.03564450121161537
43,29,Banana,25.0,82.87,0.913,0.456,17.35,25.0,2.2,1.0,0.041667,1.0,1.248524005223007,6.7514759947769925,4.9083,-1.8431759947769928,8.0,0.041667
43,30,Banana,25.99,83.36,0.913,0.456,17.35,25.0,2.2,1.0,0.041667,1.081184585718166,1.293573723356126,6.7064262766438745,4.9985,-1.7079262766438745,8.0,0.045049718133118824
43,31,Banana,26.15,82.32,0.913,0.456,17.35,25.0,2.2,1.0,0.041667,1.0949104689852858,1.339195357867336,6.660804642132664,4.9238,-1.7370046421326641,8.0,0.0456216345112099
43,32,Banana,26.84,81.33,0.913,0.456,17.35,25.0,2.2,1.0,0.041667,1.1561276110126881,1.3873677270354015,6.612632272964598,4.7825,-1.8301322729645984,8.0,0.04817236916806568
43,33,Banana,26.25,80.99,0.913,0.456,17.35,25.0,2.2,1.0,0.041667,1.1035774941665433,1.4333504904848389,6.566649509515161,4.8195,-1.747149509515161,8.0,0.04598276344943736
43,34,Banana,27.12,79.84,0.913,0.456,17.35,25.0,2.2,1.0,0.041667,1.181935040735594,1.4825981778271689,6.517401822172831,4.6951,-1.8223018221728307,8.0,0.049247687342329996
43,35,Banana,28.57,72.75,0.913,0.456,17.35,25.0,2.2,1.0,0.041667,1.3250885370886252,1.5378106419020405,6.46218935809796,4.681,-1.7811893580979596,8.0,0.05521246407487175
43,36,Banana,28.36,70.54,0.913,0.456,17.35,25.0,2.2,1.0,0.041667,1.3033288860459642,1.5921164465969178,6.4078835534030825,4.6652,-1.742683553403083,8.0,0.0543058046948772
43,37,Banana,26.71,82.0,0.913,0.456,17.35,25.0,2.2,1.0,0.041667,1.1443378910101971,1.6397975735016397,6.36020242649836,4.5015,-1.8587024264983603,8.0,0.047681126904721885
43,38,Banana,27.65,71.28,0.913,0.456,17.35,25.0,2.2,1.0,0.041667,1.2323725335067637,1.691146839855266,6.308853160144734,4.5115,-1.7973531601447341,8.0,0.05134926635362633
43,39,Banana,26.92,66.0,0.913,0.456,17.35,25.0,2.2,1.0,0.041667,1.163443117212019,1.7396240242201393,6.26037597577986,4.4774,-1.78297597577986,8.0,0.0484771843648732
43,40,Banana,28.04,63.88,0.913,0.456,17.35,25.0,2.2,1.0,0.041667,1.2708564427393714,1.7925767996197606,6.207423200380239,4.3034,-1.904023200380239,8.0,0.05295277539962139
43,41,Banana,24.68,65.38,0.913,0.456,17.35,25.0,2.2,1.0,0.041667,0.9750849968459553,1.833205666183341,6.166794333816659,4.1813,-1.9854943338166589,8.0,0.040628866563580425
43,42,Banana,25.97,67.06,0.913,0.456,17.35,25.0,2.2,1.0,0.041667,1.079480993392052,1.8781844007350077,6.121815599264992,4.2472,-1.8746155992649918,8.0,0.04497873455166663
43,43,Banana,23.59,62.62,0.913,0.456,17.35,25.0,2.2,1.0,0.041667,0.8947843962152887,1.91546738217211,6.08453261782789,4.1615,-1.9230326178278894,8.0,0.03728298143710244
43,44,Banana,22.65,65.61,0.913,0.456,17.35,25.0,2.2,1.0,0.041667,0.8308653925937372,1.9500870504853134,6.049912949514686,4.3086,-1.7413129495146862,8.0,0.03461966831320325
43,45,Banana,22.35,57.93,0.913,0.456,17.35,25.0,2.2,1.0,0.041667,0.8114429466830629,1.9838974437447565,6.016102556255244,4.0798,-1.936302556255244,8.0,0.03381039325944318
43,46,Banana,23.07,69.44,0.913,0.456,17.35,25.0,2.2,1.0,0.041667,0.8588403151027223,2.0196827431541418,5.980317256845858,3.9829,-1.997417256845858,8.0,0.03578529940938513
43,47,Banana,22.74,70.85,0.913,0.456,17.35,25.0,2.2,1.0,0.041667,0.8367822786290058,2.0545489503577765,5.945451049642223,3.9305,-2.014951049642223,8.0,0.034866207203634786
43,48,Banana,22.39,69.28,0.913,0.456,17.35,25.0,2.2,1.0,0.041667,0.8140061391497115,2.0884661441577275,5.911533855842272,3.8088,-2.102733855842272,8.0,0.033917193799951034
43,49,Banana,22.65,72.29,0.913,0.456,17.35,25.0,2.2,1.0,0.041667,0.8308653925937372,2.1230858124709306,5.876914187529069,3.8127,-2.064214187529069,8.0,0.03461966831320325
43,50,Banana,22.7,76.22,0.913,0.456,17.35,25.0,2.2,1.0,0.041667,0.8341473672571488,2.1578422308224345,5.8421577691775655,3.7691,-2.0730577691775656,8.0,0.03475641835150362
43,51,Banana,23.31,76.33,0.913,0.456,17.35,25.0,2.2,1.0,0.041667,0.875246871201979,2.1943111422048074,5.805688857795193,3.7303,-2.075388857795193,8.0,0.03646891138237286
43,52,Banana,23.46,82.49,0.913,0.456,17.35,25.0,2.2,1.0,0.041667,0.8856597482149388,2.231213926933679,5.768786073066321,3.5583,-2.2104860730663214,8.0,0.03690278472887185
43,53,Banana,25.06,80.1,0.913,0.456,17.35,25.0,2.2,1.0,0.041667,1.0047419517988672,2.2730785098392823,5.726921490160718,3.5687,-2.158221490160718,8.0,0.0418645829056034
43,54,Banana,26.14,86.07,0.913,0.456,17.35,25.0,2.2,1.0,0.041667,1.0940475190114094,2.3186641878139307,5.681335812186069,3.2198,-2.461535812186069,8.0,0.0455856779746484
43,55,Banana,25.1,81.24,0.913,0.456,17.35,25.0,2.2,1.0,0.041667,1.0079157387081061,2.3606610128986816,5.639338987101318,3.3669,-2.2724389871013186,8.0,0.04199682508475066
43,56,Banana,26.67,77.48,0.913,0.456,17.35,25.0,2.2,1.0,0.041667,1.140734529658891,2.4081919985459783,5.591808001454021,3.3084,-2.2834080014540215,8.0,0.04753098564729702
43,57,Banana,28.2,79.61,0.913,0.456,17.35,25.0,2.2,1.0,0.041667,1.286990253203124,2.461817021426193,5.538182978573807,3.2562,-2.2819829785738066,8.0,0.053625022880214576
43,58,Banana,26.15,82.86,0.913,0.456,17.35,25.0,2.2,1.0,0.041667,1.0949104689852858,2.507438655937403,5.492561344062597,3.1693,-2.3232613440625975,8.0,0.0456216345112099
43,59,Banana,27.32,76.76,0.913,0.456,17.35,25.0,2.2,1.0,0.041667,1.2007208774127585,2.5574690927365604,5.442530907263439,3.186,-2.256530907263439,8.0,0.05003043679915741
43,60,Banana,26.82,76.7,0.913,0.456,17.35,25.0,2.2,1.0,0.041667,1.1543059330567251,2.605565558049235,5.394434441950764,2.9774,-2.4170344419507646,8.0,0.04809646531267457
43,61,Banana,27.72,71.14,0.913,0.456,17.35,25.0,2.2,1.0,0.041667,1.239193050460182,2.6571990148827593,5.342800985117241,2.9513,-2.391500985117241,8.0,0.05163345683352441
43,62,Banana,30.23,70.48,0.913,0.456,17.35,25.0,2.2,1.0,0.041667,1.5103829069926804,2.7201321394684235,5.279867860531576,2.9712,-2.308667860531576,8.0,0.06293312458566402
43,63,Banana,25.83,68.13,0.913,0.456,17.35,25.0,2.2,1.0,0.041667,1.0676307711971207,2.7646171108118938,5.235382889188106,2.917,-2.318382889188106,8.0,0.04448497134347043
43,64,Banana,27.24,79.46,0.913,0.456,17.35,25.0,2.2,1.0,0.041667,1.1931709758383455,2.81433296586215,5.18566703413785,2.5728,-2.6128670341378504,8.0,0.049715855050256344
43,65,Banana,26.5,67.38,0.913,0.456,17.35,25.0,2.2,1.0,0.041667,1.1255463970938844,2.861231107589861,5.138768892410139,2.6463,-2.4924688924101392,8.0,0.04689814172771088
43,66,Banana,25.19,60.65,0.913,0.456,17.35,25.0,2.2,1.0,0.041667,1.0150934628163064,2.903527006905028,5.096472993094972,2.815,-2.281472993094972,8.0,0.04229589931516704
43,67,Banana,22.97,66.56,0.913,0.456,17.35,25.0,2.2,1.0,0.041667,0.8520953509502085,2.9390312638930705,5.060968736106929,2.862,-2.198968736106929,8.0,0.03550425698804234
43,68,Banana,22.8,54.45,0.913,0.456,17.35,25.0,2.2,1.0,0.041667,0.8407502598604111,2.974062804970674,5.025937195029326,2.703,-2.322937195029326,8.0,0.03503154107760375
43,69,Banana,21.96,60.03,0.913,0.456,17.35,25.0,2.2,1.0,0.041667,0.7868709370859137,3.006849356306233,4.993150643693767,2.6079,-2.385250643693767,8.0,0.032786551335558765
43,70,Banana,22.79,65.45,0.913,0.456,17.35,25.0,2.2,1.0,0.041667,0.8400876253936351,3.0418532873935096,4.95814671260649,2.5257,-2.4324467126064904,8.0,0.0350039310872766
43,71,Banana,22.11,66.34,0.913,0.456,17.35,25.0,2.2,1.0,0.041667,0.7962323990488632,3.0750299027646784,4.924970097235322,2.5387,-2.386270097235322,8.0,0.033176615371168984
43,72,Banana,22.68,68.36,0.913,0.456,17.35,25.0,2.2,1.0,0.041667,0.8328330245699901,3.1097315563994363,4.890268443600563,2.5131,-2.377168443600563,8.0,0.03470165363475778
43,73,Banana,21.03,73.23,0.913,0.456,17.35,25.0,2.2,1.0,0.041667,0.7312370631110645,3.140200011108085,4.859799988891915,2.3,-2.559799988891915,8.0,0.030468454708648725
43,74,Banana,21.25,71.12,0.913,0.456,17.35,25.0,2.2,1.0,0.041667,0.7440317947846128,3.1712015839013756,4.828798416098625,2.3763,-2.4524984160986247,8.0,0.031001572793290463
43,75,Banana,25.65,77.27,0.913,0.456,17.35,25.0,2.2,1.0,0.041667,1.0525857210369576,3.215059673139822,4.784940326860178,2.2205,-2.564440326860178,8.0,0.04385808923844691
43,76,Banana,23.71,76.41,0.913,0.456,17.35,25.0,2.2,1.0,0.041667,0.9032905653873041,3.252697081127815,4.747302918872185,1.9556,-2.791702918872185,8.0,0.0376374079879928
43,77,Banana,25.04,77.64,0.913,0.456,17.35,25.0,2.2,1.0,0.041667,1.0031588079939893,3.294495699180501,4.7055043008194986,2.0221,-2.6834043008194985,8.0,0.04179861805268555
43,78,Banana,24.77,79.7,0.913,0.456,17.35,25.0,2.2,1.0,0.041667,0.9820289216410741,3.3354138982585195,4.664586101741481,2.0078,-2.656786101741481,8.0,0.040918199078018636
43,79,Banana,24.91,84.68,0.913,0.456,17.35,25.0,2.2,1.0,0.041667,0.9929290017410947,3.3767862709740655,4.6232137290259345,1.6219,-3.0013137290259344,8.0,0.041372372715546196
43,80,Banana,25.62,89.65,0.913,0.456,17.35,25.0,2.2,1.0,0.041667,1.0500989064398436,3.4205407421086944,4.579459257891306,1.0805,-3.498959257891306,8.0,0.043754471134628964
43,81,Banana,28.36,78.27,0.913,0.456,17.35,25.0,2.2,1.0,0.041667,1.3033288860459642,3.4748465468035716,4.525153453196428,1.7093,-2.8158534531964285,8.0,0.0543058046948772
43,82,Banana,27.54,86.46,0.913,0.456,17.35,25.0,2.2,1.0,0.041667,1.2217303450893036,3.525752385092408,4.474247614907592,1.2066,-3.2676476149075917,8.0,0.05090583828883601
43,83,Banana,28.78,77.23,0.913,0.456,17.35,25.0,2.2,1.0,0.041667,1.347211475110166,3.581886645625823,4.418113354374177,1.5286,-2.889513354374177,8.0,0.05613426053341529
43,84,Banana,27.98,75.59,0.913,0.456,17.35,25.0,2.2,1.0,0.041667,1.264858544489019,3.6345895065990472,4.365410493400953,1.5699,-2.7955104934009527,8.0,0.05270286097322396
43,85,Banana,27.64,73.67,0.913,0.456,17.35,25.0,2.2,1.0,0.041667,1.2314012432727948,3.6858983022024945,4.314101697797506,1.6384,-2.675701697797506,8.0,0.051308795603447546
43,86,Banana,26.19,69.47,0.913,0.456,17.35,25.0,2.2,1.0,0.041667,1.0983690809274194,3.7316640466974973,4.268335953302502,1.5502,-2.718135953302502,8.0,0.045765744495002786
43,87,Banana,28.37,68.76,0.913,0.456,17.35,25.0,2.2,1.0,0.041667,1.304356910522618,3.7860126860882435,4.2139873139117565,1.4174,-2.7965873139117567,8.0,0.05434863939074593
43,88,Banana,28.68,60.45,0.913,0.456,17.35,25.0,2.2,1.0,0.041667,1.3366310529459053,3.84170609217134,4.15829390782866,1.2673,-2.8909939078286597,8.0,0.055693406083097044
43,89,Banana,26.0,64.52,0.913,0.456,17.35,25.0,2.2,1.0,0.041667,1.0820373898183429,3.8867913440929014,4.113208655907099,1.5483,-2.5649086559070984,8.0,0.0450852519215609
43,90,Banana,25.14,66.67,0.913,0.456,17.35,25.0,2.2,1.0,0.041667,1.011099551000805,3.928920829084452,4.071079170915548,1.3025,-2.7685791709155474,8.0,0.042129484991550545
43,91,Banana,23.27,61.84,0.913,0.456,17.35,25.0,2.2,1.0,0.041667,0.8724908401613948,3.965274904921457,4.034725095078543,1.2487,-2.7860250950785432,8.0,0.03635407583700484
43,92,Banana,22.58,64.21,0.913,0.456,17.35,25.0,2.2,1.0,0.041667,0.8262923105432127,3.9997040266248605,4.00029597337514,1.185,-2.81529597337514,8.0,0.03442912170340405
43,93,Banana,22.39,60.84,0.913,0.456,17.35,25.0,2.2,1.0,0.041667,0.8140061391497115,4.033621220424812,3.966378779575188,1.243,-2.723378779575188,8.0,0.033917193799951034
43,94,Banana,22.13,65.7,0.913,0.456,17.35,25.0,2.2,1.0,0.041667,0.7974889801402639,4.066850193760316,3.933149806239684,0.9523,-2.980849806239684,8.0,0.033228973335504376
43,95,Banana,22.47,67.77,0.913,0.456,17.35,25.0,2.2,1.0,0.041667,0.8191568395572788,4.100982001794149,3.899017998205851,0.9583,-2.940717998205851,8.0,0.03413180803383314
44,0,Tomato,23.05,61.64,0.9,0.419,22.96,25.0,2.0,1.0,0.041667,0.8735728959166943,0.0363991618541609,9.963600838145839,9.9425,-0.02110083814583774,10.0,0.0363991618541609
44,1,Tomato,23.47,56.02,0.9,0.419,22.96,25.0,2.0,1.0,0.041667,0.8993783121477519,0.07387355798642128,9.92612644201358,9.7357,-0.19042644201357994,10.0,0.03747439613226038
44,2,Tomato,21.74,74.99,0.9,0.419,22.96,25.0,2.0,1.0,0.041667,0.7977452398090328,0.10711320889354425,9.892886791106456,10.0,0.10711320889354425,10.0,0.03323965090712297
44,3,Tomato,22.45,62.1,0.9,0.419,22.96,25.0,2.0,1.0,0.041667,0.8379871346679485,0.14202961883375367,9.857970381166247,9.5406,-0.3173703811662474,10.0,0.03491640994020941
44,4,Tomato,22.69,68.17,0.9,0.419,22.96,25.0,2.0,1.0,0.041667,0.852044095074866,0.1775317401432381,9.822468259856763,9.6558,-0.16666825985676326,10.0,0.03550212130948444
44,5,Tomato,22.63,66.35,0.9,0.419,22.96,25.0,2.0,1.0,0.041667,0.8485079017058962,0.2128865188836177,9.787113481116382,9.4821,-0.30501348111638116,10.0,0.03535477874037958
44,6,Tomato,22.7,71.53,0.9,0.419,22.96,25.0,2.0,1.0,0.041667,0.8526348917679567,0.24841325691891314,9.751586743081086,9.5186,-0.2329867430810868,10.0,0.035526738035295456
44,7,Tomato,22.34,74.15,0.9,0.419,22.96,25.0,2.0,1.0,0.041667,0.8316220983749063,0.28306445489190035,9.7169355451081,9.4294,-0.287535545108101,10.0,0.03465119797298722
44,8,Tomato,22.88,76.33,0.9,0.419,22.96,25.0,2.0,1.0,0.041667,0.8633395585744118,0.31903722427902037,9.68096277572098,9.4686,-0.2123627757209796,10.0,0.03597276938712002
44,9,Tomato,24.43,82.58,0.9,0.419,22.96,25.0,2.0,1.0,0.041667,0.9612609283887613,0.3590900833821949,9.640909916617804,9.3049,-0.33600991661780455,10.0,0.04005285910317452
44,10,Tomato,25.71,81.28,0.9,0.419,22.96,25.0,2.0,1.0,0.041667,1.0504445440107533,0.40285895619749096,9.597141043802509,9.1498,-0.44734104380250805,10.0,0.04376887281529606
44,11,Tomato,25.79,80.96,0.9,0.419,22.96,25.0,2.0,1.0,0.041667,1.056285625351857,0.4468712093490268,9.553128790650973,9.1978,-0.35532879065097234,10.0,0.044012253151535834
44,12,Tomato,25.94,81.92,0.9,0.419,22.96,25.0,2.0,1.0,0.041667,1.06732533803996,0.49134345420913783,9.508656545790862,8.9339,-0.5747565457908621,10.0,0.04447224486011102
44,13,Tomato,26.32,82.2,0.9,0.419,22.96,25.0,2.0,1.0,0.041667,1.095811766447691,0.5370026430817137,9.462997356918287,9.0404,-0.4225973569182866,10.0,0.045659188872575945
44,14,Tomato,26.86,81.51,0.9,0.419,22.96,25.0,2.0,1.0,0.041667,1.1376052278725046,0.5844032401114774,9.415596759888523,9.219,-0.1965967598885232,10.0,0.04740059702976365
44,15,Tomato,29.44,76.29,0.9,0.419,22.96,25.0,2.0,1.0,0.041667,1.360370852405955,0.6410858124186763,9.358914187581323,8.9939,-0.3650141875813233,10.0,0.056682572307198933
44,16,Tomato,28.3,76.83,0.9,0.419,22.96,25.0,2.0,1.0,0.041667,1.2570133745218284,0.6934617886948774,9.306538211305122,8.863,-0.44353821130512294,10.0,0.052375976276201025
44,17,Tomato,28.06,73.45,0.9,0.419,22.96,25.0,2.0,1.0,0.041667,1.2362752609209513,0.7449736699916707,9.255026330008329,8.6484,-0.6066263300083286,10.0,0.05151188129679328
44,18,Tomato,28.63,76.79,0.9,0.419,22.96,25.0,2.0,1.0,0.041667,1.2860974834306034,0.7985614938337736,9.201438506166227,8.6202,-0.5812385061662262,10.0,0.053587823842102957
44,19,Tomato,26.29,75.99,0.9,0.419,22.96,25.0,2.0,1.0,0.041667,1.0935354574846323,0.8441258357407858,9.155874164259215,8.5535,-0.6023741642592153,10.0,0.045564341907012175
44,20,Tomato,27.31,65.68,0.9,0.419,22.96,25.0,2.0,1.0,0.041667,1.1736481782813524,0.8930282343852349,9.106971765614766,8.4774,-0.6295717656147666,10.0,0.04890239864444911
44,21,Tomato,31.27,65.37,0.9,0.419,22.96,25.0,2.0,1.0,0.041667,1.54435026618357,0.9573766769263057,9.042623323073695,8.6215,-0.4211233230736955,10.0,0.06434844254107082
44,22,Tomato,27.34,66.26,0.9,0.419,22.96,25.0,2.0,1.0,0.041667,1.1760912502909648,1.0063808710521793,8.99361912894782,8.3548,-0.6388191289478211,10.0,0.04900419412587363
44,23,Tomato,23.84,67.41,0.9,0.419,22.96,25.0,2.0,1.0,0.041667,0.9227424926537983,1.0448287824935851,8.955171217506415,8.3131,-0.6420712175064143,10.0,0.038447911441405816
44,24,Tomato,23.38,60.12,0.9,0.419,22.96,25.0,2.0,1.0,0.041667,0.8937851623567868,1.0820701288535055,8.917929871146494,8.4329,-0.48502987114649443,10.0,0.03724134635992024
44,25,Tomato,22.92,64.59,0.9,0.419,22.96,25.0,2.0,1.0,0.041667,0.8657365655196585,1.118142774329013,8.881857225670988,8.256,-0.6258572256709876,10.0,0.03607264547550761
44,26,Tomato,22.81,67.1,0.9,0.419,22.96,25.0,2.0,1.0,0.041667,0.8591607549471847,1.1539414255053972,8.846058574494602,8.0119,-0.8341585744946016,10.0,0.035798651176384345
44,27,Tomato,23.35,59.22,0.9,0.419,22.96,25.0,2.0,1.0,0.041667,0.8919285194200928,1.1911054111240744,8.808894588875926,8.1543,-0.654594588875927,10.0,0.03716398561867701
44,28,Tomato,20.45,62.31,0.9,0.419,22.96,25.0,2.0,1.0,0.041667,0.7295101721200876,1.2215019114658021,8.778498088534198,8.1277,-0.6507980885341969,10.0,0.03039650034172769
44,29,Tomato,20.88,65.94,0.9,0.419,22.96,25.0,2.0,1.0,0.041667,0.7515807390327813,1.2528180261190809,8.747181973880918,7.9752,-0.7719819738809184,10.0,0.0313161146532789
44,30,Tomato,21.84,70.32,0.9,0.419,22.96,25.0,2.0,1.0,0.041667,0.8032939967570338,1.2862888770819563,8.713711122918044,7.956,-0.7577111229180433,10.0,0.03347085096287533
44,31,Tomato,23.54,76.48,0.9,0.419,22.96,25.0,2.0,1.0,0.041667,0.9037527267510858,1.3239455419474937,8.676054458052507,7.8498,-0.8262544580525066,10.0,0.037656664865537495
44,32,Tomato,22.91,77.12,0.9,0.419,22.96,25.0,2.0,1.0,0.041667,0.8651366905849882,1.3599931924340984,8.640006807565902,7.8005,-0.8395068075659013,10.0,0.03604765048660471
44,33,Tomato,26.53,79.12,0.9,0.419,22.96,25.0,2.0,1.0,0.041667,1.111879157517107,1.4063218612903639,8.593678138709636,7.6186,-0.9750781387096366,10.0,0.0463286688562653
44,34,Tomato,27.14,82.63,0.9,0.419,22.96,25.0,2.0,1.0,0.041667,1.1598996545054345,1.4546514001946418,8.545348599805358,7.7036,-0.8417485998053582,10.0,0.04832953890427794
44,35,Tomato,25.22,88.95,0.9,0.419,22.96,25.0,2.0,1.0,0.041667,1.0153661008694295,1.4969586595195683,8.503041340480431,7.2886,-1.2144413404804313,10.0,0.04230725932492652
44,36,Tomato,25.47,78.87,0.9,0.419,22.96,25.0,2.0,1.0,0.041667,1.0331143876841324,1.540005436711203,8.459994563288797,7.4882,-0.971794563288797,10.0,0.04304677719163475
44,37,Tomato,27.34,81.01,0.9,0.419,22.96,25.0,2.0,1.0,0.041667,1.1760912502909648,1.5890096308370767,8.410990369162924,7.3144,-1.0965903691629242,10.0,0.04900419412587363
44,38,Tomato,27.28,81.43,0.9,0.419,22.96,25.0,2.0,1.0,0.041667,1.17121018121881,1.6378104454579208,8.362189554542079,7.213,-1.1491895545420787,10.0,0.04880081462084416
44,39,Tomato,27.02,91.22,0.9,0.419,22.96,25.0,2.0,1.0,0.041667,1.1502918933506052,1.6857396577781605,8.31426034222184,6.7424,-1.5718603422218393,10.0,0.047929212320239674
44,40,Tomato,29.41,80.4,0.9,0.419,22.96,25.0,2.0,1.0,0.041667,1.3575449798800068,1.7423044844548208,8.25769551554518,7.0133,-1.2443955155451798,10.0,0.05656482667666025
44,41,Tomato,28.21,81.29,0.9,0.419,22.96,25.0,2.0,1.0,0.041667,1.2491961256533768,1.79435473942242,8.20564526057758,7.1613,-1.0443452605775798,10.0,0.052050254967599255
44,42,Tomato,27.41,74.35,0.9,0.419,22.96,25.0,2.0,1.0,0.041667,1.1818115469343653,1.8435972811485342,8.156402718851465,6.982,-1.1744027188514652,10.0,0.049242541726114204
44,43,Tomato,25.85,68.45,0.9,0.419,22.96,25.0,2.0,1.0,0.041667,1.060687741368217,1.8877929572681236,8.112207042731876,6.9917,-1.1205070427318766,10.0,0.0441956761195895
44,44,Tomato,26.99,67.18,0.9,0.419,22.96,25.0,2.0,1.0,0.041667,1.1479024138550018,1.9356226071462201,8.06437739285378,6.9348,-1.12957739285378,10.0,0.04782964987809636
44,45,Tomato,26.63,66.15,0.9,0.419,22.96,25.0,2.0,1.0,0.041667,1.1196128886542394,1.9822735173777761,8.017726482622225,6.8705,-1.1472264826222247,10.0,0.046650910231556195
44,46,Tomato,23.69,65.78,0.9,0.419,22.96,25.0,2.0,1.0,0.041667,0.9131982500119917,2.020323748861026,7.979676251138974,6.811,-1.168676251138974,10.0,0.03805023148324966
44,47,Tomato,23.19,60.76,0.9,0.419,22.96,25.0,2.0,1.0,0.041667,0.8820913651971766,2.0570778497746964,7.942922150225304,6.6137,-1.3292221502253039,10.0,0.036754100913670755
44,48,Tomato,24.34,64.57,0.9,0.419,22.96,25.0,2.0,1.0,0.041667,0.9552829363824373,2.0968816238849435,7.9031183761150565,6.6736,-1.229518376115056,10.0,0.03980377411024702
44,49,Tomato,22.05,74.68,0.9,0.419,22.96,25.0,2.0,1.0,0.041667,0.8150723324026254,2.130843242759164,7.869156757240836,6.4984,-1.3707567572408355,10.0,0.033961618874220195
44,50,Tomato,22.04,59.72,0.9,0.419,22.96,25.0,2.0,1.0,0.041667,0.8145075630702153,2.1647813293896103,7.83521867061039,6.6671,-1.16811867061039,10.0,0.033938086630446666
44,51,Tomato,22.88,61.5,0.9,0.419,22.96,25.0,2.0,1.0,0.041667,0.8633395585744118,2.2007540987767307,7.799245901223269,6.656,-1.1432459012232696,10.0,0.03597276938712002
44,52,Tomato,23.44,62.65,0.9,0.419,22.96,25.0,2.0,1.0,0.041667,0.8975100506672615,2.238150650057883,7.761849349942117,6.303,-1.458849349942117,10.0,0.03739655128115279
44,53,Tomato,21.19,68.14,0.9,0.419,22.96,25.0,2.0,1.0,0.041667,0.7679051348510492,2.270146953311722,7.729853046688278,6.5605,-1.1693530466882782,10.0,0.03199630325383867
44,54,Tomato,20.72,72.06,0.9,0.419,22.96,25.0,2.0,1.0,0.041667,0.7432914922155075,2.3011176799178656,7.698882320082134,6.3101,-1.388782320082134,10.0,0.030970726606143553
44,55,Tomato,22.18,76.14,0.9,0.419,22.96,25.0,2.0,1.0,0.041667,0.8224500687124643,2.3353867069309078,7.664613293069092,6.0973,-1.567313293069092,10.0,0.03426902701304225
44,56,Tomato,21.86,76.02,0.9,0.419,22.96,25.0,2.0,1.0,0.041667,0.8044083709419158,2.3689039905229445,7.631096009477055,6.0535,-1.5775960094770554,10.0,0.0335172835920368
44,57,Tomato,23.56,78.4,0.9,0.419,22.96,25.0,2.0,1.0,0.041667,0.9050064628829053,2.406612894811887,7.593387105188113,6.0233,-1.5700871051881133,10.0,0.03770890428894202
44,58,Tomato,25.0,79.96,0.9,0.419,22.96,25.0,2.0,1.0,0.041667,1.0,2.4482798948118867,7.551720105188114,5.826,-1.7257201051881141,10.0,0.041667
44,59,Tomato,24.71,87.26,0.9,0.419,22.96,25.0,2.0,1.0,0.041667,0.9800994153418707,2.4891176971509363,7.510882302849064,5.5394,-1.971482302849064,10.0,0.04083780233904973
44,60,Tomato,26.27,80.03,0.9,0.419,22.96,25.0,2.0,1.0,0.041667,1.092020545745652,2.5346189172305205,7.465381082769479,5.7544,-1.7109810827694787,10.0,0.045501220079584084
44,61,Tomato,27.05,83.72,0.9,0.419,22.96,25.0,2.0,1.0,0.041667,1.1526863467988644,2.5826478992425885,7.4173521007574115,5.4737,-1.9436521007574115,10.0,0.04802898201206829
44,62,Tomato,26.81,76.38,0.9,0.419,22.96,25.0,2.0,1.0,0.041667,1.1336694127784224,2.629884502664827,7.370115497335172,5.6093,-1.7608154973351722,10.0,0.04723660342223853
44,63,Tomato,27.29,83.02,0.9,0.419,22.96,25.0,2.0,1.0,0.041667,1.1720222836745138,2.678719155158693,7.321280844841307,5.5501,-1.7711808448413073,10.0,0.04883465249386597
44,64,Tomato,28.22,82.6,0.9,0.419,22.96,25.0,2.0,1.0,0.041667,1.250062302585209,2.730805501120511,7.269194498879489,5.4381,-1.831094498879489,10.0,0.0520863459618179
44,65,Tomato,28.42,83.53,0.9,0.419,22.96,25.0,2.0,1.0,0.041667,1.2675125220344248,2.7836189453761193,7.216381054623881,5.4415,-1.7748810546238811,10.0,0.05281344425560838
44,66,Tomato,26.25,70.65,0.9,0.419,22.96,25.0,2.0,1.0,0.041667,1.0905077326652577,2.8290571310730828,7.170942868926917,5.3441,-1.8268428689269172,10.0,0.04543818569696329
44,67,Tomato,29.56,70.59,0.9,0.419,22.96,25.0,2.0,1.0,0.041667,1.3717332885905973,2.886213142008787,7.113786857991213,5.3496,-1.7641868579912137,10.0,0.057156010935704424
44,68,Tomato,28.24,67.16,0.9,0.419,22.96,25.0,2.0,1.0,0.041667,1.2517964586539942,2.938371745051523,7.061628254948477,5.2267,-1.834928254948477,10.0,0.05215860304273598
44,69,Tomato,24.78,66.39,0.9,0.419,22.96,25.0,2.0,1.0,0.041667,0.9848664428955507,2.979408175127652,7.020591824872348,5.324,-1.696591824872348,10.0,0.041036430076128914
44,70,Tomato,25.88,62.68,0.9,0.419,22.96,25.0,2.0,1.0,0.041667,1.0628956743585531,3.02369584919115,6.976304150808851,5.0659,-1.9104041508088505,10.0,0.04428767406349784
44,71,Tomato,23.44,65.94,0.9,0.419,22.96,25.0,2.0,1.0,0.041667,0.8975100506672615,3.061092400472303,6.938907599527697,5.1701,-1.7688075995276975,10.0,0.03739655128115279
44,72,Tomato,24.35,63.37,0.9,0.419,22.96,25.0,2.0,1.0,0.041667,0.9559453175937422,3.1009237740204814,6.899076225979519,5.2438,-1.6552762259795184,10.0,0.03983137354817846
44,73,Tomato,24.44,58.52,0.9,0.419,22.96,25.0,2.0,1.0,0.041667,0.9619274546647748,3.1410044052739985,6.858995594726002,4.9412,-1.9177955947260017,10.0,0.04008063125351717
44,74,Tomato,22.6,58.21,0.9,0.419,22.96,25.0,2.0,1.0,0.041667,0.8467453123625273,3.176285742204208,6.8237142577957925,4.9098,-1.9139142577957928,10.0,0.03528133693020943
44,75,Tomato,22.43,62.62,0.9,0.419,22.96,25.0,2.0,1.0,0.041667,0.8368262426833915,3.211153781258097,6.788846218741903,4.874,-1.9148462187419035,10.0,0.034868039053888876
44,76,Tomato,27.63,66.07,0.9,0.419,22.96,25.0,2.0,1.0,0.041667,1.1999713823732154,3.2611529888474413,6.738847011152559,4.8734,-1.8654470111525585,10.0,0.04999920758934477
44,77,Tomato,20.7,67.92,0.9,0.419,22.96,25.0,2.0,1.0,0.041667,0.7422617853145246,3.2920808106561417,6.707919189343858,4.5338,-2.174119189343858,10.0,0.0309278218087003
44,78,Tomato,23.04,68.74,0.9,0.419,22.96,25.0,2.0,1.0,0.041667,0.8729675911337629,3.3284547512759124,6.671545248724088,4.6965,-1.9750452487240873,10.0,0.0363739406197705
44,79,Tomato,22.69,68.09,0.9,0.419,22.96,25.0,2.0,1.0,0.041667,0.852044095074866,3.3639568725853968,6.636043127414603,4.5097,-2.1263431274146036,10.0,0.03550212130948444
44,80,Tomato,23.79,75.36,0.9,0.419,22.96,25.0,2.0,1.0,0.041667,0.919550046151658,3.4022717643583977,6.597728235641602,4.4319,-2.1658282356416025,10.0,0.03831489177300114
44,81,Tomato,23.83,82.0,0.9,0.419,22.96,25.0,2.0,1.0,0.041667,0.9221031179126311,3.4406930349724636,6.559306965027536,4.3173,-2.242006965027536,10.0,0.038421270614065604
44,82,Tomato,26.41,86.86,0.9,0.419,22.96,25.0,2.0,1.0,0.041667,1.102669163068913,3.486637950990056,6.5133620490099435,3.8628,-2.6505620490099435,10.0,0.045944916017592395
44,83,Tomato,25.47,81.87,0.9,0.419,22.96,25.0,2.0,1.0,0.041667,1.0331143876841324,3.5296847281816905,6.4703152718183095,4.0324,-2.4379152718183095,10.0,0.04304677719163475
44,84,Tomato,27.72,79.38,0.9,0.419,22.96,25.0,2.0,1.0,0.041667,1.2074805914864961,3.5799968219871583,6.420003178012841,4.0917,-2.328303178012841,10.0,0.050312093805467833
44,85,Tomato,27.34,87.11,0.9,0.419,22.96,25.0,2.0,1.0,0.041667,1.1760912502909648,3.629001016113032,6.3709989838869685,3.4321,-2.9388989838869684,10.0,0.04900419412587363
44,86,Tomato,28.98,80.64,0.9,0.419,22.96,25.0,2.0,1.0,0.041667,1.31767995173414,3.6839047866619383,6.316095213338062,3.8342,-2.4818952133380616,10.0,0.05490377054890641
44,87,Tomato,29.12,86.21,0.9,0.419,22.96,25.0,2.0,1.0,0.041667,1.3305290410806863,3.7393439402166475,6.2606560597833525,3.4689,-2.7917560597833524,10.0,0.05543915355470896
44,88,Tomato,28.83,72.67,0.9,0.419,22.96,25.0,2.0,1.0,0.041667,1.3040507352585602,3.793679822202666,6.206320177797334,3.7661,-2.4402201777973342,10.0,0.05433588198601843
44,89,Tomato,27.44,75.11,0.9,0.419,22.96,25.0,2.0,1.0,0.041667,1.1842716118536327,3.8430248674537713,6.156975132546229,3.6938,-2.463175132546229,10.0,0.04934504525110532
44,90,Tomato,28.26,75.41,0.9,0.419,22.96,25.0,2.0,1.0,0.041667,1.2535330204406907,3.8952558278164733,6.104744172183526,3.501,-2.6037441721835264,10.0,0.052230960362702264
44,91,Tomato,27.73,71.05,0.9,0.419,22.96,25.0,2.0,1.0,0.041667,1.2083178433899424,3.945602807397002,6.054397192602998,3.5933,-2.461097192602998,10.0,0.050346979580528736
44,92,Tomato,27.81,79.54,0.9,0.419,22.96,25.0,2.0,1.0,0.041667,1.2150367919050158,3.9962297454053086,6.003770254594691,3.3308,-2.6729702545946914,10.0,0.050626938008306296
44,93,Tomato,26.31,70.01,0.9,0.419,22.96,25.0,2.0,1.0,0.041667,1.0950524707935745,4.041857296705865,5.958142703294135,3.5447,-2.4134427032941352,10.0,0.045627551300555874
44,94,Tomato,25.98,64.27,0.9,0.419,22.96,25.0,2.0,1.0,0.041667,1.070288698426624,4.086453015903206,5.913546984096794,3.5417,-2.3718469840967935,10.0,0.04459571919734214
44,95,Tomato,25.72,67.54,0.9,0.419,22.96,25.0,2.0,1.0,0.041667,1.0511729090877064,4.130252237506164,5.869747762493836,3.3833,-2.486447762493836,10.0,0.04379922160295747
45,0,Tomato,24.69,82.08,0.894,0.399,16.46,25.0,2.0,1.0,0.041667,0.9787416503974359,0.04078122834710996,9.95921877165289,10.0,0.04078122834710918,10.0,0.04078122834710996
45,1,Tomato,26.11,77.43,0.894,0.399,16.46,25.0,2.0,1.0,0.041667,1.0799765598328823,0.08578061166566667,9.914219388334333,9.7984,-0.11581938833433192,10.0,0.04499938331855671
45,2,Tomato,25.34,83.39,0.894,0.399,16.46,25.0,2.0,1.0,0.041667,1.0238469004284423,0.1284412404658186,9.871558759534182,9.6216,-0.24995875953418079,10.0,0.04266062880015191
45,3,Tomato,26.9,79.8,0.894,0.399,16.46,25.0,2.0,1.0,0.041667,1.1407637158684236,0.17597344221490818,9.824026557785093,9.6466,-0.1774265577850933,10.0,0.04753220174908961
45,4,Tomato,27.69,85.05,0.894,0.399,16.46,25.0,2.0,1.0,0.041667,1.2049723149947864,0.22618102366379597,9.773818976336203,9.6992,-0.07461897633620396,10.0,0.05020758144888777
45,5,Tomato,28.06,88.55,0.894,0.399,16.46,25.0,2.0,1.0,0.041667,1.2362752609209513,0.27769290496058924,9.72230709503941,9.6896,-0.032707095039409495,10.0,0.05151188129679328
45,6,Tomato,33.1,79.29,0.894,0.399,16.46,25.0,2.0,1.0,0.041667,1.7532114426320704,0.3507439661407397,9.64925603385926,9.4843,-0.1649560338592604,10.0,0.07305106118015048
45,7,Tomato,27.47,72.65,0.894,0.399,16.46,25.0,2.0,1.0,0.041667,1.186736797656532,0.4001917282886944,9.599808271711305,9.4861,-0.11370827171130493,10.0,0.04944776214795472
45,8,Tomato,27.93,73.27,0.894,0.399,16.46,25.0,2.0,1.0,0.041667,1.225185331904676,0.45124152551316654,9.548758474486833,9.4416,-0.10715847448683391,10.0,0.051049797224472136
45,9,Tomato,25.98,75.18,0.894,0.399,16.46,25.0,2.0,1.0,0.041667,1.070288698426624,0.4958372447105087,9.50416275528949,9.3861,-0.11806275528948973,10.0,0.04459571919734214
45,10,Tomato,27.98,69.36,0.894,0.399,16.46,25.0,2.0,1.0,0.041667,1.2294388672545808,0.5470642739924053,9.452935726007595,9.2403,-0.21263572600759595,10.0,0.051227029281896624
45,11,Tomato,27.19,72.28,0.894,0.399,16.46,25.0,2.0,1.0,0.041667,1.1639265344021366,0.5955616009013391,9.40443839909866,9.1325,-0.27193839909866035,10.0,0.048497326908933824
45,12,Tomato,26.55,68.12,0.894,0.399,16.46,25.0,2.0,1.0,0.041667,1.1134216182286865,0.6419545394680738,9.358045460531926,9.274,-0.08404546053192696,10.0,0.04639293856673468
45,13,Tomato,25.12,64.88,0.894,0.399,16.46,25.0,2.0,1.0,0.041667,1.008352454894595,0.6839695612061669,9.316030438793833,9.1465,-0.16953043879383323,10.0,0.04201502173809309
45,14,Tomato,24.76,65.23,0.894,0.399,16.46,25.0,2.0,1.0,0.041667,0.9835020740262485,0.7249491421246186,9.275050857875382,9.0566,-0.2184508578753821,10.0,0.0409795809184517
45,15,Tomato,24.16,62.78,0.894,0.399,16.46,25.0,2.0,1.0,0.041667,0.94343825089536,0.7642593837246756,9.235740616275324,8.9256,-0.31014061627532463,10.0,0.03931024160005697
45,16,Tomato,22.56,59.75,0.894,0.399,16.46,25.0,2.0,1.0,0.041667,0.8444008874237818,0.7994430355009623,9.200556964499038,8.9054,-0.2951569644990375,10.0,0.03518365177628672
45,17,Tomato,21.53,54.88,0.894,0.399,16.46,25.0,2.0,1.0,0.041667,0.7862172921403318,0.8322023514125735,9.167797648587426,8.8445,-0.3232976485874257,10.0,0.03275931591161121
45,18,Tomato,26.82,55.39,0.894,0.399,16.46,25.0,2.0,1.0,0.041667,1.134455484935954,0.8794717081033999,9.1205282918966,8.7313,-0.38922829189660035,10.0,0.0472693566908264
45,19,Tomato,22.71,70.45,0.894,0.399,16.46,25.0,2.0,1.0,0.041667,0.8532260981120675,0.9150230799334355,9.084976920066564,8.6781,-0.40687692006656384,10.0,0.03555137183003552
45,20,Tomato,23.12,65.45,0.894,0.399,16.46,25.0,2.0,1.0,0.041667,0.8778217976095194,0.9515992807744313,9.048400719225569,8.6013,-0.4471007192255687,10.0,0.036576200840995846
45,21,Tomato,21.67,68.49,0.894,0.399,16.46,25.0,2.0,1.0,0.041667,0.7938839309316525,0.9846780425245605,9.01532195747544,8.6443,-0.3710219574754401,10.0,0.03307876175012917
45,22,Tomato,23.35,70.96,0.894,0.399,16.46,25.0,2.0,1.0,0.041667,0.8919285194200928,1.0218420281432374,8.978157971856763,8.5582,-0.4199579718567641,10.0,0.03716398561867701
45,23,Tomato,21.53,77.57,0.894,0.399,16.46,25.0,2.0,1.0,0.041667,0.7862172921403318,1.0546013440548487,8.945398655945151,8.3831,-0.5622986559451508,10.0,0.03275931591161121
45,24,Tomato,25.37,80.69,0.894,0.399,16.46,25.0,2.0,1.0,0.041667,1.0259781453371406,1.0973507754366114,8.902649224563389,8.4632,-0.4394492245633881,10.0,0.04274943138176264
45,25,Tomato,25.59,75.81,0.894,0.399,16.46,25.0,2.0,1.0,0.041667,1.0417434290082213,1.1407570988930968,8.859242901106903,8.3215,-0.5377429011069026,10.0,0.043406323456485554
45,26,Tomato,26.73,82.25,0.894,0.399,16.46,25.0,2.0,1.0,0.041667,1.1274004121454215,1.1877324918659602,8.81226750813404,8.2668,-0.5454675081340401,10.0,0.04697539297286328
45,27,Tomato,25.99,84.94,0.894,0.399,16.46,25.0,2.0,1.0,0.041667,1.0710308231914547,1.2323591331758785,8.767640866824122,8.276,-0.4916408668241221,10.0,0.04462664130991835
45,28,Tomato,26.05,84.33,0.894,0.399,16.46,25.0,2.0,1.0,0.041667,1.0754943904573782,1.2771717579430661,8.722828242056934,8.1116,-0.611228242056935,10.0,0.04481262476718758
45,29,Tomato,26.82,75.61,0.894,0.399,16.46,25.0,2.0,1.0,0.041667,1.134455484935954,1.3244411146338926,8.675558885366108,8.2179,-0.4576588853661079,10.0,0.0472693566908264
45,30,Tomato,26.74,86.63,0.894,0.399,16.46,25.0,2.0,1.0,0.041667,1.1281821374565113,1.371449079755293,8.628550920244708,7.8898,-0.7387509202447076,10.0,0.04700796512140046
45,31,Tomato,28.97,81.25,0.894,0.399,16.46,25.0,2.0,1.0,0.041667,1.3167669220592433,1.4263148070967355,8.573685192903264,7.9042,-0.6694851929032639,10.0,0.054865727341442495
45,32,Tomato,28.69,75.66,0.894,0.399,16.46,25.0,2.0,1.0,0.041667,1.291457350302335,1.480125960511783,8.519874039488217,7.8458,-0.6740740394882172,10.0,0.05381115341504739
45,33,Tomato,29.05,68.57,0.894,0.399,16.46,25.0,2.0,1.0,0.041667,1.3240889103953972,1.535296773141228,8.464703226858772,7.865,-0.5997032268587716,10.0,0.05517081262944502
45,34,Tomato,27.98,74.43,0.894,0.399,16.46,25.0,2.0,1.0,0.041667,1.2294388672545808,1.5865238024231245,8.413476197576875,7.6241,-0.7893761975768747,10.0,0.051227029281896624
45,35,Tomato,26.71,66.9,0.894,0.399,16.46,25.0,2.0,1.0,0.041667,1.1258385861367626,1.633434118791685,8.366565881208315,7.6615,-0.7050658812083146,10.0,0.04691031636856049
45,36,Tomato,25.4,68.43,0.894,0.399,16.46,25.0,2.0,1.0,0.041667,1.0281138266560663,1.6762725376069634,8.323727462393038,7.5334,-0.7903274623930372,10.0,0.04283841881527832
45,37,Tomato,24.24,59.64,0.894,0.399,16.46,25.0,2.0,1.0,0.041667,0.9486843151404538,1.7158013669659207,8.28419863303408,7.6846,-0.5995986330340806,10.0,0.03952882935895729
45,38,Tomato,24.0,65.16,0.894,0.399,16.46,25.0,2.0,1.0,0.041667,0.9330329915368074,1.7546780526242847,8.245321947375714,7.6635,-0.5818219473757145,10.0,0.038876685658364156
45,39,Tomato,27.8,63.18,0.894,0.399,16.46,25.0,2.0,1.0,0.041667,1.214194884395047,1.805269910872373,8.194730089127628,7.5445,-0.6502300891276276,10.0,0.05059185824808843
45,40,Tomato,22.61,61.16,0.894,0.399,16.46,25.0,2.0,1.0,0.041667,0.8473324349461182,1.8405757114392731,8.159424288560727,7.3564,-0.803024288560727,10.0,0.03530580056689991
45,41,Tomato,23.12,64.19,0.894,0.399,16.46,25.0,2.0,1.0,0.041667,0.8778217976095194,1.877151912280269,8.122848087719731,7.4623,-0.6605480877197314,10.0,0.036576200840995846
45,42,Tomato,22.8,67.47,0.894,0.399,16.46,25.0,2.0,1.0,0.041667,0.8585654364377538,1.9129257583203207,8.08707424167968,7.3355,-0.7515742416796805,10.0,0.03577384604005189
45,43,Tomato,23.21,64.86,0.894,0.399,16.46,25.0,2.0,1.0,0.041667,0.8833150514814653,1.949730846570399,8.050269153429602,7.2764,-0.7738691534296018,10.0,0.036805088250078215
45,44,Tomato,21.9,65.06,0.894,0.399,16.46,25.0,2.0,1.0,0.041667,0.8066417592221262,1.9833411887519075,8.016658811248092,7.2998,-0.716858811248092,10.0,0.03361034218150834
45,45,Tomato,19.67,74.19,0.894,0.399,16.46,25.0,2.0,1.0,0.041667,0.6911161032642915,2.0121379234266206,7.987862076573379,7.0303,-0.957562076573379,10.0,0.028796734674713238
45,46,Tomato,22.57,70.96,0.894,0.399,16.46,25.0,2.0,1.0,0.041667,0.8449863844125135,2.047345971105937,7.952654028894063,7.0819,-0.870754028894063,10.0,0.0352080476793162
45,47,Tomato,22.08,78.34,0.894,0.399,16.46,25.0,2.0,1.0,0.041667,0.8167689911100228,2.081378284658518,7.918621715341482,6.8916,-1.0270217153414816,10.0,0.03403231355258132
45,48,Tomato,25.61,79.7,0.894,0.399,16.46,25.0,2.0,1.0,0.041667,1.0431885935298582,2.1248448237851267,7.875155176214873,6.7626,-1.1125551762148733,10.0,0.043466539126608604
45,49,Tomato,23.0,77.51,0.894,0.399,16.46,25.0,2.0,1.0,0.041667,0.8705505632961241,2.1611180541059865,7.8388819458940135,6.8147,-1.0241819458940133,10.0,0.036273230320859606
45,50,Tomato,25.04,75.99,0.894,0.399,16.46,25.0,2.0,1.0,0.041667,1.0027764359010776,2.2029007398606764,7.797099260139324,6.9263,-0.8707992601393233,10.0,0.0417826857546902
45,51,Tomato,24.8,82.37,0.894,0.399,16.46,25.0,2.0,1.0,0.041667,0.9862327044933592,2.2439940979588013,7.756005902041199,6.6912,-1.0648059020411988,10.0,0.0410933580981248
45,52,Tomato,26.72,78.2,0.894,0.399,16.46,25.0,2.0,1.0,0.041667,1.1266192284972791,2.2909369413525975,7.709063058647402,6.7079,-1.0011630586474016,10.0,0.04694284339379613
45,53,Tomato,26.7,80.54,0.894,0.399,16.46,25.0,2.0,1.0,0.041667,1.1250584846888094,2.337814753234126,7.662185246765874,6.6564,-1.0057852467658748,10.0,0.046877811881528626
45,54,Tomato,29.09,86.74,0.894,0.399,16.46,25.0,2.0,1.0,0.041667,1.3277651583824377,2.3931387440884473,7.606861255911553,6.2935,-1.3133612559115528,10.0,0.055323990854321034
45,55,Tomato,28.88,83.48,0.894,0.399,16.46,25.0,2.0,1.0,0.041667,1.3085780714550102,2.447663266591763,7.552336733408238,6.3707,-1.1816367334082374,10.0,0.05452452250331591
45,56,Tomato,27.79,71.07,0.894,0.399,16.46,25.0,2.0,1.0,0.041667,1.2133535602486927,2.498220069386645,7.501779930613354,6.4862,-1.0155799306133542,10.0,0.05055680279488228
45,57,Tomato,27.88,72.71,0.894,0.399,16.46,25.0,2.0,1.0,0.041667,1.2209465126691341,2.5490932477300303,7.45090675226997,6.4257,-1.0252067522699697,10.0,0.05087317834338481
45,58,Tomato,28.6,70.13,0.894,0.399,16.46,25.0,2.0,1.0,0.041667,1.2834258975629043,2.602569754603784,7.397430245396216,6.2883,-1.1091302453962166,10.0,0.053476506873753535
45,59,Tomato,26.76,62.03,0.894,0.399,16.46,25.0,2.0,1.0,0.041667,1.1297472145701237,2.649642931793277,7.350357068206723,6.4353,-0.915057068206723,10.0,0.047073177189493345
45,60,Tomato,25.35,62.54,0.894,0.399,16.46,25.0,2.0,1.0,0.041667,1.0245568230328015,2.692333140938585,7.307666859061415,6.3149,-0.9927668590614154,10.0,0.042690209145307745
45,61,Tomato,25.1,63.81,0.894,0.399,16.46,25.0,2.0,1.0,0.041667,1.0069555500567189,2.734289957842798,7.2657100421572025,6.235,-1.0307100421572022,10.0,0.04195681690421331
45,62,Tomato,23.8,61.0,0.894,0.399,16.46,25.0,2.0,1.0,0.041667,0.9201876506248752,2.7726314166813846,7.227368583318615,6.1304,-1.0969685833186151,10.0,0.038341458838586674
45,63,Tomato,23.8,62.35,0.894,0.399,16.46,25.0,2.0,1.0,0.041667,0.9201876506248752,2.810972875519971,7.189027124480029,6.0862,-1.1028271244800294,10.0,0.038341458838586674
45,64,Tomato,23.99,60.55,0.894,0.399,16.46,25.0,2.0,1.0,0.041667,0.9323864864368324,2.849822623250335,7.1501773767496655,6.1032,-1.0469773767496653,10.0,0.038849747730363496
45,65,Tomato,22.8,59.85,0.894,0.399,16.46,25.0,2.0,1.0,0.041667,0.8585654364377538,2.8855964692903866,7.114403530709613,6.0602,-1.0542035307096134,10.0,0.03577384604005189
45,66,Tomato,22.86,68.22,0.894,0.399,16.46,25.0,2.0,1.0,0.041667,0.8621435450175959,2.921519404380635,7.078480595619364,5.9264,-1.1520805956193643,10.0,0.03592293509024817
45,67,Tomato,21.24,69.63,0.894,0.399,16.46,25.0,2.0,1.0,0.041667,0.7705711083584077,2.9536267907526046,7.046373209247395,5.745,-1.3013732092473953,10.0,0.032107386371969776
45,68,Tomato,21.98,73.26,0.894,0.399,16.46,25.0,2.0,1.0,0.041667,0.8111271555770427,2.9874240259440334,7.0125759740559666,5.6999,-1.3126759740559661,10.0,0.03379723519142864
45,69,Tomato,20.98,78.51,0.894,0.399,16.46,25.0,2.0,1.0,0.041667,0.7568083964847896,3.018957961400365,6.981042038599635,5.6282,-1.3528420385996354,10.0,0.03153393545633173
45,70,Tomato,22.28,75.24,0.894,0.399,16.46,25.0,2.0,1.0,0.041667,0.8281706613345458,3.0534653483461915,6.946534651653808,5.6671,-1.2794346516538084,10.0,0.03450738694582652
45,71,Tomato,20.66,77.35,0.894,0.399,16.46,25.0,2.0,1.0,0.041667,0.7402066490000245,3.0843075387900756,6.915692461209924,5.478,-1.4376924612099247,10.0,0.030842190443884025
45,72,Tomato,22.48,80.8,0.894,0.399,16.46,25.0,2.0,1.0,0.041667,0.8397314929441403,3.1192966309065793,6.880703369093421,5.4026,-1.4781033690934215,10.0,0.034989092116503494
45,73,Tomato,24.93,79.22,0.894,0.399,16.46,25.0,2.0,1.0,0.041667,0.9951597218200828,3.1607619510356564,6.839238048964344,5.3567,-1.4825380489643436,10.0,0.041465320129077395
45,74,Tomato,25.59,83.6,0.894,0.399,16.46,25.0,2.0,1.0,0.041667,1.0417434290082213,3.204168274492142,6.795831725507858,5.2053,-1.5905317255078577,10.0,0.043406323456485554
45,75,Tomato,25.44,82.02,0.894,0.399,16.46,25.0,2.0,1.0,0.041667,1.030968318794789,3.2471256314313646,6.752874368568635,5.1092,-1.643674368568635,10.0,0.04295735693922247
45,76,Tomato,27.4,79.76,0.894,0.399,16.46,25.0,2.0,1.0,0.041667,1.1809926614295303,3.296334052655149,6.7036659473448506,4.9083,-1.7953659473448509,10.0,0.04920842122378424
45,77,Tomato,28.77,81.08,0.894,0.399,16.46,25.0,2.0,1.0,0.041667,1.2986386027298837,3.350444427315095,6.649555572684905,5.0703,-1.5792555726849056,10.0,0.054110374659946066
45,78,Tomato,27.65,75.06,0.894,0.399,16.46,25.0,2.0,1.0,0.041667,1.2016360495268505,3.4005129965907304,6.599487003409269,5.0654,-1.5340870034092688,10.0,0.050068569275635286
45,79,Tomato,27.11,74.53,0.894,0.399,16.46,25.0,2.0,1.0,0.041667,1.1574902169901224,3.4487421414620574,6.551257858537943,5.1157,-1.4355578585379423,10.0,0.048229144871327435
45,80,Tomato,27.64,75.92,0.894,0.399,16.46,25.0,2.0,1.0,0.041667,1.2008034274852086,3.498776017875084,6.501223982124916,4.9877,-1.5135239821249158,10.0,0.050033876413026195
45,81,Tomato,28.27,70.53,0.894,0.399,16.46,25.0,2.0,1.0,0.041667,1.2544022045209948,3.5510431945308603,6.448956805469139,5.0273,-1.421656805469139,10.0,0.05226717665577629
45,82,Tomato,33.55,63.78,0.894,0.399,16.46,25.0,2.0,1.0,0.041667,1.808758755122176,3.6264087455805356,6.373591254419464,5.0163,-1.3572912544194642,10.0,0.07536555104967571
45,83,Tomato,25.78,69.27,0.894,0.399,16.46,25.0,2.0,1.0,0.041667,1.0555537176379668,3.670390502333357,6.3296094976666435,4.7713,-1.5583094976666434,10.0,0.04398175675282116
45,84,Tomato,25.81,64.78,0.894,0.399,16.46,25.0,2.0,1.0,0.041667,1.057750963618427,3.714463811734446,6.285536188265554,4.7526,-1.5329361882655537,10.0,0.044073309401089
45,85,Tomato,24.93,60.07,0.894,0.399,16.46,25.0,2.0,1.0,0.041667,0.9951597218200828,3.7559291318635233,6.244070868136477,4.6927,-1.5513708681364768,10.0,0.041465320129077395
45,86,Tomato,24.69,62.73,0.894,0.399,16.46,25.0,2.0,1.0,0.041667,0.9787416503974359,3.7967103602106334,6.203289639789366,4.8374,-1.3658896397893665,10.0,0.04078122834710996
45,87,Tomato,24.3,56.27,0.894,0.399,16.46,25.0,2.0,1.0,0.041667,0.9526379980439375,3.8364039276751303,6.16359607232487,4.589,-1.5745960723248693,10.0,0.039693567464496746
45,88,Tomato,23.46,65.59,0.894,0.399,16.46,25.0,2.0,1.0,0.041667,0.8987551266110299,3.873852357535632,6.1261476424643675,4.4726,-1.6535476424643676,10.0,0.037448429860501786
45,89,Tomato,22.67,65.55,0.894,0.399,16.46,25.0,2.0,1.0,0.041667,0.8508637295065407,3.909305296552981,6.090694703447019,4.5763,-1.514394703447019,10.0,0.035452939017349035
45,90,Tomato,22.87,65.51,0.894,0.399,16.46,25.0,2.0,1.0,0.041667,0.862741344542656,3.94525314015604,6.05474685984396,4.4575,-1.5972468598439606,10.0,0.03594784360305885
45,91,Tomato,21.28,59.74,0.894,0.399,16.46,25.0,2.0,1.0,0.041667,0.7727105496479874,3.9774496706282223,6.022550329371778,4.33,-1.6925503293717776,10.0,0.03219653047218269
45,92,Tomato,20.98,67.54,0.894,0.399,16.46,25.0,2.0,1.0,0.041667,0.7568083964847896,4.008983606084554,5.991016393915446,4.3816,-1.6094163939154464,10.0,0.03153393545633173
45,93,Tomato,21.98,74.19,0.894,0.399,16.46,25.0,2.0,1.0,0.041667,0.8111271555770427,4.042780841275983,5.957219158724017,4.0992,-1.8580191587240176,10.0,0.03379723519142864
45,94,Tomato,29.3,72.1,0.894,0.399,16.46,25.0,2.0,1.0,0.041667,1.3472335768656902,4.0989160227232455,5.9010839772767545,4.0579,-1.8431839772767544,10.0,0.05613518144726272
45,95,Tomato,23.62,74.8,0.894,0.399,16.46,25.0,2.0,1.0,0.041667,0.9087781164485201,4.136782080501306,5.863217919498694,3.9422,-1.9210179194986936,10.0,0.03786605777806049
46,0,Tomato,28.34,81.32,0.971,0.643,12.53,25.0,2.0,1.0,0.041667,1.2605033915829855,0.052521394817088264,9.947478605182912,10.0,0.05252139481708795,10.0,0.052521394817088264
46,1,Tomato,29.74,80.6,0.971,0.643,12.53,25.0,2.0,1.0,0.041667,1.3889551357651104,0.11039498845901313,9.889605011540986,9.9695,0.07989498845901366,10.0,0.05787359364192486
46,2,Tomato,27.62,77.88,0.971,0.643,12.53,25.0,2.0,1.0,0.041667,1.1991399137911127,0.16035955124694742,9.839640448753052,10.0,0.16035955124694823,10.0,0.0499645627879343
46,3,Tomato,26.96,73.86,0.971,0.643,12.53,25.0,2.0,1.0,0.041667,1.1455178979797571,0.20808984550206996,9.79191015449793,9.9418,0.14988984550207007,10.0,0.04773029425512254
46,4,Tomato,33.87,70.18,0.971,0.643,12.53,25.0,2.0,1.0,0.041667,1.8493265562273986,0.285145735120397,9.714854264879603,9.7777,0.06284573512039593,10.0,0.07705588961832702
46,5,Tomato,25.91,67.16,0.971,0.643,12.53,25.0,2.0,1.0,0.041667,1.0651082033934176,0.3295255986311905,9.670474401368809,9.518,-0.1524744013688082,10.0,0.04437986351079353
46,6,Tomato,25.32,65.15,0.971,0.643,12.53,25.0,2.0,1.0,0.041667,1.0224285306099223,0.37212712821611416,9.627872871783886,9.5194,-0.10847287178388676,10.0,0.042601529584923636
46,7,Tomato,26.21,65.89,0.971,0.643,12.53,25.0,2.0,1.0,0.041667,1.087488390854883,0.4174395069978646,9.582560493002136,9.5393,-0.04326049300213519,10.0,0.04531237878175041
46,8,Tomato,25.79,74.69,0.971,0.643,12.53,25.0,2.0,1.0,0.041667,1.056285625351857,0.46145176014940037,9.5385482398506,9.3732,-0.16534823985059965,10.0,0.044012253151535834
46,9,Tomato,22.88,66.7,0.971,0.643,12.53,25.0,2.0,1.0,0.041667,0.8633395585744118,0.4974245295365204,9.50257547046348,9.4346,-0.06797547046348029,10.0,0.03597276938712002
46,10,Tomato,24.25,54.86,0.971,0.643,12.53,25.0,2.0,1.0,0.041667,0.9493421209505192,0.5369807676901657,9.463019232309835,9.3478,-0.1152192323098351,10.0,0.039556238153645285
46,11,Tomato,29.23,61.86,0.971,0.643,12.53,25.0,2.0,1.0,0.041667,1.3407125915803355,0.5928442392435436,9.407155760756456,9.2439,-0.16325576075645643,10.0,0.05586347155337784
46,12,Tomato,22.58,62.74,0.971,0.643,12.53,25.0,2.0,1.0,0.041667,0.8455722873775164,0.6280766997417025,9.371923300258297,9.2238,-0.14812330025829645,10.0,0.03523246049815898
46,13,Tomato,20.59,67.84,0.971,0.643,12.53,25.0,2.0,1.0,0.041667,0.73662384290824,0.6587696054041602,9.34123039459584,9.2352,-0.10603039459583918,10.0,0.030692905662457637
46,14,Tomato,21.45,72.13,0.971,0.643,12.53,25.0,2.0,1.0,0.041667,0.7818696431285935,0.6913477678243992,9.3086522321756,9.2272,-0.08145223217560016,10.0,0.03257816242023911
46,15,Tomato,22.98,70.83,0.971,0.643,12.53,25.0,2.0,1.0,0.041667,0.8693445600900217,0.7275707476096702,9.27242925239033,8.9952,-0.27722925239032925,10.0,0.036222979785270934
46,16,Tomato,21.84,70.26,0.971,0.643,12.53,25.0,2.0,1.0,0.041667,0.8032939967570338,0.7610415985725455,9.238958401427455,9.1374,-0.10155840142745554,10.0,0.03347085096287533
46,17,Tomato,29.27,85.09,0.971,0.643,12.53,25.0,2.0,1.0,0.041667,1.344434994152626,0.817060171473903,9.182939828526097,8.8201,-0.36283982852609675,10.0,0.05601857290135747
46,18,Tomato,23.06,83.93,0.971,0.643,12.53,25.0,2.0,1.0,0.041667,0.8741786204103731,0.853484572050542,9.146515427949458,8.8148,-0.3317154279494581,10.0,0.03642440057663902
46,19,Tomato,24.67,75.68,0.971,0.643,12.53,25.0,2.0,1.0,0.041667,0.9773857664108054,0.894209304779581,9.105790695220419,8.7882,-0.31759069522041905,10.0,0.04072473272903903
46,20,Tomato,25.3,80.13,0.971,0.643,12.53,25.0,2.0,1.0,0.041667,1.0210121257071934,0.9367518170214226,9.063248182978578,8.7231,-0.3401481829785773,10.0,0.04254251224184163
46,21,Tomato,27.19,84.46,0.971,0.643,12.53,25.0,2.0,1.0,0.041667,1.1639265344021366,0.9852491439303565,9.014750856069643,8.5751,-0.43965085606964216,10.0,0.048497326908933824
46,22,Tomato,27.25,79.55,0.971,0.643,12.53,25.0,2.0,1.0,0.041667,1.1687772485612455,1.0339485855461579,8.966051414453842,8.6778,-0.2882514144538426,10.0,0.04869944161580142
46,23,Tomato,25.52,79.38,0.971,0.643,12.53,25.0,2.0,1.0,0.041667,1.0367011010197207,1.0771448103223467,8.922855189677653,8.4001,-0.5227551896776532,10.0,0.0431962247761887
46,24,Tomato,29.21,81.83,0.971,0.643,12.53,25.0,2.0,1.0,0.041667,1.338855256978442,1.1329308923148673,8.867069107685133,8.4651,-0.40196910768513305,10.0,0.05578608199252075
46,25,Tomato,30.0,73.67,0.971,0.643,12.53,25.0,2.0,1.0,0.041667,1.4142135623730951,1.1918569288182672,8.808143071181732,8.2138,-0.594343071181731,10.0,0.05892603650339976
46,26,Tomato,28.35,77.56,0.971,0.643,12.53,25.0,2.0,1.0,0.041667,1.2613774088312497,1.2444147413120388,8.755585258687962,8.4104,-0.34518525868796246,10.0,0.052557812493771686
46,27,Tomato,27.4,71.44,0.971,0.643,12.53,25.0,2.0,1.0,0.041667,1.1809926614295303,1.293623162535823,8.706376837464177,8.1614,-0.5449768374641764,10.0,0.04920842122378424
46,28,Tomato,26.48,66.58,0.971,0.643,12.53,25.0,2.0,1.0,0.041667,1.108032347864926,1.3397915463743109,8.660208453625689,8.2612,-0.3990084536256884,10.0,0.04616838383848788
46,29,Tomato,27.08,62.45,0.971,0.643,12.53,25.0,2.0,1.0,0.041667,1.155085784553584,1.3879205057593051,8.612079494240694,8.0683,-0.5437794942406935,10.0,0.04812895938499419
46,30,Tomato,25.28,69.83,0.971,0.643,12.53,25.0,2.0,1.0,0.041667,1.0195976829981905,1.4304040824167907,8.569595917583209,8.0087,-0.5608959175832098,10.0,0.04248357665748561
46,31,Tomato,25.9,66.06,0.971,0.643,12.53,25.0,2.0,1.0,0.041667,1.0643701824533598,1.4747531948090749,8.525246805190925,8.0173,-0.5079468051909242,10.0,0.044349112392284146
46,32,Tomato,24.09,66.78,0.971,0.643,12.53,25.0,2.0,1.0,0.041667,0.9388717473154521,1.5138731639044678,8.486126836095533,7.8838,-0.602326836095533,10.0,0.03911996909539295
46,33,Tomato,24.55,60.78,0.971,0.643,12.53,25.0,2.0,1.0,0.041667,0.969289816935065,1.5542605627067012,8.445739437293298,7.984,-0.46173943729329814,10.0,0.040387398802233354
46,34,Tomato,23.37,61.72,0.971,0.643,12.53,25.0,2.0,1.0,0.041667,0.8931658523527605,1.5914761042766836,8.408523895723317,7.8444,-0.5641238957233163,10.0,0.037215541569982476
46,35,Tomato,21.18,76.68,0.971,0.643,12.53,25.0,2.0,1.0,0.041667,0.7673730480004434,1.6234502370677182,8.376549762932282,7.6776,-0.6989497629322816,10.0,0.031974132791034476
46,36,Tomato,23.17,63.37,0.971,0.643,12.53,25.0,2.0,1.0,0.041667,0.8808693741269793,1.660153421279467,8.339846578720532,7.6531,-0.6867465787205322,10.0,0.03670318421174885
46,37,Tomato,22.66,66.28,0.971,0.643,12.53,25.0,2.0,1.0,0.041667,0.8502741600641959,1.6955817947068619,8.304418205293139,7.7474,-0.5570182052931392,10.0,0.035428373427394855
46,38,Tomato,26.47,73.74,0.971,0.643,12.53,25.0,2.0,1.0,0.041667,1.107264584484285,1.7417181881485686,8.25828181185143,7.5206,-0.7376818118514308,10.0,0.046136393441706704
46,39,Tomato,21.78,73.58,0.971,0.643,12.53,25.0,2.0,1.0,0.041667,0.7999601283327527,1.7750501268158094,8.22494987318419,7.4783,-0.7466498731841904,10.0,0.03333193866724081
46,40,Tomato,22.85,76.84,0.971,0.643,12.53,25.0,2.0,1.0,0.041667,0.8615461597120172,1.8109481706525299,8.18905182934747,7.379,-0.8100518293474703,10.0,0.03589804383672062
46,41,Tomato,23.83,73.05,0.971,0.643,12.53,25.0,2.0,1.0,0.041667,0.9221031179126311,1.8493694412665955,8.150630558733404,7.2618,-0.888830558733404,10.0,0.038421270614065604
46,42,Tomato,23.73,76.63,0.971,0.643,12.53,25.0,2.0,1.0,0.041667,0.9157336864181262,1.8875253167785797,8.11247468322142,7.3474,-0.7650746832214192,10.0,0.03815587551198407
46,43,Tomato,26.83,88.59,0.971,0.643,12.53,25.0,2.0,1.0,0.041667,1.1352421021460644,1.9348274494486997,8.065172550551301,6.7856,-1.2795725505513014,10.0,0.04730213267012007
46,44,Tomato,24.49,82.24,0.971,0.643,12.53,25.0,2.0,1.0,0.041667,0.9652670248717569,1.9750472305740312,8.024952769425969,7.0877,-0.9372527694259691,10.0,0.0402197811253315
46,45,Tomato,25.86,80.25,0.971,0.643,12.53,25.0,2.0,1.0,0.041667,1.0614232089497946,2.0192735514213425,7.9807264485786575,6.9012,-1.0795264485786573,10.0,0.044226320847311096
46,46,Tomato,27.41,82.3,0.971,0.643,12.53,25.0,2.0,1.0,0.041667,1.1818115469343653,2.0685160931474567,7.931483906852543,7.0342,-0.8972839068525431,10.0,0.049242541726114204
46,47,Tomato,27.76,82.26,0.971,0.643,12.53,25.0,2.0,1.0,0.041667,1.2108330839505541,2.1189678752564243,7.881032124743576,6.8873,-0.993732124743576,10.0,0.05045178210896774
46,48,Tomato,28.22,85.44,0.971,0.643,12.53,25.0,2.0,1.0,0.041667,1.250062302585209,2.171054221218242,7.828945778781758,6.7336,-1.0953457787817582,10.0,0.0520863459618179
46,49,Tomato,28.5,77.13,0.971,0.643,12.53,25.0,2.0,1.0,0.041667,1.2745606273192622,2.224161338876754,7.775838661123246,6.8224,-0.9534386611232462,10.0,0.053107117658511706
46,50,Tomato,28.05,80.02,0.971,0.643,12.53,25.0,2.0,1.0,0.041667,1.2354186371269291,2.2756375272299216,7.724362472770078,6.7145,-1.0098624727700782,10.0,0.05147618835316776
46,51,Tomato,29.5,68.78,0.971,0.643,12.53,25.0,2.0,1.0,0.041667,1.3660402567543954,2.332556326608107,7.667443673391893,6.7018,-0.9656436733918925,10.0,0.0569187993781854
46,52,Tomato,27.21,73.88,0.971,0.643,12.53,25.0,2.0,1.0,0.041667,1.1655411981345598,2.3811209317107798,7.61887906828922,6.6797,-0.9391790682892198,10.0,0.04856460510267271
46,53,Tomato,25.24,72.45,0.971,0.643,12.53,25.0,2.0,1.0,0.041667,1.016774673291956,2.4234868820228357,7.576513117977164,6.5283,-1.0482131179771645,10.0,0.042365950312055936
46,54,Tomato,24.62,64.86,0.971,0.643,12.53,25.0,2.0,1.0,0.041667,0.9740042685432411,2.464070717880227,7.535929282119773,6.6596,-0.876329282119773,10.0,0.040583835857391226
46,55,Tomato,23.33,67.59,0.971,0.643,12.53,25.0,2.0,1.0,0.041667,0.8906929006066808,2.5011832189698056,7.498816781030195,6.5489,-0.9499167810301952,10.0,0.03711250108957857
46,56,Tomato,25.43,61.36,0.971,0.643,12.53,25.0,2.0,1.0,0.041667,1.0302539536200745,2.544110810455293,7.455889189544707,6.6534,-0.8024891895447066,10.0,0.04292759148548765
46,57,Tomato,23.64,61.37,0.971,0.643,12.53,25.0,2.0,1.0,0.041667,0.9100388240808992,2.582029398138272,7.417970601861728,6.4277,-0.9902706018617282,10.0,0.03791858768297883
46,58,Tomato,23.68,59.78,0.971,0.643,12.53,25.0,2.0,1.0,0.041667,0.9125654885434519,2.620053264349412,7.379946735650588,6.3426,-1.0373467356505879,10.0,0.03802386621114001
46,59,Tomato,22.12,64.18,0.971,0.643,12.53,25.0,2.0,1.0,0.041667,0.8190366978598277,2.6541800664391375,7.345819933560863,6.1513,-1.194519933560863,10.0,0.03412680208972544
46,60,Tomato,20.92,62.83,0.971,0.643,12.53,25.0,2.0,1.0,0.041667,0.7536674547791906,2.685583128277422,7.314416871722578,6.3062,-1.0082168717225786,10.0,0.031403061838284535
46,61,Tomato,21.37,66.22,0.971,0.643,12.53,25.0,2.0,1.0,0.041667,0.7775460358825584,2.7179811389545403,7.28201886104546,6.2019,-1.0801188610454595,10.0,0.03239801067711857
46,62,Tomato,23.31,65.41,0.971,0.643,12.53,25.0,2.0,1.0,0.041667,0.8894589935378976,2.755042226838284,7.244957773161715,6.169,-1.0759577731617158,10.0,0.03706108788374358
46,63,Tomato,22.19,65.2,0.971,0.643,12.53,25.0,2.0,1.0,0.041667,0.8230203452787082,2.789335015565012,7.210664984434988,6.0284,-1.1822649844349877,10.0,0.03429278872672793
46,64,Tomato,22.33,72.16,0.971,0.643,12.53,25.0,2.0,1.0,0.041667,0.8310458615936477,2.8239622034800345,7.1760377965199655,6.0072,-1.1688377965199654,10.0,0.03462718791502252
46,65,Tomato,24.24,80.98,0.971,0.643,12.53,25.0,2.0,1.0,0.041667,0.9486843151404538,2.8634910328389918,7.136508967161008,5.8033,-1.3332089671610081,10.0,0.03952882935895729
46,66,Tomato,25.43,80.24,0.971,0.643,12.53,25.0,2.0,1.0,0.041667,1.0302539536200745,2.9064186243244796,7.09358137567552,5.7601,-1.33348137567552,10.0,0.04292759148548765
46,67,Tomato,23.38,79.93,0.971,0.643,12.53,25.0,2.0,1.0,0.041667,0.8937851623567868,2.9436599706843998,7.0563400293156,5.7631,-1.2932400293156006,10.0,0.03724134635992024
46,68,Tomato,25.81,81.81,0.971,0.643,12.53,25.0,2.0,1.0,0.041667,1.057750963618427,2.9877332800854886,7.0122667199145114,5.5847,-1.4275667199145117,10.0,0.044073309401089
46,69,Tomato,27.3,81.53,0.971,0.643,12.53,25.0,2.0,1.0,0.041667,1.1728349492318788,3.0366017939151333,6.963398206084866,5.5128,-1.450598206084866,10.0,0.048868513829644696
46,70,Tomato,28.51,82.12,0.971,0.643,12.53,25.0,2.0,1.0,0.041667,1.2754443916785443,3.0897457353832034,6.910254264616796,5.5754,-1.334854264616796,10.0,0.05314394146806991
46,71,Tomato,26.67,82.78,0.971,0.643,12.53,25.0,2.0,1.0,0.041667,1.1227214220736086,3.1365261688767445,6.8634738311232555,5.2327,-1.6307738311232551,10.0,0.04678043349354105
46,72,Tomato,31.53,77.99,0.971,0.643,12.53,25.0,2.0,1.0,0.041667,1.5724345842806635,3.2020448006999667,6.797955199300033,5.2132,-1.5847551993000337,10.0,0.06551863182322241
46,73,Tomato,26.92,80.8,0.971,0.643,12.53,25.0,2.0,1.0,0.041667,1.1423462468485455,3.249642941767405,6.750357058232595,5.2692,-1.4811570582325952,10.0,0.04759814106743835
46,74,Tomato,29.05,78.25,0.971,0.643,12.53,25.0,2.0,1.0,0.041667,1.3240889103953972,3.30481375439685,6.69518624560315,5.1983,-1.4968862456031502,10.0,0.05517081262944502
46,75,Tomato,28.29,76.41,0.971,0.643,12.53,25.0,2.0,1.0,0.041667,1.256142381143527,3.3571534389919573,6.642846561008042,5.1449,-1.4979465610080425,10.0,0.05233968459510734
46,76,Tomato,33.21,65.82,0.971,0.643,12.53,25.0,2.0,1.0,0.041667,1.7666301029629303,3.430763615492114,6.569236384507886,5.2949,-1.2743363845078859,10.0,0.07361017650015642
46,77,Tomato,26.31,68.15,0.971,0.643,12.53,25.0,2.0,1.0,0.041667,1.0950524707935745,3.47639116679267,6.52360883320733,5.0729,-1.4507088332073304,10.0,0.045627551300555874
46,78,Tomato,24.85,67.62,0.971,0.643,12.53,25.0,2.0,1.0,0.041667,0.989656656415207,3.517627190695522,6.4823728093044775,5.068,-1.4143728093044778,10.0,0.04123602390285243
46,79,Tomato,23.82,65.34,0.971,0.643,12.53,25.0,2.0,1.0,0.041667,0.921464186198704,3.5560218389418634,6.443978161058137,5.0493,-1.3946781610581374,10.0,0.0383946482463414
46,80,Tomato,24.91,68.63,0.971,0.643,12.53,25.0,2.0,1.0,0.041667,0.9937810933225548,3.5974297157573343,6.402570284242666,4.8108,-1.5917702842426653,10.0,0.041407876815470895
46,81,Tomato,23.75,59.62,0.971,0.643,12.53,25.0,2.0,1.0,0.041667,0.9170040432046712,3.6356385232255435,6.364361476774457,4.8813,-1.4830614767744565,10.0,0.03820880746820904
46,82,Tomato,24.37,60.04,0.971,0.643,12.53,25.0,2.0,1.0,0.041667,0.9572714581952976,3.675525153074167,6.324474846925833,4.8033,-1.5211748469258328,10.0,0.03988662984862347
46,83,Tomato,20.33,64.57,0.971,0.643,12.53,25.0,2.0,1.0,0.041667,0.7234674429352628,3.7056698710189506,6.294330128981049,4.7751,-1.5192301289810493,10.0,0.030144717944783597
46,84,Tomato,20.8,65.65,0.971,0.643,12.53,25.0,2.0,1.0,0.041667,0.7474246243174693,3.7368128128403866,6.263187187159613,4.8215,-1.441687187159613,10.0,0.031142941821435993
46,85,Tomato,20.96,72.32,0.971,0.643,12.53,25.0,2.0,1.0,0.041667,0.7557599641581133,3.7683030632669627,6.231696936733037,4.6745,-1.5571969367330372,10.0,0.03149025042657611
46,86,Tomato,22.29,66.73,0.971,0.643,12.53,25.0,2.0,1.0,0.041667,0.8287449044879921,3.802834377202264,6.197165622797736,4.5733,-1.6238656227977364,10.0,0.03453131393530117
46,87,Tomato,25.85,68.68,0.971,0.643,12.53,25.0,2.0,1.0,0.041667,1.060687741368217,3.8470300533218533,6.152969946678146,4.5447,-1.6082699466781465,10.0,0.0441956761195895
46,88,Tomato,21.26,76.02,0.971,0.643,12.53,25.0,2.0,1.0,0.041667,0.7716400875294674,3.879181980848944,6.120818019151056,4.3203,-1.8005180191510561,10.0,0.03215192752709032
46,89,Tomato,22.24,78.29,0.971,0.643,12.53,25.0,2.0,1.0,0.041667,0.8258776649357198,3.9135938255138205,6.0864061744861795,4.2041,-1.882306174486179,10.0,0.03441184466487664
46,90,Tomato,25.04,73.43,0.971,0.643,12.53,25.0,2.0,1.0,0.041667,1.0027764359010776,3.9553765112685104,6.04462348873149,4.0609,-1.9837234887314894,10.0,0.0417826857546902
46,91,Tomato,25.37,80.24,0.971,0.643,12.53,25.0,2.0,1.0,0.041667,1.0259781453371406,3.9981259426502733,6.001874057349727,4.0204,-1.9814740573497263,10.0,0.04274943138176264
46,92,Tomato,25.25,83.09,0.971,0.643,12.53,25.0,2.0,1.0,0.041667,1.0174796921026863,4.040521268981116,5.959478731018884,3.9555,-2.0039787310188846,10.0,0.042395326330842635
46,93,Tomato,26.24,79.94,0.971,0.643,12.53,25.0,2.0,1.0,0.041667,1.089752112213328,4.085927970240709,5.914072029759291,3.8831,-2.030972029759291,10.0,0.045406701259592744
46,94,Tomato,28.26,87.88,0.971,0.643,12.53,25.0,2.0,1.0,0.041667,1.2535330204406907,4.138158930603411,5.861841069396589,3.2314,-2.630441069396589,10.0,0.052230960362702264
46,95,Tomato,26.45,85.98,0.971,0.643,12.53,25.0,2.0,1.0,0.041667,1.1057306533202689,4.184231409735307,5.815768590264693,3.4721,-2.343668590264693,10.0,0.04607247913189565
47,0,Tomato,22.58,69.3,0.932,0.443,12.7,25.0,2.0,1.0,0.041667,0.8455722873775164,0.03523246049815898,9.96476753950184,9.8442,-0.12056753950183996,10.0,0.03523246049815898
47,1,Tomato,22.51,69.84,0.932,0.443,12.7,25.0,2.0,1.0,0.041667,0.8414794822853806,0.07029438608654393,9.929705613913455,10.0,0.07029438608654459,10.0,0.03506192558838495
47,2,Tomato,22.68,72.92,0.932,0.443,12.7,25.0,2.0,1.0,0.041667,0.851453707748945,0.10577190772731923,9.89422809227268,9.8468,-0.04742809227268019,10.0,0.03547752164077529
47,3,Tomato,22.94,77.51,0.932,0.443,12.7,25.0,2.0,1.0,0.041667,0.8669375635146868,0.14189459518628567,9.858105404813715,9.968,0.10989459518628486,10.0,0.036122687458966456
47,4,Tomato,24.39,78.22,0.932,0.443,12.7,25.0,2.0,1.0,0.041667,0.9585994384929766,0.18183655798997253,9.818163442010027,9.6946,-0.12356344201002756,10.0,0.03994196280368686
47,5,Tomato,26.22,87.74,0.932,0.443,12.7,25.0,2.0,1.0,0.041667,1.0882424416708036,0.2271803558070699,9.77281964419293,9.461,-0.31181964419292996,10.0,0.04534379781709738
47,6,Tomato,26.3,82.82,0.932,0.443,12.7,25.0,2.0,1.0,0.041667,1.0942937012607397,0.27277629145750115,9.7272237085425,9.7189,-0.008323708542500086,10.0,0.04559593565043124
47,7,Tomato,28.54,97.35,0.932,0.443,12.7,25.0,2.0,1.0,0.041667,1.2780993632030513,0.3260308576240827,9.673969142375917,9.3998,-0.27416914237591605,10.0,0.05325456616658154
47,8,Tomato,27.14,81.3,0.932,0.443,12.7,25.0,2.0,1.0,0.041667,1.1598996545054345,0.3743603965283606,9.62563960347164,9.514,-0.11163960347164092,10.0,0.04832953890427794
47,9,Tomato,27.28,82.28,0.932,0.443,12.7,25.0,2.0,1.0,0.041667,1.17121018121881,0.4231612111492048,9.576838788850795,9.5455,-0.03133878885079433,10.0,0.04880081462084416
47,10,Tomato,28.39,78.71,0.932,0.443,12.7,25.0,2.0,1.0,0.041667,1.2648795423539372,0.47586494704046634,9.524135052959533,9.3862,-0.13793505295953246,10.0,0.052703735891261504
47,11,Tomato,25.62,74.4,0.932,0.443,12.7,25.0,2.0,1.0,0.041667,1.043911927421719,0.519361625320347,9.480638374679653,9.4391,-0.0415383746796536,10.0,0.04349667827988077
47,12,Tomato,28.04,77.8,0.932,0.443,12.7,25.0,2.0,1.0,0.041667,1.2345626068935383,0.5708021454617801,9.42919785453822,9.3304,-0.09879785453822088,10.0,0.05144052014143306
47,13,Tomato,26.99,68.43,0.932,0.443,12.7,25.0,2.0,1.0,0.041667,1.1479024138550018,0.6186317953398766,9.381368204660124,9.2102,-0.17116820466012328,10.0,0.04782964987809636
47,14,Tomato,26.46,63.86,0.932,0.443,12.7,25.0,2.0,1.0,0.041667,1.1064973530922722,0.6647362205511722,9.335263779448828,9.1556,-0.17966377944882872,10.0,0.04610442521129571
47,15,Tomato,26.2,64.11,0.932,0.443,12.7,25.0,2.0,1.0,0.041667,1.086734862526058,0.7100172020680455,9.289982797931955,9.0458,-0.24418279793195552,10.0,0.045280981516873264
47,16,Tomato,24.77,63.36,0.932,0.443,12.7,25.0,2.0,1.0,0.041667,0.9841840220338002,0.7510251977141278,9.248974802285872,9.0646,-0.18437480228587155,10.0,0.04100799564608235
47,17,Tomato,23.23,60.27,0.932,0.443,12.7,25.0,2.0,1.0,0.041667,0.8845404353315406,0.7878813440330872,9.212118655966913,9.0948,-0.11731865596691371,10.0,0.0368561463189593
47,18,Tomato,23.41,64.44,0.932,0.443,12.7,25.0,2.0,1.0,0.041667,0.8956456700908493,0.8252002121687625,9.174799787831237,8.9428,-0.23199978783123676,10.0,0.03731886813567542
47,19,Tomato,23.58,58.44,0.932,0.443,12.7,25.0,2.0,1.0,0.041667,0.9062619382673343,0.8629614283505476,9.137038571649452,8.8612,-0.2758385716494516,10.0,0.03776121618178502
47,20,Tomato,22.76,58.21,0.932,0.443,12.7,25.0,2.0,1.0,0.041667,0.856188284546457,0.8986362256027448,9.101363774397255,8.916,-0.1853637743972545,10.0,0.03567479725219723
47,21,Tomato,21.22,57.41,0.932,0.443,12.7,25.0,2.0,1.0,0.041667,0.7695036100804311,0.9306991325239661,9.069300867476034,8.762,-0.3073008674760338,10.0,0.032062906921221324
47,22,Tomato,21.83,67.36,0.932,0.443,12.7,25.0,2.0,1.0,0.041667,0.8027373887159533,0.9641467912995938,9.035853208700406,8.8223,-0.2135532087004055,10.0,0.03344765877562763
47,23,Tomato,22.24,67.77,0.932,0.443,12.7,25.0,2.0,1.0,0.041667,0.8258776649357198,0.9985586359644704,9.00144136403553,8.6599,-0.34154136403553004,10.0,0.03441184466487664
47,24,Tomato,23.74,66.57,0.932,0.443,12.7,25.0,2.0,1.0,0.041667,0.9163686446753513,1.0367409682821582,8.963259031717842,8.6752,-0.2880590317178413,10.0,0.03818233231768786
47,25,Tomato,22.59,73.81,0.932,0.443,12.7,25.0,2.0,1.0,0.041667,0.8461585966002897,1.0719978585267025,8.928002141473298,8.506,-0.42200214147329795,10.0,0.03525689024454427
47,26,Tomato,23.74,76.79,0.932,0.443,12.7,25.0,2.0,1.0,0.041667,0.9163686446753513,1.1101801908443905,8.88981980915561,8.5115,-0.3783198091556095,10.0,0.03818233231768786
47,27,Tomato,28.43,83.31,0.932,0.443,12.7,25.0,2.0,1.0,0.041667,1.268391399325867,1.1630302552801013,8.836969744719898,8.3531,-0.4838697447198985,10.0,0.05285006443571091
47,28,Tomato,28.3,82.44,0.932,0.443,12.7,25.0,2.0,1.0,0.041667,1.2570133745218284,1.2154062315563023,8.784593768443697,8.3788,-0.4057937684436972,10.0,0.052375976276201025
47,29,Tomato,25.42,78.97,0.932,0.443,12.7,25.0,2.0,1.0,0.041667,1.0295400834339972,1.2583040782127466,8.741695921787253,8.3875,-0.35419592178725345,10.0,0.04289784665644436
47,30,Tomato,25.62,81.33,0.932,0.443,12.7,25.0,2.0,1.0,0.041667,1.043911927421719,1.3018007564926275,8.698199243507373,8.2801,-0.41809924350737404,10.0,0.04349667827988077
47,31,Tomato,27.71,81.69,0.932,0.443,12.7,25.0,2.0,1.0,0.041667,1.2066439197207628,1.3520779886956324,8.647922011304367,8.1722,-0.47572201130436653,10.0,0.05027723220300503
47,32,Tomato,27.16,77.93,0.932,0.443,12.7,25.0,2.0,1.0,0.041667,1.161508731925722,1.4004745730287815,8.59952542697122,8.2301,-0.36942542697121894,10.0,0.04839658433314906
47,33,Tomato,26.97,81.52,0.932,0.443,12.7,25.0,2.0,1.0,0.041667,1.1463121857283778,1.4482379628715258,8.551762037128475,8.0087,-0.5430620371284753,10.0,0.04776338984274432
47,34,Tomato,28.95,76.57,0.932,0.443,12.7,25.0,2.0,1.0,0.041667,1.3149427602050707,1.5030276828609905,8.49697231713901,8.0977,-0.39927231713901,10.0,0.054789719989464684
47,35,Tomato,28.17,76.65,0.932,0.443,12.7,25.0,2.0,1.0,0.041667,1.245737415569474,1.554933823755524,8.445066176244476,8.0083,-0.43676617624447545,10.0,0.05190614089453328
47,36,Tomato,27.0,70.89,0.932,0.443,12.7,25.0,2.0,1.0,0.041667,1.148698354997035,1.6027966381131853,8.397203361886815,7.9355,-0.4617033618868147,10.0,0.047862814357661466
47,37,Tomato,28.17,67.09,0.932,0.443,12.7,25.0,2.0,1.0,0.041667,1.245737415569474,1.6547027790077187,8.34529722099228,7.9098,-0.43549722099228116,10.0,0.05190614089453328
47,38,Tomato,25.91,59.81,0.932,0.443,12.7,25.0,2.0,1.0,0.041667,1.0651082033934176,1.6990826425185122,8.300917357481488,7.7953,-0.505617357481488,10.0,0.04437986351079353
47,39,Tomato,26.43,65.12,0.932,0.443,12.7,25.0,2.0,1.0,0.041667,1.1041988471630928,1.7450912958832567,8.254908704116744,7.8157,-0.4392087041167443,10.0,0.04600865336474459
47,40,Tomato,25.64,60.64,0.932,0.443,12.7,25.0,2.0,1.0,0.041667,1.045360100205165,1.7886483151785053,8.211351684821494,7.721,-0.49035168482149416,10.0,0.043557019295248606
47,41,Tomato,30.25,64.98,0.932,0.443,12.7,25.0,2.0,1.0,0.041667,1.43893358001082,1.848604360656816,8.151395639343184,7.6267,-0.5246956393431841,10.0,0.05995604547831084
47,42,Tomato,22.89,65.65,0.932,0.443,12.7,25.0,2.0,1.0,0.041667,0.8639381874002773,1.8846020731112234,8.115397926888777,7.5934,-0.5219979268887771,10.0,0.03599771245440735
47,43,Tomato,21.83,60.89,0.932,0.443,12.7,25.0,2.0,1.0,0.041667,0.8027373887159533,1.918049731886851,8.081950268113149,7.4696,-0.6123502681131487,10.0,0.03344765877562763
47,44,Tomato,22.09,64.26,0.932,0.443,12.7,25.0,2.0,1.0,0.041667,0.817335328488283,1.9521056430189725,8.047894356981027,7.4957,-0.552194356981027,10.0,0.034055911132121294
47,45,Tomato,22.33,57.56,0.932,0.443,12.7,25.0,2.0,1.0,0.041667,0.8310458615936477,1.9867328309339949,8.013267169066005,7.4089,-0.6043671690660046,10.0,0.03462718791502252
47,46,Tomato,21.53,64.51,0.932,0.443,12.7,25.0,2.0,1.0,0.041667,0.7862172921403318,2.019492146845606,7.9805078531543945,7.4515,-0.5290078531543942,10.0,0.03275931591161121
47,47,Tomato,21.78,74.56,0.932,0.443,12.7,25.0,2.0,1.0,0.041667,0.7999601283327527,2.052824085512847,7.947175914487153,7.1734,-0.7737759144871532,10.0,0.03333193866724081
47,48,Tomato,22.78,72.56,0.932,0.443,12.7,25.0,2.0,1.0,0.041667,0.8573760366341717,2.088548372831283,7.9114516271687165,7.2428,-0.6686516271687166,10.0,0.035724287318436035
47,49,Tomato,24.28,76.84,0.932,0.443,12.7,25.0,2.0,1.0,0.041667,0.9513182763317992,2.1281869514512,7.8718130485488,7.1433,-0.7285130485488001,10.0,0.039638578619917084
47,50,Tomato,24.09,76.26,0.932,0.443,12.7,25.0,2.0,1.0,0.041667,0.9388717473154521,2.167306920546593,7.832693079453406,7.0609,-0.7717930794534062,10.0,0.03911996909539295
47,51,Tomato,23.58,82.21,0.932,0.443,12.7,25.0,2.0,1.0,0.041667,0.9062619382673343,2.205068136728378,7.794931863271621,7.0118,-0.7831318632716213,10.0,0.03776121618178502
47,52,Tomato,23.71,78.02,0.932,0.443,12.7,25.0,2.0,1.0,0.041667,0.9144650894999016,2.2431711536125705,7.75682884638743,6.7604,-0.9964288463874302,10.0,0.0381030168841924
47,53,Tomato,25.18,81.61,0.932,0.443,12.7,25.0,2.0,1.0,0.041667,1.0125548073504929,2.2853612747704433,7.714638725229557,6.831,-0.8836387252295568,10.0,0.04219012115787299
47,54,Tomato,25.78,83.02,0.932,0.443,12.7,25.0,2.0,1.0,0.041667,1.0555537176379668,2.3293430315232646,7.670656968476735,6.6708,-0.9998569684767356,10.0,0.04398175675282116
47,55,Tomato,26.96,80.94,0.932,0.443,12.7,25.0,2.0,1.0,0.041667,1.1455178979797571,2.377073325778387,7.622926674221613,6.8803,-0.7426266742216132,10.0,0.04773029425512254
47,56,Tomato,26.95,81.2,0.932,0.443,12.7,25.0,2.0,1.0,0.041667,1.1447241605986846,2.4247705473780523,7.575229452621947,6.7142,-0.8610294526219473,10.0,0.0476972215996654
47,57,Tomato,28.47,77.43,0.932,0.443,12.7,25.0,2.0,1.0,0.041667,1.2719130067435735,2.477767346630037,7.522232653369963,6.781,-0.7412326533699636,10.0,0.05299679925198448
47,58,Tomato,27.18,80.18,0.932,0.443,12.7,25.0,2.0,1.0,0.041667,1.1631200415478509,2.526231069401211,7.473768930598789,6.4899,-0.9838689305987893,10.0,0.048463722771174306
47,59,Tomato,29.54,74.33,0.932,0.443,12.7,25.0,2.0,1.0,0.041667,1.3698329799655657,2.5833079001774366,7.416692099822564,6.4558,-0.9608920998225638,10.0,0.05707683077622523
47,60,Tomato,29.85,74.32,0.932,0.443,12.7,25.0,2.0,1.0,0.041667,1.399585865595196,2.6416244444391914,7.358375555560809,6.558,-0.8003755555608087,10.0,0.05831654426175504
47,61,Tomato,27.3,71.36,0.932,0.443,12.7,25.0,2.0,1.0,0.041667,1.1728349492318788,2.690492958268836,7.309507041731164,6.5669,-0.7426070417311639,10.0,0.048868513829644696
47,62,Tomato,26.43,67.1,0.932,0.443,12.7,25.0,2.0,1.0,0.041667,1.1041988471630928,2.7365016116335807,7.263498388366419,6.5443,-0.7191983883664195,10.0,0.04600865336474459
47,63,Tomato,25.45,64.85,0.932,0.443,12.7,25.0,2.0,1.0,0.041667,1.0316831793013588,2.7794887546655307,7.220511245334469,6.2964,-0.9241112453344691,10.0,0.04298714303194972
47,64,Tomato,24.5,68.31,0.932,0.443,12.7,25.0,2.0,1.0,0.041667,0.9659363289248456,2.819736423682842,7.180263576317158,6.1881,-0.9921635763171572,10.0,0.04024766901731154
47,65,Tomato,23.8,66.65,0.932,0.443,12.7,25.0,2.0,1.0,0.041667,0.9201876506248752,2.858077882521429,7.141922117478571,6.2131,-0.9288221174785711,10.0,0.038341458838586674
47,66,Tomato,23.4,64.93,0.932,0.443,12.7,25.0,2.0,1.0,0.041667,0.8950250709279723,2.8953708921517847,7.104629107848215,6.0796,-1.0250291078482148,10.0,0.037293009630355825
47,67,Tomato,24.08,58.46,0.932,0.443,12.7,25.0,2.0,1.0,0.041667,0.938221196500671,2.934463754746378,7.065536245253622,6.2076,-0.8579362452536214,10.0,0.039092862594593464
47,68,Tomato,21.44,61.83,0.932,0.443,12.7,25.0,2.0,1.0,0.041667,0.7813278801723175,2.9670193435295182,7.032980656470482,6.2099,-0.8230806564704816,10.0,0.03255558878313995
47,69,Tomato,22.69,71.62,0.932,0.443,12.7,25.0,2.0,1.0,0.041667,0.852044095074866,3.0025214648390026,6.997478535160997,5.9167,-1.0807785351609978,10.0,0.03550212130948444
47,70,Tomato,22.16,63.31,0.932,0.443,12.7,25.0,2.0,1.0,0.041667,0.8213107007520658,3.0367430178072388,6.963256982192761,6.0787,-0.8845569821927608,10.0,0.03422155296823633
47,71,Tomato,22.95,72.45,0.932,0.443,12.7,25.0,2.0,1.0,0.041667,0.8675386871520679,3.072890752284804,6.927109247715196,5.8503,-1.0768092477151958,10.0,0.03614773447756522
47,72,Tomato,21.76,72.43,0.932,0.443,12.7,25.0,2.0,1.0,0.041667,0.798851916449148,3.1061765150874905,6.8938234849125095,5.7927,-1.1011234849125096,10.0,0.03328576280268665
47,73,Tomato,22.76,73.79,0.932,0.443,12.7,25.0,2.0,1.0,0.041667,0.856188284546457,3.141851312339688,6.858148687660313,5.76,-1.0981486876603128,10.0,0.03567479725219723
47,74,Tomato,22.2,79.85,0.932,0.443,12.7,25.0,2.0,1.0,0.041667,0.8235910172675731,3.176167879256176,6.823832120743824,5.7733,-1.0505321207438243,10.0,0.03431656691648797
47,75,Tomato,23.52,79.02,0.932,0.443,12.7,25.0,2.0,1.0,0.041667,0.9025007274624299,3.213772377067353,6.786227622932647,5.5917,-1.1945276229326467,10.0,0.03760449781117707
47,76,Tomato,23.22,83.9,0.932,0.443,12.7,25.0,2.0,1.0,0.041667,0.8839275310636712,3.250602985504183,6.749397014495817,5.4282,-1.3211970144958167,10.0,0.03683060843682999
47,77,Tomato,25.41,77.76,0.932,0.443,12.7,25.0,2.0,1.0,0.041667,1.0288267078935756,3.2934711079419845,6.7065288920580155,5.4407,-1.2658288920580159,10.0,0.042868122437801616
47,78,Tomato,25.89,81.11,0.932,0.443,12.7,25.0,2.0,1.0,0.041667,1.0636326728931846,3.337789490523425,6.662210509476575,5.4166,-1.2456105094765748,10.0,0.04431838258144033
47,79,Tomato,25.31,81.32,0.932,0.443,12.7,25.0,2.0,1.0,0.041667,1.0217200827143014,3.3803615012098818,6.619638498790119,5.2595,-1.3601384987901186,10.0,0.042572010686456795
47,80,Tomato,26.45,76.99,0.932,0.443,12.7,25.0,2.0,1.0,0.041667,1.1057306533202689,3.4264339803417774,6.573566019658223,5.4134,-1.1601660196582229,10.0,0.04607247913189565
47,81,Tomato,28.3,94.66,0.932,0.443,12.7,25.0,2.0,1.0,0.041667,1.2570133745218284,3.478809956617978,6.521190043382022,3.8811,-2.6400900433820222,10.0,0.052375976276201025
47,82,Tomato,28.81,81.54,0.932,0.443,12.7,25.0,2.0,1.0,0.041667,1.3022441895690284,3.533070565264751,6.466929434735249,5.1218,-1.3451294347352487,10.0,0.054260608646772714
47,83,Tomato,28.28,71.6,0.932,0.443,12.7,25.0,2.0,1.0,0.041667,1.2552719912826433,3.585373983325525,6.414626016674475,5.3423,-1.0723260166744755,10.0,0.052303418060773904
47,84,Tomato,28.71,76.78,0.932,0.443,12.7,25.0,2.0,1.0,0.041667,1.293248931887487,3.6392597865704808,6.360740213429519,5.1644,-1.1963402134295196,10.0,0.05388580324495592
47,85,Tomato,32.68,66.34,0.932,0.443,12.7,25.0,2.0,1.0,0.041667,1.70290741549789,3.7102148298520317,6.289785170147969,5.1845,-1.105285170147969,10.0,0.07095504328155058
47,86,Tomato,25.34,67.1,0.932,0.443,12.7,25.0,2.0,1.0,0.041667,1.0238469004284423,3.7528754586521833,6.247124541347817,4.9371,-1.3100245413478167,10.0,0.04266062880015191
47,87,Tomato,30.88,62.41,0.932,0.443,12.7,25.0,2.0,1.0,0.041667,1.5031614780655627,3.8155076879587413,6.184492312041259,4.9806,-1.2038923120412592,10.0,0.0626322293065578
47,88,Tomato,26.23,61.77,0.932,0.443,12.7,25.0,2.0,1.0,0.041667,1.0889970153361064,3.8608829265967506,6.139117073403249,5.0151,-1.124017073403249,10.0,0.045375238638009546
47,89,Tomato,22.7,60.36,0.932,0.443,12.7,25.0,2.0,1.0,0.041667,0.8526348917679567,3.896409664632046,6.103590335367954,5.0048,-1.098790335367954,10.0,0.035526738035295456
47,90,Tomato,23.37,62.67,0.932,0.443,12.7,25.0,2.0,1.0,0.041667,0.8931658523527605,3.9336252062020285,6.066374793797971,4.8878,-1.1785747937979707,10.0,0.037215541569982476
47,91,Tomato,23.7,68.15,0.932,0.443,12.7,25.0,2.0,1.0,0.041667,0.9138314502294005,3.971701821238737,6.028298178761263,4.7709,-1.257398178761263,10.0,0.03807661503670843
47,92,Tomato,22.38,61.47,0.932,0.443,12.7,25.0,2.0,1.0,0.041667,0.833931043824964,4.006449226041791,5.993550773958209,4.8119,-1.181650773958209,10.0,0.03474740480305478
47,93,Tomato,22.21,58.6,0.932,0.443,12.7,25.0,2.0,1.0,0.041667,0.8241620849532405,4.040789587635539,5.959210412364461,4.6787,-1.2805104123644613,10.0,0.03434036159374668
47,94,Tomato,21.3,64.66,0.932,0.443,12.7,25.0,2.0,1.0,0.041667,0.773782496771195,4.0730307829285035,5.9269692170714965,4.6847,-1.2422692170714962,10.0,0.03224119529296539
47,95,Tomato,23.0,71.17,0.932,0.443,12.7,25.0,2.0,1.0,0.041667,0.8705505632961241,4.109304013249363,5.890695986750637,4.4953,-1.3953959867506365,10.0,0.036273230320859606
48,0,Tomato,28.31,75.32,0.928,0.404,29.12,25.0,2.0,1.0,0.041667,1.2578849718360179,0.05241229312149136,9.947587706878508,10.0,0.05241229312149187,10.0,0.05241229312149136
48,1,Tomato,29.59,78.32,0.928,0.404,29.12,25.0,2.0,1.0,0.041667,1.374588695572029,0.1096872802998911,9.890312719700109,9.8163,-0.07401271970010903,10.0,0.05727498717839974
48,2,Tomato,27.38,79.33,0.928,0.404,29.12,25.0,2.0,1.0,0.041667,1.179356592261216,0.15882753142963918,9.841172468570361,9.6936,-0.14757246857036144,10.0,0.04914025112974809
48,3,Tomato,27.55,67.91,0.928,0.404,29.12,25.0,2.0,1.0,0.041667,1.193335743031722,0.20855025183454196,9.791449748165459,9.6501,-0.14134974816545842,10.0,0.04972272040490276
48,4,Tomato,26.64,69.45,0.928,0.404,29.12,25.0,2.0,1.0,0.041667,1.120389214194176,0.2552335092223707,9.744766490777629,9.655,-0.08976649077762922,10.0,0.04668325738782873
48,5,Tomato,24.95,70.24,0.928,0.404,29.12,25.0,2.0,1.0,0.041667,0.9965402628278678,0.29675635235361947,9.70324364764638,9.6237,-0.07954364764638022,10.0,0.04152284313124877
48,6,Tomato,25.32,72.23,0.928,0.404,29.12,25.0,2.0,1.0,0.041667,1.0224285306099223,0.3393578819385431,9.660642118061457,9.4783,-0.18234211806145595,10.0,0.042601529584923636
48,7,Tomato,24.24,74.22,0.928,0.404,29.12,25.0,2.0,1.0,0.041667,0.9486843151404538,0.3788867112975004,9.6211132887025,9.4695,-0.15161328870249946,10.0,0.03952882935895729
48,8,Tomato,29.79,64.81,0.928,0.404,29.12,25.0,2.0,1.0,0.041667,1.3937772386874692,0.43696122750189115,9.563038772498109,9.1936,-0.36943877249810875,10.0,0.05807451620439078
48,9,Tomato,22.21,60.86,0.928,0.404,29.12,25.0,2.0,1.0,0.041667,0.8241620849532405,0.47130158909563785,9.528698410904362,9.2946,-0.23409841090436068,10.0,0.03434036159374668
48,10,Tomato,22.39,64.25,0.928,0.404,29.12,25.0,2.0,1.0,0.041667,0.834509281155409,0.5060730873135403,9.49392691268646,9.2012,-0.2927269126864598,10.0,0.03477149821790243
48,11,Tomato,22.59,60.86,0.928,0.404,29.12,25.0,2.0,1.0,0.041667,0.8461585966002897,0.5413299775580845,9.458670022441915,9.1592,-0.29947002244191445,10.0,0.03525689024454427
48,12,Tomato,24.24,64.62,0.928,0.404,29.12,25.0,2.0,1.0,0.041667,0.9486843151404538,0.5808588069170418,9.419141193082957,9.1699,-0.24924119308295722,10.0,0.03952882935895729
48,13,Tomato,21.53,70.88,0.928,0.404,29.12,25.0,2.0,1.0,0.041667,0.7862172921403318,0.613618122828653,9.386381877171347,8.9858,-0.40058187717134786,10.0,0.03275931591161121
48,14,Tomato,23.66,67.08,0.928,0.404,29.12,25.0,2.0,1.0,0.041667,0.9113012806371416,0.6515893132889609,9.34841068671104,8.7849,-0.5635106867110391,10.0,0.03797119046030778
48,15,Tomato,22.35,73.36,0.928,0.404,29.12,25.0,2.0,1.0,0.041667,0.8321987347115246,0.6862645379681859,9.313735462031815,8.6957,-0.6180354620318145,10.0,0.0346752246792251
48,16,Tomato,28.19,77.83,0.928,0.404,29.12,25.0,2.0,1.0,0.041667,1.247465571914046,0.7382426859531285,9.261757314046871,8.7289,-0.532857314046872,10.0,0.05197814798494255
48,17,Tomato,24.58,75.56,0.928,0.404,29.12,25.0,2.0,1.0,0.041667,0.9713074955416332,0.7787141553698617,9.221285844630138,8.6314,-0.5898858446301389,10.0,0.040471469416733234
48,18,Tomato,23.64,72.48,0.928,0.404,29.12,25.0,2.0,1.0,0.041667,0.9100388240808992,0.8166327430528405,9.18336725694716,8.515,-0.6683672569471586,10.0,0.03791858768297883
48,19,Tomato,26.66,78.01,0.928,0.404,29.12,25.0,2.0,1.0,0.041667,1.1219434805304844,0.8633807620561043,9.136619237943895,8.3736,-0.7630192379438956,10.0,0.0467480190032637
48,20,Tomato,27.75,81.61,0.928,0.404,29.12,25.0,2.0,1.0,0.041667,1.2099940892192926,0.9137975857716045,9.086202414228396,8.3412,-0.7450024142283951,10.0,0.05041682371550027
48,21,Tomato,24.2,80.35,0.928,0.404,29.12,25.0,2.0,1.0,0.041667,0.9460576467255959,0.9532169697377199,9.04678303026228,8.2065,-0.8402830302622792,10.0,0.039419383966115405
48,22,Tomato,27.32,80.08,0.928,0.404,29.12,25.0,2.0,1.0,0.041667,1.1744619712136535,1.0021532766922792,8.99784672330772,8.1993,-0.7985467233077213,10.0,0.048936306954559305
48,23,Tomato,28.34,78.95,0.928,0.404,29.12,25.0,2.0,1.0,0.041667,1.2605033915829855,1.0546746715093676,8.945325328490632,8.1716,-0.7737253284906327,10.0,0.052521394817088264
48,24,Tomato,28.38,79.53,0.928,0.404,29.12,25.0,2.0,1.0,0.041667,1.2640030984528068,1.1073418886126005,8.8926581113874,7.8312,-1.0614581113873998,10.0,0.052667217103233105
48,25,Tomato,28.73,75.88,0.928,0.404,29.12,25.0,2.0,1.0,0.041667,1.2950429988544252,1.161302445245868,8.838697554754132,8.0863,-0.7523975547541326,10.0,0.05396055663326734
48,26,Tomato,26.96,71.54,0.928,0.404,29.12,25.0,2.0,1.0,0.041667,1.1455178979797571,1.2090327395009905,8.79096726049901,7.9527,-0.8382672604990091,10.0,0.04773029425512254
48,27,Tomato,29.98,72.21,0.928,0.404,29.12,25.0,2.0,1.0,0.041667,1.412254404384755,1.2678771437684901,8.73212285623151,7.9575,-0.7746228562315096,10.0,0.05884440426749959
48,28,Tomato,27.29,69.24,0.928,0.404,29.12,25.0,2.0,1.0,0.041667,1.1720222836745138,1.316711796262356,8.683288203737645,7.7393,-0.9439882037376446,10.0,0.04883465249386597
48,29,Tomato,27.22,69.79,0.928,0.404,29.12,25.0,2.0,1.0,0.041667,1.1663493697884673,1.365310075453332,8.634689924546668,7.6234,-1.0112899245466682,10.0,0.04859827919097607
48,30,Tomato,27.81,61.72,0.928,0.404,29.12,25.0,2.0,1.0,0.041667,1.2150367919050158,1.4159370134616385,8.584062986538362,7.717,-0.8670629865383619,10.0,0.050626938008306296
48,31,Tomato,25.19,61.41,0.928,0.404,29.12,25.0,2.0,1.0,0.041667,1.0132569001590856,1.458156388720567,8.541843611279432,7.6109,-0.9309436112794325,10.0,0.042219375258928625
48,32,Tomato,24.05,63.56,0.928,0.404,29.12,25.0,2.0,1.0,0.041667,0.9362722474344923,1.49716804445442,8.502831955545581,7.5563,-0.9465319555455807,10.0,0.03901165573385299
48,33,Tomato,21.31,55.98,0.928,0.404,29.12,25.0,2.0,1.0,0.041667,0.7743190278532204,1.5294315953879802,8.47056840461202,7.2529,-1.21766840461202,10.0,0.032263550933560134
48,34,Tomato,23.0,62.95,0.928,0.404,29.12,25.0,2.0,1.0,0.041667,0.8705505632961241,1.5657048257088397,8.43429517429116,7.5135,-0.9207951742911602,10.0,0.036273230320859606
48,35,Tomato,23.06,64.45,0.928,0.404,29.12,25.0,2.0,1.0,0.041667,0.8741786204103731,1.6021292262854787,8.397870773714521,7.1956,-1.2022707737145213,10.0,0.03642440057663902
48,36,Tomato,22.21,69.74,0.928,0.404,29.12,25.0,2.0,1.0,0.041667,0.8241620849532405,1.6364695878792255,8.363530412120774,7.1523,-1.2112304121207735,10.0,0.03434036159374668
48,37,Tomato,21.07,64.46,0.928,0.404,29.12,25.0,2.0,1.0,0.041667,0.7615443698516307,1.6682008571378333,8.331799142862167,7.0763,-1.255499142862167,10.0,0.0317312692586079
48,38,Tomato,19.82,73.5,0.928,0.404,29.12,25.0,2.0,1.0,0.041667,0.6983392662336988,1.6972985593439929,8.302701440656007,6.9055,-1.3972014406560067,10.0,0.02909770220615953
48,39,Tomato,22.63,75.19,0.928,0.404,29.12,25.0,2.0,1.0,0.041667,0.8485079017058962,1.7326533380843725,8.267346661915628,7.0278,-1.239546661915628,10.0,0.03535477874037958
48,40,Tomato,22.78,74.69,0.928,0.404,29.12,25.0,2.0,1.0,0.041667,0.8573760366341717,1.7683776254028085,8.231622374597192,6.8203,-1.4113223745971926,10.0,0.035724287318436035
48,41,Tomato,23.95,77.9,0.928,0.404,29.12,25.0,2.0,1.0,0.041667,0.9298049426131618,1.807119807946671,8.192880192053329,6.7098,-1.483080192053328,10.0,0.038742182543862615
48,42,Tomato,24.51,82.14,0.928,0.404,29.12,25.0,2.0,1.0,0.041667,0.9666060970649734,1.8473953841930773,8.152604615806922,6.6925,-1.4601046158069222,10.0,0.04027557624640625
48,43,Tomato,25.26,75.44,0.928,0.404,29.12,25.0,2.0,1.0,0.041667,1.018185199764621,1.8898201069116698,8.11017989308833,6.7468,-1.3633798930883305,10.0,0.04242472271859246
48,44,Tomato,25.98,78.68,0.928,0.404,29.12,25.0,2.0,1.0,0.041667,1.070288698426624,1.9344158261090119,8.065584173890988,6.5448,-1.5207841738909877,10.0,0.04459571919734214
48,45,Tomato,26.55,86.66,0.928,0.404,29.12,25.0,2.0,1.0,0.041667,1.1134216182286865,1.9808087646757466,8.019191235324254,6.2978,-1.721391235324254,10.0,0.04639293856673468
48,46,Tomato,27.35,80.17,0.928,0.404,29.12,25.0,2.0,1.0,0.041667,1.1769067372187674,2.029846937695441,7.9701530623045596,6.3911,-1.5790530623045598,10.0,0.04903817301969438
48,47,Tomato,28.66,81.82,0.928,0.404,29.12,25.0,2.0,1.0,0.041667,1.2887746304850156,2.08354631022386,7.91645368977614,6.2407,-1.6757536897761396,10.0,0.05369937252841915
48,48,Tomato,30.1,78.45,0.928,0.404,29.12,25.0,2.0,1.0,0.041667,1.424050195597072,2.1428822097238034,7.857117790276197,6.1548,-1.7023177902761972,10.0,0.0593358994999432
48,49,Tomato,27.92,73.38,0.928,0.404,29.12,25.0,2.0,1.0,0.041667,1.2243363924002046,2.1938966341859425,7.8061033658140575,6.0234,-1.7827033658140579,10.0,0.05101442446213933
48,50,Tomato,27.69,77.59,0.928,0.404,29.12,25.0,2.0,1.0,0.041667,1.2049723149947864,2.2441042156348305,7.755895784365169,6.0478,-1.7080957843651694,10.0,0.05020758144888777
48,51,Tomato,26.5,70.52,0.928,0.404,29.12,25.0,2.0,1.0,0.041667,1.109569472067845,2.2903366468274813,7.709663353172519,5.9318,-1.7778633531725188,10.0,0.04623243119265091
48,52,Tomato,26.74,68.16,0.928,0.404,29.12,25.0,2.0,1.0,0.041667,1.1281821374565113,2.3373446119488817,7.662655388051118,5.8208,-1.8418553880511181,10.0,0.04700796512140046
48,53,Tomato,27.06,67.33,0.928,0.404,29.12,25.0,2.0,1.0,0.041667,1.1534856050600224,2.3854068966549176,7.614593103345083,5.8492,-1.7653931033450831,10.0,0.048062284706035956
48,54,Tomato,24.43,63.04,0.928,0.404,29.12,25.0,2.0,1.0,0.041667,0.9612609283887613,2.425459755758092,7.574540244241907,5.8971,-1.6774402442419074,10.0,0.04005285910317452
48,55,Tomato,23.67,62.44,0.928,0.404,29.12,25.0,2.0,1.0,0.041667,0.9119331655197691,2.4634572749658044,7.536542725034195,5.7396,-1.796942725034195,10.0,0.03799751920771222
48,56,Tomato,23.4,66.23,0.928,0.404,29.12,25.0,2.0,1.0,0.041667,0.8950250709279723,2.5007502845961604,7.49924971540384,5.7039,-1.79534971540384,10.0,0.037293009630355825
48,57,Tomato,22.49,62.34,0.928,0.404,29.12,25.0,2.0,1.0,0.041667,0.8403137522332818,2.5357636377104646,7.464236362289535,5.5717,-1.892536362289535,10.0,0.035013353114304153
48,58,Tomato,23.49,59.38,0.928,0.404,29.12,25.0,2.0,1.0,0.041667,0.9006259798479291,2.573290020412788,7.426709979587212,5.5897,-1.8370099795872123,10.0,0.03752638270232367
48,59,Tomato,21.51,65.46,0.928,0.404,29.12,25.0,2.0,1.0,0.041667,0.7851281186735726,2.60600395373356,7.39399604626644,5.4928,-1.9011960462664401,10.0,0.03271393332077175
48,60,Tomato,22.24,67.32,0.928,0.404,29.12,25.0,2.0,1.0,0.041667,0.8258776649357198,2.6404157983984367,7.359584201601564,5.3142,-2.045384201601564,10.0,0.03441184466487664
48,61,Tomato,21.99,71.53,0.928,0.404,29.12,25.0,2.0,1.0,0.041667,0.8116895809772785,2.674236468169017,7.325763531830983,5.2055,-2.1202635318309833,10.0,0.033820669770580264
48,62,Tomato,23.44,70.2,0.928,0.404,29.12,25.0,2.0,1.0,0.041667,0.8975100506672615,2.7116330194501694,7.288366980549831,5.2386,-2.0497669805498306,10.0,0.03739655128115279
48,63,Tomato,21.92,74.13,0.928,0.404,29.12,25.0,2.0,1.0,0.041667,0.8077607776096082,2.745289987770829,7.254710012229171,5.0602,-2.1945100122291707,10.0,0.03365696832065954
48,64,Tomato,24.47,75.14,0.928,0.404,29.12,25.0,2.0,1.0,0.041667,0.9639298077406431,2.7854540510699586,7.214545948930041,5.0952,-2.1193459489300412,10.0,0.04016406329912938
48,65,Tomato,23.82,74.93,0.928,0.404,29.12,25.0,2.0,1.0,0.041667,0.921464186198704,2.8238486993163,7.1761513006837,5.0586,-2.1175513006837,10.0,0.0383946482463414
48,66,Tomato,24.8,74.62,0.928,0.404,29.12,25.0,2.0,1.0,0.041667,0.9862327044933592,2.864942057414425,7.135057942585576,4.9699,-2.1651579425855756,10.0,0.0410933580981248
48,67,Tomato,26.2,88.85,0.928,0.404,29.12,25.0,2.0,1.0,0.041667,1.086734862526058,2.910223038931298,7.0897769610687025,4.3672,-2.722576961068702,10.0,0.045280981516873264
48,68,Tomato,25.03,86.5,0.928,0.404,29.12,25.0,2.0,1.0,0.041667,1.0020816050796328,2.951976773170151,7.048023226829849,4.3995,-2.648523226829849,10.0,0.04175373423885306
48,69,Tomato,28.4,86.32,0.928,0.404,29.12,25.0,2.0,1.0,0.041667,1.2657565939702797,3.004717053171111,6.995282946828889,4.3643,-2.6309829468288886,10.0,0.05274028000095965
48,70,Tomato,26.41,88.74,0.928,0.404,29.12,25.0,2.0,1.0,0.041667,1.102669163068913,3.050661969188703,6.9493380308112975,4.0032,-2.946138030811298,10.0,0.045944916017592395
48,71,Tomato,27.14,83.55,0.928,0.404,29.12,25.0,2.0,1.0,0.041667,1.1598996545054345,3.098991508092981,6.901008491907019,4.2641,-2.636908491907019,10.0,0.04832953890427794
48,72,Tomato,26.53,78.65,0.928,0.404,29.12,25.0,2.0,1.0,0.041667,1.111879157517107,3.1453201769492463,6.854679823050754,4.4211,-2.4335798230507537,10.0,0.0463286688562653
48,73,Tomato,29.33,75.07,0.928,0.404,29.12,25.0,2.0,1.0,0.041667,1.3500379851227455,3.201572209675356,6.798427790324644,4.1838,-2.6146277903246444,10.0,0.056252032726109444
48,74,Tomato,32.78,69.15,0.928,0.404,29.12,25.0,2.0,1.0,0.041667,1.7147520732683434,3.273020784312228,6.726979215687772,4.3541,-2.372879215687772,10.0,0.07144857463687207
48,75,Tomato,27.21,67.41,0.928,0.404,29.12,25.0,2.0,1.0,0.041667,1.1655411981345598,3.3215853894149006,6.678414610585099,4.254,-2.4244146105850994,10.0,0.04856460510267271
48,76,Tomato,26.94,78.44,0.928,0.404,29.12,25.0,2.0,1.0,0.041667,1.1439309732038077,3.3692495612753834,6.630750438724617,3.9394,-2.6913504387246165,10.0,0.04766417186048306
48,77,Tomato,26.23,81.28,0.928,0.404,29.12,25.0,2.0,1.0,0.041667,1.0889970153361064,3.414624799913393,6.585375200086607,3.8604,-2.724975200086607,10.0,0.045375238638009546
48,78,Tomato,23.34,65.49,0.928,0.404,29.12,25.0,2.0,1.0,0.041667,0.8913104958969712,3.4517630343459325,6.548236965654068,3.8794,-2.668836965654068,10.0,0.0371382344325391
48,79,Tomato,25.02,60.38,0.928,0.404,29.12,25.0,2.0,1.0,0.041667,1.0013872557113346,3.4934878371296563,6.506512162870344,3.9779,-2.5286121628703437,10.0,0.04172480278372418
48,80,Tomato,25.01,64.07,0.928,0.404,29.12,25.0,2.0,1.0,0.041667,1.0006933874625807,3.53518372850506,6.46481627149494,3.8227,-2.64211627149494,10.0,0.04169589137540335
48,81,Tomato,23.52,61.52,0.928,0.404,29.12,25.0,2.0,1.0,0.041667,0.9025007274624299,3.572788226316237,6.427211773683763,3.7886,-2.638611773683763,10.0,0.03760449781117707
48,82,Tomato,23.21,66.25,0.928,0.404,29.12,25.0,2.0,1.0,0.041667,0.8833150514814653,3.609593314566315,6.390406685433685,3.7678,-2.6226066854336856,10.0,0.036805088250078215
48,83,Tomato,22.25,59.2,0.928,0.404,29.12,25.0,2.0,1.0,0.041667,0.8264503181542117,3.6440290199728467,6.355970980027154,3.8253,-2.530670980027154,10.0,0.03443570540653154
48,84,Tomato,21.88,65.13,0.928,0.404,29.12,25.0,2.0,1.0,0.041667,0.8055242910487501,3.6775928006079748,6.322407199392025,3.5397,-2.782707199392025,10.0,0.03356378063512827
48,85,Tomato,22.45,78.55,0.928,0.404,29.12,25.0,2.0,1.0,0.041667,0.8379871346679485,3.7125092105481845,6.287490789451816,3.4196,-2.867890789451816,10.0,0.03491640994020941
48,86,Tomato,21.86,72.63,0.928,0.404,29.12,25.0,2.0,1.0,0.041667,0.8044083709419158,3.7460264941402213,6.253973505859779,3.433,-2.8209735058597794,10.0,0.0335172835920368
48,87,Tomato,23.77,73.76,0.928,0.404,29.12,25.0,2.0,1.0,0.041667,0.9182761623009238,3.7842883069948137,6.215711693005186,3.2046,-3.011111693005186,10.0,0.0382618128545926
48,88,Tomato,24.09,74.15,0.928,0.404,29.12,25.0,2.0,1.0,0.041667,0.9388717473154521,3.823408276090207,6.176591723909793,3.1335,-3.0430917239097925,10.0,0.03911996909539295
48,89,Tomato,25.32,79.88,0.928,0.404,29.12,25.0,2.0,1.0,0.041667,1.0224285306099223,3.86600980567513,6.13399019432487,3.054,-3.07999019432487,10.0,0.042601529584923636
48,90,Tomato,24.5,78.74,0.928,0.404,29.12,25.0,2.0,1.0,0.041667,0.9659363289248456,3.906257474692442,6.093742525307558,3.1319,-2.961842525307558,10.0,0.04024766901731154
48,91,Tomato,26.54,88.08,0.928,0.404,29.12,25.0,2.0,1.0,0.041667,1.112650120584834,3.95261826726685,6.04738173273315,2.3629,-3.6844817327331505,10.0,0.04636079257440828
48,92,Tomato,25.86,83.2,0.928,0.404,29.12,25.0,2.0,1.0,0.041667,1.0614232089497946,3.996844588114161,6.003155411885839,2.6201,-3.383055411885839,10.0,0.044226320847311096
48,93,Tomato,27.93,88.75,0.928,0.404,29.12,25.0,2.0,1.0,0.041667,1.225185331904676,4.047894385338633,5.952105614661367,2.1142,-3.837905614661367,10.0,0.051049797224472136
48,94,Tomato,26.49,81.49,0.928,0.404,29.12,25.0,2.0,1.0,0.041667,1.1088006436030693,4.094094781755643,5.905905218244357,2.4376,-3.4683052182443572,10.0,0.04620039641700909
48,95,Tomato,26.64,75.25,0.928,0.404,29.12,25.0,2.0,1.0,0.041667,1.120389214194176,4.140778039143471,5.859221960856529,2.5782,-3.2810219608565294,10.0,0.04668325738782873
49,0,Tomato,21.19,62.9,0.852,0.705,9.33,25.0,2.0,1.0,0.041667,0.7679051348510492,0.03199630325383867,9.96800369674616,9.9229,-0.04510369674616044,10.0,0.03199630325383867
49,1,Tomato,20.52,61.35,0.852,0.705,9.33,25.0,2.0,1.0,0.041667,0.7330583785946045,0.06254064671474005,9.93745935328526,9.8217,-0.11575935328525944,10.0,0.030544343460901388
49,2,Tomato,22.41,61.82,0.852,0.705,9.33,25.0,2.0,1.0,0.041667,0.8356669589218535,0.09736038189213693,9.902639618107862,9.6584,-0.2442396181078621,10.0,0.03481973517739687
49,3,Tomato,22.91,70.62,0.852,0.705,9.33,25.0,2.0,1.0,0.041667,0.8651366905849882,0.13340803237874163,9.86659196762126,9.783,-0.08359196762125976,10.0,0.03604765048660471
49,4,Tomato,20.45,73.23,0.852,0.705,9.33,25.0,2.0,1.0,0.041667,0.7295101721200876,0.16380453272046933,9.83619546727953,9.7509,-0.08529546727953097,10.0,0.03039650034172769
49,5,Tomato,22.11,73.68,0.852,0.705,9.33,25.0,2.0,1.0,0.041667,0.818469181590804,0.19790768810981335,9.802092311890187,9.7639,-0.038192311890187014,10.0,0.03410315538934403
49,6,Tomato,26.29,78.51,0.852,0.705,9.33,25.0,2.0,1.0,0.041667,1.0935354574846323,0.24347203001682555,9.756527969983175,9.576,-0.18052796998317433,10.0,0.045564341907012175
49,7,Tomato,23.95,72.56,0.852,0.705,9.33,25.0,2.0,1.0,0.041667,0.9298049426131618,0.2822142125606881,9.717785787439311,9.504,-0.21378578743931165,10.0,0.038742182543862615
49,8,Tomato,29.21,85.11,0.852,0.705,9.33,25.0,2.0,1.0,0.041667,1.338855256978442,0.3380002945532089,9.66199970544679,9.3502,-0.31179970544679136,10.0,0.05578608199252075
49,9,Tomato,25.03,81.1,0.852,0.705,9.33,25.0,2.0,1.0,0.041667,1.0020816050796328,0.379754028792062,9.620245971207938,9.4382,-0.18204597120793764,10.0,0.04175373423885306
49,10,Tomato,25.14,82.82,0.852,0.705,9.33,25.0,2.0,1.0,0.041667,1.0097512975966858,0.42182733610902307,9.578172663890976,9.2909,-0.2872726638909757,10.0,0.04207330731696111
49,11,Tomato,27.7,77.73,0.852,0.705,9.33,25.0,2.0,1.0,0.041667,1.2058078276907602,0.472069730865414,9.527930269134586,9.2147,-0.3132302691345856,10.0,0.05024239475639091
49,12,Tomato,27.8,83.04,0.852,0.705,9.33,25.0,2.0,1.0,0.041667,1.214194884395047,0.5226615891135025,9.477338410886498,9.1519,-0.3254384108864983,10.0,0.05059185824808843
49,13,Tomato,29.42,81.74,0.852,0.705,9.33,25.0,2.0,1.0,0.041667,1.358486284548945,0.5792656371318033,9.420734362868197,9.1261,-0.294634362868198,10.0,0.05660404801830089
49,14,Tomato,28.43,75.97,0.852,0.705,9.33,25.0,2.0,1.0,0.041667,1.268391399325867,0.6321157015675142,9.367884298432486,9.0937,-0.2741842984324858,10.0,0.05285006443571091
49,15,Tomato,31.37,72.96,0.852,0.705,9.33,25.0,2.0,1.0,0.041667,1.5550920717651169,0.6969117229217514,9.303088277078249,8.8868,-0.4162882770782499,10.0,0.06479602135423713
49,16,Tomato,27.97,68.38,0.852,0.705,9.33,25.0,2.0,1.0,0.041667,1.2285869804456497,0.7481032566359802,9.25189674336402,8.9367,-0.3151967433640195,10.0,0.05119153371422889
49,17,Tomato,26.76,69.91,0.852,0.705,9.33,25.0,2.0,1.0,0.041667,1.1297472145701237,0.7951764338254735,9.204823566174527,8.851,-0.35382356617452615,10.0,0.047073177189493345
49,18,Tomato,24.78,69.26,0.852,0.705,9.33,25.0,2.0,1.0,0.041667,0.9848664428955507,0.8362128639016025,9.163787136098398,8.7687,-0.39508713609839674,10.0,0.041036430076128914
49,19,Tomato,27.37,64.38,0.852,0.705,9.33,25.0,2.0,1.0,0.041667,1.1785394078116822,0.8853190654068919,9.114680934593109,8.6511,-0.463580934593109,10.0,0.04910620150528937
49,20,Tomato,24.12,69.51,0.852,0.705,9.33,25.0,2.0,1.0,0.041667,0.9408261075137877,0.9245204668286688,9.07547953317133,8.6173,-0.45817953317133053,10.0,0.03920140142177699
49,21,Tomato,24.53,60.71,0.852,0.705,9.33,25.0,2.0,1.0,0.041667,0.9679470268937375,0.9648519155982502,9.035148084401749,8.5778,-0.45734808440174923,10.0,0.04033144876958136
49,22,Tomato,23.36,62.56,0.852,0.705,9.33,25.0,2.0,1.0,0.041667,0.8925469714729767,1.0020416702586148,8.997958329741385,8.592,-0.40595832974138446,10.0,0.03718975466036452
49,23,Tomato,22.38,66.42,0.852,0.705,9.33,25.0,2.0,1.0,0.041667,0.833931043824964,1.0367890750616695,8.96321092493833,8.4407,-0.5225109249383308,10.0,0.03474740480305478
49,24,Tomato,22.77,60.75,0.852,0.705,9.33,25.0,2.0,1.0,0.041667,0.8567819547685698,1.0724886087710115,8.927511391228988,8.3851,-0.5424113912289883,10.0,0.035699533709342
49,25,Tomato,22.73,66.24,0.852,0.705,9.33,25.0,2.0,1.0,0.041667,0.8544097408897331,1.108089299444664,8.891910700555336,8.2293,-0.6626107005553354,10.0,0.03560069067365251
49,26,Tomato,20.94,64.12,0.852,0.705,9.33,25.0,2.0,1.0,0.041667,0.75471298426028,1.1395359253598372,8.860464074640163,8.3009,-0.5595640746401624,10.0,0.03144662591517309
49,27,Tomato,26.99,69.74,0.852,0.705,9.33,25.0,2.0,1.0,0.041667,1.1479024138550018,1.1873655752379335,8.812634424762066,8.1775,-0.6351344247620663,10.0,0.04782964987809636
49,28,Tomato,21.2,71.2,0.852,0.705,9.33,25.0,2.0,1.0,0.041667,0.7684375906440062,1.2193840643272973,8.780615935672703,8.2811,-0.4995159356727026,10.0,0.032018489089363805
49,29,Tomato,21.94,71.65,0.852,0.705,9.33,25.0,2.0,1.0,0.041667,0.8088813483617392,1.253087723469486,8.746912276530514,8.163,-0.5839122765305138,10.0,0.03370365914218859
49,30,Tomato,23.11,76.95,0.852,0.705,9.33,25.0,2.0,1.0,0.041667,0.8772135487328221,1.2896385804045365,8.710361419595463,7.9754,-0.7349614195954635,10.0,0.0365508569350505
49,31,Tomato,24.36,84.41,0.852,0.705,9.33,25.0,2.0,1.0,0.041667,0.9566081580918743,1.3294975725277505,8.67050242747225,7.8147,-0.8558024274722502,10.0,0.03985899212321413
49,32,Tomato,24.92,76.41,0.852,0.705,9.33,25.0,2.0,1.0,0.041667,0.9944701686732145,1.3709341610458574,8.629065838954142,7.9434,-0.6856658389541428,10.0,0.04143658851810683
49,33,Tomato,25.44,77.96,0.852,0.705,9.33,25.0,2.0,1.0,0.041667,1.030968318794789,1.4138915179850797,8.58610848201492,7.9215,-0.6646084820149198,10.0,0.04295735693922247
49,34,Tomato,25.59,79.96,0.852,0.705,9.33,25.0,2.0,1.0,0.041667,1.0417434290082213,1.4572978414415654,8.542702158558434,7.7079,-0.8348021585584338,10.0,0.043406323456485554
49,35,Tomato,27.23,80.3,0.852,0.705,9.33,25.0,2.0,1.0,0.041667,1.1671581018184676,1.5059298180700356,8.494070181929965,7.532,-0.9620701819299651,10.0,0.04863197662847009
49,36,Tomato,28.98,81.87,0.852,0.705,9.33,25.0,2.0,1.0,0.041667,1.31767995173414,1.560833588618942,8.439166411381057,7.6767,-0.7624664113810571,10.0,0.05490377054890641
49,37,Tomato,27.36,79.14,0.852,0.705,9.33,25.0,2.0,1.0,0.041667,1.1777227895949816,1.609905764092996,8.390094235907004,7.4907,-0.8993942359070033,10.0,0.0490721754740541
49,38,Tomato,28.03,78.25,0.852,0.705,9.33,25.0,2.0,1.0,0.041667,1.2337071698094968,1.6613106407374483,8.338689359262553,7.5008,-0.8378893592625527,10.0,0.051404876644452306
49,39,Tomato,29.99,75.91,0.852,0.705,9.33,25.0,2.0,1.0,0.041667,1.4132336438827295,1.72019584697711,8.27980415302289,7.4997,-0.7801041530228909,10.0,0.058885206239661696
49,40,Tomato,27.13,75.06,0.852,0.705,9.33,25.0,2.0,1.0,0.041667,1.159095951904456,1.768491898005113,8.231508101994887,7.2955,-0.9360081019948874,10.0,0.04829605102800297
49,41,Tomato,27.64,78.26,0.852,0.705,9.33,25.0,2.0,1.0,0.041667,1.2008034274852086,1.8185257744181391,8.18147422558186,7.0936,-1.08787422558186,10.0,0.050033876413026195
49,42,Tomato,26.91,69.56,0.852,0.705,9.33,25.0,2.0,1.0,0.041667,1.1415547071267738,1.8660909343999905,8.13390906560001,7.3952,-0.7387090656000099,10.0,0.047565159981851284
49,43,Tomato,25.32,71.96,0.852,0.705,9.33,25.0,2.0,1.0,0.041667,1.0224285306099223,1.908692463984914,8.091307536015085,7.3346,-0.7567075360150852,10.0,0.042601529584923636
49,44,Tomato,26.0,69.09,0.852,0.705,9.33,25.0,2.0,1.0,0.041667,1.0717734625362931,1.9533500488484137,8.046649951151586,7.2055,-0.8411499511515865,10.0,0.04465758486349973
49,45,Tomato,25.41,63.59,0.852,0.705,9.33,25.0,2.0,1.0,0.041667,1.0288267078935756,1.9962181712862155,8.003781828713784,7.227,-0.7767818287137835,10.0,0.042868122437801616
49,46,Tomato,24.36,65.31,0.852,0.705,9.33,25.0,2.0,1.0,0.041667,0.9566081580918743,2.0360771634094297,7.96392283659057,7.1289,-0.8350228365905705,10.0,0.03985899212321413
49,47,Tomato,23.33,61.27,0.852,0.705,9.33,25.0,2.0,1.0,0.041667,0.8906929006066808,2.073189664499008,7.926810335500992,6.9138,-1.0130103355009918,10.0,0.03711250108957857
49,48,Tomato,21.81,69.3,0.852,0.705,9.33,25.0,2.0,1.0,0.041667,0.8016253293993937,2.1065909870990924,7.893409012900907,6.8819,-1.0115090129009072,10.0,0.03340132260008454
49,49,Tomato,22.7,64.9,0.852,0.705,9.33,25.0,2.0,1.0,0.041667,0.8526348917679567,2.142117725134388,7.857882274865612,6.8653,-0.9925822748656117,10.0,0.035526738035295456
49,50,Tomato,22.93,68.91,0.852,0.705,9.33,25.0,2.0,1.0,0.041667,0.8663368564000873,2.1782153829300106,7.821784617069989,6.954,-0.8677846170699892,10.0,0.03609765779562244
49,51,Tomato,21.06,68.78,0.852,0.705,9.33,25.0,2.0,1.0,0.041667,0.761016690419679,2.2099246653697273,7.790075334630273,6.8452,-0.9448753346302725,10.0,0.03170928243971677
49,52,Tomato,22.81,69.54,0.852,0.705,9.33,25.0,2.0,1.0,0.041667,0.8591607549471847,2.2457233165461115,7.754276683453888,6.7103,-1.043976683453888,10.0,0.035798651176384345
49,53,Tomato,23.77,69.42,0.852,0.705,9.33,25.0,2.0,1.0,0.041667,0.9182761623009238,2.2839851294007043,7.716014870599295,6.6629,-1.0531148705992956,10.0,0.0382618128545926
49,54,Tomato,23.77,82.74,0.852,0.705,9.33,25.0,2.0,1.0,0.041667,0.9182761623009238,2.3222469422552967,7.677753057744703,6.3867,-1.291053057744703,10.0,0.0382618128545926
49,55,Tomato,24.75,80.69,0.852,0.705,9.33,25.0,2.0,1.0,0.041667,0.9828205985452511,2.363198128134882,7.636801871865118,6.5277,-1.1091018718651178,10.0,0.040951185879584975
49,56,Tomato,25.23,80.17,0.852,0.705,9.33,25.0,2.0,1.0,0.041667,1.016070142993702,2.4055347227830004,7.594465277216999,6.4045,-1.1899652772169995,10.0,0.042336594648118585
49,57,Tomato,24.48,81.61,0.852,0.705,9.33,25.0,2.0,1.0,0.041667,0.9645981845841383,2.4457266353400677,7.554273364659933,6.3352,-1.2190733646599323,10.0,0.04019191255706729
49,58,Tomato,27.24,80.41,0.852,0.705,9.33,25.0,2.0,1.0,0.041667,1.1679673946131177,2.4943923327714126,7.505607667228587,6.0395,-1.466107667228587,10.0,0.04866569743134478
49,59,Tomato,26.86,79.01,0.852,0.705,9.33,25.0,2.0,1.0,0.041667,1.1376052278725046,2.541792929801176,7.458207070198824,6.1873,-1.2709070701988248,10.0,0.04740059702976365
49,60,Tomato,28.36,77.61,0.852,0.705,9.33,25.0,2.0,1.0,0.041667,1.2622520321121156,2.5943871852231917,7.405612814776808,6.1512,-1.254412814776808,10.0,0.05259425542201552
49,61,Tomato,28.33,76.48,0.852,0.705,9.33,25.0,2.0,1.0,0.041667,1.2596299799473991,2.6468721875976597,7.35312781240234,6.0138,-1.33932781240234,10.0,0.052485002374468286
49,62,Tomato,27.03,76.97,0.852,0.705,9.33,25.0,2.0,1.0,0.041667,1.1510894913277627,2.694834633432814,7.305165366567186,5.9942,-1.3109653665671859,10.0,0.04796244583515389
49,63,Tomato,28.88,78.81,0.852,0.705,9.33,25.0,2.0,1.0,0.041667,1.3085780714550102,2.74935915593613,7.25064084406387,5.8718,-1.3788408440638698,10.0,0.05452452250331591
49,64,Tomato,27.5,76.68,0.852,0.705,9.33,25.0,2.0,1.0,0.041667,1.189207115002721,2.798909848796948,7.2010901512030525,5.7633,-1.4377901512030524,10.0,0.04955069286081838
49,65,Tomato,28.86,70.33,0.852,0.705,9.33,25.0,2.0,1.0,0.041667,1.3067652538931733,2.853358836630915,7.146641163369085,5.8579,-1.2887411633690853,10.0,0.05444898783396686
49,66,Tomato,26.47,70.2,0.852,0.705,9.33,25.0,2.0,1.0,0.041667,1.107264584484285,2.8994952300726218,7.100504769927378,5.6756,-1.4249047699273776,10.0,0.046136393441706704
49,67,Tomato,25.71,70.1,0.852,0.705,9.33,25.0,2.0,1.0,0.041667,1.0504445440107533,2.943264102887918,7.056735897112082,5.8087,-1.2480358971120822,10.0,0.04376887281529606
49,68,Tomato,26.09,67.95,0.852,0.705,9.33,25.0,2.0,1.0,0.041667,1.0784804316944516,2.9882011470353302,7.01179885296467,5.7958,-1.2159988529646704,10.0,0.044937044147412716
49,69,Tomato,25.19,59.99,0.852,0.705,9.33,25.0,2.0,1.0,0.041667,1.0132569001590856,3.0304205222942593,6.969579477705741,5.5664,-1.4031794777057414,10.0,0.042219375258928625
49,70,Tomato,22.74,61.43,0.852,0.705,9.33,25.0,2.0,1.0,0.041667,0.8550021778919726,3.066045898040484,6.933954101959516,5.5147,-1.419254101959516,10.0,0.035625375746224826
49,71,Tomato,24.23,62.24,0.852,0.705,9.33,25.0,2.0,1.0,0.041667,0.9480269651286454,3.1055473375964993,6.8944526624035,5.5385,-1.3559526624035003,10.0,0.03950143955601527
49,72,Tomato,23.39,67.33,0.852,0.705,9.33,25.0,2.0,1.0,0.041667,0.8944049017826058,3.142814506639075,6.857185493360925,5.5774,-1.279785493360925,10.0,0.037267169042575835
49,73,Tomato,21.4,73.93,0.852,0.705,9.33,25.0,2.0,1.0,0.041667,0.7791645796604998,3.175279957179789,6.824720042820211,5.532,-1.2927200428202106,10.0,0.03246545054071405
49,74,Tomato,24.45,63.33,0.852,0.705,9.33,25.0,2.0,1.0,0.041667,0.9625944431017514,3.2153883798405096,6.78461162015949,5.5223,-1.2623116201594895,10.0,0.04010842266072068
49,75,Tomato,21.54,62.81,0.852,0.705,9.33,25.0,2.0,1.0,0.041667,0.7867624453535659,3.2481704106510567,6.751829589348944,5.3699,-1.3819295893489434,10.0,0.03278203081054703
49,76,Tomato,26.6,71.18,0.852,0.705,9.33,25.0,2.0,1.0,0.041667,1.11728713807222,3.2947244138331118,6.705275586166888,5.1338,-1.5714755861668879,10.0,0.046554003182055194
49,77,Tomato,22.97,73.19,0.852,0.705,9.33,25.0,2.0,1.0,0.041667,0.8687421851506232,3.330922294461783,6.669077705538217,5.166,-1.5030777055382165,10.0,0.03619788062867102
49,78,Tomato,23.28,70.55,0.852,0.705,9.33,25.0,2.0,1.0,0.041667,0.8876113372694979,3.367906396051791,6.632093603948209,5.0612,-1.5708936039482086,10.0,0.03698410159000817
49,79,Tomato,22.58,82.15,0.852,0.705,9.33,25.0,2.0,1.0,0.041667,0.8455722873775164,3.4031388565499503,6.59686114345005,4.886,-1.7108611434500496,10.0,0.03523246049815898
49,80,Tomato,23.43,79.09,0.852,0.705,9.33,25.0,2.0,1.0,0.041667,0.8968881596620147,3.440509495498587,6.559490504501413,4.9903,-1.569190504501413,10.0,0.03737063894863717
49,81,Tomato,26.01,75.74,0.852,0.705,9.33,25.0,2.0,1.0,0.041667,1.0725166168179425,3.4851980453715403,6.51480195462846,4.8482,-1.6666019546284598,10.0,0.04468854987295321
49,82,Tomato,26.56,82.74,0.852,0.705,9.33,25.0,2.0,1.0,0.041667,1.1141936508193322,3.5316231522202295,6.468376847779771,4.6179,-1.8504768477797713,10.0,0.04642510684868912
49,83,Tomato,27.99,85.01,0.852,0.705,9.33,25.0,2.0,1.0,0.041667,1.2302913447511443,3.5828857016819757,6.417114298318024,4.4981,-1.9190142983180243,10.0,0.05126254946174593
49,84,Tomato,27.26,80.0,0.852,0.705,9.33,25.0,2.0,1.0,0.041667,1.1695876640519476,3.631618910880028,6.368381089119972,4.512,-1.8563810891199726,10.0,0.048733209198052505
49,85,Tomato,28.19,80.9,0.852,0.705,9.33,25.0,2.0,1.0,0.041667,1.247465571914046,3.6835970588649705,6.3164029411350295,4.6407,-1.6757029411350297,10.0,0.05197814798494255
49,86,Tomato,27.71,76.5,0.852,0.705,9.33,25.0,2.0,1.0,0.041667,1.2066439197207628,3.7338742910679756,6.266125708932025,4.3644,-1.901725708932025,10.0,0.05027723220300503
49,87,Tomato,27.7,69.66,0.852,0.705,9.33,25.0,2.0,1.0,0.041667,1.2058078276907602,3.7841166858243667,6.215883314175633,4.5094,-1.7064833141756326,10.0,0.05024239475639091
49,88,Tomato,26.75,83.45,0.852,0.705,9.33,25.0,2.0,1.0,0.041667,1.1289644048061311,3.8311572456794236,6.168842754320576,4.3174,-1.8514427543205763,10.0,0.04704055985505707
49,89,Tomato,28.82,67.27,0.852,0.705,9.33,25.0,2.0,1.0,0.041667,1.303147149363294,3.885455477951944,6.114544522048056,4.4225,-1.6920445220480556,10.0,0.054298232272520376
49,90,Tomato,28.3,66.06,0.852,0.705,9.33,25.0,2.0,1.0,0.041667,1.2570133745218284,3.937831454228145,6.062168545771855,4.3818,-1.680368545771855,10.0,0.052375976276201025
49,91,Tomato,25.34,68.74,0.852,0.705,9.33,25.0,2.0,1.0,0.041667,1.0238469004284423,3.980492083028297,6.019507916971703,4.4515,-1.5680079169717027,10.0,0.04266062880015191
49,92,Tomato,25.94,67.94,0.852,0.705,9.33,25.0,2.0,1.0,0.041667,1.06732533803996,4.024964327888408,5.975035672111592,4.3033,-1.6717356721115921,10.0,0.04447224486011102
49,93,Tomato,23.73,66.53,0.852,0.705,9.33,25.0,2.0,1.0,0.041667,0.9157336864181262,4.063120203400392,5.936879796599608,4.2944,-1.6424797965996074,10.0,0.03815587551198407
49,94,Tomato,26.68,69.78,0.852,0.705,9.33,25.0,2.0,1.0,0.041667,1.123499903031645,4.109933073860011,5.890066926139989,4.1663,-1.723766926139989,10.0,0.04681287045961956
49,95,Tomato,23.81,60.57,0.852,0.705,9.33,25.0,2.0,1.0,0.041667,0.9208256972050398,4.148301118185454,5.851698881814546,4.1662,-1.6854988818145458,10.0,0.0383680443254424
50,0,Tomato,25.36,76.22,0.984,0.48,4.97,25.0,2.0,1.0,0.041667,1.0252672378885939,0.042719810001104044,9.957280189998896,10.0,0.042719810001104364,10.0,0.042719810001104044
50,1,Tomato,24.99,79.87,0.984,0.48,4.97,25.0,2.0,1.0,0.041667,0.9993070929904524,0.08435793864473723,9.915642061355262,10.0,0.08435793864473773,10.0,0.041638128643633185
50,2,Tomato,26.45,78.33,0.984,0.48,4.97,25.0,2.0,1.0,0.041667,1.1057306533202689,0.1304304177766329,9.869569582223367,9.8198,-0.049769582223365916,10.0,0.04607247913189565
50,3,Tomato,27.98,75.01,0.984,0.48,4.97,25.0,2.0,1.0,0.041667,1.2294388672545808,0.1816574470585295,9.81834255294147,9.9714,0.1530574470585293,10.0,0.051227029281896624
50,4,Tomato,27.71,78.71,0.984,0.48,4.97,25.0,2.0,1.0,0.041667,1.2066439197207628,0.23193467926153452,9.768065320738465,9.8175,0.04943467926153566,10.0,0.05027723220300503
50,5,Tomato,28.64,80.12,0.984,0.48,4.97,25.0,2.0,1.0,0.041667,1.2869892473012707,0.2855596602288366,9.714440339771164,9.84,0.12555966022883602,10.0,0.053624980967302054
50,6,Tomato,28.19,77.62,0.984,0.48,4.97,25.0,2.0,1.0,0.041667,1.247465571914046,0.33753780821377916,9.66246219178622,9.8253,0.16283780821378002,10.0,0.05197814798494255
50,7,Tomato,27.72,77.85,0.984,0.48,4.97,25.0,2.0,1.0,0.041667,1.2074805914864961,0.38784990201924696,9.612150097980752,9.5492,-0.06295009798075135,10.0,0.050312093805467833
50,8,Tomato,27.72,69.99,0.984,0.48,4.97,25.0,2.0,1.0,0.041667,1.2074805914864961,0.4381619958247148,9.561838004175286,9.6413,0.07946199582471358,10.0,0.050312093805467833
50,9,Tomato,27.26,71.83,0.984,0.48,4.97,25.0,2.0,1.0,0.041667,1.1695876640519476,0.4868952050227673,9.513104794977233,9.4768,-0.036304794977231936,10.0,0.048733209198052505
50,10,Tomato,26.63,66.91,0.984,0.48,4.97,25.0,2.0,1.0,0.041667,1.1196128886542394,0.5335461152543235,9.466453884745677,9.4955,0.029046115254322658,10.0,0.046650910231556195
50,11,Tomato,26.26,64.62,0.984,0.48,4.97,25.0,2.0,1.0,0.041667,1.0912638770549352,0.5790158072195715,9.420984192780429,9.4878,0.06681580721957125,10.0,0.045469691965247985
50,12,Tomato,24.77,58.4,0.984,0.48,4.97,25.0,2.0,1.0,0.041667,0.9841840220338002,0.6200238028656538,9.379976197134345,9.347,-0.03297619713434585,10.0,0.04100799564608235
50,13,Tomato,24.39,59.95,0.984,0.48,4.97,25.0,2.0,1.0,0.041667,0.9585994384929766,0.6599657656693407,9.340034234330659,9.4533,0.11326576566934143,10.0,0.03994196280368686
50,14,Tomato,24.96,62.06,0.984,0.48,4.97,25.0,2.0,1.0,0.041667,0.9972312513520696,0.7015174002194274,9.298482599780572,9.3231,0.024617400219428376,10.0,0.04155163455008669
50,15,Tomato,23.25,61.57,0.984,0.48,4.97,25.0,2.0,1.0,0.041667,0.8857675191023606,0.7384246754378655,9.261575324562134,9.2665,0.004924675437866455,10.0,0.03690727521843806
50,16,Tomato,23.17,59.38,0.984,0.48,4.97,25.0,2.0,1.0,0.041667,0.8808693741269793,0.7751278596496143,9.224872140350385,9.3288,0.10392785964961426,10.0,0.03670318421174885
50,17,Tomato,21.99,63.31,0.984,0.48,4.97,25.0,2.0,1.0,0.041667,0.8116895809772785,0.8089485294201946,9.191051470579806,9.1913,0.00024852942019393254,10.0,0.033820669770580264
50,18,Tomato,22.48,69.98,0.984,0.48,4.97,25.0,2.0,1.0,0.041667,0.8397314929441403,0.843937621536698,9.156062378463302,9.1561,3.762153669839563e-05,10.0,0.034989092116503494
50,19,Tomato,21.23,68.42,0.984,0.48,4.97,25.0,2.0,1.0,0.041667,0.7700371742360715,0.8760227604755925,9.123977239524407,9.0576,-0.06637723952440666,10.0,0.03208513893889439
50,20,Tomato,24.42,74.64,0.984,0.48,4.97,25.0,2.0,1.0,0.041667,0.9605948639534768,0.9160478666719419,9.083952133328058,9.0844,0.0004478666719425206,10.0,0.04002510619634952
50,21,Tomato,25.92,75.73,0.984,0.48,4.97,25.0,2.0,1.0,0.041667,1.0658467360679427,0.9604585026236849,9.039541497376316,8.9527,-0.08684149737631586,10.0,0.04441063595174297
50,22,Tomato,23.28,75.9,0.984,0.48,4.97,25.0,2.0,1.0,0.041667,0.8876113372694979,0.9974426042136931,9.002557395786306,8.8621,-0.14045739578630645,10.0,0.03698410159000817
50,23,Tomato,24.08,76.27,0.984,0.48,4.97,25.0,2.0,1.0,0.041667,0.938221196500671,1.0365354668082867,8.963464533191713,8.9167,-0.04676453319171259,10.0,0.039092862594593464
50,24,Tomato,23.85,77.64,0.984,0.48,4.97,25.0,2.0,1.0,0.041667,0.9233823107293949,1.0750100375494482,8.924989962450551,8.7685,-0.1564899624505518,10.0,0.0384745707411617
50,25,Tomato,25.93,81.9,0.984,0.48,4.97,25.0,2.0,1.0,0.041667,1.0665857808317645,1.1194514672793654,8.880548532720635,8.6559,-0.224648532720634,10.0,0.04444142972991713
50,26,Tomato,27.3,79.98,0.984,0.48,4.97,25.0,2.0,1.0,0.041667,1.1728349492318788,1.1683199811090101,8.83168001889099,8.7532,-0.07848001889099088,10.0,0.048868513829644696
50,27,Tomato,26.61,77.41,0.984,0.48,4.97,25.0,2.0,1.0,0.041667,1.1180618509658617,1.2149062642532047,8.785093735746795,8.5987,-0.18639373574679574,10.0,0.046586283144194565
50,28,Tomato,28.03,87.81,0.984,0.48,4.97,25.0,2.0,1.0,0.041667,1.2337071698094968,1.266311140897657,8.733688859102344,8.4548,-0.2788888591023433,10.0,0.051404876644452306
50,29,Tomato,28.07,77.75,0.984,0.48,4.97,25.0,2.0,1.0,0.041667,1.2371324786871727,1.3178587398871153,8.682141260112886,8.5001,-0.1820412601128858,10.0,0.051547598989458425
50,30,Tomato,27.5,71.97,0.984,0.48,4.97,25.0,2.0,1.0,0.041667,1.189207115002721,1.3674094327479338,8.632590567252066,8.5974,-0.03519056725206582,10.0,0.04955069286081838
50,31,Tomato,27.28,70.16,0.984,0.48,4.97,25.0,2.0,1.0,0.041667,1.17121018121881,1.4162102473687779,8.583789752631223,8.4852,-0.09858975263122183,10.0,0.04880081462084416
50,32,Tomato,27.26,75.5,0.984,0.48,4.97,25.0,2.0,1.0,0.041667,1.1695876640519476,1.4649434565668304,8.53505654343317,8.455,-0.08005654343316948,10.0,0.048733209198052505
50,33,Tomato,26.23,71.35,0.984,0.48,4.97,25.0,2.0,1.0,0.041667,1.0889970153361064,1.51031869520484,8.48968130479516,8.5776,0.08791869520483964,10.0,0.045375238638009546
50,34,Tomato,26.03,74.1,0.984,0.48,4.97,25.0,2.0,1.0,0.041667,1.0740044716201245,1.5550692395238357,8.444930760476165,8.2455,-0.19943076047616515,10.0,0.04475054431899573
50,35,Tomato,25.96,63.66,0.984,0.48,4.97,25.0,2.0,1.0,0.041667,1.0688059912110082,1.5996031787596248,8.400396821240376,8.355,-0.04539682124037547,10.0,0.04453393923578908
50,36,Tomato,26.03,58.97,0.984,0.48,4.97,25.0,2.0,1.0,0.041667,1.0740044716201245,1.6443537230786205,8.35564627692138,8.3132,-0.04244627692138003,10.0,0.04475054431899573
50,37,Tomato,25.98,60.7,0.984,0.48,4.97,25.0,2.0,1.0,0.041667,1.070288698426624,1.6889494422759626,8.311050557724037,8.1185,-0.19255055772403828,10.0,0.04459571919734214
50,38,Tomato,24.82,58.73,0.984,0.48,4.97,25.0,2.0,1.0,0.041667,0.9876008614453725,1.730099807369807,8.269900192630192,8.2344,-0.03550019263019166,10.0,0.041150365093844336
50,39,Tomato,22.58,60.96,0.984,0.48,4.97,25.0,2.0,1.0,0.041667,0.8455722873775164,1.765332267867966,8.234667732132035,8.138,-0.09666773213203506,10.0,0.03523246049815898
50,40,Tomato,23.94,67.92,0.984,0.48,4.97,25.0,2.0,1.0,0.041667,0.9291606742509134,1.8040476056819787,8.195952394318022,8.2212,0.025247605681977703,10.0,0.03871533781401281
50,41,Tomato,21.5,65.97,0.984,0.48,4.97,25.0,2.0,1.0,0.041667,0.7845840978967508,1.8367388712890427,8.163261128710957,7.9388,-0.22446112871095725,10.0,0.03269126560706392
50,42,Tomato,21.94,66.9,0.984,0.48,4.97,25.0,2.0,1.0,0.041667,0.8088813483617392,1.8704425304312313,8.129557469568768,8.0487,-0.08085746956876783,10.0,0.03370365914218859
50,43,Tomato,22.19,65.68,0.984,0.48,4.97,25.0,2.0,1.0,0.041667,0.8230203452787082,1.9047353191579592,8.09526468084204,7.9466,-0.14866468084204065,10.0,0.03429278872672793
50,44,Tomato,22.31,73.97,0.984,0.48,4.97,25.0,2.0,1.0,0.041667,0.8298945855899824,1.939314536855737,8.060685463144264,7.8772,-0.1834854631442635,10.0,0.034579217697777796
50,45,Tomato,25.1,80.26,0.984,0.48,4.97,25.0,2.0,1.0,0.041667,1.0069555500567189,1.9812713537599502,8.01872864624005,7.6244,-0.3943286462400497,10.0,0.04195681690421331
50,46,Tomato,24.03,75.52,0.984,0.48,4.97,25.0,2.0,1.0,0.041667,0.9349751977514554,2.02022896532466,7.979771034675339,7.7869,-0.19287103467533928,10.0,0.03895761156470989
50,47,Tomato,27.78,78.69,0.984,0.48,4.97,25.0,2.0,1.0,0.041667,1.2125128190617374,2.0707507369565055,7.929249263043495,7.7015,-0.22774926304349474,10.0,0.050521771631845416
50,48,Tomato,25.24,78.67,0.984,0.48,4.97,25.0,2.0,1.0,0.041667,1.016774673291956,2.1131166872685614,7.886883312731438,7.5791,-0.3077833127314378,10.0,0.042365950312055936
50,49,Tomato,25.23,86.28,0.984,0.48,4.97,25.0,2.0,1.0,0.041667,1.016070142993702,2.1554532819166803,7.84454671808332,7.459,-0.3855467180833205,10.0,0.042336594648118585
50,50,Tomato,26.5,89.54,0.984,0.48,4.97,25.0,2.0,1.0,0.041667,1.109569472067845,2.201685713109331,7.798314286890669,6.9578,-0.8405142868906692,10.0,0.04623243119265091
50,51,Tomato,26.62,79.86,0.984,0.48,4.97,25.0,2.0,1.0,0.041667,1.1188371010357114,2.2483042985981863,7.751695701401814,7.3511,-0.400595701401814,10.0,0.04661858548885499
50,52,Tomato,27.6,83.32,0.984,0.48,4.97,25.0,2.0,1.0,0.041667,1.1974787046189288,2.298199643783543,7.701800356216458,7.2473,-0.45450035621645757,10.0,0.04989534518535691
50,53,Tomato,26.01,75.93,0.984,0.48,4.97,25.0,2.0,1.0,0.041667,1.0725166168179425,2.342888193656496,7.657111806343504,7.4119,-0.24521180634350426,10.0,0.04468854987295321
50,54,Tomato,27.45,74.65,0.984,0.48,4.97,25.0,2.0,1.0,0.041667,1.185092770941582,2.392267454143319,7.607732545856681,7.2887,-0.3190325458566807,10.0,0.049379260486822896
50,55,Tomato,27.72,76.23,0.984,0.48,4.97,25.0,2.0,1.0,0.041667,1.2074805914864961,2.442579547948787,7.557420452051213,7.2557,-0.3017204520512129,10.0,0.050312093805467833
50,56,Tomato,27.57,70.45,0.984,0.48,4.97,25.0,2.0,1.0,0.041667,1.1949912048567823,2.4923712464815546,7.507628753518445,7.2095,-0.29812875351844514,10.0,0.049791698532767555
50,57,Tomato,25.7,72.62,0.984,0.48,4.97,25.0,2.0,1.0,0.041667,1.0497166836230671,2.5361097915380766,7.463890208461923,7.1397,-0.32419020846192304,10.0,0.04373854505652234
50,58,Tomato,25.69,70.84,0.984,0.48,4.97,25.0,2.0,1.0,0.041667,1.048989327574946,2.5798180298501423,7.420181970149858,7.1204,-0.29978197014985764,10.0,0.04370823831206528
50,59,Tomato,25.28,64.44,0.984,0.48,4.97,25.0,2.0,1.0,0.041667,1.0195976829981905,2.622301606507628,7.377698393492372,7.2654,-0.11229839349237203,10.0,0.04248357665748561
50,60,Tomato,27.15,62.55,0.984,0.48,4.97,25.0,2.0,1.0,0.041667,1.16070391438372,2.6706646565082544,7.329335343491746,6.9825,-0.3468353434917457,10.0,0.04836305000062646
50,61,Tomato,25.68,61.18,0.984,0.48,4.97,25.0,2.0,1.0,0.041667,1.0482624755169287,2.714342609075618,7.285657390924381,7.0193,-0.26635739092438104,10.0,0.04367795256736387
50,62,Tomato,23.85,64.91,0.984,0.48,4.97,25.0,2.0,1.0,0.041667,0.9233823107293949,2.7528171798167795,7.2471828201832205,6.8438,-0.4033828201832206,10.0,0.0384745707411617
50,63,Tomato,21.99,63.34,0.984,0.48,4.97,25.0,2.0,1.0,0.041667,0.8116895809772785,2.78663784958736,7.213362150412641,7.0226,-0.19076215041264089,10.0,0.033820669770580264
50,64,Tomato,22.93,63.26,0.984,0.48,4.97,25.0,2.0,1.0,0.041667,0.8663368564000873,2.8227355073829825,7.1772644926170175,6.9496,-0.22766449261701727,10.0,0.03609765779562244
50,65,Tomato,22.91,60.95,0.984,0.48,4.97,25.0,2.0,1.0,0.041667,0.8651366905849882,2.858783157869587,7.141216842130413,6.8787,-0.26251684213041315,10.0,0.03604765048660471
50,66,Tomato,21.83,61.87,0.984,0.48,4.97,25.0,2.0,1.0,0.041667,0.8027373887159533,2.8922308166452146,7.107769183354785,6.8774,-0.23036918335478518,10.0,0.03344765877562763
50,67,Tomato,21.71,62.97,0.984,0.48,4.97,25.0,2.0,1.0,0.041667,0.7960880987787798,2.9254014194570304,7.07459858054297,6.7083,-0.3662985805429697,10.0,0.03317060281181542
50,68,Tomato,21.97,66.57,0.984,0.48,4.97,25.0,2.0,1.0,0.041667,0.810565119885309,2.959175236307291,7.040824763692709,6.7728,-0.26802476369270867,10.0,0.03377381685026117
50,69,Tomato,21.85,76.55,0.984,0.48,4.97,25.0,2.0,1.0,0.041667,0.8038509907431515,2.9926692955385863,7.007330704461413,6.6552,-0.3521307044614135,10.0,0.03349405923129489
50,70,Tomato,23.2,72.05,0.984,0.48,4.97,25.0,2.0,1.0,0.041667,0.8827029962906549,3.029448881285029,6.970551118714971,6.6911,-0.2794511187149711,10.0,0.03677958574644272
50,71,Tomato,23.34,77.79,0.984,0.48,4.97,25.0,2.0,1.0,0.041667,0.8913104958969712,3.066587115717568,6.933412884282432,6.3787,-0.5547128842824316,10.0,0.0371382344325391
50,72,Tomato,25.53,79.74,0.984,0.48,4.97,25.0,2.0,1.0,0.041667,1.0374199365656114,3.1098132922144472,6.890186707785553,6.3853,-0.5048867077855528,10.0,0.043226176496879334
50,73,Tomato,24.76,82.67,0.984,0.48,4.97,25.0,2.0,1.0,0.041667,0.9835020740262485,3.150792873132899,6.8492071268671015,6.1665,-0.6827071268671014,10.0,0.0409795809184517
50,74,Tomato,26.37,79.07,0.984,0.48,4.97,25.0,2.0,1.0,0.041667,1.0996161493145513,3.1966105792263884,6.803389420773612,6.3098,-0.49358942077361156,10.0,0.04581770609348941
50,75,Tomato,27.0,80.37,0.984,0.48,4.97,25.0,2.0,1.0,0.041667,1.148698354997035,3.24447339358405,6.75552660641595,6.1986,-0.5569266064159502,10.0,0.047862814357661466
50,76,Tomato,27.47,85.5,0.984,0.48,4.97,25.0,2.0,1.0,0.041667,1.186736797656532,3.2939211557320047,6.706078844267996,5.8632,-0.8428788442679958,10.0,0.04944776214795472
50,77,Tomato,27.46,79.83,0.984,0.48,4.97,25.0,2.0,1.0,0.041667,1.185914499410948,3.343334655178961,6.6566653448210396,5.9996,-0.6570653448210395,10.0,0.04941349944695598
50,78,Tomato,29.85,78.57,0.984,0.48,4.97,25.0,2.0,1.0,0.041667,1.399585865595196,3.4016511994407157,6.598348800559284,6.0588,-0.5395488005592846,10.0,0.05831654426175504
50,79,Tomato,27.75,69.63,0.984,0.48,4.97,25.0,2.0,1.0,0.041667,1.2099940892192926,3.452068023156216,6.547931976843784,6.1915,-0.35643197684378425,10.0,0.05041682371550027
50,80,Tomato,30.26,74.38,0.984,0.48,4.97,25.0,2.0,1.0,0.041667,1.439931318514686,3.5120656414047673,6.487934358595233,5.8403,-0.6476343585952327,10.0,0.059997618248551425
50,81,Tomato,27.01,70.12,0.984,0.48,4.97,25.0,2.0,1.0,0.041667,1.1494948480346772,3.5599616432378283,6.440038356762171,6.0659,-0.3741383567621712,10.0,0.0478960018330609
50,82,Tomato,26.88,67.41,0.984,0.48,4.97,25.0,2.0,1.0,0.041667,1.1391833772221147,3.607427997016542,6.392572002983458,6.0673,-0.32527200298345793,10.0,0.04746635377871386
50,83,Tomato,26.39,64.85,0.984,0.48,4.97,25.0,2.0,1.0,0.041667,1.1011415980979635,3.65330926398449,6.3466907360155105,5.9941,-0.35259073601551005,10.0,0.04588126696794785
50,84,Tomato,26.01,57.87,0.984,0.48,4.97,25.0,2.0,1.0,0.041667,1.0725166168179425,3.697997813857443,6.302002186142557,5.8988,-0.40320218614255765,10.0,0.04468854987295321
50,85,Tomato,24.98,63.78,0.984,0.48,4.97,25.0,2.0,1.0,0.041667,0.998614666101029,3.7396070911498747,6.260392908850125,5.923,-0.3373929088501253,10.0,0.04160927729243158
50,86,Tomato,25.29,58.08,0.984,0.48,4.97,25.0,2.0,1.0,0.041667,1.0203046592484577,3.7821201253867804,6.217879874613219,5.9316,-0.2862798746132187,10.0,0.042513034236905486
50,87,Tomato,24.31,63.53,0.984,0.48,4.97,25.0,2.0,1.0,0.041667,0.9532985452881588,3.821841215873302,6.178158784126698,5.7867,-0.3914587841266979,10.0,0.03972109048652172
50,88,Tomato,22.88,66.34,0.984,0.48,4.97,25.0,2.0,1.0,0.041667,0.8633395585744118,3.857813985260422,6.142186014739578,5.7934,-0.34878601473957804,10.0,0.03597276938712002
50,89,Tomato,21.92,60.84,0.984,0.48,4.97,25.0,2.0,1.0,0.041667,0.8077607776096082,3.8914709535810816,6.108529046418918,5.9428,-0.16572904641891828,10.0,0.03365696832065954
50,90,Tomato,23.94,64.52,0.984,0.48,4.97,25.0,2.0,1.0,0.041667,0.9291606742509134,3.9301862913950942,6.069813708604906,5.6202,-0.44961370860490657,10.0,0.03871533781401281
50,91,Tomato,23.16,64.37,0.984,0.48,4.97,25.0,2.0,1.0,0.041667,0.880259013563151,3.96686404371323,6.03313595628677,5.6564,-0.3767359562867707,10.0,0.03667775231813581
50,92,Tomato,22.98,72.07,0.984,0.48,4.97,25.0,2.0,1.0,0.041667,0.8693445600900217,4.003087023498501,5.996912976501499,5.5615,-0.43541297650149957,10.0,0.036222979785270934
50,93,Tomato,22.37,75.8,0.984,0.48,4.97,25.0,2.0,1.0,0.041667,0.8333532071592185,4.0378103515812045,5.9621896484187955,5.3134,-0.6487896484187958,10.0,0.034723328082703155
50,94,Tomato,23.36,74.47,0.984,0.48,4.97,25.0,2.0,1.0,0.041667,0.8925469714729767,4.075000106241569,5.924999893758431,5.3368,-0.5881998937584312,10.0,0.03718975466036452
50,95,Tomato,24.35,79.08,0.984,0.48,4.97,25.0,2.0,1.0,0.041667,0.9559453175937422,4.114831479789747,5.885168520210253,5.1968,-0.6883685202102532,10.0,0.03983137354817846
