lot_id,timestamp_hour,crop_type,temperature_C,humidity_RH,initial_quality,cnn_ripeness_score,transport_duration_h,T_ref_C,Q10,r_ref_per_day,delta_t_days,degradation_rate,cumulative_degradation_D,RSL_physics_days,RSL_actual_days,delta_RSL_ML_target_days
1,0,Tomato,23.05,71.84,0.876,0.412,3.97,25.0,2.0,1.0,0.041667,0.87366,0.0364,9.9636,9.8812,-0.0824
1,1,Tomato,23.58,70.35,0.876,0.412,3.97,25.0,2.0,1.0,0.041667,0.90602,0.07415,9.9258,9.8013,-0.1245
1,2,Tomato,24.35,76.2,0.876,0.412,3.97,25.0,2.0,1.0,0.041667,0.95575,0.11398,9.886,9.6645,-0.2216
1,3,Tomato,24.89,75.83,0.876,0.412,3.97,25.0,2.0,1.0,0.041667,0.99272,0.15534,9.8447,9.6979,-0.1467
1,4,Tomato,25.95,79.54,0.876,0.412,3.97,25.0,2.0,1.0,0.041667,1.06827,0.19985,9.8001,9.8131,0.013
1,5,Tomato,25.81,87.5,0.876,0.412,3.97,25.0,2.0,1.0,0.041667,1.05791,0.24393,9.7561,9.7226,-0.0334
1,6,Tomato,25.9,90.21,0.876,0.412,3.97,25.0,2.0,1.0,0.041667,1.0645,0.28828,9.7117,9.6723,-0.0394
1,7,Tomato,28.18,81.64,0.876,0.412,3.97,25.0,2.0,1.0,0.041667,1.24622,0.34021,9.6598,9.5673,-0.0925
1,8,Tomato,27.58,82.08,0.876,0.412,3.97,25.0,2.0,1.0,0.041667,1.19576,0.39003,9.61,9.4761,-0.1339
1,9,Tomato,28.3,72.57,0.876,0.412,3.97,25.0,2.0,1.0,0.041667,1.25742,0.44243,9.5576,9.4284,-0.1292
1,10,Tomato,33.93,78.66,0.876,0.412,3.97,25.0,2.0,1.0,0.041667,1.85745,0.51982,9.4802,9.4624,-0.0177
1,11,Tomato,27.49,71.15,0.876,0.412,3.97,25.0,2.0,1.0,0.041667,1.18845,0.56934,9.4307,9.2307,-0.1999
1,12,Tomato,28.23,67.1,0.876,0.412,3.97,25.0,2.0,1.0,0.041667,1.25052,0.62144,9.3786,9.2106,-0.168
1,13,Tomato,27.39,68.8,0.876,0.412,3.97,25.0,2.0,1.0,0.041667,1.18042,0.67063,9.3294,9.3274,-0.002
1,14,Tomato,26.65,65.58,0.876,0.412,3.97,25.0,2.0,1.0,0.041667,1.12131,0.71735,9.2827,9.3346,0.052
1,15,Tomato,24.81,73.17,0.876,0.412,3.97,25.0,2.0,1.0,0.041667,0.98674,0.75846,9.2415,9.149,-0.0926
1,16,Tomato,22.6,61.05,0.876,0.412,3.97,25.0,2.0,1.0,0.041667,0.84654,0.79374,9.2063,9.0106,-0.1957
1,17,Tomato,22.92,60.55,0.876,0.412,3.97,25.0,2.0,1.0,0.041667,0.86565,0.8298,9.1702,9.165,-0.0052
1,18,Tomato,23.3,66.24,0.876,0.412,3.97,25.0,2.0,1.0,0.041667,0.88856,0.86683,9.1332,9.0618,-0.0714
1,19,Tomato,21.86,61.89,0.876,0.412,3.97,25.0,2.0,1.0,0.041667,0.80425,0.90034,9.0997,9.0403,-0.0594
1,20,Tomato,26.92,60.0,0.876,0.412,3.97,25.0,2.0,1.0,0.041667,1.1421,0.94793,9.0521,8.9331,-0.119
1,21,Tomato,22.41,65.64,0.876,0.412,3.97,25.0,2.0,1.0,0.041667,0.8358,0.98275,9.0172,8.8513,-0.1659
1,22,Tomato,23.33,62.68,0.876,0.412,3.97,25.0,2.0,1.0,0.041667,0.89052,1.01986,8.9801,8.888,-0.0921
1,23,Tomato,22.41,69.68,0.876,0.412,3.97,25.0,2.0,1.0,0.041667,0.83595,1.05469,8.9453,8.8688,-0.0766
1,24,Tomato,22.53,73.48,0.876,0.412,3.97,25.0,2.0,1.0,0.041667,0.84272,1.0898,8.9102,8.6797,-0.2305
1,25,Tomato,24.05,72.64,0.876,0.412,3.97,25.0,2.0,1.0,0.041667,0.9362,1.12881,8.8712,8.6704,-0.2008
1,26,Tomato,25.31,80.07,0.876,0.412,3.97,25.0,2.0,1.0,0.041667,1.0217,1.17138,8.8286,8.8232,-0.0054
1,27,Tomato,24.39,82.87,0.876,0.412,3.97,25.0,2.0,1.0,0.041667,0.95858,1.21132,8.7887,8.7088,-0.0799
1,28,Tomato,30.94,83.29,0.876,0.412,3.97,25.0,2.0,1.0,0.041667,1.50913,1.2742,8.7258,8.3979,-0.3279
1,29,Tomato,25.53,86.6,0.876,0.412,3.97,25.0,2.0,1.0,0.041667,1.03715,1.31742,8.6826,8.3006,-0.382
1,30,Tomato,26.71,80.8,0.876,0.412,3.97,25.0,2.0,1.0,0.041667,1.12589,1.36433,8.6357,8.4724,-0.1633
1,31,Tomato,27.72,85.05,0.876,0.412,3.97,25.0,2.0,1.0,0.041667,1.20712,1.41462,8.5854,8.3148,-0.2706
1,32,Tomato,28.55,83.66,0.876,0.412,3.97,25.0,2.0,1.0,0.041667,1.27933,1.46793,8.5321,8.1982,-0.3339
1,33,Tomato,28.22,78.9,0.876,0.412,3.97,25.0,2.0,1.0,0.041667,1.25013,1.52002,8.48,8.2934,-0.1866
1,34,Tomato,30.78,81.16,0.876,0.412,3.97,25.0,2.0,1.0,0.041667,1.49235,1.5822,8.4178,8.2217,-0.1961
1,35,Tomato,28.34,70.16,0.876,0.412,3.97,25.0,2.0,1.0,0.041667,1.26035,1.63471,8.3653,8.2696,-0.0957
1,36,Tomato,28.38,72.88,0.876,0.412,3.97,25.0,2.0,1.0,0.041667,1.26375,1.68737,8.3126,8.2836,-0.029
1,37,Tomato,25.41,65.6,0.876,0.412,3.97,25.0,2.0,1.0,0.041667,1.02874,1.73024,8.2698,8.2108,-0.059
1,38,Tomato,25.72,65.73,0.876,0.412,3.97,25.0,2.0,1.0,0.041667,1.05119,1.77403,8.226,8.2095,-0.0165
1,39,Tomato,23.9,63.79,0.876,0.412,3.97,25.0,2.0,1.0,0.041667,0.92662,1.81264,8.1874,8.0613,-0.126
1,40,Tomato,24.26,73.48,0.876,0.412,3.97,25.0,2.0,1.0,0.041667,0.95012,1.85223,8.1478,8.0036,-0.1442
1,41,Tomato,24.07,61.83,0.876,0.412,3.97,25.0,2.0,1.0,0.041667,0.93771,1.8913,8.1087,7.9069,-0.2018
1,42,Tomato,21.64,59.35,0.876,0.412,3.97,25.0,2.0,1.0,0.041667,0.79202,1.9243,8.0757,7.8983,-0.1774
1,43,Tomato,22.64,64.03,0.876,0.412,3.97,25.0,2.0,1.0,0.041667,0.84938,1.9597,8.0403,7.9063,-0.134
1,44,Tomato,21.12,66.86,0.876,0.412,3.97,25.0,2.0,1.0,0.041667,0.76424,1.99154,8.0085,7.9361,-0.0724
1,45,Tomato,20.76,63.33,0.876,0.412,3.97,25.0,2.0,1.0,0.041667,0.7456,2.02261,7.9774,7.8753,-0.1021
1,46,Tomato,25.53,72.43,0.876,0.412,3.97,25.0,2.0,1.0,0.041667,1.0375,2.06583,7.9342,7.7978,-0.1364
1,47,Tomato,22.04,73.25,0.876,0.412,3.97,25.0,2.0,1.0,0.041667,0.81445,2.09977,7.9002,7.6343,-0.266
1,48,Tomato,22.84,68.22,0.876,0.412,3.97,25.0,2.0,1.0,0.041667,0.86083,2.13564,7.8644,7.7112,-0.1532
1,49,Tomato,22.93,79.35,0.876,0.412,3.97,25.0,2.0,1.0,0.041667,0.86655,2.17174,7.8283,7.4749,-0.3533
1,50,Tomato,24.68,85.48,0.876,0.412,3.97,25.0,2.0,1.0,0.041667,0.97778,2.21249,7.7875,7.4734,-0.3142
1,51,Tomato,23.01,80.66,0.876,0.412,3.97,25.0,2.0,1.0,0.041667,0.87122,2.24879,7.7512,7.3663,-0.3849
1,52,Tomato,31.4,82.86,0.876,0.412,3.97,25.0,2.0,1.0,0.041667,1.55826,2.31371,7.6863,7.379,-0.3073
1,53,Tomato,26.05,80.99,0.876,0.412,3.97,25.0,2.0,1.0,0.041667,1.07571,2.35854,7.6415,7.3791,-0.2623
1,54,Tomato,28.14,88.24,0.876,0.412,3.97,25.0,2.0,1.0,0.041667,1.24317,2.41033,7.5897,7.0135,-0.5762
1,55,Tomato,26.85,83.1,0.876,0.412,3.97,25.0,2.0,1.0,0.041667,1.13708,2.45771,7.5423,7.1742,-0.3681
1,56,Tomato,28.55,79.7,0.876,0.412,3.97,25.0,2.0,1.0,0.041667,1.27876,2.51099,7.489,7.078,-0.411
1,57,Tomato,27.77,74.12,0.876,0.412,3.97,25.0,2.0,1.0,0.041667,1.21151,2.56147,7.4385,7.1265,-0.3121
1,58,Tomato,28.05,75.74,0.876,0.412,3.97,25.0,2.0,1.0,0.041667,1.23576,2.61296,7.387,7.2747,-0.1123
1,59,Tomato,26.79,74.41,0.876,0.412,3.97,25.0,2.0,1.0,0.041667,1.1324,2.66015,7.3399,7.0568,-0.2831
1,60,Tomato,26.89,64.72,0.876,0.412,3.97,25.0,2.0,1.0,0.041667,1.13988,2.70764,7.2924,7.2168,-0.0756
1,61,Tomato,28.56,62.06,0.876,0.412,3.97,25.0,2.0,1.0,0.041667,1.28,2.76098,7.239,7.0811,-0.1579
1,62,Tomato,25.38,79.05,0.876,0.412,3.97,25.0,2.0,1.0,0.041667,1.02636,2.80374,7.1963,6.7994,-0.3968
1,63,Tomato,24.61,62.83,0.876,0.412,3.97,25.0,2.0,1.0,0.041667,0.97307,2.84429,7.1557,6.9997,-0.156
1,64,Tomato,24.91,60.17,0.876,0.412,3.97,25.0,2.0,1.0,0.041667,0.99368,2.88569,7.1143,6.8822,-0.2321
1,65,Tomato,22.04,58.39,0.876,0.412,3.97,25.0,2.0,1.0,0.041667,0.81436,2.91962,7.0804,7.015,-0.0654
1,66,Tomato,22.6,66.04,0.876,0.412,3.97,25.0,2.0,1.0,0.041667,0.84698,2.95491,7.0451,6.8408,-0.2042
1,67,Tomato,27.99,65.43,0.876,0.412,3.97,25.0,2.0,1.0,0.041667,1.23028,3.00617,6.9938,6.8196,-0.1742
1,68,Tomato,22.03,69.98,0.876,0.412,3.97,25.0,2.0,1.0,0.041667,0.81409,3.04009,6.9599,6.7798,-0.1801
1,69,Tomato,21.1,62.5,0.876,0.412,3.97,25.0,2.0,1.0,0.041667,0.76309,3.07189,6.9281,6.7791,-0.149
1,70,Tomato,22.63,66.34,0.876,0.412,3.97,25.0,2.0,1.0,0.041667,0.84846,3.10724,6.8928,6.6718,-0.2209
1,71,Tomato,23.2,70.53,0.876,0.412,3.97,25.0,2.0,1.0,0.041667,0.88273,3.14402,6.856,6.6058,-0.2502
1,72,Tomato,22.26,72.28,0.876,0.412,3.97,25.0,2.0,1.0,0.041667,0.82685,3.17847,6.8215,6.5256,-0.2959
1,73,Tomato,22.93,76.78,0.876,0.412,3.97,25.0,2.0,1.0,0.041667,0.8666,3.21458,6.7854,6.287,-0.4984
1,74,Tomato,22.8,76.32,0.876,0.412,3.97,25.0,2.0,1.0,0.041667,0.85841,3.25035,6.7497,6.4782,-0.2714
1,75,Tomato,25.11,84.53,0.876,0.412,3.97,25.0,2.0,1.0,0.041667,1.0079,3.29234,6.7077,6.0968,-0.6109
1,76,Tomato,29.12,82.31,0.876,0.412,3.97,25.0,2.0,1.0,0.041667,1.33038,3.34778,6.6522,6.078,-0.5742
1,77,Tomato,26.8,82.21,0.876,0.412,3.97,25.0,2.0,1.0,0.041667,1.13266,3.39497,6.605,6.0671,-0.5379
1,78,Tomato,27.41,82.55,0.876,0.412,3.97,25.0,2.0,1.0,0.041667,1.18201,3.44422,6.5558,6.027,-0.5287
1,79,Tomato,27.94,81.29,0.876,0.412,3.97,25.0,2.0,1.0,0.041667,1.2258,3.4953,6.5047,5.9789,-0.5258
1,80,Tomato,29.52,82.38,0.876,0.412,3.97,25.0,2.0,1.0,0.041667,1.36834,3.55231,6.4477,5.9272,-0.5204
1,81,Tomato,27.9,80.79,0.876,0.412,3.97,25.0,2.0,1.0,0.041667,1.22226,3.60324,6.3968,5.8952,-0.5016
1,82,Tomato,26.72,73.29,0.876,0.412,3.97,25.0,2.0,1.0,0.041667,1.12637,3.65017,6.3498,5.9953,-0.3545
1,83,Tomato,25.96,74.11,0.876,0.412,3.97,25.0,2.0,1.0,0.041667,1.06849,3.69469,6.3053,5.9802,-0.3251
1,84,Tomato,28.56,73.95,0.876,0.412,3.97,25.0,2.0,1.0,0.041667,1.28028,3.74804,6.252,5.8286,-0.4234
1,85,Tomato,26.91,64.62,0.876,0.412,3.97,25.0,2.0,1.0,0.041667,1.14136,3.79559,6.2044,5.9905,-0.2139
1,86,Tomato,26.19,60.91,0.876,0.412,3.97,25.0,2.0,1.0,0.041667,1.08573,3.84083,6.1592,5.8729,-0.2862
1,87,Tomato,25.4,64.8,0.876,0.412,3.97,25.0,2.0,1.0,0.041667,1.02809,3.88367,6.1163,5.997,-0.1193
1,88,Tomato,24.67,61.31,0.876,0.412,3.97,25.0,2.0,1.0,0.041667,0.97715,3.92438,6.0756,5.8825,-0.1931
1,89,Tomato,22.41,63.66,0.876,0.412,3.97,25.0,2.0,1.0,0.041667,0.83593,3.95921,6.0408,5.7293,-0.3115
1,90,Tomato,22.73,66.78,0.876,0.412,3.97,25.0,2.0,1.0,0.041667,0.85417,3.9948,6.0052,5.7345,-0.2707
1,91,Tomato,22.64,66.33,0.876,0.412,3.97,25.0,2.0,1.0,0.041667,0.84921,4.03019,5.9698,5.6138,-0.356
1,92,Tomato,27.17,68.71,0.876,0.412,3.97,25.0,2.0,1.0,0.041667,1.16255,4.07863,5.9214,5.6704,-0.2509
1,93,Tomato,22.96,60.86,0.876,0.412,3.97,25.0,2.0,1.0,0.041667,0.86797,4.11479,5.8852,5.6091,-0.2761
1,94,Tomato,22.71,66.98,0.876,0.412,3.97,25.0,2.0,1.0,0.041667,0.85319,4.15034,5.8497,5.6621,-0.1876
1,95,Tomato,20.79,70.81,0.876,0.412,3.97,25.0,2.0,1.0,0.041667,0.74689,4.18146,5.8185,5.2825,-0.5361
2,0,Banana,27.5,78.9,0.916,0.446,4.58,25.0,2.2,1.0,0.041667,1.21811,0.05075,6.9492,6.9621,0.0129
2,1,Banana,28.49,79.43,0.916,0.446,4.58,25.0,2.2,1.0,0.041667,1.31712,0.10563,6.8944,6.8672,-0.0271
2,2,Banana,27.44,76.85,0.916,0.446,4.58,25.0,2.2,1.0,0.041667,1.212,0.15613,6.8439,6.8409,-0.003
2,3,Banana,27.07,77.37,0.916,0.446,4.58,25.0,2.2,1.0,0.041667,1.17704,0.20518,6.7948,6.611,-0.1838
2,4,Banana,27.25,75.45,0.916,0.446,4.58,25.0,2.2,1.0,0.041667,1.19395,0.25493,6.7451,6.7304,-0.0147
2,5,Banana,27.36,70.02,0.916,0.446,4.58,25.0,2.2,1.0,0.041667,1.20469,0.30512,6.6949,6.736,0.0411
2,6,Banana,26.82,62.73,0.916,0.446,4.58,25.0,2.2,1.0,0.041667,1.15444,0.35322,6.6468,6.7751,0.1284
2,7,Banana,29.97,68.93,0.916,0.446,4.58,25.0,2.2,1.0,0.041667,1.47967,0.41488,6.5851,6.5965,0.0114
2,8,Banana,24.83,65.33,0.916,0.446,4.58,25.0,2.2,1.0,0.041667,0.98673,0.45599,6.544,6.4674,-0.0766
2,9,Banana,24.11,61.52,0.916,0.446,4.58,25.0,2.2,1.0,0.041667,0.93244,0.49484,6.5052,6.4034,-0.1017
2,10,Banana,24.35,65.13,0.916,0.446,4.58,25.0,2.2,1.0,0.041667,0.95001,0.53442,6.4656,6.3762,-0.0894
2,11,Banana,23.43,66.57,0.916,0.446,4.58,25.0,2.2,1.0,0.041667,0.88386,0.57125,6.4287,6.4449,0.0162
2,12,Banana,22.48,60.28,0.916,0.446,4.58,25.0,2.2,1.0,0.041667,0.8197,0.60541,6.3946,6.2143,-0.1803
2,13,Banana,23.21,59.03,0.916,0.446,4.58,25.0,2.2,1.0,0.041667,0.8686,0.6416,6.3584,6.3723,0.0139
2,14,Banana,21.67,62.89,0.916,0.446,4.58,25.0,2.2,1.0,0.041667,0.7692,0.67365,6.3264,6.2249,-0.1014
2,15,Banana,21.51,66.95,0.916,0.446,4.58,25.0,2.2,1.0,0.041667,0.75946,0.70529,6.2947,6.1829,-0.1118
2,16,Banana,22.47,68.94,0.916,0.446,4.58,25.0,2.2,1.0,0.041667,0.81937,0.73943,6.2606,6.1462,-0.1144
2,17,Banana,21.96,72.07,0.916,0.446,4.58,25.0,2.2,1.0,0.041667,0.78687,0.77222,6.2278,6.2154,-0.0124
2,18,Banana,23.77,72.08,0.916,0.446,4.58,25.0,2.2,1.0,0.041667,0.90763,0.81004,6.19,6.1344,-0.0556
2,19,Banana,21.1,77.58,0.916,0.446,4.58,25.0,2.2,1.0,0.041667,0.73511,0.84066,6.1593,5.9816,-0.1777
2,20,Banana,23.27,79.71,0.916,0.446,4.58,25.0,2.2,1.0,0.041667,0.87243,0.87702,6.123,5.9903,-0.1327
2,21,Banana,24.71,83.56,0.916,0.446,4.58,25.0,2.2,1.0,0.041667,0.97712,0.91773,6.0823,5.8736,-0.2087
2,22,Banana,26.84,83.91,0.916,0.446,4.58,25.0,2.2,1.0,0.041667,1.15636,0.96591,6.0341,5.7159,-0.3182
2,23,Banana,25.63,83.11,0.916,0.446,4.58,25.0,2.2,1.0,0.041667,1.05122,1.00971,5.9903,5.7692,-0.2211
2,24,Banana,27.61,86.46,0.916,0.446,4.58,25.0,2.2,1.0,0.041667,1.22865,1.06091,5.9391,5.6426,-0.2965
2,25,Banana,28.16,81.96,0.916,0.446,4.58,25.0,2.2,1.0,0.041667,1.28328,1.11438,5.8856,5.6785,-0.2072
2,26,Banana,25.93,80.31,0.916,0.446,4.58,25.0,2.2,1.0,0.041667,1.07596,1.15921,5.8408,5.655,-0.1858
2,27,Banana,29.17,71.58,0.916,0.446,4.58,25.0,2.2,1.0,0.041667,1.38929,1.21709,5.7829,5.631,-0.1519
2,28,Banana,26.46,74.86,0.916,0.446,4.58,25.0,2.2,1.0,0.041667,1.12163,1.26383,5.7362,5.6595,-0.0767
2,29,Banana,27.65,67.79,0.916,0.446,4.58,25.0,2.2,1.0,0.041667,1.23206,1.31516,5.6848,5.6647,-0.0201
2,30,Banana,27.53,73.37,0.916,0.446,4.58,25.0,2.2,1.0,0.041667,1.22052,1.36602,5.634,5.4442,-0.1898
2,31,Banana,26.8,78.68,0.916,0.446,4.58,25.0,2.2,1.0,0.041667,1.15246,1.41404,5.586,5.3271,-0.2589
2,32,Banana,26.14,66.09,0.916,0.446,4.58,25.0,2.2,1.0,0.041667,1.09376,1.45961,5.5404,5.4047,-0.1357
2,33,Banana,24.05,62.17,0.916,0.446,4.58,25.0,2.2,1.0,0.041667,0.92754,1.49826,5.5017,5.3467,-0.155
2,34,Banana,24.94,66.47,0.916,0.446,4.58,25.0,2.2,1.0,0.041667,0.99495,1.53972,5.4603,5.2733,-0.187
2,35,Banana,22.32,62.51,0.916,0.446,4.58,25.0,2.2,1.0,0.041667,0.80933,1.57344,5.4266,5.3746,-0.052
2,36,Banana,23.42,62.12,0.916,0.446,4.58,25.0,2.2,1.0,0.041667,0.88263,1.61021,5.3898,5.4627,0.0729
2,37,Banana,28.1,63.56,0.916,0.446,4.58,25.0,2.2,1.0,0.041667,1.27676,1.66341,5.3366,5.2679,-0.0687
2,38,Banana,22.28,66.1,0.916,0.446,4.58,25.0,2.2,1.0,0.041667,0.80693,1.69703,5.303,5.0563,-0.2466
2,39,Banana,23.7,63.83,0.916,0.446,4.58,25.0,2.2,1.0,0.041667,0.90251,1.73464,5.2654,5.1206,-0.1448
2,40,Banana,24.41,70.76,0.916,0.446,4.58,25.0,2.2,1.0,0.041667,0.95431,1.7744,5.2256,5.1253,-0.1003
2,41,Banana,25.92,74.33,0.916,0.446,4.58,25.0,2.2,1.0,0.041667,1.07483,1.81919,5.1808,4.7741,-0.4067
2,42,Banana,21.77,70.48,0.916,0.446,4.58,25.0,2.2,1.0,0.041667,0.77517,1.85149,5.1485,4.9339,-0.2146
2,43,Banana,22.21,76.78,0.916,0.446,4.58,25.0,2.2,1.0,0.041667,0.80259,1.88493,5.1151,4.7552,-0.3599
2,44,Banana,24.09,81.0,0.916,0.446,4.58,25.0,2.2,1.0,0.041667,0.93051,1.9237,5.0763,4.7533,-0.323
2,45,Banana,24.08,80.55,0.916,0.446,4.58,25.0,2.2,1.0,0.041667,0.92983,1.96244,5.0376,4.7477,-0.2899
2,46,Banana,25.86,81.53,0.916,0.446,4.58,25.0,2.2,1.0,0.041667,1.07011,2.00703,4.993,4.6221,-0.3709
2,47,Banana,30.49,79.86,0.916,0.446,4.58,25.0,2.2,1.0,0.041667,1.54129,2.07125,4.9288,4.628,-0.3008
2,48,Banana,28.42,73.74,0.916,0.446,4.58,25.0,2.2,1.0,0.041667,1.30973,2.12582,4.8742,4.5237,-0.3504
2,49,Banana,27.82,76.55,0.916,0.446,4.58,25.0,2.2,1.0,0.041667,1.24873,2.17785,4.8221,4.4698,-0.3523
2,50,Banana,27.59,79.02,0.916,0.446,4.58,25.0,2.2,1.0,0.041667,1.22657,2.22896,4.771,4.4423,-0.3287
2,51,Banana,28.03,85.09,0.916,0.446,4.58,25.0,2.2,1.0,0.041667,1.26946,2.28185,4.7181,4.1501,-0.568
2,52,Banana,27.41,76.28,0.916,0.446,4.58,25.0,2.2,1.0,0.041667,1.20888,2.33222,4.6678,4.3425,-0.3253
2,53,Banana,27.22,72.93,0.916,0.446,4.58,25.0,2.2,1.0,0.041667,1.19161,2.38187,4.6181,4.3622,-0.256
2,54,Banana,26.1,71.48,0.916,0.446,4.58,25.0,2.2,1.0,0.041667,1.09026,2.4273,4.5727,4.333,-0.2397
2,55,Banana,25.31,63.47,0.916,0.446,4.58,25.0,2.2,1.0,0.041667,1.02476,2.47,4.53,4.2662,-0.2638
2,56,Banana,24.3,66.91,0.916,0.446,4.58,25.0,2.2,1.0,0.041667,0.94665,2.50944,4.4906,4.0997,-0.3908
2,57,Banana,26.45,66.37,0.916,0.446,4.58,25.0,2.2,1.0,0.041667,1.12144,2.55617,4.4438,4.219,-0.2249
2,58,Banana,23.83,62.23,0.916,0.446,4.58,25.0,2.2,1.0,0.041667,0.91158,2.59415,4.4058,4.0875,-0.3183
2,59,Banana,24.11,58.14,0.916,0.446,4.58,25.0,2.2,1.0,0.041667,0.93194,2.63298,4.367,4.1606,-0.2064
2,60,Banana,23.0,59.35,0.916,0.446,4.58,25.0,2.2,1.0,0.041667,0.85437,2.66858,4.3314,4.1953,-0.1361
2,61,Banana,22.79,68.09,0.916,0.446,4.58,25.0,2.2,1.0,0.041667,0.84019,2.70359,4.2964,4.1613,-0.1351
2,62,Banana,20.43,60.93,0.916,0.446,4.58,25.0,2.2,1.0,0.041667,0.69731,2.73264,4.2674,4.0824,-0.185
2,63,Banana,21.35,62.5,0.916,0.446,4.58,25.0,2.2,1.0,0.041667,0.74979,2.76389,4.2361,4.0522,-0.1839
2,64,Banana,21.29,65.14,0.916,0.446,4.58,25.0,2.2,1.0,0.041667,0.74645,2.79499,4.205,3.8929,-0.3121
2,65,Banana,24.81,72.06,0.916,0.446,4.58,25.0,2.2,1.0,0.041667,0.98501,2.83603,4.164,3.8468,-0.3172
2,66,Banana,22.41,74.73,0.916,0.446,4.58,25.0,2.2,1.0,0.041667,0.81548,2.87001,4.13,3.8492,-0.2808
2,67,Banana,22.93,77.34,0.916,0.446,4.58,25.0,2.2,1.0,0.041667,0.84947,2.9054,4.0946,3.6537,-0.4409
2,68,Banana,23.73,84.35,0.916,0.446,4.58,25.0,2.2,1.0,0.041667,0.90473,2.9431,4.0569,3.5068,-0.5501
2,69,Banana,25.95,75.26,0.916,0.446,4.58,25.0,2.2,1.0,0.041667,1.07765,2.988,4.012,3.7057,-0.3063
2,70,Banana,25.78,83.46,0.916,0.446,4.58,25.0,2.2,1.0,0.041667,1.06342,3.03231,3.9677,3.4233,-0.5444
2,71,Banana,27.11,85.86,0.916,0.446,4.58,25.0,2.2,1.0,0.041667,1.18123,3.08153,3.9185,3.2828,-0.6356
2,72,Banana,27.11,76.73,0.916,0.446,4.58,25.0,2.2,1.0,0.041667,1.18093,3.13073,3.8693,3.4661,-0.4032
2,73,Banana,27.82,93.11,0.916,0.446,4.58,25.0,2.2,1.0,0.041667,1.24908,3.18278,3.8172,2.3278,-1.4895
2,74,Banana,28.32,78.59,0.916,0.446,4.58,25.0,2.2,1.0,0.041667,1.299,3.2369,3.7631,3.3753,-0.3877
2,75,Banana,27.93,89.19,0.916,0.446,4.58,25.0,2.2,1.0,0.041667,1.25956,3.28939,3.7106,2.6132,-1.0974
2,76,Banana,27.49,73.88,0.916,0.446,4.58,25.0,2.2,1.0,0.041667,1.21663,3.34008,3.6599,3.3414,-0.3185
2,77,Banana,26.76,73.47,0.916,0.446,4.58,25.0,2.2,1.0,0.041667,1.14846,3.38793,3.6121,3.0395,-0.5726
2,78,Banana,28.0,65.18,0.916,0.446,4.58,25.0,2.2,1.0,0.041667,1.26662,3.44071,3.5593,3.2729,-0.2864
2,79,Banana,27.4,70.87,0.916,0.446,4.58,25.0,2.2,1.0,0.041667,1.20786,3.49103,3.509,3.0663,-0.4427
2,80,Banana,27.77,64.0,0.916,0.446,4.58,25.0,2.2,1.0,0.041667,1.24454,3.54289,3.4571,3.1233,-0.3338
2,81,Banana,26.23,60.84,0.916,0.446,4.58,25.0,2.2,1.0,0.041667,1.10227,3.58882,3.4112,3.1726,-0.2386
2,82,Banana,22.94,59.65,0.916,0.446,4.58,25.0,2.2,1.0,0.041667,0.85029,3.62425,3.3758,3.0669,-0.3089
2,83,Banana,23.65,58.79,0.916,0.446,4.58,25.0,2.2,1.0,0.041667,0.89888,3.6617,3.3383,3.0828,-0.2555
2,84,Banana,23.71,61.64,0.916,0.446,4.58,25.0,2.2,1.0,0.041667,0.90354,3.69935,3.3007,2.8968,-0.4039
2,85,Banana,22.71,66.73,0.916,0.446,4.58,25.0,2.2,1.0,0.041667,0.83483,3.73413,3.2659,3.0478,-0.2181
2,86,Banana,21.51,63.18,0.916,0.446,4.58,25.0,2.2,1.0,0.041667,0.75945,3.76578,3.2342,2.8612,-0.373
2,87,Banana,23.07,65.68,0.916,0.446,4.58,25.0,2.2,1.0,0.041667,0.85891,3.80156,3.1984,2.7665,-0.4319
2,88,Banana,21.37,70.61,0.916,0.446,4.58,25.0,2.2,1.0,0.041667,0.75128,3.83287,3.1671,2.7536,-0.4136
2,89,Banana,21.08,69.25,0.916,0.446,4.58,25.0,2.2,1.0,0.041667,0.73384,3.86344,3.1366,2.7392,-0.3973
2,90,Banana,22.38,73.2,0.916,0.446,4.58,25.0,2.2,1.0,0.041667,0.81333,3.89733,3.1027,2.6383,-0.4644
2,91,Banana,23.86,74.25,0.916,0.446,4.58,25.0,2.2,1.0,0.041667,0.91438,3.93543,3.0646,2.5608,-0.5038
2,92,Banana,23.05,76.72,0.916,0.446,4.58,25.0,2.2,1.0,0.041667,0.85769,3.97117,3.0288,2.4236,-0.6052
2,93,Banana,25.27,70.1,0.916,0.446,4.58,25.0,2.2,1.0,0.041667,1.02188,4.01375,2.9863,2.4708,-0.5154
2,94,Banana,25.41,84.73,0.916,0.446,4.58,25.0,2.2,1.0,0.041667,1.03256,4.05677,2.9432,2.1251,-0.8181
2,95,Banana,26.24,84.8,0.916,0.446,4.58,25.0,2.2,1.0,0.041667,1.10267,4.10271,2.8973,2.0517,-0.8456
3,0,Banana,22.77,65.63,0.94,0.622,23.03,25.0,2.2,1.0,0.041667,0.83891,0.03495,6.965,6.9273,-0.0377
3,1,Banana,22.45,67.94,0.94,0.622,23.03,25.0,2.2,1.0,0.041667,0.81772,0.06903,6.931,6.9431,0.0121
3,2,Banana,22.47,73.96,0.94,0.622,23.03,25.0,2.2,1.0,0.041667,0.81914,0.10316,6.8968,6.7504,-0.1464
3,3,Banana,22.64,74.95,0.94,0.622,23.03,25.0,2.2,1.0,0.041667,0.83009,0.13774,6.8623,6.7826,-0.0797
3,4,Banana,23.8,77.26,0.94,0.622,23.03,25.0,2.2,1.0,0.041667,0.90941,0.17564,6.8244,6.7496,-0.0747
3,5,Banana,25.24,75.78,0.94,0.622,23.03,25.0,2.2,1.0,0.041667,1.01905,0.2181,6.7819,6.7384,-0.0435
3,6,Banana,29.29,78.83,0.94,0.622,23.03,25.0,2.2,1.0,0.041667,1.40304,0.27656,6.7234,6.577,-0.1464
3,7,Banana,25.71,75.47,0.94,0.622,23.03,25.0,2.2,1.0,0.041667,1.0574,0.32061,6.6794,6.3382,-0.3411
3,8,Banana,26.18,77.65,0.94,0.622,23.03,25.0,2.2,1.0,0.041667,1.09735,0.36634,6.6337,6.2156,-0.418
3,9,Banana,27.74,84.69,0.94,0.622,23.03,25.0,2.2,1.0,0.041667,1.24125,0.41806,6.5819,6.3678,-0.2142
3,10,Banana,28.8,82.76,0.94,0.622,23.03,25.0,2.2,1.0,0.041667,1.34963,0.47429,6.5257,6.1919,-0.3338
3,11,Banana,26.81,84.26,0.94,0.622,23.03,25.0,2.2,1.0,0.041667,1.15304,0.52233,6.4777,6.1768,-0.3009
3,12,Banana,27.81,73.5,0.94,0.622,23.03,25.0,2.2,1.0,0.041667,1.24838,0.57435,6.4256,6.1754,-0.2502
3,13,Banana,28.34,74.79,0.94,0.622,23.03,25.0,2.2,1.0,0.041667,1.30118,0.62857,6.3714,6.026,-0.3455
3,14,Banana,28.22,74.23,0.94,0.622,23.03,25.0,2.2,1.0,0.041667,1.28926,0.68229,6.3177,5.9906,-0.3271
3,15,Banana,28.21,71.18,0.94,0.622,23.03,25.0,2.2,1.0,0.041667,1.28791,0.73595,6.2641,5.8375,-0.4265
3,16,Banana,25.77,67.14,0.94,0.622,23.03,25.0,2.2,1.0,0.041667,1.06291,0.78024,6.2198,5.6302,-0.5896
3,17,Banana,24.29,66.84,0.94,0.622,23.03,25.0,2.2,1.0,0.041667,0.9459,0.81965,6.1804,5.6527,-0.5277
3,18,Banana,24.93,62.14,0.94,0.622,23.03,25.0,2.2,1.0,0.041667,0.99418,0.86107,6.1389,5.4151,-0.7238
3,19,Banana,25.1,59.14,0.94,0.622,23.03,25.0,2.2,1.0,0.041667,1.00755,0.90305,6.0969,5.534,-0.5629
3,20,Banana,22.94,61.99,0.94,0.622,23.03,25.0,2.2,1.0,0.041667,0.85021,0.93848,6.0615,5.3768,-0.6847
3,21,Banana,27.29,67.61,0.94,0.622,23.03,25.0,2.2,1.0,0.041667,1.19832,0.98841,6.0116,5.3572,-0.6544
3,22,Banana,25.0,60.19,0.94,0.622,23.03,25.0,2.2,1.0,0.041667,0.99989,1.03007,5.9699,5.2933,-0.6767
3,23,Banana,22.98,66.59,0.94,0.622,23.03,25.0,2.2,1.0,0.041667,0.85273,1.0656,5.9344,5.2636,-0.6708
3,24,Banana,21.28,66.92,0.94,0.622,23.03,25.0,2.2,1.0,0.041667,0.7459,1.09668,5.9033,5.1257,-0.7776
3,25,Banana,22.47,71.17,0.94,0.622,23.03,25.0,2.2,1.0,0.041667,0.81915,1.13081,5.8692,5.099,-0.7702
3,26,Banana,23.28,77.92,0.94,0.622,23.03,25.0,2.2,1.0,0.041667,0.87339,1.1672,5.8328,4.9295,-0.9033
3,27,Banana,22.58,74.91,0.94,0.622,23.03,25.0,2.2,1.0,0.041667,0.82646,1.20164,5.7984,4.8509,-0.9475
3,28,Banana,23.07,76.66,0.94,0.622,23.03,25.0,2.2,1.0,0.041667,0.85872,1.23742,5.7626,5.0258,-0.7368
3,29,Banana,23.43,81.11,0.94,0.622,23.03,25.0,2.2,1.0,0.041667,0.88379,1.27424,5.7258,4.6649,-1.0609
3,30,Banana,25.56,79.73,0.94,0.622,23.03,25.0,2.2,1.0,0.041667,1.04506,1.31779,5.6822,4.5548,-1.1275
3,31,Banana,26.67,84.2,0.94,0.622,23.03,25.0,2.2,1.0,0.041667,1.14032,1.3653,5.6347,4.4172,-1.2175
3,32,Banana,28.35,85.23,0.94,0.622,23.03,25.0,2.2,1.0,0.041667,1.30186,1.41955,5.5805,4.4213,-1.1591
3,33,Banana,25.69,80.01,0.94,0.622,23.03,25.0,2.2,1.0,0.041667,1.05571,1.46353,5.5365,4.4812,-1.0553
3,34,Banana,26.49,78.93,0.94,0.622,23.03,25.0,2.2,1.0,0.041667,1.12509,1.51041,5.4896,4.3969,-1.0927
3,35,Banana,28.2,78.41,0.94,0.622,23.03,25.0,2.2,1.0,0.041667,1.2872,1.56405,5.436,4.269,-1.167
3,36,Banana,28.96,80.7,0.94,0.622,23.03,25.0,2.2,1.0,0.041667,1.36601,1.62096,5.379,4.0335,-1.3455
3,37,Banana,28.22,74.62,0.94,0.622,23.03,25.0,2.2,1.0,0.041667,1.28912,1.67468,5.3253,4.2208,-1.1045
3,38,Banana,26.93,72.16,0.94,0.622,23.03,25.0,2.2,1.0,0.041667,1.1648,1.72321,5.2768,4.108,-1.1688
3,39,Banana,25.2,70.47,0.94,0.622,23.03,25.0,2.2,1.0,0.041667,1.01583,1.76554,5.2345,4.0605,-1.1739
3,40,Banana,25.2,76.37,0.94,0.622,23.03,25.0,2.2,1.0,0.041667,1.01611,1.80787,5.1921,3.8577,-1.3344
3,41,Banana,25.44,71.38,0.94,0.622,23.03,25.0,2.2,1.0,0.041667,1.03509,1.851,5.149,3.9336,-1.2154
3,42,Banana,25.16,62.51,0.94,0.622,23.03,25.0,2.2,1.0,0.041667,1.01299,1.89321,5.1068,3.7874,-1.3194
3,43,Banana,28.2,62.58,0.94,0.622,23.03,25.0,2.2,1.0,0.041667,1.28652,1.94681,5.0532,3.7316,-1.3216
3,44,Banana,23.86,64.75,0.94,0.622,23.03,25.0,2.2,1.0,0.041667,0.914,1.9849,5.0151,3.7054,-1.3097
3,45,Banana,20.95,71.08,0.94,0.622,23.03,25.0,2.2,1.0,0.041667,0.72675,2.01518,4.9848,3.4853,-1.4995
3,46,Banana,22.96,61.32,0.94,0.622,23.03,25.0,2.2,1.0,0.041667,0.85119,2.05065,4.9494,3.7029,-1.2464
3,47,Banana,22.58,61.97,0.94,0.622,23.03,25.0,2.2,1.0,0.041667,0.82642,2.08508,4.9149,3.4819,-1.4331
3,48,Banana,23.8,78.86,0.94,0.622,23.03,25.0,2.2,1.0,0.041667,0.90997,2.123,4.877,3.3636,-1.5134
3,49,Banana,23.11,72.68,0.94,0.622,23.03,25.0,2.2,1.0,0.041667,0.86161,2.1589,4.8411,3.4022,-1.4389
3,50,Banana,21.4,74.71,0.94,0.622,23.03,25.0,2.2,1.0,0.041667,0.75266,2.19026,4.8097,3.1667,-1.643
3,51,Banana,24.37,75.66,0.94,0.622,23.03,25.0,2.2,1.0,0.041667,0.95136,2.2299,4.7701,3.1996,-1.5705
3,52,Banana,22.44,78.9,0.94,0.622,23.03,25.0,2.2,1.0,0.041667,0.8172,2.26395,4.7361,3.0537,-1.6824
3,53,Banana,24.14,86.5,0.94,0.622,23.03,25.0,2.2,1.0,0.041667,0.9343,2.30288,4.6971,2.5995,-2.0976
3,54,Banana,23.57,77.53,0.94,0.622,23.03,25.0,2.2,1.0,0.041667,0.8935,2.3401,4.6599,2.7018,-1.9581
3,55,Banana,24.66,79.77,0.94,0.622,23.03,25.0,2.2,1.0,0.041667,0.9737,2.38068,4.6193,2.862,-1.7573
3,56,Banana,27.92,84.94,0.94,0.622,23.03,25.0,2.2,1.0,0.041667,1.25936,2.43315,4.5669,2.5144,-2.0525
3,57,Banana,26.75,81.67,0.94,0.622,23.03,25.0,2.2,1.0,0.041667,1.14781,2.48097,4.519,2.6897,-1.8293
3,58,Banana,25.98,84.96,0.94,0.622,23.03,25.0,2.2,1.0,0.041667,1.08047,2.52599,4.474,2.4185,-2.0555
3,59,Banana,27.68,80.46,0.94,0.622,23.03,25.0,2.2,1.0,0.041667,1.2356,2.57748,4.4225,2.4179,-2.0047
3,60,Banana,28.5,72.18,0.94,0.622,23.03,25.0,2.2,1.0,0.041667,1.31752,2.63237,4.3676,2.4378,-1.9298
3,61,Banana,28.76,73.03,0.94,0.622,23.03,25.0,2.2,1.0,0.041667,1.34487,2.68841,4.3116,2.4678,-1.8437
3,62,Banana,28.27,69.35,0.94,0.622,23.03,25.0,2.2,1.0,0.041667,1.2939,2.74232,4.2577,2.2884,-1.9693
3,63,Banana,26.21,71.36,0.94,0.622,23.03,25.0,2.2,1.0,0.041667,1.10032,2.78817,4.2118,2.2158,-1.996
3,64,Banana,25.61,67.2,0.94,0.622,23.03,25.0,2.2,1.0,0.041667,1.04943,2.8319,4.1681,2.2251,-1.943
3,65,Banana,25.21,65.34,0.94,0.622,23.03,25.0,2.2,1.0,0.041667,1.01636,2.87424,4.1258,2.2282,-1.8976
3,66,Banana,25.29,61.39,0.94,0.622,23.03,25.0,2.2,1.0,0.041667,1.02348,2.91689,4.0831,2.0094,-2.0737
3,67,Banana,25.21,61.52,0.94,0.622,23.03,25.0,2.2,1.0,0.041667,1.01659,2.95925,4.0408,2.0488,-1.992
3,68,Banana,22.83,61.12,0.94,0.622,23.03,25.0,2.2,1.0,0.041667,0.84242,2.99435,4.0057,2.0227,-1.983
3,69,Banana,23.06,59.92,0.94,0.622,23.03,25.0,2.2,1.0,0.041667,0.85805,3.0301,3.9699,1.898,-2.0719
3,70,Banana,21.72,72.13,0.94,0.622,23.03,25.0,2.2,1.0,0.041667,0.77183,3.06226,3.9377,1.6812,-2.2565
3,71,Banana,22.96,71.35,0.94,0.622,23.03,25.0,2.2,1.0,0.041667,0.85121,3.09773,3.9023,1.6278,-2.2745
3,72,Banana,24.32,67.99,0.94,0.622,23.03,25.0,2.2,1.0,0.041667,0.94796,3.13722,3.8628,1.5504,-2.3124
3,73,Banana,23.63,67.46,0.94,0.622,23.03,25.0,2.2,1.0,0.041667,0.89732,3.17461,3.8254,1.5964,-2.229
3,74,Banana,23.89,68.4,0.94,0.622,23.03,25.0,2.2,1.0,0.041667,0.91645,3.2128,3.7872,1.4102,-2.377
3,75,Banana,22.95,71.99,0.94,0.622,23.03,25.0,2.2,1.0,0.041667,0.85048,3.24823,3.7518,1.3641,-2.3877
3,76,Banana,22.14,78.12,0.94,0.622,23.03,25.0,2.2,1.0,0.041667,0.79839,3.2815,3.7185,1.3546,-2.3639
3,77,Banana,25.38,75.23,0.94,0.622,23.03,25.0,2.2,1.0,0.041667,1.03025,3.32443,3.6756,1.2876,-2.388
3,78,Banana,25.43,80.8,0.94,0.622,23.03,25.0,2.2,1.0,0.041667,1.03435,3.36753,3.6325,0.9319,-2.7006
3,79,Banana,26.31,78.81,0.94,0.622,23.03,25.0,2.2,1.0,0.041667,1.10887,3.41373,3.5863,0.9319,-2.6543
3,80,Banana,25.73,85.94,0.94,0.622,23.03,25.0,2.2,1.0,0.041667,1.0593,3.45787,3.5421,0.4676,-3.0746
3,81,Banana,26.17,80.78,0.94,0.622,23.03,25.0,2.2,1.0,0.041667,1.097,3.50357,3.4964,0.8449,-2.6515
3,82,Banana,27.75,78.56,0.94,0.622,23.03,25.0,2.2,1.0,0.041667,1.24221,3.55533,3.4447,0.72,-2.7246
3,83,Banana,28.03,78.82,0.94,0.622,23.03,25.0,2.2,1.0,0.041667,1.26993,3.60825,3.3918,0.548,-2.8437
3,84,Banana,26.8,77.52,0.94,0.622,23.03,25.0,2.2,1.0,0.041667,1.15262,3.65627,3.3437,0.6078,-2.7359
3,85,Banana,26.89,68.42,0.94,0.622,23.03,25.0,2.2,1.0,0.041667,1.16079,3.70464,3.2954,0.6253,-2.67
3,86,Banana,28.33,71.15,0.94,0.622,23.03,25.0,2.2,1.0,0.041667,1.29992,3.7588,3.2412,0.5296,-2.7116
3,87,Banana,27.16,69.41,0.94,0.622,23.03,25.0,2.2,1.0,0.041667,1.18552,3.8082,3.1918,0.4628,-2.729
3,88,Banana,26.74,65.74,0.94,0.622,23.03,25.0,2.2,1.0,0.041667,1.1475,3.85601,3.144,0.408,-2.736
3,89,Banana,26.21,62.45,0.94,0.622,23.03,25.0,2.2,1.0,0.041667,1.10008,3.90185,3.0982,0.45,-2.6481
3,90,Banana,25.38,70.89,0.94,0.622,23.03,25.0,2.2,1.0,0.041667,1.03009,3.94477,3.0552,0.158,-2.8972
3,91,Banana,24.18,58.49,0.94,0.622,23.03,25.0,2.2,1.0,0.041667,0.93765,3.98384,3.0162,0.1703,-2.8459
3,92,Banana,26.69,62.17,0.94,0.622,23.03,25.0,2.2,1.0,0.041667,1.14281,4.03145,2.9685,0.1828,-2.7858
3,93,Banana,21.22,60.33,0.94,0.622,23.03,25.0,2.2,1.0,0.041667,0.74231,4.06238,2.9376,0.1011,-2.8365
3,94,Banana,21.66,67.79,0.94,0.622,23.03,25.0,2.2,1.0,0.041667,0.76864,4.09441,2.9056,0.0599,-2.8457
3,95,Banana,21.47,64.53,0.94,0.622,23.03,25.0,2.2,1.0,0.041667,0.75703,4.12595,2.874,0.0,-2.874
4,0,Tomato,22.21,61.77,0.904,0.471,5.44,25.0,2.0,1.0,0.041667,0.82416,0.03434,9.9657,9.8425,-0.1231
4,1,Tomato,22.84,58.11,0.904,0.471,5.44,25.0,2.0,1.0,0.041667,0.86075,0.0702,9.9298,9.9984,0.0687
4,2,Tomato,21.92,70.98,0.904,0.471,5.44,25.0,2.0,1.0,0.041667,0.80791,0.10387,9.8961,9.9774,0.0812
4,3,Tomato,21.98,75.61,0.904,0.471,5.44,25.0,2.0,1.0,0.041667,0.81103,0.13766,9.8623,9.629,-0.2333
4,4,Tomato,22.18,74.3,0.904,0.471,5.44,25.0,2.0,1.0,0.041667,0.82261,0.17194,9.8281,9.7943,-0.0338
4,5,Tomato,23.77,69.78,0.904,0.471,5.44,25.0,2.0,1.0,0.041667,0.91799,0.21019,9.7898,9.92,0.1301
4,6,Tomato,23.91,75.14,0.904,0.471,5.44,25.0,2.0,1.0,0.041667,0.92717,0.24882,9.7512,9.6885,-0.0627
4,7,Tomato,26.24,77.2,0.904,0.471,5.44,25.0,2.0,1.0,0.041667,1.08947,0.29421,9.7058,9.4637,-0.242
4,8,Tomato,24.88,84.29,0.904,0.471,5.44,25.0,2.0,1.0,0.041667,0.99147,0.33552,9.6645,9.6273,-0.0372
4,9,Tomato,31.49,88.36,0.904,0.471,5.44,25.0,2.0,1.0,0.041667,1.56861,0.40088,9.5991,9.4073,-0.1918
4,10,Tomato,27.14,84.33,0.904,0.471,5.44,25.0,2.0,1.0,0.041667,1.16023,0.44923,9.5508,9.3421,-0.2086
4,11,Tomato,27.49,87.35,0.904,0.471,5.44,25.0,2.0,1.0,0.041667,1.1883,0.49874,9.5013,9.3538,-0.1474
4,12,Tomato,28.02,78.68,0.904,0.471,5.44,25.0,2.0,1.0,0.041667,1.23262,0.5501,9.4499,9.2811,-0.1688
4,13,Tomato,29.15,81.83,0.904,0.471,5.44,25.0,2.0,1.0,0.041667,1.33362,0.60566,9.3943,9.2169,-0.1774
4,14,Tomato,27.56,74.68,0.904,0.471,5.44,25.0,2.0,1.0,0.041667,1.19378,0.6554,9.3446,9.1726,-0.172
4,15,Tomato,31.77,75.3,0.904,0.471,5.44,25.0,2.0,1.0,0.041667,1.59936,0.72204,9.278,9.2637,-0.0142
4,16,Tomato,27.04,70.12,0.904,0.471,5.44,25.0,2.0,1.0,0.041667,1.1515,0.77002,9.23,9.1572,-0.0728
4,17,Tomato,34.61,66.41,0.904,0.471,5.44,25.0,2.0,1.0,0.041667,1.94663,0.85113,9.1489,9.1204,-0.0284
4,18,Tomato,27.38,71.45,0.904,0.471,5.44,25.0,2.0,1.0,0.041667,1.17907,0.90026,9.0997,8.9036,-0.1961
4,19,Tomato,25.63,61.04,0.904,0.471,5.44,25.0,2.0,1.0,0.041667,1.04446,0.94378,9.0562,8.7899,-0.2664
4,20,Tomato,25.04,63.27,0.904,0.471,5.44,25.0,2.0,1.0,0.041667,1.00298,0.98557,9.0144,8.9165,-0.0979
4,21,Tomato,23.62,64.69,0.904,0.471,5.44,25.0,2.0,1.0,0.041667,0.90898,1.02345,8.9766,8.8094,-0.1671
4,22,Tomato,23.86,59.62,0.904,0.471,5.44,25.0,2.0,1.0,0.041667,0.92393,1.06194,8.9381,8.8829,-0.0551
4,23,Tomato,23.23,63.24,0.904,0.471,5.44,25.0,2.0,1.0,0.041667,0.88445,1.09879,8.9012,8.6655,-0.2357
4,24,Tomato,22.11,63.7,0.904,0.471,5.44,25.0,2.0,1.0,0.041667,0.81853,1.1329,8.8671,8.7319,-0.1352
4,25,Tomato,20.67,66.7,0.904,0.471,5.44,25.0,2.0,1.0,0.041667,0.74086,1.16377,8.8362,8.8202,-0.016
4,26,Tomato,20.33,68.24,0.904,0.471,5.44,25.0,2.0,1.0,0.041667,0.72342,1.19391,8.8061,8.6658,-0.1403
4,27,Tomato,23.07,76.83,0.904,0.471,5.44,25.0,2.0,1.0,0.041667,0.87499,1.23037,8.7696,8.4506,-0.319
4,28,Tomato,22.49,70.58,0.904,0.471,5.44,25.0,2.0,1.0,0.041667,0.8401,1.26537,8.7346,8.6754,-0.0593
4,29,Tomato,23.6,74.12,0.904,0.471,5.44,25.0,2.0,1.0,0.041667,0.90748,1.30319,8.6968,8.3871,-0.3098
4,30,Tomato,23.81,88.21,0.904,0.471,5.44,25.0,2.0,1.0,0.041667,0.92102,1.34156,8.6584,8.0929,-0.5655
4,31,Tomato,23.7,81.99,0.904,0.471,5.44,25.0,2.0,1.0,0.041667,0.91383,1.37964,8.6204,8.296,-0.3244
4,32,Tomato,24.74,74.89,0.904,0.471,5.44,25.0,2.0,1.0,0.041667,0.98235,1.42057,8.5794,8.1949,-0.3846
4,33,Tomato,27.54,77.31,0.904,0.471,5.44,25.0,2.0,1.0,0.041667,1.19253,1.47026,8.5297,8.3579,-0.1718
4,34,Tomato,27.06,79.43,0.904,0.471,5.44,25.0,2.0,1.0,0.041667,1.15334,1.51831,8.4817,8.196,-0.2857
4,35,Tomato,26.81,87.49,0.904,0.471,5.44,25.0,2.0,1.0,0.041667,1.13393,1.56556,8.4344,8.0394,-0.3951
4,36,Tomato,27.24,82.52,0.904,0.471,5.44,25.0,2.0,1.0,0.041667,1.16811,1.61423,8.3858,8.124,-0.2618
4,37,Tomato,27.4,78.49,0.904,0.471,5.44,25.0,2.0,1.0,0.041667,1.18101,1.66344,8.3366,8.1402,-0.1963
4,38,Tomato,27.57,73.33,0.904,0.471,5.44,25.0,2.0,1.0,0.041667,1.19524,1.71324,8.2868,8.0425,-0.2443
4,39,Tomato,26.51,70.41,0.904,0.471,5.44,25.0,2.0,1.0,0.041667,1.11018,1.7595,8.2405,8.1221,-0.1184
4,40,Tomato,27.01,71.66,0.904,0.471,5.44,25.0,2.0,1.0,0.041667,1.14957,1.8074,8.1926,8.0048,-0.1878
4,41,Tomato,25.01,66.87,0.904,0.471,5.44,25.0,2.0,1.0,0.041667,1.00084,1.8491,8.1509,7.8107,-0.3402
4,42,Tomato,25.59,68.37,0.904,0.471,5.44,25.0,2.0,1.0,0.041667,1.04184,1.89251,8.1075,7.9206,-0.1869
4,43,Tomato,25.13,65.72,0.904,0.471,5.44,25.0,2.0,1.0,0.041667,1.00897,1.93455,8.0654,7.7702,-0.2952
4,44,Tomato,23.52,62.68,0.904,0.471,5.44,25.0,2.0,1.0,0.041667,0.90258,1.97216,8.0278,7.5461,-0.4817
4,45,Tomato,23.63,60.3,0.904,0.471,5.44,25.0,2.0,1.0,0.041667,0.90919,2.01004,7.99,7.7697,-0.2202
4,46,Tomato,23.46,60.34,0.904,0.471,5.44,25.0,2.0,1.0,0.041667,0.89879,2.04749,7.9525,7.6109,-0.3416
4,47,Tomato,21.76,62.01,0.904,0.471,5.44,25.0,2.0,1.0,0.041667,0.79909,2.08079,7.9192,7.6794,-0.2398
4,48,Tomato,21.92,68.66,0.904,0.471,5.44,25.0,2.0,1.0,0.041667,0.8079,2.11445,7.8856,7.5327,-0.3529
4,49,Tomato,22.0,58.5,0.904,0.471,5.44,25.0,2.0,1.0,0.041667,0.81241,2.1483,7.8517,7.6418,-0.2099
4,50,Tomato,22.26,68.27,0.904,0.471,5.44,25.0,2.0,1.0,0.041667,0.82707,2.18276,7.8172,7.4888,-0.3285
4,51,Tomato,21.72,72.9,0.904,0.471,5.44,25.0,2.0,1.0,0.041667,0.79662,2.21595,7.784,7.3095,-0.4746
4,52,Tomato,21.47,80.37,0.904,0.471,5.44,25.0,2.0,1.0,0.041667,0.7832,2.24859,7.7514,7.2255,-0.5259
4,53,Tomato,22.96,73.46,0.904,0.471,5.44,25.0,2.0,1.0,0.041667,0.86817,2.28476,7.7152,7.2556,-0.4597
4,54,Tomato,24.85,85.93,0.904,0.471,5.44,25.0,2.0,1.0,0.041667,0.98961,2.32599,7.674,6.9869,-0.6871
4,55,Tomato,24.83,77.34,0.904,0.471,5.44,25.0,2.0,1.0,0.041667,0.98848,2.36718,7.6328,7.1866,-0.4463
4,56,Tomato,24.34,80.99,0.904,0.471,5.44,25.0,2.0,1.0,0.041667,0.9552,2.40698,7.593,7.0505,-0.5425
4,57,Tomato,28.04,83.75,0.904,0.471,5.44,25.0,2.0,1.0,0.041667,1.23437,2.45841,7.5416,7.1102,-0.4314
4,58,Tomato,28.15,82.11,0.904,0.471,5.44,25.0,2.0,1.0,0.041667,1.24424,2.51026,7.4897,6.8887,-0.601
4,59,Tomato,27.97,79.86,0.904,0.471,5.44,25.0,2.0,1.0,0.041667,1.22899,2.56146,7.4385,6.8462,-0.5924
4,60,Tomato,26.5,80.33,0.904,0.471,5.44,25.0,2.0,1.0,0.041667,1.10977,2.6077,7.3923,6.8325,-0.5598
4,61,Tomato,28.44,80.88,0.904,0.471,5.44,25.0,2.0,1.0,0.041667,1.26969,2.66061,7.3394,6.784,-0.5554
4,62,Tomato,27.09,75.98,0.904,0.471,5.44,25.0,2.0,1.0,0.041667,1.15553,2.70875,7.2912,6.9027,-0.3885
4,63,Tomato,27.23,73.82,0.904,0.471,5.44,25.0,2.0,1.0,0.041667,1.16679,2.75737,7.2426,6.6539,-0.5887
4,64,Tomato,27.65,74.98,0.904,0.471,5.44,25.0,2.0,1.0,0.041667,1.20179,2.80745,7.1926,6.7577,-0.4349
4,65,Tomato,26.58,69.79,0.904,0.471,5.44,25.0,2.0,1.0,0.041667,1.11598,2.85395,7.1461,6.6429,-0.5031
4,66,Tomato,26.82,64.77,0.904,0.471,5.44,25.0,2.0,1.0,0.041667,1.13421,2.9012,7.0988,6.6772,-0.4216
4,67,Tomato,24.84,61.31,0.904,0.471,5.44,25.0,2.0,1.0,0.041667,0.98898,2.94241,7.0576,6.7079,-0.3497
4,68,Tomato,23.86,63.44,0.904,0.471,5.44,25.0,2.0,1.0,0.041667,0.92398,2.98091,7.0191,6.6715,-0.3476
4,69,Tomato,23.78,58.92,0.904,0.471,5.44,25.0,2.0,1.0,0.041667,0.91869,3.01919,6.9808,6.6201,-0.3607
4,70,Tomato,26.71,61.3,0.904,0.471,5.44,25.0,2.0,1.0,0.041667,1.12615,3.06611,6.9339,6.5795,-0.3544
4,71,Tomato,22.86,60.28,0.904,0.471,5.44,25.0,2.0,1.0,0.041667,0.86219,3.10204,6.898,6.5392,-0.3587
4,72,Tomato,22.35,67.91,0.904,0.471,5.44,25.0,2.0,1.0,0.041667,0.83206,3.13671,6.8633,6.514,-0.3493
4,73,Tomato,21.91,65.5,0.904,0.471,5.44,25.0,2.0,1.0,0.041667,0.80716,3.17034,6.8297,6.2252,-0.6045
4,74,Tomato,21.14,66.49,0.904,0.471,5.44,25.0,2.0,1.0,0.041667,0.7652,3.20222,6.7978,6.3326,-0.4651
4,75,Tomato,21.93,68.53,0.904,0.471,5.44,25.0,2.0,1.0,0.041667,0.80849,3.23591,6.7641,6.1187,-0.6453
4,76,Tomato,23.77,77.69,0.904,0.471,5.44,25.0,2.0,1.0,0.041667,0.91827,3.27417,6.7258,6.1276,-0.5982
4,77,Tomato,23.22,76.78,0.904,0.471,5.44,25.0,2.0,1.0,0.041667,0.88408,3.311,6.689,6.0013,-0.6877
4,78,Tomato,23.52,78.55,0.904,0.471,5.44,25.0,2.0,1.0,0.041667,0.90222,3.3486,6.6514,6.0378,-0.6136
4,79,Tomato,24.27,83.95,0.904,0.471,5.44,25.0,2.0,1.0,0.041667,0.95055,3.3882,6.6118,5.8575,-0.7543
4,80,Tomato,28.49,79.14,0.904,0.471,5.44,25.0,2.0,1.0,0.041667,1.27368,3.44127,6.5587,5.9297,-0.629
4,81,Tomato,26.83,83.12,0.904,0.471,5.44,25.0,2.0,1.0,0.041667,1.1352,3.48857,6.5114,5.6803,-0.8311
4,82,Tomato,26.03,82.39,0.904,0.471,5.44,25.0,2.0,1.0,0.041667,1.07367,3.53331,6.4667,5.6897,-0.777
4,83,Tomato,28.42,79.7,0.904,0.471,5.44,25.0,2.0,1.0,0.041667,1.26778,3.58613,6.4139,5.6846,-0.7293
4,84,Tomato,27.6,81.31,0.904,0.471,5.44,25.0,2.0,1.0,0.041667,1.19784,3.63604,6.364,5.6123,-0.7516
4,85,Tomato,28.27,75.42,0.904,0.471,5.44,25.0,2.0,1.0,0.041667,1.25439,3.68831,6.3117,5.7328,-0.5789
4,86,Tomato,28.56,74.83,0.904,0.471,5.44,25.0,2.0,1.0,0.041667,1.27943,3.74162,6.2584,5.5222,-0.7362
4,87,Tomato,27.82,73.42,0.904,0.471,5.44,25.0,2.0,1.0,0.041667,1.21584,3.79228,6.2077,5.5372,-0.6705
4,88,Tomato,25.88,73.21,0.904,0.471,5.44,25.0,2.0,1.0,0.041667,1.06288,3.83657,6.1634,5.5479,-0.6156
4,89,Tomato,27.57,68.03,0.904,0.471,5.44,25.0,2.0,1.0,0.041667,1.19458,3.88634,6.1137,5.5363,-0.5774
4,90,Tomato,26.14,64.65,0.904,0.471,5.44,25.0,2.0,1.0,0.041667,1.08231,3.93144,6.0686,5.4947,-0.5738
4,91,Tomato,25.34,61.39,0.904,0.471,5.44,25.0,2.0,1.0,0.041667,1.02362,3.97409,6.0259,5.5241,-0.5018
4,92,Tomato,24.76,64.76,0.904,0.471,5.44,25.0,2.0,1.0,0.041667,0.98351,4.01507,5.9849,5.5106,-0.4743
4,93,Tomato,26.19,60.15,0.904,0.471,5.44,25.0,2.0,1.0,0.041667,1.08599,4.06032,5.9397,5.261,-0.6787
4,94,Tomato,23.9,62.75,0.904,0.471,5.44,25.0,2.0,1.0,0.041667,0.92672,4.09893,5.9011,5.4608,-0.4403
4,95,Tomato,24.14,62.92,0.904,0.471,5.44,25.0,2.0,1.0,0.041667,0.94227,4.13819,5.8618,5.1899,-0.6719
5,0,Tomato,21.84,64.39,0.99,0.73,22.42,25.0,2.0,1.0,0.041667,0.80352,0.03348,9.9665,10.0,0.0335
5,1,Tomato,25.1,61.95,0.99,0.73,22.42,25.0,2.0,1.0,0.041667,1.0068,0.07543,9.9246,9.8804,-0.0442
5,2,Tomato,22.27,68.44,0.99,0.73,22.42,25.0,2.0,1.0,0.041667,0.82753,0.10991,9.8901,9.8694,-0.0207
5,3,Tomato,22.52,71.48,0.99,0.73,22.42,25.0,2.0,1.0,0.041667,0.84187,0.14499,9.855,9.7014,-0.1536
5,4,Tomato,23.5,73.89,0.99,0.73,22.42,25.0,2.0,1.0,0.041667,0.90126,0.18254,9.8175,9.7613,-0.0562
5,5,Tomato,23.82,76.04,0.99,0.73,22.42,25.0,2.0,1.0,0.041667,0.92149,0.22094,9.7791,9.8528,0.0737
5,6,Tomato,24.82,78.99,0.99,0.73,22.42,25.0,2.0,1.0,0.041667,0.98792,0.2621,9.7379,9.5676,-0.1703
5,7,Tomato,24.04,76.64,0.99,0.73,22.42,25.0,2.0,1.0,0.041667,0.93539,0.30107,9.6989,9.422,-0.2769
5,8,Tomato,27.2,82.4,0.99,0.73,22.42,25.0,2.0,1.0,0.041667,1.16472,0.3496,9.6504,9.4014,-0.249
5,9,Tomato,26.79,79.17,0.99,0.73,22.42,25.0,2.0,1.0,0.041667,1.1323,0.39678,9.6032,9.3595,-0.2438
5,10,Tomato,26.65,82.6,0.99,0.73,22.42,25.0,2.0,1.0,0.041667,1.12094,0.44349,9.5565,9.2677,-0.2888
5,11,Tomato,26.88,93.35,0.99,0.73,22.42,25.0,2.0,1.0,0.041667,1.13941,0.49097,9.509,9.0555,-0.4535
5,12,Tomato,28.68,75.9,0.99,0.73,22.42,25.0,2.0,1.0,0.041667,1.29062,0.54474,9.4553,9.1573,-0.298
5,13,Tomato,27.98,81.14,0.99,0.73,22.42,25.0,2.0,1.0,0.041667,1.22937,0.59596,9.404,9.0155,-0.3886
5,14,Tomato,25.96,67.0,0.99,0.73,22.42,25.0,2.0,1.0,0.041667,1.069,0.64051,9.3595,9.0468,-0.3127
5,15,Tomato,28.08,71.55,0.99,0.73,22.42,25.0,2.0,1.0,0.041667,1.23777,0.69208,9.3079,8.7928,-0.5151
5,16,Tomato,27.43,66.98,0.99,0.73,22.42,25.0,2.0,1.0,0.041667,1.1835,0.74139,9.2586,8.9346,-0.324
5,17,Tomato,26.15,66.35,0.99,0.73,22.42,25.0,2.0,1.0,0.041667,1.08314,0.78652,9.2135,8.8067,-0.4067
5,18,Tomato,23.55,68.57,0.99,0.73,22.42,25.0,2.0,1.0,0.041667,0.90419,0.8242,9.1758,8.7259,-0.4499
5,19,Tomato,23.36,61.37,0.99,0.73,22.42,25.0,2.0,1.0,0.041667,0.89248,0.86139,9.1386,8.5819,-0.5567
5,20,Tomato,24.31,62.19,0.99,0.73,22.42,25.0,2.0,1.0,0.041667,0.95313,0.9011,9.0989,8.5206,-0.5783
5,21,Tomato,22.46,61.52,0.99,0.73,22.42,25.0,2.0,1.0,0.041667,0.83856,0.93604,9.064,8.5424,-0.5216
5,22,Tomato,23.92,68.61,0.99,0.73,22.42,25.0,2.0,1.0,0.041667,0.92777,0.9747,9.0253,8.3396,-0.6857
5,23,Tomato,21.71,64.3,0.99,0.73,22.42,25.0,2.0,1.0,0.041667,0.79605,1.00786,8.9921,8.2918,-0.7004
5,24,Tomato,26.07,65.49,0.99,0.73,22.42,25.0,2.0,1.0,0.041667,1.07682,1.05273,8.9473,8.3739,-0.5734
5,25,Tomato,21.99,69.27,0.99,0.73,22.42,25.0,2.0,1.0,0.041667,0.81165,1.08655,8.9134,8.0359,-0.8775
5,26,Tomato,21.01,67.54,0.99,0.73,22.42,25.0,2.0,1.0,0.041667,0.75817,1.11814,8.8819,8.114,-0.7678
5,27,Tomato,24.21,74.49,0.99,0.73,22.42,25.0,2.0,1.0,0.041667,0.94675,1.15759,8.8424,7.9053,-0.9371
5,28,Tomato,22.61,75.72,0.99,0.73,22.42,25.0,2.0,1.0,0.041667,0.84737,1.1929,8.8071,7.8749,-0.9322
5,29,Tomato,24.16,79.91,0.99,0.73,22.42,25.0,2.0,1.0,0.041667,0.94361,1.23221,8.7678,7.799,-0.9688
5,30,Tomato,23.88,72.6,0.99,0.73,22.42,25.0,2.0,1.0,0.041667,0.92543,1.27077,8.7292,7.7603,-0.9689
5,31,Tomato,25.92,84.09,0.99,0.73,22.42,25.0,2.0,1.0,0.041667,1.06599,1.31519,8.6848,7.5602,-1.1247
5,32,Tomato,29.67,77.39,0.99,0.73,22.42,25.0,2.0,1.0,0.041667,1.38248,1.37279,8.6272,7.5991,-1.0281
5,33,Tomato,27.26,83.25,0.99,0.73,22.42,25.0,2.0,1.0,0.041667,1.1698,1.42153,8.5785,7.457,-1.1215
5,34,Tomato,27.18,79.07,0.99,0.73,22.42,25.0,2.0,1.0,0.041667,1.16337,1.47001,8.53,7.469,-1.061
5,35,Tomato,28.2,79.57,0.99,0.73,22.42,25.0,2.0,1.0,0.041667,1.24864,1.52203,8.478,7.1655,-1.3125
5,36,Tomato,29.13,79.66,0.99,0.73,22.42,25.0,2.0,1.0,0.041667,1.33176,1.57752,8.4225,7.157,-1.2655
5,37,Tomato,26.0,84.84,0.99,0.73,22.42,25.0,2.0,1.0,0.041667,1.07211,1.6222,8.3778,7.0334,-1.3444
5,38,Tomato,27.91,74.12,0.99,0.73,22.42,25.0,2.0,1.0,0.041667,1.22377,1.67319,8.3268,7.2093,-1.1175
5,39,Tomato,27.03,69.81,0.99,0.73,22.42,25.0,2.0,1.0,0.041667,1.15088,1.72114,8.2789,7.0888,-1.1901
5,40,Tomato,23.96,73.65,0.99,0.73,22.42,25.0,2.0,1.0,0.041667,0.93025,1.7599,8.2401,6.9174,-1.3227
5,41,Tomato,25.2,66.79,0.99,0.73,22.42,25.0,2.0,1.0,0.041667,1.01374,1.80214,8.1979,6.8668,-1.331
5,42,Tomato,25.9,72.37,0.99,0.73,22.42,25.0,2.0,1.0,0.041667,1.06414,1.84648,8.1535,6.8595,-1.294
5,43,Tomato,24.8,64.75,0.99,0.73,22.42,25.0,2.0,1.0,0.041667,0.98653,1.88758,8.1124,6.8357,-1.2767
5,44,Tomato,24.67,63.09,0.99,0.73,22.42,25.0,2.0,1.0,0.041667,0.97738,1.92831,8.0717,6.7914,-1.2803
5,45,Tomato,22.23,62.08,0.99,0.73,22.42,25.0,2.0,1.0,0.041667,0.82516,1.96269,8.0373,6.6228,-1.4145
5,46,Tomato,21.97,57.26,0.99,0.73,22.42,25.0,2.0,1.0,0.041667,0.81061,1.99647,8.0035,6.588,-1.4155
5,47,Tomato,23.45,64.35,0.99,0.73,22.42,25.0,2.0,1.0,0.041667,0.89784,2.03388,7.9661,6.4873,-1.4788
5,48,Tomato,21.36,63.96,0.99,0.73,22.42,25.0,2.0,1.0,0.041667,0.77721,2.06626,7.9337,6.3593,-1.5745
5,49,Tomato,21.93,70.68,0.99,0.73,22.42,25.0,2.0,1.0,0.041667,0.80854,2.09995,7.9001,6.1874,-1.7127
5,50,Tomato,22.22,71.31,0.99,0.73,22.42,25.0,2.0,1.0,0.041667,0.82499,2.13432,7.8657,6.2576,-1.6081
5,51,Tomato,22.03,74.74,0.99,0.73,22.42,25.0,2.0,1.0,0.041667,0.81371,2.16823,7.8318,6.3061,-1.5256
5,52,Tomato,22.24,76.85,0.99,0.73,22.42,25.0,2.0,1.0,0.041667,0.82561,2.20263,7.7974,5.9997,-1.7977
5,53,Tomato,24.87,80.1,0.99,0.73,22.42,25.0,2.0,1.0,0.041667,0.9908,2.24391,7.7561,5.8344,-1.9217
5,54,Tomato,24.94,80.11,0.99,0.73,22.42,25.0,2.0,1.0,0.041667,0.99571,2.2854,7.7146,5.7074,-2.0072
5,55,Tomato,25.96,78.55,0.99,0.73,22.42,25.0,2.0,1.0,0.041667,1.06888,2.32994,7.6701,5.7354,-1.9346
5,56,Tomato,26.41,80.98,0.99,0.73,22.42,25.0,2.0,1.0,0.041667,1.10252,2.37587,7.6241,5.6848,-1.9393
5,57,Tomato,26.26,85.23,0.99,0.73,22.42,25.0,2.0,1.0,0.041667,1.09139,2.42135,7.5787,5.5015,-2.0771
5,58,Tomato,27.1,81.85,0.99,0.73,22.42,25.0,2.0,1.0,0.041667,1.15639,2.46953,7.5305,5.5014,-2.0291
5,59,Tomato,27.66,81.93,0.99,0.73,22.42,25.0,2.0,1.0,0.041667,1.20252,2.51964,7.4804,5.3915,-2.0889
5,60,Tomato,29.78,88.17,0.99,0.73,22.42,25.0,2.0,1.0,0.041667,1.39292,2.57767,7.4223,5.0533,-2.369
5,61,Tomato,28.8,79.13,0.99,0.73,22.42,25.0,2.0,1.0,0.041667,1.30094,2.63188,7.3681,5.2671,-2.101
5,62,Tomato,27.83,73.48,0.99,0.73,22.42,25.0,2.0,1.0,0.041667,1.21705,2.68259,7.3174,5.2215,-2.0959
5,63,Tomato,27.08,68.91,0.99,0.73,22.42,25.0,2.0,1.0,0.041667,1.15504,2.73072,7.2693,5.1041,-2.1652
5,64,Tomato,24.54,63.56,0.99,0.73,22.42,25.0,2.0,1.0,0.041667,0.9684,2.77107,7.2289,5.0827,-2.1462
5,65,Tomato,25.48,69.93,0.99,0.73,22.42,25.0,2.0,1.0,0.041667,1.03415,2.81416,7.1858,5.1043,-2.0816
5,66,Tomato,24.1,62.99,0.99,0.73,22.42,25.0,2.0,1.0,0.041667,0.93925,2.85329,7.1467,5.0763,-2.0704
5,67,Tomato,22.94,65.06,0.99,0.73,22.42,25.0,2.0,1.0,0.041667,0.86708,2.88942,7.1106,4.9073,-2.2033
5,68,Tomato,24.62,66.68,0.99,0.73,22.42,25.0,2.0,1.0,0.041667,0.97391,2.93,7.07,4.8195,-2.2505
5,69,Tomato,22.67,63.96,0.99,0.73,22.42,25.0,2.0,1.0,0.041667,0.85086,2.96545,7.0345,4.8381,-2.1964
5,70,Tomato,21.56,64.23,0.99,0.73,22.42,25.0,2.0,1.0,0.041667,0.78799,2.99829,7.0017,4.678,-2.3237
5,71,Tomato,21.94,56.42,0.99,0.73,22.42,25.0,2.0,1.0,0.041667,0.80886,3.03199,6.968,4.6954,-2.2726
5,72,Tomato,22.02,66.33,0.99,0.73,22.42,25.0,2.0,1.0,0.041667,0.81315,3.06587,6.9341,4.6587,-2.2754
5,73,Tomato,23.02,66.41,0.99,0.73,22.42,25.0,2.0,1.0,0.041667,0.87185,3.1022,6.8978,4.5249,-2.3729
5,74,Tomato,22.52,71.43,0.99,0.73,22.42,25.0,2.0,1.0,0.041667,0.84187,3.13727,6.8627,4.5237,-2.339
5,75,Tomato,23.68,69.68,0.99,0.73,22.42,25.0,2.0,1.0,0.041667,0.91287,3.17531,6.8247,4.4074,-2.4173
5,76,Tomato,24.01,71.42,0.99,0.73,22.42,25.0,2.0,1.0,0.041667,0.93342,3.2142,6.7858,4.1875,-2.5983
5,77,Tomato,23.44,76.04,0.99,0.73,22.42,25.0,2.0,1.0,0.041667,0.89743,3.2516,6.7484,4.0542,-2.6943
5,78,Tomato,24.84,80.25,0.99,0.73,22.42,25.0,2.0,1.0,0.041667,0.98912,3.29281,6.7072,3.9845,-2.7227
5,79,Tomato,25.47,79.45,0.99,0.73,22.42,25.0,2.0,1.0,0.041667,1.03341,3.33587,6.6641,3.9269,-2.7372
5,80,Tomato,25.5,78.63,0.99,0.73,22.42,25.0,2.0,1.0,0.041667,1.03523,3.379,6.621,3.8534,-2.7676
5,81,Tomato,25.87,86.58,0.99,0.73,22.42,25.0,2.0,1.0,0.041667,1.06186,3.42325,6.5768,3.4466,-3.1302
5,82,Tomato,27.32,84.03,0.99,0.73,22.42,25.0,2.0,1.0,0.041667,1.17467,3.47219,6.5278,3.4866,-3.0413
5,83,Tomato,26.88,79.19,0.99,0.73,22.42,25.0,2.0,1.0,0.041667,1.1395,3.51967,6.4803,3.5756,-2.9048
5,84,Tomato,26.53,77.17,0.99,0.73,22.42,25.0,2.0,1.0,0.041667,1.11218,3.56601,6.434,3.4986,-2.9354
5,85,Tomato,29.9,69.74,0.99,0.73,22.42,25.0,2.0,1.0,0.041667,1.40401,3.62451,6.3755,3.5446,-2.8309
5,86,Tomato,26.55,71.59,0.99,0.73,22.42,25.0,2.0,1.0,0.041667,1.11322,3.6709,6.3291,3.4949,-2.8342
5,87,Tomato,27.25,71.26,0.99,0.73,22.42,25.0,2.0,1.0,0.041667,1.16863,3.71959,6.2804,3.3129,-2.9675
5,88,Tomato,26.74,69.05,0.99,0.73,22.42,25.0,2.0,1.0,0.041667,1.12855,3.76661,6.2334,3.3294,-2.904
5,89,Tomato,25.82,61.84,0.99,0.73,22.42,25.0,2.0,1.0,0.041667,1.05819,3.8107,6.1893,3.434,-2.7553
5,90,Tomato,26.18,68.26,0.99,0.73,22.42,25.0,2.0,1.0,0.041667,1.08511,3.85592,6.1441,3.2131,-2.931
5,91,Tomato,24.9,61.98,0.99,0.73,22.42,25.0,2.0,1.0,0.041667,0.99291,3.89729,6.1027,3.1136,-2.9891
5,92,Tomato,22.63,60.63,0.99,0.73,22.42,25.0,2.0,1.0,0.041667,0.84851,3.93264,6.0674,3.1218,-2.9455
5,93,Tomato,22.95,60.69,0.99,0.73,22.42,25.0,2.0,1.0,0.041667,0.86742,3.96878,6.0312,2.9704,-3.0608
5,94,Tomato,21.05,60.99,0.99,0.73,22.42,25.0,2.0,1.0,0.041667,0.76074,4.00048,5.9995,3.0717,-2.9278
5,95,Tomato,22.36,64.79,0.99,0.73,22.42,25.0,2.0,1.0,0.041667,0.83269,4.03518,5.9648,2.9933,-2.9715
6,0,Tomato,21.86,61.05,0.896,0.576,14.19,25.0,2.0,1.0,0.041667,0.80455,0.03352,9.9665,9.8197,-0.1468
6,1,Tomato,25.29,64.84,0.896,0.576,14.19,25.0,2.0,1.0,0.041667,1.02061,0.07605,9.924,9.865,-0.059
6,2,Tomato,22.1,67.83,0.896,0.576,14.19,25.0,2.0,1.0,0.041667,0.81797,0.11013,9.8899,9.9546,0.0647
6,3,Tomato,22.15,70.7,0.896,0.576,14.19,25.0,2.0,1.0,0.041667,0.82091,0.14434,9.8557,9.7457,-0.1099
6,4,Tomato,22.14,73.66,0.896,0.576,14.19,25.0,2.0,1.0,0.041667,0.82031,0.17851,9.8215,9.5955,-0.226
6,5,Tomato,22.74,71.86,0.896,0.576,14.19,25.0,2.0,1.0,0.041667,0.8549,0.21414,9.7859,9.5751,-0.2107
6,6,Tomato,21.0,76.61,0.896,0.576,14.19,25.0,2.0,1.0,0.041667,0.75762,0.2457,9.7543,9.6973,-0.057
6,7,Tomato,23.08,75.39,0.896,0.576,14.19,25.0,2.0,1.0,0.041667,0.8753,0.28217,9.7178,9.5763,-0.1415
6,8,Tomato,23.21,86.91,0.896,0.576,14.19,25.0,2.0,1.0,0.041667,0.88333,0.31898,9.681,9.4914,-0.1896
6,9,Tomato,23.29,78.05,0.896,0.576,14.19,25.0,2.0,1.0,0.041667,0.88821,0.35599,9.644,9.334,-0.31
6,10,Tomato,27.43,84.4,0.896,0.576,14.19,25.0,2.0,1.0,0.041667,1.18336,0.4053,9.5947,9.2372,-0.3575
6,11,Tomato,25.9,80.49,0.896,0.576,14.19,25.0,2.0,1.0,0.041667,1.06474,0.44966,9.5503,9.3146,-0.2357
6,12,Tomato,28.81,76.0,0.896,0.576,14.19,25.0,2.0,1.0,0.041667,1.30244,0.50393,9.4961,9.3572,-0.1389
6,13,Tomato,28.19,81.06,0.896,0.576,14.19,25.0,2.0,1.0,0.041667,1.24728,0.5559,9.4441,9.2366,-0.2075
6,14,Tomato,26.56,80.3,0.896,0.576,14.19,25.0,2.0,1.0,0.041667,1.11454,0.60234,9.3977,9.0616,-0.3361
6,15,Tomato,27.08,77.46,0.896,0.576,14.19,25.0,2.0,1.0,0.041667,1.15512,0.65047,9.3495,8.9831,-0.3664
6,16,Tomato,28.66,76.09,0.896,0.576,14.19,25.0,2.0,1.0,0.041667,1.28888,0.70417,9.2958,9.0141,-0.2817
6,17,Tomato,28.08,73.01,0.896,0.576,14.19,25.0,2.0,1.0,0.041667,1.23821,0.75576,9.2442,8.8158,-0.4284
6,18,Tomato,25.49,64.32,0.896,0.576,14.19,25.0,2.0,1.0,0.041667,1.03466,0.79887,9.2011,8.9164,-0.2847
6,19,Tomato,26.8,65.73,0.896,0.576,14.19,25.0,2.0,1.0,0.041667,1.13299,0.84608,9.1539,8.816,-0.3379
6,20,Tomato,25.6,62.34,0.896,0.576,14.19,25.0,2.0,1.0,0.041667,1.04231,0.88951,9.1105,8.698,-0.4125
6,21,Tomato,24.82,65.36,0.896,0.576,14.19,25.0,2.0,1.0,0.041667,0.9874,0.93065,9.0693,8.687,-0.3823
6,22,Tomato,25.3,62.18,0.896,0.576,14.19,25.0,2.0,1.0,0.041667,1.02129,0.97321,9.0268,8.6004,-0.4264
6,23,Tomato,24.26,60.68,0.896,0.576,14.19,25.0,2.0,1.0,0.041667,0.95031,1.0128,8.9872,8.4531,-0.5341
6,24,Tomato,22.84,65.27,0.896,0.576,14.19,25.0,2.0,1.0,0.041667,0.86098,1.04868,8.9513,8.5547,-0.3967
6,25,Tomato,23.9,63.09,0.896,0.576,14.19,25.0,2.0,1.0,0.041667,0.92647,1.08728,8.9127,8.4208,-0.4919
6,26,Tomato,21.1,62.77,0.896,0.576,14.19,25.0,2.0,1.0,0.041667,0.76333,1.11908,8.8809,8.4558,-0.4251
6,27,Tomato,21.28,66.76,0.896,0.576,14.19,25.0,2.0,1.0,0.041667,0.77257,1.15127,8.8487,8.1606,-0.6881
6,28,Tomato,21.92,70.41,0.896,0.576,14.19,25.0,2.0,1.0,0.041667,0.80796,1.18494,8.8151,8.3338,-0.4812
6,29,Tomato,23.78,72.43,0.896,0.576,14.19,25.0,2.0,1.0,0.041667,0.91899,1.22323,8.7768,8.0461,-0.7306
6,30,Tomato,23.07,74.43,0.896,0.576,14.19,25.0,2.0,1.0,0.041667,0.87505,1.25969,8.7403,7.9764,-0.7639
6,31,Tomato,24.11,77.56,0.896,0.576,14.19,25.0,2.0,1.0,0.041667,0.94032,1.29887,8.7011,7.9286,-0.7726
6,32,Tomato,24.23,85.16,0.896,0.576,14.19,25.0,2.0,1.0,0.041667,0.94819,1.33838,8.6616,7.7686,-0.893
6,33,Tomato,25.0,78.55,0.896,0.576,14.19,25.0,2.0,1.0,0.041667,0.99971,1.38003,8.62,7.791,-0.829
6,34,Tomato,26.41,83.13,0.896,0.576,14.19,25.0,2.0,1.0,0.041667,1.10283,1.42598,8.574,7.7428,-0.8312
6,35,Tomato,27.15,86.91,0.896,0.576,14.19,25.0,2.0,1.0,0.041667,1.16075,1.47435,8.5257,7.6704,-0.8552
6,36,Tomato,28.57,84.2,0.896,0.576,14.19,25.0,2.0,1.0,0.041667,1.2807,1.52771,8.4723,7.6269,-0.8454
6,37,Tomato,26.46,81.46,0.896,0.576,14.19,25.0,2.0,1.0,0.041667,1.10651,1.57382,8.4262,7.59,-0.8362
6,38,Tomato,29.49,80.1,0.896,0.576,14.19,25.0,2.0,1.0,0.041667,1.36528,1.6307,8.3693,7.5027,-0.8666
6,39,Tomato,27.71,77.35,0.896,0.576,14.19,25.0,2.0,1.0,0.041667,1.2067,1.68098,8.319,7.4438,-0.8752
6,40,Tomato,27.34,74.36,0.896,0.576,14.19,25.0,2.0,1.0,0.041667,1.17614,1.72999,8.27,7.3335,-0.9365
6,41,Tomato,27.12,70.1,0.896,0.576,14.19,25.0,2.0,1.0,0.041667,1.15861,1.77826,8.2217,7.4353,-0.7865
6,42,Tomato,32.94,66.51,0.896,0.576,14.19,25.0,2.0,1.0,0.041667,1.73373,1.8505,8.1495,7.2043,-0.9452
6,43,Tomato,26.58,73.57,0.896,0.576,14.19,25.0,2.0,1.0,0.041667,1.1156,1.89699,8.103,7.225,-0.878
6,44,Tomato,24.56,61.33,0.896,0.576,14.19,25.0,2.0,1.0,0.041667,0.96998,1.9374,8.0626,7.3318,-0.7308
6,45,Tomato,24.14,60.94,0.896,0.576,14.19,25.0,2.0,1.0,0.041667,0.94193,1.97665,8.0234,7.1562,-0.8672
6,46,Tomato,24.03,63.42,0.896,0.576,14.19,25.0,2.0,1.0,0.041667,0.93522,2.01562,7.9844,6.9669,-1.0175
6,47,Tomato,23.2,64.72,0.896,0.576,14.19,25.0,2.0,1.0,0.041667,0.88287,2.0524,7.9476,7.094,-0.8536
6,48,Tomato,22.34,60.98,0.896,0.576,14.19,25.0,2.0,1.0,0.041667,0.83134,2.08704,7.913,6.8318,-1.0812
6,49,Tomato,22.41,65.11,0.896,0.576,14.19,25.0,2.0,1.0,0.041667,0.83586,2.12187,7.8781,6.9719,-0.9062
6,50,Tomato,23.93,63.83,0.896,0.576,14.19,25.0,2.0,1.0,0.041667,0.92872,2.16057,7.8394,6.7281,-1.1113
6,51,Tomato,20.23,66.72,0.896,0.576,14.19,25.0,2.0,1.0,0.041667,0.71832,2.1905,7.8095,6.8592,-0.9503
6,52,Tomato,21.69,70.91,0.896,0.576,14.19,25.0,2.0,1.0,0.041667,0.79505,2.22362,7.7764,6.7135,-1.0629
6,53,Tomato,22.41,69.74,0.896,0.576,14.19,25.0,2.0,1.0,0.041667,0.83571,2.25844,7.7416,6.7159,-1.0256
6,54,Tomato,23.83,72.9,0.896,0.576,14.19,25.0,2.0,1.0,0.041667,0.92196,2.29686,7.7031,6.502,-1.2011
6,55,Tomato,24.34,74.99,0.896,0.576,14.19,25.0,2.0,1.0,0.041667,0.95525,2.33666,7.6633,6.4076,-1.2558
6,56,Tomato,22.88,81.66,0.896,0.576,14.19,25.0,2.0,1.0,0.041667,0.86338,2.37264,7.6274,6.2771,-1.3503
6,57,Tomato,26.5,80.94,0.896,0.576,14.19,25.0,2.0,1.0,0.041667,1.10936,2.41886,7.5811,6.3031,-1.278
6,58,Tomato,26.97,81.97,0.896,0.576,14.19,25.0,2.0,1.0,0.041667,1.14633,2.46662,7.5334,6.2685,-1.2649
6,59,Tomato,25.06,82.99,0.896,0.576,14.19,25.0,2.0,1.0,0.041667,1.00397,2.50845,7.4915,6.0619,-1.4296
6,60,Tomato,27.66,81.65,0.896,0.576,14.19,25.0,2.0,1.0,0.041667,1.20211,2.55854,7.4415,5.9659,-1.4756
6,61,Tomato,28.17,81.47,0.896,0.576,14.19,25.0,2.0,1.0,0.041667,1.24541,2.61043,7.3896,5.9105,-1.4791
6,62,Tomato,28.09,83.16,0.896,0.576,14.19,25.0,2.0,1.0,0.041667,1.23927,2.66207,7.3379,5.8347,-1.5033
6,63,Tomato,28.32,74.98,0.896,0.576,14.19,25.0,2.0,1.0,0.041667,1.25906,2.71453,7.2855,5.902,-1.3835
6,64,Tomato,26.41,74.9,0.896,0.576,14.19,25.0,2.0,1.0,0.041667,1.10279,2.76048,7.2395,5.8017,-1.4378
6,65,Tomato,26.62,73.55,0.896,0.576,14.19,25.0,2.0,1.0,0.041667,1.119,2.80711,7.1929,5.9778,-1.2151
6,66,Tomato,27.87,60.99,0.896,0.576,14.19,25.0,2.0,1.0,0.041667,1.21995,2.85794,7.1421,5.8537,-1.2884
6,67,Tomato,24.79,66.73,0.896,0.576,14.19,25.0,2.0,1.0,0.041667,0.98555,2.899,7.101,5.8438,-1.2572
6,68,Tomato,25.42,61.19,0.896,0.576,14.19,25.0,2.0,1.0,0.041667,1.02923,2.94189,7.0581,5.7661,-1.292
6,69,Tomato,23.68,65.26,0.896,0.576,14.19,25.0,2.0,1.0,0.041667,0.91271,2.97992,7.0201,5.6518,-1.3683
6,70,Tomato,26.63,62.84,0.896,0.576,14.19,25.0,2.0,1.0,0.041667,1.11951,3.02656,6.9734,5.8181,-1.1554
6,71,Tomato,22.02,68.89,0.896,0.576,14.19,25.0,2.0,1.0,0.041667,0.81314,3.06044,6.9396,5.5664,-1.3731
6,72,Tomato,23.62,63.24,0.896,0.576,14.19,25.0,2.0,1.0,0.041667,0.90888,3.09831,6.9017,5.3315,-1.5702
6,73,Tomato,21.99,60.24,0.896,0.576,14.19,25.0,2.0,1.0,0.041667,0.81162,3.13213,6.8679,5.4292,-1.4387
6,74,Tomato,21.92,69.15,0.896,0.576,14.19,25.0,2.0,1.0,0.041667,0.80803,3.1658,6.8342,5.3083,-1.5259
6,75,Tomato,22.91,66.54,0.896,0.576,14.19,25.0,2.0,1.0,0.041667,0.86488,3.20184,6.7982,5.3308,-1.4673
6,76,Tomato,22.05,74.94,0.896,0.576,14.19,25.0,2.0,1.0,0.041667,0.81492,3.23579,6.7642,5.045,-1.7192
6,77,Tomato,22.13,71.64,0.896,0.576,14.19,25.0,2.0,1.0,0.041667,0.81957,3.26994,6.7301,5.1127,-1.6173
6,78,Tomato,24.92,75.17,0.896,0.576,14.19,25.0,2.0,1.0,0.041667,0.9948,3.31139,6.6886,4.993,-1.6956
6,79,Tomato,31.36,79.06,0.896,0.576,14.19,25.0,2.0,1.0,0.041667,1.55349,3.37612,6.6239,4.9827,-1.6412
6,80,Tomato,25.22,84.42,0.896,0.576,14.19,25.0,2.0,1.0,0.041667,1.01554,3.41843,6.5816,4.6156,-1.966
6,81,Tomato,26.86,84.54,0.896,0.576,14.19,25.0,2.0,1.0,0.041667,1.13774,3.46584,6.5342,4.6521,-1.8821
6,82,Tomato,25.93,80.5,0.896,0.576,14.19,25.0,2.0,1.0,0.041667,1.06692,3.51029,6.4897,4.6521,-1.8377
6,83,Tomato,27.26,84.24,0.896,0.576,14.19,25.0,2.0,1.0,0.041667,1.16988,3.55904,6.441,4.4321,-2.0088
6,84,Tomato,26.57,82.35,0.896,0.576,14.19,25.0,2.0,1.0,0.041667,1.1149,3.60549,6.3945,4.3686,-2.026
6,85,Tomato,27.26,77.53,0.896,0.576,14.19,25.0,2.0,1.0,0.041667,1.16928,3.65421,6.3458,4.423,-1.9228
6,86,Tomato,28.01,80.63,0.896,0.576,14.19,25.0,2.0,1.0,0.041667,1.23184,3.70554,6.2945,4.2763,-2.0182
6,87,Tomato,29.31,78.96,0.896,0.576,14.19,25.0,2.0,1.0,0.041667,1.34801,3.76171,6.2383,4.3498,-1.8885
6,88,Tomato,26.7,75.77,0.896,0.576,14.19,25.0,2.0,1.0,0.041667,1.12542,3.8086,6.1914,4.196,-1.9954
6,89,Tomato,26.45,67.45,0.896,0.576,14.19,25.0,2.0,1.0,0.041667,1.10536,3.85466,6.1453,4.4285,-1.7168
6,90,Tomato,27.42,64.29,0.896,0.576,14.19,25.0,2.0,1.0,0.041667,1.18297,3.90395,6.0961,4.2923,-1.8037
6,91,Tomato,26.48,62.9,0.896,0.576,14.19,25.0,2.0,1.0,0.041667,1.10814,3.95012,6.0499,4.3975,-1.6523
6,92,Tomato,30.5,59.25,0.896,0.576,14.19,25.0,2.0,1.0,0.041667,1.46452,4.01114,5.9889,4.2563,-1.7326
6,93,Tomato,24.14,63.69,0.896,0.576,14.19,25.0,2.0,1.0,0.041667,0.94244,4.05041,5.9496,4.1695,-1.7801
6,94,Tomato,23.03,62.44,0.896,0.576,14.19,25.0,2.0,1.0,0.041667,0.87237,4.08676,5.9132,4.1816,-1.7316
6,95,Tomato,22.29,66.59,0.896,0.576,14.19,25.0,2.0,1.0,0.041667,0.82854,4.12128,5.8787,3.985,-1.8937
7,0,Banana,25.85,95.73,0.848,0.612,9.89,25.0,2.2,1.0,0.041667,1.06908,0.04454,6.9555,6.8901,-0.0653
7,1,Banana,27.0,87.82,0.848,0.612,9.89,25.0,2.2,1.0,0.041667,1.17072,0.09332,6.9067,6.9117,0.005
7,2,Banana,28.31,80.94,0.848,0.612,9.89,25.0,2.2,1.0,0.041667,1.29796,0.14741,6.8526,6.8442,-0.0084
7,3,Banana,26.09,79.88,0.848,0.612,9.89,25.0,2.2,1.0,0.041667,1.08935,0.1928,6.8072,6.6401,-0.1671
7,4,Banana,28.23,82.31,0.848,0.612,9.89,25.0,2.2,1.0,0.041667,1.28976,0.24654,6.7535,6.6516,-0.1019
7,5,Banana,27.9,76.8,0.848,0.612,9.89,25.0,2.2,1.0,0.041667,1.25656,0.29889,6.7011,6.5629,-0.1382
7,6,Banana,27.84,82.51,0.848,0.612,9.89,25.0,2.2,1.0,0.041667,1.25131,0.35103,6.649,6.4382,-0.2107
7,7,Banana,26.64,76.77,0.848,0.612,9.89,25.0,2.2,1.0,0.041667,1.13762,0.39843,6.6016,6.2876,-0.314
7,8,Banana,27.79,77.53,0.848,0.612,9.89,25.0,2.2,1.0,0.041667,1.24588,0.45034,6.5497,6.2709,-0.2787
7,9,Banana,27.39,72.99,0.848,0.612,9.89,25.0,2.2,1.0,0.041667,1.20756,0.50066,6.4993,6.1763,-0.3231
7,10,Banana,29.02,67.35,0.848,0.612,9.89,25.0,2.2,1.0,0.041667,1.37243,0.55784,6.4422,6.1012,-0.3409
7,11,Banana,25.65,66.93,0.848,0.612,9.89,25.0,2.2,1.0,0.041667,1.0524,0.60169,6.3983,6.0704,-0.3279
7,12,Banana,24.6,59.74,0.848,0.612,9.89,25.0,2.2,1.0,0.041667,0.96859,0.64205,6.3579,6.1341,-0.2238
7,13,Banana,23.82,62.87,0.848,0.612,9.89,25.0,2.2,1.0,0.041667,0.91083,0.68,6.32,6.0544,-0.2656
7,14,Banana,23.34,60.46,0.848,0.612,9.89,25.0,2.2,1.0,0.041667,0.87725,0.71655,6.2834,5.9641,-0.3194
7,15,Banana,23.0,63.39,0.848,0.612,9.89,25.0,2.2,1.0,0.041667,0.85443,0.75216,6.2478,5.8759,-0.3719
7,16,Banana,22.12,63.03,0.848,0.612,9.89,25.0,2.2,1.0,0.041667,0.79669,0.78535,6.2146,5.7571,-0.4575
7,17,Banana,20.51,63.85,0.848,0.612,9.89,25.0,2.2,1.0,0.041667,0.70197,0.8146,6.1854,5.7556,-0.4298
7,18,Banana,21.33,65.07,0.848,0.612,9.89,25.0,2.2,1.0,0.041667,0.74857,0.84579,6.1542,5.6866,-0.4676
7,19,Banana,21.84,70.83,0.848,0.612,9.89,25.0,2.2,1.0,0.041667,0.77962,0.87827,6.1217,5.5663,-0.5554
7,20,Banana,22.41,71.35,0.848,0.612,9.89,25.0,2.2,1.0,0.041667,0.81547,0.91225,6.0877,5.6915,-0.3962
7,21,Banana,22.03,75.06,0.848,0.612,9.89,25.0,2.2,1.0,0.041667,0.7912,0.94522,6.0548,5.5342,-0.5206
7,22,Banana,23.72,80.12,0.848,0.612,9.89,25.0,2.2,1.0,0.041667,0.90389,0.98288,6.0171,5.48,-0.5371
7,23,Banana,23.42,72.4,0.848,0.612,9.89,25.0,2.2,1.0,0.041667,0.88294,1.01967,5.9803,5.5965,-0.3838
7,24,Banana,25.88,82.05,0.848,0.612,9.89,25.0,2.2,1.0,0.041667,1.07221,1.06434,5.9357,5.2359,-0.6998
7,25,Banana,24.97,80.26,0.848,0.612,9.89,25.0,2.2,1.0,0.041667,0.99755,1.10591,5.8941,5.08,-0.8141
7,26,Banana,25.41,84.85,0.848,0.612,9.89,25.0,2.2,1.0,0.041667,1.03255,1.14893,5.8511,5.1904,-0.6606
7,27,Banana,26.83,75.65,0.848,0.612,9.89,25.0,2.2,1.0,0.041667,1.15527,1.19707,5.8029,5.2657,-0.5372
7,28,Banana,26.59,87.09,0.848,0.612,9.89,25.0,2.2,1.0,0.041667,1.13385,1.24431,5.7557,5.0079,-0.7478
7,29,Banana,26.07,81.35,0.848,0.612,9.89,25.0,2.2,1.0,0.041667,1.08794,1.28964,5.7104,4.9769,-0.7335
7,30,Banana,28.25,74.8,0.848,0.612,9.89,25.0,2.2,1.0,0.041667,1.29203,1.34348,5.6565,5.0091,-0.6474
7,31,Banana,28.16,73.6,0.848,0.612,9.89,25.0,2.2,1.0,0.041667,1.28276,1.39693,5.6031,4.9615,-0.6416
7,32,Banana,26.56,69.41,0.848,0.612,9.89,25.0,2.2,1.0,0.041667,1.1305,1.44403,5.556,4.9348,-0.6211
7,33,Banana,27.28,70.4,0.848,0.612,9.89,25.0,2.2,1.0,0.041667,1.19719,1.49391,5.5061,4.8262,-0.6799
7,34,Banana,25.65,75.21,0.848,0.612,9.89,25.0,2.2,1.0,0.041667,1.05261,1.53777,5.4622,4.7163,-0.746
7,35,Banana,25.99,68.32,0.848,0.612,9.89,25.0,2.2,1.0,0.041667,1.08145,1.58283,5.4172,4.6078,-0.8094
7,36,Banana,24.2,65.62,0.848,0.612,9.89,25.0,2.2,1.0,0.041667,0.9391,1.62196,5.378,4.7377,-0.6403
7,37,Banana,23.12,60.23,0.848,0.612,9.89,25.0,2.2,1.0,0.041667,0.86239,1.65789,5.3421,4.5145,-0.8276
7,38,Banana,21.36,61.88,0.848,0.612,9.89,25.0,2.2,1.0,0.041667,0.75069,1.68917,5.3108,4.5502,-0.7606
7,39,Banana,22.22,66.63,0.848,0.612,9.89,25.0,2.2,1.0,0.041667,0.80331,1.72264,5.2774,4.5971,-0.6802
7,40,Banana,20.36,63.63,0.848,0.612,9.89,25.0,2.2,1.0,0.041667,0.69359,1.75154,5.2485,4.6259,-0.6226
7,41,Banana,20.17,70.41,0.848,0.612,9.89,25.0,2.2,1.0,0.041667,0.6832,1.78001,5.22,4.4624,-0.7576
7,42,Banana,21.63,68.13,0.848,0.612,9.89,25.0,2.2,1.0,0.041667,0.76669,1.81196,5.188,4.3662,-0.8219
7,43,Banana,21.81,66.44,0.848,0.612,9.89,25.0,2.2,1.0,0.041667,0.77759,1.84436,5.1556,4.3616,-0.794
7,44,Banana,22.87,74.69,0.848,0.612,9.89,25.0,2.2,1.0,0.041667,0.84544,1.87958,5.1204,4.1902,-0.9302
7,45,Banana,22.92,87.8,0.848,0.612,9.89,25.0,2.2,1.0,0.041667,0.84879,1.91495,5.0851,4.0506,-1.0345
7,46,Banana,23.86,76.78,0.848,0.612,9.89,25.0,2.2,1.0,0.041667,0.91437,1.95305,5.047,4.1476,-0.8994
7,47,Banana,24.94,79.96,0.848,0.612,9.89,25.0,2.2,1.0,0.041667,0.99552,1.99453,5.0055,3.9696,-1.0359
7,48,Banana,26.3,78.2,0.848,0.612,9.89,25.0,2.2,1.0,0.041667,1.10819,2.0407,4.9593,4.0929,-0.8664
7,49,Banana,26.93,84.88,0.848,0.612,9.89,25.0,2.2,1.0,0.041667,1.16408,2.08921,4.9108,3.7204,-1.1904
7,50,Banana,25.58,77.07,0.848,0.612,9.89,25.0,2.2,1.0,0.041667,1.04654,2.13281,4.8672,3.8692,-0.998
7,51,Banana,26.88,78.07,0.848,0.612,9.89,25.0,2.2,1.0,0.041667,1.16001,2.18115,4.8189,3.7368,-1.0821
7,52,Banana,27.99,80.69,0.848,0.612,9.89,25.0,2.2,1.0,0.041667,1.26599,2.23389,4.7661,3.4854,-1.2807
7,53,Banana,29.82,77.64,0.848,0.612,9.89,25.0,2.2,1.0,0.041667,1.46281,2.29485,4.7052,3.7494,-0.9558
7,54,Banana,28.14,73.77,0.848,0.612,9.89,25.0,2.2,1.0,0.041667,1.28069,2.34821,4.6518,3.7916,-0.8602
7,55,Banana,27.57,75.95,0.848,0.612,9.89,25.0,2.2,1.0,0.041667,1.22489,2.39924,4.6008,3.5195,-1.0813
7,56,Banana,27.01,75.24,0.848,0.612,9.89,25.0,2.2,1.0,0.041667,1.1716,2.44806,4.5519,3.4811,-1.0709
7,57,Banana,27.13,74.14,0.848,0.612,9.89,25.0,2.2,1.0,0.041667,1.18265,2.49734,4.5027,3.5107,-0.992
7,58,Banana,24.8,69.37,0.848,0.612,9.89,25.0,2.2,1.0,0.041667,0.98413,2.53834,4.4617,3.4552,-1.0065
7,59,Banana,26.28,68.38,0.848,0.612,9.89,25.0,2.2,1.0,0.041667,1.10608,2.58443,4.4156,3.5493,-0.8663
7,60,Banana,25.46,68.95,0.848,0.612,9.89,25.0,2.2,1.0,0.041667,1.03679,2.62763,4.3724,3.2539,-1.1184
7,61,Banana,23.85,62.52,0.848,0.612,9.89,25.0,2.2,1.0,0.041667,0.91366,2.6657,4.3343,3.4472,-0.8871
7,62,Banana,28.79,59.15,0.848,0.612,9.89,25.0,2.2,1.0,0.041667,1.34825,2.72188,4.2781,3.2609,-1.0172
7,63,Banana,21.13,64.21,0.848,0.612,9.89,25.0,2.2,1.0,0.041667,0.73679,2.75258,4.2474,3.2037,-1.0437
7,64,Banana,22.68,62.32,0.848,0.612,9.89,25.0,2.2,1.0,0.041667,0.83301,2.78728,4.2127,3.3103,-0.9024
7,65,Banana,20.77,67.2,0.848,0.612,9.89,25.0,2.2,1.0,0.041667,0.71635,2.81713,4.1829,3.1198,-1.0631
7,66,Banana,22.4,63.52,0.848,0.612,9.89,25.0,2.2,1.0,0.041667,0.8148,2.85108,4.1489,2.9538,-1.1952
7,67,Banana,21.21,67.92,0.848,0.612,9.89,25.0,2.2,1.0,0.041667,0.74191,2.882,4.118,3.0786,-1.0394
7,68,Banana,22.49,76.03,0.848,0.612,9.89,25.0,2.2,1.0,0.041667,0.82043,2.91618,4.0838,2.7811,-1.3027
7,69,Banana,22.37,68.29,0.848,0.612,9.89,25.0,2.2,1.0,0.041667,0.81245,2.95003,4.05,2.9024,-1.1476
7,70,Banana,29.93,73.93,0.848,0.612,9.89,25.0,2.2,1.0,0.041667,1.47494,3.01149,3.9885,2.6934,-1.2951
7,71,Banana,24.54,80.71,0.848,0.612,9.89,25.0,2.2,1.0,0.041667,0.96448,3.05167,3.9483,2.4844,-1.4639
7,72,Banana,25.08,81.41,0.848,0.612,9.89,25.0,2.2,1.0,0.041667,1.00671,3.09362,3.9064,2.5232,-1.3832
7,73,Banana,26.68,75.61,0.848,0.612,9.89,25.0,2.2,1.0,0.041667,1.14145,3.14118,3.8588,2.5474,-1.3114
7,74,Banana,27.81,80.6,0.848,0.612,9.89,25.0,2.2,1.0,0.041667,1.24761,3.19316,3.8068,2.3448,-1.4621
7,75,Banana,28.87,78.97,0.848,0.612,9.89,25.0,2.2,1.0,0.041667,1.35633,3.24968,3.7503,2.2235,-1.5268
7,76,Banana,27.37,76.84,0.848,0.612,9.89,25.0,2.2,1.0,0.041667,1.20515,3.29989,3.7001,2.2611,-1.439
7,77,Banana,26.59,79.72,0.848,0.612,9.89,25.0,2.2,1.0,0.041667,1.13383,3.34714,3.6529,2.1929,-1.46
7,78,Banana,28.61,81.02,0.848,0.612,9.89,25.0,2.2,1.0,0.041667,1.3294,3.40253,3.5975,2.031,-1.5665
7,79,Banana,27.16,79.62,0.848,0.612,9.89,25.0,2.2,1.0,0.041667,1.18531,3.45192,3.5481,2.0545,-1.4936
7,80,Banana,27.23,70.87,0.848,0.612,9.89,25.0,2.2,1.0,0.041667,1.19208,3.50159,3.4984,2.2031,-1.2953
7,81,Banana,26.75,69.93,0.848,0.612,9.89,25.0,2.2,1.0,0.041667,1.14831,3.54943,3.4506,1.9054,-1.5452
7,82,Banana,26.39,65.95,0.848,0.612,9.89,25.0,2.2,1.0,0.041667,1.11571,3.59592,3.4041,2.0581,-1.346
7,83,Banana,25.43,65.89,0.848,0.612,9.89,25.0,2.2,1.0,0.041667,1.03422,3.63901,3.361,2.0911,-1.2699
7,84,Banana,25.25,67.17,0.848,0.612,9.89,25.0,2.2,1.0,0.041667,1.02027,3.68152,3.3185,1.8903,-1.4282
7,85,Banana,25.45,65.45,0.848,0.612,9.89,25.0,2.2,1.0,0.041667,1.0361,3.72469,3.2753,1.7958,-1.4795
7,86,Banana,23.79,55.26,0.848,0.612,9.89,25.0,2.2,1.0,0.041667,0.90878,3.76256,3.2374,1.9551,-1.2824
7,87,Banana,22.43,58.83,0.848,0.612,9.89,25.0,2.2,1.0,0.041667,0.81626,3.79657,3.2034,1.7896,-1.4138
7,88,Banana,21.6,60.17,0.848,0.612,9.89,25.0,2.2,1.0,0.041667,0.76467,3.82843,3.1716,1.7858,-1.3857
7,89,Banana,22.49,64.17,0.848,0.612,9.89,25.0,2.2,1.0,0.041667,0.8202,3.86261,3.1374,1.5564,-1.581
7,90,Banana,27.95,67.11,0.848,0.612,9.89,25.0,2.2,1.0,0.041667,1.26172,3.91518,3.0848,1.6001,-1.4847
7,91,Banana,22.49,69.61,0.848,0.612,9.89,25.0,2.2,1.0,0.041667,0.82071,3.94938,3.0506,1.426,-1.6246
7,92,Banana,23.39,74.97,0.848,0.612,9.89,25.0,2.2,1.0,0.041667,0.88071,3.98607,3.0139,1.185,-1.8289
7,93,Banana,24.17,74.2,0.848,0.612,9.89,25.0,2.2,1.0,0.041667,0.9365,4.02509,2.9749,1.3646,-1.6103
7,94,Banana,23.25,77.04,0.848,0.612,9.89,25.0,2.2,1.0,0.041667,0.87089,4.06138,2.9386,1.1349,-1.8037
7,95,Banana,25.1,77.04,0.848,0.612,9.89,25.0,2.2,1.0,0.041667,1.00774,4.10337,2.8966,0.9926,-1.9041
8,0,Tomato,24.24,64.21,0.893,0.562,7.49,25.0,2.0,1.0,0.041667,0.94844,0.03952,9.9605,9.8747,-0.0858
8,1,Tomato,21.82,68.68,0.893,0.562,7.49,25.0,2.0,1.0,0.041667,0.8024,0.07295,9.927,9.9063,-0.0208
8,2,Tomato,21.66,64.63,0.893,0.562,7.49,25.0,2.0,1.0,0.041667,0.79356,0.10602,9.894,9.7711,-0.1229
8,3,Tomato,21.49,66.43,0.893,0.562,7.49,25.0,2.0,1.0,0.041667,0.78391,0.13868,9.8613,9.7151,-0.1462
8,4,Tomato,22.89,67.58,0.893,0.562,7.49,25.0,2.0,1.0,0.041667,0.86383,0.17467,9.8253,9.6962,-0.1291
8,5,Tomato,23.25,67.16,0.893,0.562,7.49,25.0,2.0,1.0,0.041667,0.88588,0.21158,9.7884,9.6945,-0.0939
8,6,Tomato,23.11,76.31,0.893,0.562,7.49,25.0,2.0,1.0,0.041667,0.87693,0.24812,9.7519,9.833,0.0811
8,7,Tomato,22.18,67.92,0.893,0.562,7.49,25.0,2.0,1.0,0.041667,0.82229,0.28239,9.7176,9.5539,-0.1637
8,8,Tomato,22.98,77.25,0.893,0.562,7.49,25.0,2.0,1.0,0.041667,0.86957,0.31862,9.6814,9.5701,-0.1113
8,9,Tomato,25.17,80.18,0.893,0.562,7.49,25.0,2.0,1.0,0.041667,1.01187,0.36078,9.6392,9.4332,-0.206
8,10,Tomato,25.6,81.36,0.893,0.562,7.49,25.0,2.0,1.0,0.041667,1.04224,0.40421,9.5958,9.5634,-0.0324
8,11,Tomato,26.94,76.12,0.893,0.562,7.49,25.0,2.0,1.0,0.041667,1.14386,0.45187,9.5481,9.5285,-0.0196
8,12,Tomato,25.65,84.09,0.893,0.562,7.49,25.0,2.0,1.0,0.041667,1.04605,0.49545,9.5045,9.4007,-0.1038
8,13,Tomato,27.59,85.12,0.893,0.562,7.49,25.0,2.0,1.0,0.041667,1.1967,0.54531,9.4547,9.2403,-0.2143
8,14,Tomato,26.72,84.94,0.893,0.562,7.49,25.0,2.0,1.0,0.041667,1.12682,0.59227,9.4077,9.1197,-0.288
8,15,Tomato,29.26,76.64,0.893,0.562,7.49,25.0,2.0,1.0,0.041667,1.3432,0.64823,9.3518,9.2854,-0.0664
8,16,Tomato,27.5,75.38,0.893,0.562,7.49,25.0,2.0,1.0,0.041667,1.1893,0.69779,9.3022,9.204,-0.0983
8,17,Tomato,29.7,70.71,0.893,0.562,7.49,25.0,2.0,1.0,0.041667,1.38527,0.75551,9.2445,9.1052,-0.1393
8,18,Tomato,26.74,72.34,0.893,0.562,7.49,25.0,2.0,1.0,0.041667,1.12798,0.8025,9.1975,9.1075,-0.09
8,19,Tomato,27.49,72.49,0.893,0.562,7.49,25.0,2.0,1.0,0.041667,1.18816,0.85201,9.148,8.9778,-0.1702
8,20,Tomato,30.39,68.82,0.893,0.562,7.49,25.0,2.0,1.0,0.041667,1.45326,0.91256,9.0874,8.9307,-0.1567
8,21,Tomato,27.27,69.31,0.893,0.562,7.49,25.0,2.0,1.0,0.041667,1.17068,0.96134,9.0387,8.6737,-0.365
8,22,Tomato,24.42,62.86,0.893,0.562,7.49,25.0,2.0,1.0,0.041667,0.9608,1.00138,8.9986,8.7601,-0.2386
8,23,Tomato,25.01,67.32,0.893,0.562,7.49,25.0,2.0,1.0,0.041667,1.00094,1.04308,8.9569,8.6254,-0.3315
8,24,Tomato,22.86,74.92,0.893,0.562,7.49,25.0,2.0,1.0,0.041667,0.86239,1.07901,8.921,8.6416,-0.2794
8,25,Tomato,25.52,55.65,0.893,0.562,7.49,25.0,2.0,1.0,0.041667,1.03702,1.12222,8.8778,8.6587,-0.2191
8,26,Tomato,21.27,61.02,0.893,0.562,7.49,25.0,2.0,1.0,0.041667,0.77192,1.15439,8.8456,8.5431,-0.3025
8,27,Tomato,22.41,67.97,0.893,0.562,7.49,25.0,2.0,1.0,0.041667,0.83579,1.18921,8.8108,8.5105,-0.3003
8,28,Tomato,21.27,61.11,0.893,0.562,7.49,25.0,2.0,1.0,0.041667,0.77226,1.22139,8.7786,8.3938,-0.3848
8,29,Tomato,21.7,68.94,0.893,0.562,7.49,25.0,2.0,1.0,0.041667,0.79527,1.25452,8.7455,8.3077,-0.4378
8,30,Tomato,23.23,73.28,0.893,0.562,7.49,25.0,2.0,1.0,0.041667,0.88478,1.29139,8.7086,8.3741,-0.3345
8,31,Tomato,24.03,79.69,0.893,0.562,7.49,25.0,2.0,1.0,0.041667,0.93488,1.33034,8.6697,8.1409,-0.5287
8,32,Tomato,23.05,75.22,0.893,0.562,7.49,25.0,2.0,1.0,0.041667,0.87372,1.36675,8.6333,8.4059,-0.2273
8,33,Tomato,23.44,78.77,0.893,0.562,7.49,25.0,2.0,1.0,0.041667,0.89759,1.40415,8.5959,8.0549,-0.541
8,34,Tomato,25.38,76.2,0.893,0.562,7.49,25.0,2.0,1.0,0.041667,1.02655,1.44692,8.5531,8.2467,-0.3064
8,35,Tomato,25.55,84.03,0.893,0.562,7.49,25.0,2.0,1.0,0.041667,1.03891,1.49021,8.5098,7.8154,-0.6944
8,36,Tomato,26.62,85.79,0.893,0.562,7.49,25.0,2.0,1.0,0.041667,1.11898,1.53683,8.4632,7.7813,-0.6819
8,37,Tomato,28.91,83.41,0.893,0.562,7.49,25.0,2.0,1.0,0.041667,1.31153,1.59148,8.4085,7.9663,-0.4422
8,38,Tomato,27.15,80.72,0.893,0.562,7.49,25.0,2.0,1.0,0.041667,1.16054,1.63984,8.3602,7.9055,-0.4546
8,39,Tomato,26.78,79.0,0.893,0.562,7.49,25.0,2.0,1.0,0.041667,1.13114,1.68697,8.313,7.889,-0.4241
8,40,Tomato,28.19,75.05,0.893,0.562,7.49,25.0,2.0,1.0,0.041667,1.24735,1.73894,8.2611,7.7141,-0.5469
8,41,Tomato,27.5,77.09,0.893,0.562,7.49,25.0,2.0,1.0,0.041667,1.18927,1.78849,8.2115,7.5709,-0.6406
8,42,Tomato,25.84,71.12,0.893,0.562,7.49,25.0,2.0,1.0,0.041667,1.05994,1.83266,8.1673,7.6262,-0.5412
8,43,Tomato,28.13,68.44,0.893,0.562,7.49,25.0,2.0,1.0,0.041667,1.24236,1.88442,8.1156,7.7594,-0.3562
8,44,Tomato,26.84,69.59,0.893,0.562,7.49,25.0,2.0,1.0,0.041667,1.13574,1.93175,8.0683,7.7296,-0.3386
8,45,Tomato,25.49,60.77,0.893,0.562,7.49,25.0,2.0,1.0,0.041667,1.03474,1.97486,8.0251,7.4396,-0.5855
8,46,Tomato,24.21,62.92,0.893,0.562,7.49,25.0,2.0,1.0,0.041667,0.94655,2.0143,7.9857,7.4778,-0.5079
8,47,Tomato,23.82,63.35,0.893,0.562,7.49,25.0,2.0,1.0,0.041667,0.92139,2.05269,7.9473,7.5044,-0.4429
8,48,Tomato,23.86,66.24,0.893,0.562,7.49,25.0,2.0,1.0,0.041667,0.92371,2.09118,7.9088,7.3445,-0.5643
8,49,Tomato,23.76,61.88,0.893,0.562,7.49,25.0,2.0,1.0,0.041667,0.91755,2.12941,7.8706,7.3181,-0.5525
8,50,Tomato,21.83,63.33,0.893,0.562,7.49,25.0,2.0,1.0,0.041667,0.80299,2.16287,7.8371,7.3761,-0.461
8,51,Tomato,22.45,70.96,0.893,0.562,7.49,25.0,2.0,1.0,0.041667,0.838,2.19778,7.8022,7.14,-0.6622
8,52,Tomato,21.37,68.71,0.893,0.562,7.49,25.0,2.0,1.0,0.041667,0.77763,2.23019,7.7698,7.1966,-0.5732
8,53,Tomato,25.54,76.19,0.893,0.562,7.49,25.0,2.0,1.0,0.041667,1.03802,2.27344,7.7266,7.0589,-0.6677
8,54,Tomato,22.1,76.96,0.893,0.562,7.49,25.0,2.0,1.0,0.041667,0.81799,2.30752,7.6925,6.9069,-0.7856
8,55,Tomato,22.37,69.63,0.893,0.562,7.49,25.0,2.0,1.0,0.041667,0.83337,2.34224,7.6578,7.1174,-0.5404
8,56,Tomato,24.08,76.57,0.893,0.562,7.49,25.0,2.0,1.0,0.041667,0.93793,2.38132,7.6187,6.8167,-0.8019
8,57,Tomato,23.95,79.16,0.893,0.562,7.49,25.0,2.0,1.0,0.041667,0.92979,2.42007,7.5799,6.8801,-0.6999
8,58,Tomato,25.01,84.16,0.893,0.562,7.49,25.0,2.0,1.0,0.041667,1.00096,2.46177,7.5382,6.6411,-0.8972
8,59,Tomato,26.78,81.44,0.893,0.562,7.49,25.0,2.0,1.0,0.041667,1.1313,2.50891,7.4911,6.6783,-0.8128
8,60,Tomato,26.83,78.1,0.893,0.562,7.49,25.0,2.0,1.0,0.041667,1.13506,2.5562,7.4438,6.6312,-0.8126
8,61,Tomato,26.41,77.26,0.893,0.562,7.49,25.0,2.0,1.0,0.041667,1.10284,2.60216,7.3978,6.5812,-0.8166
8,62,Tomato,27.38,78.78,0.893,0.562,7.49,25.0,2.0,1.0,0.041667,1.17971,2.65131,7.3487,6.4511,-0.8976
8,63,Tomato,26.71,80.72,0.893,0.562,7.49,25.0,2.0,1.0,0.041667,1.12549,2.69821,7.3018,6.2021,-1.0997
8,64,Tomato,28.97,76.86,0.893,0.562,7.49,25.0,2.0,1.0,0.041667,1.31698,2.75308,7.2469,6.5211,-0.7258
8,65,Tomato,29.65,77.35,0.893,0.562,7.49,25.0,2.0,1.0,0.041667,1.38063,2.81061,7.1894,6.3139,-0.8755
8,66,Tomato,27.86,69.17,0.893,0.562,7.49,25.0,2.0,1.0,0.041667,1.21892,2.86139,7.1386,6.3176,-0.821
8,67,Tomato,27.07,65.66,0.893,0.562,7.49,25.0,2.0,1.0,0.041667,1.1543,2.90949,7.0905,6.3517,-0.7388
8,68,Tomato,27.56,71.43,0.893,0.562,7.49,25.0,2.0,1.0,0.041667,1.19426,2.95925,7.0407,6.1127,-0.928
8,69,Tomato,27.57,64.73,0.893,0.562,7.49,25.0,2.0,1.0,0.041667,1.19531,3.00905,6.9909,6.2249,-0.766
8,70,Tomato,25.31,65.51,0.893,0.562,7.49,25.0,2.0,1.0,0.041667,1.02192,3.05164,6.9484,6.058,-0.8904
8,71,Tomato,23.92,64.2,0.893,0.562,7.49,25.0,2.0,1.0,0.041667,0.92802,3.0903,6.9097,6.0846,-0.8251
8,72,Tomato,22.43,70.01,0.893,0.562,7.49,25.0,2.0,1.0,0.041667,0.83654,3.12516,6.8748,5.9369,-0.9379
8,73,Tomato,21.85,62.24,0.893,0.562,7.49,25.0,2.0,1.0,0.041667,0.80408,3.15866,6.8413,6.0417,-0.7996
8,74,Tomato,21.14,57.7,0.893,0.562,7.49,25.0,2.0,1.0,0.041667,0.76529,3.19055,6.8095,5.9472,-0.8623
8,75,Tomato,23.13,69.28,0.893,0.562,7.49,25.0,2.0,1.0,0.041667,0.87873,3.22716,6.7728,5.7428,-1.03
8,76,Tomato,22.31,66.86,0.893,0.562,7.49,25.0,2.0,1.0,0.041667,0.83009,3.26175,6.7383,5.8537,-0.8845
8,77,Tomato,21.09,69.8,0.893,0.562,7.49,25.0,2.0,1.0,0.041667,0.76267,3.29353,6.7065,5.5856,-1.1209
8,78,Tomato,22.66,68.33,0.893,0.562,7.49,25.0,2.0,1.0,0.041667,0.8503,3.32896,6.671,5.8705,-0.8006
8,79,Tomato,21.68,67.93,0.893,0.562,7.49,25.0,2.0,1.0,0.041667,0.7945,3.36206,6.6379,5.6388,-0.9991
8,80,Tomato,22.26,76.73,0.893,0.562,7.49,25.0,2.0,1.0,0.041667,0.82683,3.39651,6.6035,5.4229,-1.1806
8,81,Tomato,24.32,78.04,0.893,0.562,7.49,25.0,2.0,1.0,0.041667,0.95423,3.43627,6.5637,5.4476,-1.1162
8,82,Tomato,23.33,81.31,0.893,0.562,7.49,25.0,2.0,1.0,0.041667,0.89052,3.47338,6.5266,5.3991,-1.1275
8,83,Tomato,26.31,77.95,0.893,0.562,7.49,25.0,2.0,1.0,0.041667,1.09532,3.51901,6.481,5.3496,-1.1314
8,84,Tomato,27.94,77.51,0.893,0.562,7.49,25.0,2.0,1.0,0.041667,1.22602,3.5701,6.4299,5.2955,-1.1344
8,85,Tomato,26.76,83.82,0.893,0.562,7.49,25.0,2.0,1.0,0.041667,1.12974,3.61717,6.3828,5.0563,-1.3265
8,86,Tomato,26.68,81.0,0.893,0.562,7.49,25.0,2.0,1.0,0.041667,1.1237,3.66399,6.336,5.1552,-1.1808
8,87,Tomato,25.58,80.54,0.893,0.562,7.49,25.0,2.0,1.0,0.041667,1.04069,3.70735,6.2926,5.1495,-1.1431
8,88,Tomato,29.12,79.16,0.893,0.562,7.49,25.0,2.0,1.0,0.041667,1.33054,3.76279,6.2372,5.0321,-1.2051
8,89,Tomato,28.69,73.22,0.893,0.562,7.49,25.0,2.0,1.0,0.041667,1.29143,3.8166,6.1834,5.0092,-1.1742
8,90,Tomato,28.17,67.68,0.893,0.562,7.49,25.0,2.0,1.0,0.041667,1.24561,3.8685,6.1315,5.0388,-1.0927
8,91,Tomato,27.45,70.79,0.893,0.562,7.49,25.0,2.0,1.0,0.041667,1.18484,3.91787,6.0821,4.8755,-1.2066
8,92,Tomato,26.03,72.91,0.893,0.562,7.49,25.0,2.0,1.0,0.041667,1.0743,3.96263,6.0374,4.9682,-1.0691
8,93,Tomato,26.52,65.49,0.893,0.562,7.49,25.0,2.0,1.0,0.041667,1.11145,4.00895,5.9911,5.0436,-0.9474
8,94,Tomato,26.35,67.43,0.893,0.562,7.49,25.0,2.0,1.0,0.041667,1.09785,4.05469,5.9453,4.7924,-1.1529
8,95,Tomato,25.34,61.88,0.893,0.562,7.49,25.0,2.0,1.0,0.041667,1.02372,4.09734,5.9027,4.8992,-1.0035
9,0,Tomato,23.04,64.61,0.92,0.62,10.13,25.0,2.0,1.0,0.041667,0.87293,0.03637,9.9636,9.8427,-0.1209
9,1,Tomato,22.18,69.78,0.92,0.62,10.13,25.0,2.0,1.0,0.041667,0.82221,0.07063,9.9294,9.9819,0.0525
9,2,Tomato,23.14,71.75,0.92,0.62,10.13,25.0,2.0,1.0,0.041667,0.87917,0.10726,9.8927,9.9055,0.0128
9,3,Tomato,24.06,77.3,0.92,0.62,10.13,25.0,2.0,1.0,0.041667,0.93717,0.14631,9.8537,9.6535,-0.2001
9,4,Tomato,23.68,80.9,0.92,0.62,10.13,25.0,2.0,1.0,0.041667,0.91227,0.18432,9.8157,9.8131,-0.0026
9,5,Tomato,22.98,77.2,0.92,0.62,10.13,25.0,2.0,1.0,0.041667,0.86949,0.22055,9.7794,9.6829,-0.0966
9,6,Tomato,25.82,76.15,0.92,0.62,10.13,25.0,2.0,1.0,0.041667,1.05858,0.26466,9.7353,9.5486,-0.1867
9,7,Tomato,25.03,81.56,0.92,0.62,10.13,25.0,2.0,1.0,0.041667,1.00214,0.30641,9.6936,9.5924,-0.1011
9,8,Tomato,26.82,80.3,0.92,0.62,10.13,25.0,2.0,1.0,0.041667,1.13451,0.35369,9.6463,9.543,-0.1033
9,9,Tomato,27.36,82.74,0.92,0.62,10.13,25.0,2.0,1.0,0.041667,1.17774,0.40276,9.5972,9.4447,-0.1526
9,10,Tomato,29.66,83.61,0.92,0.62,10.13,25.0,2.0,1.0,0.041667,1.38145,0.46032,9.5397,9.2997,-0.24
9,11,Tomato,29.01,75.27,0.92,0.62,10.13,25.0,2.0,1.0,0.041667,1.32013,0.51532,9.4847,9.2925,-0.1922
9,12,Tomato,28.3,78.18,0.92,0.62,10.13,25.0,2.0,1.0,0.041667,1.2571,0.5677,9.4323,9.1686,-0.2637
9,13,Tomato,26.83,77.02,0.92,0.62,10.13,25.0,2.0,1.0,0.041667,1.13494,0.61499,9.385,9.1701,-0.215
9,14,Tomato,27.38,70.91,0.92,0.62,10.13,25.0,2.0,1.0,0.041667,1.17967,0.66414,9.3359,9.1994,-0.1364
9,15,Tomato,27.17,73.07,0.92,0.62,10.13,25.0,2.0,1.0,0.041667,1.1625,0.71258,9.2874,9.2422,-0.0452
9,16,Tomato,26.61,68.11,0.92,0.62,10.13,25.0,2.0,1.0,0.041667,1.11769,0.75915,9.2408,9.0268,-0.214
9,17,Tomato,26.73,68.08,0.92,0.62,10.13,25.0,2.0,1.0,0.041667,1.12705,0.80611,9.1939,8.8879,-0.306
9,18,Tomato,25.15,63.54,0.92,0.62,10.13,25.0,2.0,1.0,0.041667,1.0103,0.84821,9.1518,8.902,-0.2497
9,19,Tomato,23.25,59.82,0.92,0.62,10.13,25.0,2.0,1.0,0.041667,0.88598,0.88513,9.1149,8.7927,-0.3222
9,20,Tomato,24.59,62.07,0.92,0.62,10.13,25.0,2.0,1.0,0.041667,0.97183,0.92562,9.0744,8.7575,-0.3169
9,21,Tomato,21.48,58.4,0.92,0.62,10.13,25.0,2.0,1.0,0.041667,0.7836,0.95827,9.0417,8.8115,-0.2303
9,22,Tomato,22.19,59.94,0.92,0.62,10.13,25.0,2.0,1.0,0.041667,0.82286,0.99255,9.0074,8.6826,-0.3248
9,23,Tomato,21.9,64.63,0.92,0.62,10.13,25.0,2.0,1.0,0.041667,0.80683,1.02617,8.9738,8.5005,-0.4733
9,24,Tomato,20.4,68.56,0.92,0.62,10.13,25.0,2.0,1.0,0.041667,0.72679,1.05645,8.9435,8.5292,-0.4144
9,25,Tomato,21.07,62.5,0.92,0.62,10.13,25.0,2.0,1.0,0.041667,0.7613,1.08818,8.9118,8.377,-0.5348
9,26,Tomato,22.61,72.02,0.92,0.62,10.13,25.0,2.0,1.0,0.041667,0.84742,1.12348,8.8765,8.4514,-0.4251
9,27,Tomato,22.58,74.14,0.92,0.62,10.13,25.0,2.0,1.0,0.041667,0.84536,1.15871,8.8413,8.3286,-0.5127
9,28,Tomato,24.1,77.48,0.92,0.62,10.13,25.0,2.0,1.0,0.041667,0.93967,1.19786,8.8021,8.2868,-0.5153
9,29,Tomato,23.48,78.55,0.92,0.62,10.13,25.0,2.0,1.0,0.041667,0.8997,1.23535,8.7647,8.3623,-0.4024
9,30,Tomato,23.82,80.36,0.92,0.62,10.13,25.0,2.0,1.0,0.041667,0.92177,1.27376,8.7262,8.1436,-0.5827
9,31,Tomato,25.3,75.76,0.92,0.62,10.13,25.0,2.0,1.0,0.041667,1.02093,1.31629,8.6837,8.1706,-0.5131
9,32,Tomato,26.61,82.74,0.92,0.62,10.13,25.0,2.0,1.0,0.041667,1.118,1.36288,8.6371,7.8921,-0.745
9,33,Tomato,30.56,85.56,0.92,0.62,10.13,25.0,2.0,1.0,0.041667,1.47002,1.42413,8.5759,7.8293,-0.7466
9,34,Tomato,28.6,78.3,0.92,0.62,10.13,25.0,2.0,1.0,0.041667,1.28319,1.4776,8.5224,7.8556,-0.6668
9,35,Tomato,28.15,75.07,0.92,0.62,10.13,25.0,2.0,1.0,0.041667,1.24359,1.52941,8.4706,7.9432,-0.5274
9,36,Tomato,27.72,70.74,0.92,0.62,10.13,25.0,2.0,1.0,0.041667,1.20789,1.57974,8.4203,7.8269,-0.5934
9,37,Tomato,26.9,71.38,0.92,0.62,10.13,25.0,2.0,1.0,0.041667,1.14109,1.62729,8.3727,7.734,-0.6387
9,38,Tomato,27.78,72.51,0.92,0.62,10.13,25.0,2.0,1.0,0.041667,1.21241,1.6778,8.3222,7.7929,-0.5293
9,39,Tomato,26.83,78.62,0.92,0.62,10.13,25.0,2.0,1.0,0.041667,1.13515,1.7251,8.2749,7.5623,-0.7126
9,40,Tomato,26.56,64.41,0.92,0.62,10.13,25.0,2.0,1.0,0.041667,1.11402,1.77152,8.2285,7.5054,-0.723
9,41,Tomato,24.53,65.38,0.92,0.62,10.13,25.0,2.0,1.0,0.041667,0.96819,1.81186,8.1881,7.5662,-0.622
9,42,Tomato,23.08,65.69,0.92,0.62,10.13,25.0,2.0,1.0,0.041667,0.8752,1.84833,8.1517,7.6127,-0.539
9,43,Tomato,23.31,62.63,0.92,0.62,10.13,25.0,2.0,1.0,0.041667,0.8893,1.88538,8.1146,7.4314,-0.6832
9,44,Tomato,23.26,63.67,0.92,0.62,10.13,25.0,2.0,1.0,0.041667,0.88634,1.92231,8.0777,7.3989,-0.6788
9,45,Tomato,22.41,63.16,0.92,0.62,10.13,25.0,2.0,1.0,0.041667,0.83592,1.95714,8.0429,7.3057,-0.7372
9,46,Tomato,23.38,62.22,0.92,0.62,10.13,25.0,2.0,1.0,0.041667,0.89404,1.99439,8.0056,7.28,-0.7256
9,47,Tomato,23.13,66.4,0.92,0.62,10.13,25.0,2.0,1.0,0.041667,0.87846,2.031,7.969,7.3239,-0.6451
9,48,Tomato,20.72,67.92,0.92,0.62,10.13,25.0,2.0,1.0,0.041667,0.74345,2.06197,7.938,7.0925,-0.8455
9,49,Tomato,21.27,68.51,0.92,0.62,10.13,25.0,2.0,1.0,0.041667,0.77238,2.09416,7.9058,7.2034,-0.7024
9,50,Tomato,21.25,69.08,0.92,0.62,10.13,25.0,2.0,1.0,0.041667,0.77091,2.12628,7.8737,7.1834,-0.6903
9,51,Tomato,22.85,70.32,0.92,0.62,10.13,25.0,2.0,1.0,0.041667,0.86176,2.16218,7.8378,7.1095,-0.7283
9,52,Tomato,27.71,75.93,0.92,0.62,10.13,25.0,2.0,1.0,0.041667,1.20638,2.21245,7.7876,6.8674,-0.9201
9,53,Tomato,23.83,74.94,0.92,0.62,10.13,25.0,2.0,1.0,0.041667,0.92192,2.25086,7.7491,6.7912,-0.958
9,54,Tomato,24.91,80.66,0.92,0.62,10.13,25.0,2.0,1.0,0.041667,0.99405,2.29228,7.7077,6.6936,-1.0142
9,55,Tomato,26.35,81.03,0.92,0.62,10.13,25.0,2.0,1.0,0.041667,1.0979,2.33803,7.662,6.693,-0.969
9,56,Tomato,25.9,82.42,0.92,0.62,10.13,25.0,2.0,1.0,0.041667,1.06458,2.38238,7.6176,6.6232,-0.9945
9,57,Tomato,26.8,80.36,0.92,0.62,10.13,25.0,2.0,1.0,0.041667,1.13308,2.4296,7.5704,6.628,-0.9424
9,58,Tomato,27.08,83.49,0.92,0.62,10.13,25.0,2.0,1.0,0.041667,1.15532,2.47773,7.5223,6.3922,-1.1301
9,59,Tomato,27.72,74.04,0.92,0.62,10.13,25.0,2.0,1.0,0.041667,1.20723,2.52804,7.472,6.4513,-1.0207
9,60,Tomato,28.7,76.78,0.92,0.62,10.13,25.0,2.0,1.0,0.041667,1.29276,2.5819,7.4181,6.401,-1.0171
9,61,Tomato,28.48,73.8,0.92,0.62,10.13,25.0,2.0,1.0,0.041667,1.27309,2.63495,7.3651,6.2809,-1.0842
9,62,Tomato,28.48,70.79,0.92,0.62,10.13,25.0,2.0,1.0,0.041667,1.27272,2.68798,7.312,6.3719,-0.9401
9,63,Tomato,27.16,71.09,0.92,0.62,10.13,25.0,2.0,1.0,0.041667,1.16112,2.73636,7.2636,6.1962,-1.0674
9,64,Tomato,27.35,71.98,0.92,0.62,10.13,25.0,2.0,1.0,0.041667,1.17701,2.7854,7.2146,6.0702,-1.1444
9,65,Tomato,24.96,68.78,0.92,0.62,10.13,25.0,2.0,1.0,0.041667,0.99732,2.82695,7.173,6.1531,-1.02
9,66,Tomato,26.31,66.35,0.92,0.62,10.13,25.0,2.0,1.0,0.041667,1.09487,2.87257,7.1274,6.0324,-1.095
9,67,Tomato,23.28,54.57,0.92,0.62,10.13,25.0,2.0,1.0,0.041667,0.88776,2.90956,7.0904,5.9845,-1.106
9,68,Tomato,24.13,66.49,0.92,0.62,10.13,25.0,2.0,1.0,0.041667,0.94173,2.9488,7.0512,5.9634,-1.0878
9,69,Tomato,23.64,63.74,0.92,0.62,10.13,25.0,2.0,1.0,0.041667,0.90995,2.98672,7.0133,6.0111,-1.0022
9,70,Tomato,23.7,57.78,0.92,0.62,10.13,25.0,2.0,1.0,0.041667,0.91413,3.0248,6.9752,5.9729,-1.0023
9,71,Tomato,21.75,62.63,0.92,0.62,10.13,25.0,2.0,1.0,0.041667,0.79842,3.05807,6.9419,5.8073,-1.1347
9,72,Tomato,19.85,69.59,0.92,0.62,10.13,25.0,2.0,1.0,0.041667,0.69992,3.08724,6.9128,5.7138,-1.199
9,73,Tomato,22.63,70.73,0.92,0.62,10.13,25.0,2.0,1.0,0.041667,0.84845,3.12259,6.8774,5.7159,-1.1615
9,74,Tomato,21.73,68.53,0.92,0.62,10.13,25.0,2.0,1.0,0.041667,0.7972,3.1558,6.8442,5.6994,-1.1448
9,75,Tomato,22.9,73.9,0.92,0.62,10.13,25.0,2.0,1.0,0.041667,0.86483,3.19184,6.8082,5.4654,-1.3428
9,76,Tomato,25.33,78.03,0.92,0.62,10.13,25.0,2.0,1.0,0.041667,1.02346,3.23448,6.7655,5.414,-1.3515
9,77,Tomato,23.82,80.18,0.92,0.62,10.13,25.0,2.0,1.0,0.041667,0.92169,3.27289,6.7271,5.4713,-1.2558
9,78,Tomato,26.31,85.05,0.92,0.62,10.13,25.0,2.0,1.0,0.041667,1.09529,3.31852,6.6815,4.9205,-1.761
9,79,Tomato,26.24,82.24,0.92,0.62,10.13,25.0,2.0,1.0,0.041667,1.0899,3.36394,6.6361,5.1689,-1.4672
9,80,Tomato,25.68,81.25,0.92,0.62,10.13,25.0,2.0,1.0,0.041667,1.0486,3.40763,6.5924,5.2946,-1.2978
9,81,Tomato,27.44,75.4,0.92,0.62,10.13,25.0,2.0,1.0,0.041667,1.18463,3.45699,6.543,5.2842,-1.2588
9,82,Tomato,26.97,81.97,0.92,0.62,10.13,25.0,2.0,1.0,0.041667,1.14658,3.50476,6.4952,4.7991,-1.6962
9,83,Tomato,26.07,87.46,0.92,0.62,10.13,25.0,2.0,1.0,0.041667,1.07734,3.54965,6.4504,4.5489,-1.9015
9,84,Tomato,32.45,76.65,0.92,0.62,10.13,25.0,2.0,1.0,0.041667,1.67546,3.61946,6.3805,5.0302,-1.3503
9,85,Tomato,27.87,75.97,0.92,0.62,10.13,25.0,2.0,1.0,0.041667,1.22019,3.6703,6.3297,4.6205,-1.7092
9,86,Tomato,26.95,69.82,0.92,0.62,10.13,25.0,2.0,1.0,0.041667,1.14489,3.71801,6.282,4.8297,-1.4523
9,87,Tomato,29.28,69.98,0.92,0.62,10.13,25.0,2.0,1.0,0.041667,1.34567,3.77408,6.2259,4.8974,-1.3285
9,88,Tomato,26.18,65.42,0.92,0.62,10.13,25.0,2.0,1.0,0.041667,1.0849,3.81928,6.1807,4.8156,-1.3651
9,89,Tomato,27.15,70.44,0.92,0.62,10.13,25.0,2.0,1.0,0.041667,1.16032,3.86763,6.1324,4.6463,-1.4861
9,90,Tomato,24.11,68.12,0.92,0.62,10.13,25.0,2.0,1.0,0.041667,0.94044,3.90681,6.0932,4.719,-1.3742
9,91,Tomato,23.42,68.78,0.92,0.62,10.13,25.0,2.0,1.0,0.041667,0.89642,3.94416,6.0558,4.5121,-1.5438
9,92,Tomato,22.33,61.93,0.92,0.62,10.13,25.0,2.0,1.0,0.041667,0.83112,3.97879,6.0212,4.5534,-1.4678
9,93,Tomato,23.61,68.96,0.92,0.62,10.13,25.0,2.0,1.0,0.041667,0.90805,4.01663,5.9834,4.4961,-1.4873
9,94,Tomato,23.36,63.04,0.92,0.62,10.13,25.0,2.0,1.0,0.041667,0.89253,4.05382,5.9462,4.534,-1.4122
9,95,Tomato,22.28,63.33,0.92,0.62,10.13,25.0,2.0,1.0,0.041667,0.82808,4.08832,5.9117,4.4701,-1.4415
10,0,Banana,22.81,65.08,0.88,0.513,31.91,25.0,2.2,1.0,0.041667,0.84161,0.03507,6.9649,6.9568,-0.0082
10,1,Banana,23.22,65.61,0.88,0.513,31.91,25.0,2.2,1.0,0.041667,0.86926,0.07129,6.9287,6.7642,-0.1645
10,2,Banana,26.5,61.71,0.88,0.513,31.91,25.0,2.2,1.0,0.041667,1.12594,0.1182,6.8818,6.7042,-0.1776
10,3,Banana,21.76,66.68,0.88,0.513,31.91,25.0,2.2,1.0,0.041667,0.77444,0.15047,6.8495,6.7807,-0.0688
10,4,Banana,23.43,69.73,0.88,0.513,31.91,25.0,2.2,1.0,0.041667,0.88353,0.18728,6.8127,6.6529,-0.1598
10,5,Banana,22.72,72.47,0.88,0.513,31.91,25.0,2.2,1.0,0.041667,0.83578,0.22211,6.7779,6.5194,-0.2585
10,6,Banana,22.23,79.82,0.88,0.513,31.91,25.0,2.2,1.0,0.041667,0.80367,0.25559,6.7444,6.5213,-0.2231
10,7,Banana,22.97,79.8,0.88,0.513,31.91,25.0,2.2,1.0,0.041667,0.8523,0.2911,6.7089,6.4103,-0.2986
10,8,Banana,23.31,77.42,0.88,0.513,31.91,25.0,2.2,1.0,0.041667,0.87535,0.32758,6.6724,6.3797,-0.2927
10,9,Banana,26.24,84.76,0.88,0.513,31.91,25.0,2.2,1.0,0.041667,1.10291,0.37353,6.6265,6.1159,-0.5106
10,10,Banana,26.02,82.57,0.88,0.513,31.91,25.0,2.2,1.0,0.041667,1.0835,0.41868,6.5813,6.174,-0.4074
10,11,Banana,26.17,78.7,0.88,0.513,31.91,25.0,2.2,1.0,0.041667,1.09655,0.46437,6.5356,6.1777,-0.3579
10,12,Banana,27.19,75.68,0.88,0.513,31.91,25.0,2.2,1.0,0.041667,1.18885,0.5139,6.4861,5.8767,-0.6094
10,13,Banana,27.67,85.16,0.88,0.513,31.91,25.0,2.2,1.0,0.041667,1.23414,0.56533,6.4347,5.8627,-0.572
10,14,Banana,27.32,93.13,0.88,0.513,31.91,25.0,2.2,1.0,0.041667,1.20064,0.61535,6.3846,5.5019,-0.8827
10,15,Banana,28.06,75.93,0.88,0.513,31.91,25.0,2.2,1.0,0.041667,1.27241,0.66837,6.3316,5.6747,-0.6569
10,16,Banana,27.98,75.05,0.88,0.513,31.91,25.0,2.2,1.0,0.041667,1.26498,0.72108,6.2789,5.5467,-0.7323
10,17,Banana,28.34,72.15,0.88,0.513,31.91,25.0,2.2,1.0,0.041667,1.30142,0.7753,6.2247,5.4651,-0.7596
10,18,Banana,26.09,68.34,0.88,0.513,31.91,25.0,2.2,1.0,0.041667,1.0901,0.82072,6.1793,5.3816,-0.7976
10,19,Banana,26.39,64.2,0.88,0.513,31.91,25.0,2.2,1.0,0.041667,1.1154,0.8672,6.1328,5.3359,-0.7969
10,20,Banana,23.66,64.59,0.88,0.513,31.91,25.0,2.2,1.0,0.041667,0.89991,0.9047,6.0953,5.177,-0.9183
10,21,Banana,24.01,65.84,0.88,0.513,31.91,25.0,2.2,1.0,0.041667,0.92504,0.94324,6.0568,5.1152,-0.9415
10,22,Banana,23.26,60.67,0.88,0.513,31.91,25.0,2.2,1.0,0.041667,0.87214,0.97958,6.0204,4.9945,-1.0259
10,23,Banana,23.08,67.49,0.88,0.513,31.91,25.0,2.2,1.0,0.041667,0.85927,1.01538,5.9846,4.987,-0.9976
10,24,Banana,21.71,70.75,0.88,0.513,31.91,25.0,2.2,1.0,0.041667,0.77168,1.04753,5.9525,4.8886,-1.0639
10,25,Banana,22.53,70.45,0.88,0.513,31.91,25.0,2.2,1.0,0.041667,0.82316,1.08183,5.9182,5.0091,-0.9091
10,26,Banana,21.88,68.49,0.88,0.513,31.91,25.0,2.2,1.0,0.041667,0.78163,1.1144,5.8856,4.8641,-1.0215
10,27,Banana,21.8,71.2,0.88,0.513,31.91,25.0,2.2,1.0,0.041667,0.77721,1.14678,5.8532,4.5805,-1.2727
10,28,Banana,22.26,72.09,0.88,0.513,31.91,25.0,2.2,1.0,0.041667,0.80565,1.18035,5.8196,4.4953,-1.3243
10,29,Banana,23.2,73.35,0.88,0.513,31.91,25.0,2.2,1.0,0.041667,0.86749,1.2165,5.7835,4.4932,-1.2903
10,30,Banana,23.03,72.04,0.88,0.513,31.91,25.0,2.2,1.0,0.041667,0.85627,1.25218,5.7478,4.429,-1.3188
10,31,Banana,23.67,80.25,0.88,0.513,31.91,25.0,2.2,1.0,0.041667,0.90041,1.28969,5.7103,4.1965,-1.5138
10,32,Banana,24.37,79.83,0.88,0.513,31.91,25.0,2.2,1.0,0.041667,0.95179,1.32935,5.6706,4.3541,-1.3165
10,33,Banana,26.26,82.1,0.88,0.513,31.91,25.0,2.2,1.0,0.041667,1.10426,1.37536,5.6246,4.0098,-1.6148
10,34,Banana,25.14,80.87,0.88,0.513,31.91,25.0,2.2,1.0,0.041667,1.01103,1.41749,5.5825,4.2874,-1.2952
10,35,Banana,26.83,87.55,0.88,0.513,31.91,25.0,2.2,1.0,0.041667,1.15541,1.46563,5.5344,3.8521,-1.6823
10,36,Banana,28.57,79.52,0.88,0.513,31.91,25.0,2.2,1.0,0.041667,1.32512,1.52084,5.4792,3.843,-1.6362
10,37,Banana,26.07,84.47,0.88,0.513,31.91,25.0,2.2,1.0,0.041667,1.08825,1.56619,5.4338,3.7318,-1.7021
10,38,Banana,28.95,76.68,0.88,0.513,31.91,25.0,2.2,1.0,0.041667,1.36505,1.62306,5.3769,3.6106,-1.7664
10,39,Banana,32.94,67.38,0.88,0.513,31.91,25.0,2.2,1.0,0.041667,1.8703,1.70099,5.299,3.7507,-1.5483
10,40,Banana,28.72,74.23,0.88,0.513,31.91,25.0,2.2,1.0,0.041667,1.34069,1.75686,5.2431,3.571,-1.6722
10,41,Banana,28.28,68.71,0.88,0.513,31.91,25.0,2.2,1.0,0.041667,1.29502,1.81081,5.1892,3.4851,-1.7041
10,42,Banana,27.68,67.59,0.88,0.513,31.91,25.0,2.2,1.0,0.041667,1.23541,1.86229,5.1377,3.4837,-1.654
10,43,Banana,25.84,60.48,0.88,0.513,31.91,25.0,2.2,1.0,0.041667,1.06811,1.90679,5.0932,3.3143,-1.7789
10,44,Banana,24.33,67.04,0.88,0.513,31.91,25.0,2.2,1.0,0.041667,0.94848,1.94631,5.0537,3.255,-1.7987
10,45,Banana,24.08,62.59,0.88,0.513,31.91,25.0,2.2,1.0,0.041667,0.93031,1.98508,5.0149,3.0469,-1.968
10,46,Banana,23.26,59.23,0.88,0.513,31.91,25.0,2.2,1.0,0.041667,0.87207,2.02141,4.9786,3.2989,-1.6797
10,47,Banana,21.77,64.39,0.88,0.513,31.91,25.0,2.2,1.0,0.041667,0.77521,2.05371,4.9463,2.9717,-1.9746
10,48,Banana,21.89,63.26,0.88,0.513,31.91,25.0,2.2,1.0,0.041667,0.78232,2.08631,4.9137,3.11,-1.8037
10,49,Banana,22.75,63.47,0.88,0.513,31.91,25.0,2.2,1.0,0.041667,0.83766,2.12121,4.8788,3.0121,-1.8667
10,50,Banana,23.11,61.1,0.88,0.513,31.91,25.0,2.2,1.0,0.041667,0.86122,2.1571,4.8429,2.7624,-2.0805
10,51,Banana,21.32,72.85,0.88,0.513,31.91,25.0,2.2,1.0,0.041667,0.74814,2.18827,4.8117,2.6322,-2.1795
10,52,Banana,21.07,65.61,0.88,0.513,31.91,25.0,2.2,1.0,0.041667,0.7337,2.21884,4.7812,2.6453,-2.1359
10,53,Banana,23.31,69.6,0.88,0.513,31.91,25.0,2.2,1.0,0.041667,0.87537,2.25531,4.7447,2.5059,-2.2388
10,54,Banana,23.66,76.7,0.88,0.513,31.91,25.0,2.2,1.0,0.041667,0.89987,2.29281,4.7072,2.3319,-2.3753
10,55,Banana,24.92,72.69,0.88,0.513,31.91,25.0,2.2,1.0,0.041667,0.99347,2.3342,4.6658,2.3114,-2.3544
10,56,Banana,23.98,82.86,0.88,0.513,31.91,25.0,2.2,1.0,0.041667,0.9224,2.37264,4.6274,2.2962,-2.3311
10,57,Banana,25.08,84.37,0.88,0.513,31.91,25.0,2.2,1.0,0.041667,1.00658,2.41458,4.5854,2.1457,-2.4397
10,58,Banana,26.62,79.94,0.88,0.513,31.91,25.0,2.2,1.0,0.041667,1.13654,2.46193,4.5381,1.8858,-2.6522
10,59,Banana,26.58,82.46,0.88,0.513,31.91,25.0,2.2,1.0,0.041667,1.13294,2.50914,4.4909,1.985,-2.5059
10,60,Banana,26.82,81.43,0.88,0.513,31.91,25.0,2.2,1.0,0.041667,1.15466,2.55725,4.4428,1.7709,-2.6719
10,61,Banana,27.29,76.65,0.88,0.513,31.91,25.0,2.2,1.0,0.041667,1.19761,2.60715,4.3928,1.7539,-2.6389
10,62,Banana,28.34,80.46,0.88,0.513,31.91,25.0,2.2,1.0,0.041667,1.30175,2.66139,4.3386,1.7247,-2.6139
10,63,Banana,28.58,79.2,0.88,0.513,31.91,25.0,2.2,1.0,0.041667,1.32603,2.71664,4.2834,1.6331,-2.6503
10,64,Banana,27.21,89.36,0.88,0.513,31.91,25.0,2.2,1.0,0.041667,1.1907,2.76625,4.2337,0.9996,-3.2341
10,65,Banana,26.62,67.71,0.88,0.513,31.91,25.0,2.2,1.0,0.041667,1.13647,2.81361,4.1864,1.58,-2.6064
10,66,Banana,26.33,69.76,0.88,0.513,31.91,25.0,2.2,1.0,0.041667,1.11083,2.85989,4.1401,1.4625,-2.6776
10,67,Banana,27.05,67.03,0.88,0.513,31.91,25.0,2.2,1.0,0.041667,1.17513,2.90885,4.0911,1.3426,-2.7485
10,68,Banana,25.72,67.57,0.88,0.513,31.91,25.0,2.2,1.0,0.041667,1.05852,2.95296,4.047,1.2816,-2.7654
10,69,Banana,24.0,63.31,0.88,0.513,31.91,25.0,2.2,1.0,0.041667,0.92419,2.99147,4.0085,1.3193,-2.6892
10,70,Banana,23.24,63.14,0.88,0.513,31.91,25.0,2.2,1.0,0.041667,0.87053,3.02774,3.9723,1.0858,-2.8865
10,71,Banana,24.23,59.35,0.88,0.513,31.91,25.0,2.2,1.0,0.041667,0.94119,3.06696,3.933,1.0425,-2.8905
10,72,Banana,23.27,64.19,0.88,0.513,31.91,25.0,2.2,1.0,0.041667,0.87281,3.10332,3.8967,1.1511,-2.7456
10,73,Banana,23.4,71.05,0.88,0.513,31.91,25.0,2.2,1.0,0.041667,0.88129,3.14004,3.86,0.9475,-2.9125
10,74,Banana,22.51,68.31,0.88,0.513,31.91,25.0,2.2,1.0,0.041667,0.82148,3.17427,3.8257,0.7621,-3.0636
10,75,Banana,19.78,63.74,0.88,0.513,31.91,25.0,2.2,1.0,0.041667,0.66286,3.20189,3.7981,0.9134,-2.8847
10,76,Banana,21.93,63.75,0.88,0.513,31.91,25.0,2.2,1.0,0.041667,0.78523,3.23461,3.7654,0.8592,-2.9062
10,77,Banana,23.5,70.73,0.88,0.513,31.91,25.0,2.2,1.0,0.041667,0.88876,3.27164,3.7284,0.5638,-3.1646
10,78,Banana,23.31,74.11,0.88,0.513,31.91,25.0,2.2,1.0,0.041667,0.87517,3.30811,3.6919,0.3216,-3.3703
10,79,Banana,21.89,80.84,0.88,0.513,31.91,25.0,2.2,1.0,0.041667,0.78281,3.34072,3.6593,0.322,-3.3373
10,80,Banana,25.72,78.93,0.88,0.513,31.91,25.0,2.2,1.0,0.041667,1.05823,3.38482,3.6152,0.1197,-3.4955
10,81,Banana,25.65,80.49,0.88,0.513,31.91,25.0,2.2,1.0,0.041667,1.05222,3.42866,3.5713,0.2106,-3.3607
10,82,Banana,25.41,82.17,0.88,0.513,31.91,25.0,2.2,1.0,0.041667,1.03261,3.47168,3.5283,0.0,-3.5283
10,83,Banana,26.42,82.32,0.88,0.513,31.91,25.0,2.2,1.0,0.041667,1.11854,3.51829,3.4817,0.0,-3.4817
10,84,Banana,28.55,82.21,0.88,0.513,31.91,25.0,2.2,1.0,0.041667,1.32334,3.57343,3.4266,0.0,-3.4266
10,85,Banana,33.59,83.67,0.88,0.513,31.91,25.0,2.2,1.0,0.041667,1.96903,3.65547,3.3445,0.0,-3.3445
10,86,Banana,27.03,80.21,0.88,0.513,31.91,25.0,2.2,1.0,0.041667,1.1735,3.70437,3.2956,0.0,-3.2956
10,87,Banana,27.24,76.42,0.88,0.513,31.91,25.0,2.2,1.0,0.041667,1.19341,3.75409,3.2459,0.0,-3.2459
10,88,Banana,29.43,77.32,0.88,0.513,31.91,25.0,2.2,1.0,0.041667,1.41818,3.81318,3.1868,0.0,-3.1868
10,89,Banana,27.75,66.8,0.88,0.513,31.91,25.0,2.2,1.0,0.041667,1.24231,3.86495,3.1351,0.0,-3.1351
10,90,Banana,26.85,67.06,0.88,0.513,31.91,25.0,2.2,1.0,0.041667,1.15744,3.91317,3.0868,0.0,-3.0868
10,91,Banana,25.51,67.41,0.88,0.513,31.91,25.0,2.2,1.0,0.041667,1.04101,3.95655,3.0435,0.0,-3.0435
10,92,Banana,24.23,66.27,0.88,0.513,31.91,25.0,2.2,1.0,0.041667,0.94075,3.99575,3.0043,0.0,-3.0043
10,93,Banana,25.04,56.37,0.88,0.513,31.91,25.0,2.2,1.0,0.041667,1.00321,4.03755,2.9625,0.0,-2.9625
10,94,Banana,22.87,59.0,0.88,0.513,31.91,25.0,2.2,1.0,0.041667,0.84573,4.07279,2.9272,0.0,-2.9272
10,95,Banana,22.96,64.12,0.88,0.513,31.91,25.0,2.2,1.0,0.041667,0.85161,4.10827,2.8917,0.0,-2.8917
11,0,Mango,27.71,79.65,0.946,0.621,12.25,25.0,2.1,1.0,0.041667,1.22314,0.05096,8.949,8.9245,-0.0246
11,1,Mango,26.95,80.04,0.946,0.621,12.25,25.0,2.1,1.0,0.041667,1.15542,0.09911,8.9009,9.0,0.0991
11,2,Mango,26.84,79.75,0.946,0.621,12.25,25.0,2.1,1.0,0.041667,1.14604,0.14686,8.8531,8.951,0.0979
11,3,Mango,28.64,73.39,0.946,0.621,12.25,25.0,2.1,1.0,0.041667,1.31016,0.20145,8.7986,8.8762,0.0777
11,4,Mango,28.45,73.34,0.946,0.621,12.25,25.0,2.1,1.0,0.041667,1.29178,0.25527,8.7447,8.6644,-0.0803
11,5,Mango,26.93,68.83,0.946,0.621,12.25,25.0,2.1,1.0,0.041667,1.15384,0.30335,8.6967,8.5152,-0.1814
11,6,Mango,24.39,67.36,0.946,0.621,12.25,25.0,2.1,1.0,0.041667,0.95604,0.34318,8.6568,8.6431,-0.0137
11,7,Mango,25.26,63.62,0.946,0.621,12.25,25.0,2.1,1.0,0.041667,1.01962,0.38567,8.6143,8.4624,-0.1519
11,8,Mango,25.38,62.69,0.946,0.621,12.25,25.0,2.1,1.0,0.041667,1.02852,0.42852,8.5715,8.4541,-0.1173
11,9,Mango,24.09,61.23,0.946,0.621,12.25,25.0,2.1,1.0,0.041667,0.93461,0.46747,8.5325,8.5515,0.0189
11,10,Mango,21.71,64.41,0.946,0.621,12.25,25.0,2.1,1.0,0.041667,0.78368,0.50012,8.4999,8.3248,-0.1751
11,11,Mango,21.99,60.08,0.946,0.621,12.25,25.0,2.1,1.0,0.041667,0.80004,0.53345,8.4665,8.3195,-0.1471
11,12,Mango,23.0,62.03,0.946,0.621,12.25,25.0,2.1,1.0,0.041667,0.8618,0.56936,8.4306,8.2411,-0.1896
11,13,Mango,21.62,69.08,0.946,0.621,12.25,25.0,2.1,1.0,0.041667,0.77819,0.60179,8.3982,8.2053,-0.1929
11,14,Mango,22.12,66.09,0.946,0.621,12.25,25.0,2.1,1.0,0.041667,0.8077,0.63544,8.3646,8.226,-0.1385
11,15,Mango,22.89,70.69,0.946,0.621,12.25,25.0,2.1,1.0,0.041667,0.85491,0.67106,8.3289,8.2329,-0.096
11,16,Mango,22.21,71.51,0.946,0.621,12.25,25.0,2.1,1.0,0.041667,0.81329,0.70495,8.2951,7.9486,-0.3465
11,17,Mango,23.01,73.6,0.946,0.621,12.25,25.0,2.1,1.0,0.041667,0.86264,0.74089,8.2591,8.0797,-0.1794
11,18,Mango,23.77,79.01,0.946,0.621,12.25,25.0,2.1,1.0,0.041667,0.91267,0.77892,8.2211,7.9985,-0.2226
11,19,Mango,26.18,75.24,0.946,0.621,12.25,25.0,2.1,1.0,0.041667,1.09152,0.8244,8.1756,7.7837,-0.3919
11,20,Mango,24.8,81.27,0.946,0.621,12.25,25.0,2.1,1.0,0.041667,0.98554,0.86546,8.1345,7.5921,-0.5424
11,21,Mango,25.92,84.96,0.946,0.621,12.25,25.0,2.1,1.0,0.041667,1.07088,0.91008,8.0899,7.5453,-0.5446
11,22,Mango,28.88,81.91,0.946,0.621,12.25,25.0,2.1,1.0,0.041667,1.33406,0.96567,8.0343,7.5962,-0.4381
11,23,Mango,28.89,80.16,0.946,0.621,12.25,25.0,2.1,1.0,0.041667,1.33456,1.02128,7.9787,7.4329,-0.5459
11,24,Mango,28.15,83.47,0.946,0.621,12.25,25.0,2.1,1.0,0.041667,1.26333,1.07392,7.9261,7.4658,-0.4603
11,25,Mango,28.52,77.23,0.946,0.621,12.25,25.0,2.1,1.0,0.041667,1.29809,1.128,7.872,7.2919,-0.5801
11,26,Mango,27.92,70.16,0.946,0.621,12.25,25.0,2.1,1.0,0.041667,1.24182,1.17975,7.8203,7.147,-0.6733
11,27,Mango,29.34,72.55,0.946,0.621,12.25,25.0,2.1,1.0,0.041667,1.37984,1.23724,7.7628,7.2707,-0.4921
11,28,Mango,26.13,70.37,0.946,0.621,12.25,25.0,2.1,1.0,0.041667,1.08777,1.28256,7.7174,7.2814,-0.436
11,29,Mango,28.81,70.24,0.946,0.621,12.25,25.0,2.1,1.0,0.041667,1.32651,1.33783,7.6622,7.0937,-0.5685
11,30,Mango,25.91,70.7,0.946,0.621,12.25,25.0,2.1,1.0,0.041667,1.06994,1.38241,7.6176,7.0684,-0.5492
11,31,Mango,25.09,60.85,0.946,0.621,12.25,25.0,2.1,1.0,0.041667,1.00636,1.42435,7.5757,7.1111,-0.4646
11,32,Mango,22.23,64.89,0.946,0.621,12.25,25.0,2.1,1.0,0.041667,0.81443,1.45828,7.5417,6.8839,-0.6579
11,33,Mango,22.71,64.34,0.946,0.621,12.25,25.0,2.1,1.0,0.041667,0.84348,1.49343,7.5066,7.0438,-0.4628
11,34,Mango,24.57,61.35,0.946,0.621,12.25,25.0,2.1,1.0,0.041667,0.96855,1.53378,7.4662,6.8566,-0.6096
11,35,Mango,23.42,66.0,0.946,0.621,12.25,25.0,2.1,1.0,0.041667,0.88929,1.57083,7.4292,6.7882,-0.641
11,36,Mango,20.78,63.57,0.946,0.621,12.25,25.0,2.1,1.0,0.041667,0.73107,1.6013,7.3987,6.8185,-0.5802
11,37,Mango,21.76,66.4,0.946,0.621,12.25,25.0,2.1,1.0,0.041667,0.78627,1.63406,7.3659,6.6988,-0.6671
11,38,Mango,22.14,64.81,0.946,0.621,12.25,25.0,2.1,1.0,0.041667,0.80875,1.66776,7.3322,6.5808,-0.7515
11,39,Mango,21.88,74.01,0.946,0.621,12.25,25.0,2.1,1.0,0.041667,0.7931,1.7008,7.2992,6.5658,-0.7334
11,40,Mango,24.03,71.06,0.946,0.621,12.25,25.0,2.1,1.0,0.041667,0.93055,1.73957,7.2604,6.5861,-0.6743
11,41,Mango,22.77,77.74,0.946,0.621,12.25,25.0,2.1,1.0,0.041667,0.84744,1.77488,7.2251,6.4381,-0.787
11,42,Mango,22.81,79.92,0.946,0.621,12.25,25.0,2.1,1.0,0.041667,0.84978,1.81029,7.1897,6.3622,-0.8275
11,43,Mango,22.79,86.01,0.946,0.621,12.25,25.0,2.1,1.0,0.041667,0.849,1.84567,7.1543,6.1444,-1.01
11,44,Mango,27.2,77.5,0.946,0.621,12.25,25.0,2.1,1.0,0.041667,1.17763,1.89473,7.1053,6.2444,-0.8609
11,45,Mango,26.28,81.5,0.946,0.621,12.25,25.0,2.1,1.0,0.041667,1.09989,1.94056,7.0594,6.1404,-0.919
11,46,Mango,27.34,77.87,0.946,0.621,12.25,25.0,2.1,1.0,0.041667,1.18951,1.99013,7.0099,6.1645,-0.8454
11,47,Mango,24.6,81.78,0.946,0.621,12.25,25.0,2.1,1.0,0.041667,0.97073,2.03057,6.9694,6.1599,-0.8095
11,48,Mango,29.6,83.49,0.946,0.621,12.25,25.0,2.1,1.0,0.041667,1.40701,2.0892,6.9108,5.854,-1.0568
11,49,Mango,28.5,77.31,0.946,0.621,12.25,25.0,2.1,1.0,0.041667,1.29675,2.14323,6.8568,5.919,-0.9378
11,50,Mango,27.24,74.22,0.946,0.621,12.25,25.0,2.1,1.0,0.041667,1.18094,2.19244,6.8076,5.9184,-0.8891
11,51,Mango,28.47,70.82,0.946,0.621,12.25,25.0,2.1,1.0,0.041667,1.29352,2.24633,6.7537,5.843,-0.9106
11,52,Mango,28.29,67.56,0.946,0.621,12.25,25.0,2.1,1.0,0.041667,1.27663,2.29952,6.7005,5.764,-0.9365
11,53,Mango,26.45,69.36,0.946,0.621,12.25,25.0,2.1,1.0,0.041667,1.11362,2.34593,6.6541,5.7017,-0.9524
11,54,Mango,26.8,59.29,0.946,0.621,12.25,25.0,2.1,1.0,0.041667,1.14269,2.39354,6.6065,5.7439,-0.8626
11,55,Mango,22.43,61.88,0.946,0.621,12.25,25.0,2.1,1.0,0.041667,0.82634,2.42797,6.572,5.6016,-0.9704
11,56,Mango,25.64,71.2,0.946,0.621,12.25,25.0,2.1,1.0,0.041667,1.0489,2.47167,6.5283,5.4719,-1.0565
11,57,Mango,23.78,66.51,0.946,0.621,12.25,25.0,2.1,1.0,0.041667,0.91331,2.50973,6.4903,5.4225,-1.0678
11,58,Mango,22.69,63.5,0.946,0.621,12.25,25.0,2.1,1.0,0.041667,0.8427,2.54484,6.4552,5.3017,-1.1535
11,59,Mango,21.93,56.48,0.946,0.621,12.25,25.0,2.1,1.0,0.041667,0.7966,2.57803,6.422,5.3375,-1.0845
11,60,Mango,21.49,61.6,0.946,0.621,12.25,25.0,2.1,1.0,0.041667,0.77088,2.61015,6.3898,5.4083,-0.9815
11,61,Mango,21.97,64.57,0.946,0.621,12.25,25.0,2.1,1.0,0.041667,0.79882,2.64344,6.3566,5.1936,-1.1629
11,62,Mango,22.3,68.71,0.946,0.621,12.25,25.0,2.1,1.0,0.041667,0.81833,2.67753,6.3225,5.186,-1.1365
11,63,Mango,21.39,73.75,0.946,0.621,12.25,25.0,2.1,1.0,0.041667,0.76494,2.70941,6.2906,5.0883,-1.2023
11,64,Mango,21.43,72.7,0.946,0.621,12.25,25.0,2.1,1.0,0.041667,0.76751,2.74138,6.2586,5.0718,-1.1868
11,65,Mango,21.65,76.43,0.946,0.621,12.25,25.0,2.1,1.0,0.041667,0.77986,2.77388,6.2261,4.9208,-1.3053
11,66,Mango,24.0,79.51,0.946,0.621,12.25,25.0,2.1,1.0,0.041667,0.92827,2.81256,6.1874,4.9003,-1.2871
11,67,Mango,23.89,78.28,0.946,0.621,12.25,25.0,2.1,1.0,0.041667,0.92122,2.85094,6.1491,4.828,-1.3211
11,68,Mango,26.85,83.13,0.946,0.621,12.25,25.0,2.1,1.0,0.041667,1.14693,2.89873,6.1013,4.6182,-1.483
11,69,Mango,26.02,86.06,0.946,0.621,12.25,25.0,2.1,1.0,0.041667,1.07872,2.94368,6.0563,4.4241,-1.6323
11,70,Mango,27.19,74.09,0.946,0.621,12.25,25.0,2.1,1.0,0.041667,1.1766,2.9927,6.0073,4.8676,-1.1397
11,71,Mango,27.49,83.24,0.946,0.621,12.25,25.0,2.1,1.0,0.041667,1.20277,3.04282,5.9572,4.3592,-1.598
11,72,Mango,28.15,78.76,0.946,0.621,12.25,25.0,2.1,1.0,0.041667,1.26341,3.09546,5.9045,4.3869,-1.5177
11,73,Mango,26.75,76.28,0.946,0.621,12.25,25.0,2.1,1.0,0.041667,1.13845,3.14289,5.8571,4.3785,-1.4786
11,74,Mango,28.11,85.44,0.946,0.621,12.25,25.0,2.1,1.0,0.041667,1.25936,3.19537,5.8046,4.1776,-1.627
11,75,Mango,27.36,72.24,0.946,0.621,12.25,25.0,2.1,1.0,0.041667,1.19119,3.245,5.755,4.3147,-1.4403
11,76,Mango,27.16,69.07,0.946,0.621,12.25,25.0,2.1,1.0,0.041667,1.17351,3.2939,5.7061,4.3978,-1.3083
11,77,Mango,27.21,66.17,0.946,0.621,12.25,25.0,2.1,1.0,0.041667,1.1786,3.343,5.657,4.3113,-1.3457
11,78,Mango,26.49,68.15,0.946,0.621,12.25,25.0,2.1,1.0,0.041667,1.11655,3.38953,5.6105,4.1635,-1.447
11,79,Mango,25.56,63.06,0.946,0.621,12.25,25.0,2.1,1.0,0.041667,1.04223,3.43295,5.567,4.1342,-1.4328
11,80,Mango,24.82,60.46,0.946,0.621,12.25,25.0,2.1,1.0,0.041667,0.9869,3.47407,5.5259,4.033,-1.493
11,81,Mango,23.83,60.18,0.946,0.621,12.25,25.0,2.1,1.0,0.041667,0.91709,3.51229,5.4877,4.1709,-1.3168
11,82,Mango,22.57,60.86,0.946,0.621,12.25,25.0,2.1,1.0,0.041667,0.8348,3.54707,5.4529,3.9399,-1.513
11,83,Mango,22.95,61.27,0.946,0.621,12.25,25.0,2.1,1.0,0.041667,0.85914,3.58287,5.4171,3.9025,-1.5146
11,84,Mango,21.98,62.26,0.946,0.621,12.25,25.0,2.1,1.0,0.041667,0.799,3.61616,5.3838,4.0221,-1.3617
11,85,Mango,22.13,68.15,0.946,0.621,12.25,25.0,2.1,1.0,0.041667,0.80792,3.64982,5.3502,3.8438,-1.5064
11,86,Mango,22.93,72.78,0.946,0.621,12.25,25.0,2.1,1.0,0.041667,0.85758,3.68555,5.3144,3.6996,-1.6149
11,87,Mango,21.21,71.37,0.946,0.621,12.25,25.0,2.1,1.0,0.041667,0.75488,3.71701,5.283,3.6428,-1.6402
11,88,Mango,21.86,76.18,0.946,0.621,12.25,25.0,2.1,1.0,0.041667,0.79202,3.75001,5.25,3.3356,-1.9143
11,89,Mango,24.06,76.85,0.946,0.621,12.25,25.0,2.1,1.0,0.041667,0.93252,3.78886,5.2111,3.425,-1.7862
11,90,Mango,24.04,77.76,0.946,0.621,12.25,25.0,2.1,1.0,0.041667,0.93093,3.82765,5.1723,3.4623,-1.7101
11,91,Mango,24.36,77.89,0.946,0.621,12.25,25.0,2.1,1.0,0.041667,0.95376,3.86739,5.1326,3.4776,-1.6551
11,92,Mango,26.49,78.85,0.946,0.621,12.25,25.0,2.1,1.0,0.041667,1.11656,3.91392,5.0861,3.1093,-1.9768
11,93,Mango,26.6,80.48,0.946,0.621,12.25,25.0,2.1,1.0,0.041667,1.12621,3.96084,5.0392,3.0428,-1.9964
11,94,Mango,27.44,81.37,0.946,0.621,12.25,25.0,2.1,1.0,0.041667,1.19855,4.01078,4.9892,3.1028,-1.8864
11,95,Mango,26.37,80.94,0.946,0.621,12.25,25.0,2.1,1.0,0.041667,1.10686,4.0569,4.9431,3.0291,-1.914
12,0,Mango,22.97,63.26,0.904,0.49,4.83,25.0,2.1,1.0,0.041667,0.8601,0.03584,8.9642,8.9208,-0.0434
12,1,Mango,23.19,63.07,0.904,0.49,4.83,25.0,2.1,1.0,0.041667,0.87456,0.07228,8.9277,8.8132,-0.1145
12,2,Mango,21.74,73.37,0.904,0.49,4.83,25.0,2.1,1.0,0.041667,0.78496,0.10498,8.895,8.8058,-0.0892
12,3,Mango,21.7,74.24,0.904,0.49,4.83,25.0,2.1,1.0,0.041667,0.78306,0.13761,8.8624,8.9703,0.1079
12,4,Mango,23.18,74.11,0.904,0.49,4.83,25.0,2.1,1.0,0.041667,0.87377,0.17402,8.826,8.7422,-0.0837
12,5,Mango,23.57,77.12,0.904,0.49,4.83,25.0,2.1,1.0,0.041667,0.89934,0.21149,8.7885,8.7927,0.0042
12,6,Mango,24.8,84.79,0.904,0.49,4.83,25.0,2.1,1.0,0.041667,0.98555,0.25256,8.7474,8.6207,-0.1267
12,7,Mango,25.77,75.53,0.904,0.49,4.83,25.0,2.1,1.0,0.041667,1.05916,0.29669,8.7033,8.6224,-0.0809
12,8,Mango,27.28,85.67,0.904,0.49,4.83,25.0,2.1,1.0,0.041667,1.18407,0.34602,8.654,8.5412,-0.1127
12,9,Mango,26.46,95.41,0.904,0.49,4.83,25.0,2.1,1.0,0.041667,1.11462,0.39247,8.6075,8.4048,-0.2028
12,10,Mango,27.4,79.97,0.904,0.49,4.83,25.0,2.1,1.0,0.041667,1.19447,0.44224,8.5578,8.3022,-0.2555
12,11,Mango,29.58,78.95,0.904,0.49,4.83,25.0,2.1,1.0,0.041667,1.40418,0.50074,8.4993,8.4212,-0.0781
12,12,Mango,27.79,73.88,0.904,0.49,4.83,25.0,2.1,1.0,0.041667,1.23039,0.55201,8.448,8.2771,-0.1709
12,13,Mango,27.59,77.99,0.904,0.49,4.83,25.0,2.1,1.0,0.041667,1.2117,0.6025,8.3975,8.3694,-0.0281
12,14,Mango,28.46,75.67,0.904,0.49,4.83,25.0,2.1,1.0,0.041667,1.29283,0.65636,8.3436,8.2926,-0.0511
12,15,Mango,33.33,78.01,0.904,0.49,4.83,25.0,2.1,1.0,0.041667,1.85484,0.73365,8.2664,8.088,-0.1784
12,16,Mango,26.11,71.78,0.904,0.49,4.83,25.0,2.1,1.0,0.041667,1.08568,0.77889,8.2211,8.2314,0.0103
12,17,Mango,25.76,60.31,0.904,0.49,4.83,25.0,2.1,1.0,0.041667,1.05796,0.82297,8.177,8.0824,-0.0946
12,18,Mango,25.86,67.05,0.904,0.49,4.83,25.0,2.1,1.0,0.041667,1.06619,0.86739,8.1326,8.0004,-0.1322
12,19,Mango,25.36,65.21,0.904,0.49,4.83,25.0,2.1,1.0,0.041667,1.02716,0.91019,8.0898,7.9866,-0.1032
12,20,Mango,24.78,61.04,0.904,0.49,4.83,25.0,2.1,1.0,0.041667,0.98371,0.95118,8.0488,7.7872,-0.2616
12,21,Mango,22.12,62.11,0.904,0.49,4.83,25.0,2.1,1.0,0.041667,0.80752,0.98483,8.0152,8.0288,0.0137
12,22,Mango,22.05,62.33,0.904,0.49,4.83,25.0,2.1,1.0,0.041667,0.80344,1.0183,7.9817,7.7994,-0.1823
12,23,Mango,23.06,64.23,0.904,0.49,4.83,25.0,2.1,1.0,0.041667,0.86616,1.05439,7.9456,7.8277,-0.1179
12,24,Mango,23.43,65.58,0.904,0.49,4.83,25.0,2.1,1.0,0.041667,0.88988,1.09147,7.9085,7.6354,-0.2731
12,25,Mango,27.38,67.74,0.904,0.49,4.83,25.0,2.1,1.0,0.041667,1.19344,1.1412,7.8588,7.6736,-0.1852
12,26,Mango,22.18,71.46,0.904,0.49,4.83,25.0,2.1,1.0,0.041667,0.81127,1.175,7.825,7.5019,-0.3231
12,27,Mango,21.93,73.9,0.904,0.49,4.83,25.0,2.1,1.0,0.041667,0.79647,1.20819,7.7918,7.4972,-0.2947
12,28,Mango,23.0,74.08,0.904,0.49,4.83,25.0,2.1,1.0,0.041667,0.86222,1.24411,7.7559,7.4883,-0.2676
12,29,Mango,23.83,79.58,0.904,0.49,4.83,25.0,2.1,1.0,0.041667,0.91709,1.28232,7.7177,7.5663,-0.1513
12,30,Mango,24.75,79.68,0.904,0.49,4.83,25.0,2.1,1.0,0.041667,0.98133,1.32321,7.6768,7.3387,-0.338
12,31,Mango,25.35,81.66,0.904,0.49,4.83,25.0,2.1,1.0,0.041667,1.02606,1.36597,7.634,7.272,-0.362
12,32,Mango,26.03,77.57,0.904,0.49,4.83,25.0,2.1,1.0,0.041667,1.07953,1.41095,7.5891,7.4643,-0.1248
12,33,Mango,26.23,79.78,0.904,0.49,4.83,25.0,2.1,1.0,0.041667,1.09523,1.45658,7.5434,7.1292,-0.4142
12,34,Mango,27.09,81.29,0.904,0.49,4.83,25.0,2.1,1.0,0.041667,1.16811,1.50525,7.4947,7.1683,-0.3264
12,35,Mango,27.72,82.14,0.904,0.49,4.83,25.0,2.1,1.0,0.041667,1.22401,1.55625,7.4437,7.1709,-0.2728
12,36,Mango,28.35,81.21,0.904,0.49,4.83,25.0,2.1,1.0,0.041667,1.28256,1.60969,7.3903,7.1006,-0.2897
12,37,Mango,28.39,78.27,0.904,0.49,4.83,25.0,2.1,1.0,0.041667,1.28623,1.66329,7.3367,6.9966,-0.3401
12,38,Mango,27.18,72.08,0.904,0.49,4.83,25.0,2.1,1.0,0.041667,1.17561,1.71227,7.2877,7.1065,-0.1813
12,39,Mango,27.07,73.85,0.904,0.49,4.83,25.0,2.1,1.0,0.041667,1.16559,1.76084,7.2392,6.86,-0.3792
12,40,Mango,28.94,66.33,0.904,0.49,4.83,25.0,2.1,1.0,0.041667,1.3398,1.81666,7.1833,6.8831,-0.3003
12,41,Mango,26.22,63.03,0.904,0.49,4.83,25.0,2.1,1.0,0.041667,1.09458,1.86227,7.1377,6.9131,-0.2246
12,42,Mango,25.72,68.66,0.904,0.49,4.83,25.0,2.1,1.0,0.041667,1.05513,1.90623,7.0938,6.761,-0.3328
12,43,Mango,25.96,60.78,0.904,0.49,4.83,25.0,2.1,1.0,0.041667,1.0737,1.95097,7.049,6.7224,-0.3266
12,44,Mango,22.9,62.98,0.904,0.49,4.83,25.0,2.1,1.0,0.041667,0.85564,1.98662,7.0134,6.6067,-0.4067
12,45,Mango,24.23,61.64,0.904,0.49,4.83,25.0,2.1,1.0,0.041667,0.94414,2.02596,6.974,6.7279,-0.2461
12,46,Mango,23.09,63.18,0.904,0.49,4.83,25.0,2.1,1.0,0.041667,0.86774,2.06212,6.9379,6.7643,-0.1736
12,47,Mango,22.42,62.52,0.904,0.49,4.83,25.0,2.1,1.0,0.041667,0.82603,2.09653,6.9035,6.6621,-0.2413
12,48,Mango,24.89,57.96,0.904,0.49,4.83,25.0,2.1,1.0,0.041667,0.99185,2.13786,6.8621,6.4505,-0.4117
12,49,Mango,21.63,68.79,0.904,0.49,4.83,25.0,2.1,1.0,0.041667,0.77876,2.17031,6.8297,6.5719,-0.2578
12,50,Mango,21.9,68.41,0.904,0.49,4.83,25.0,2.1,1.0,0.041667,0.79445,2.20341,6.7966,6.6773,-0.1193
12,51,Mango,23.31,72.86,0.904,0.49,4.83,25.0,2.1,1.0,0.041667,0.88232,2.24017,6.7598,6.5086,-0.2512
12,52,Mango,23.2,71.88,0.904,0.49,4.83,25.0,2.1,1.0,0.041667,0.87512,2.27664,6.7234,6.3933,-0.3301
12,53,Mango,24.23,74.93,0.904,0.49,4.83,25.0,2.1,1.0,0.041667,0.94419,2.31598,6.684,6.3366,-0.3474
12,54,Mango,26.13,79.49,0.904,0.49,4.83,25.0,2.1,1.0,0.041667,1.08735,2.36129,6.6387,6.4171,-0.2216
12,55,Mango,24.34,82.25,0.904,0.49,4.83,25.0,2.1,1.0,0.041667,0.95216,2.40096,6.599,6.0472,-0.5519
12,56,Mango,27.69,83.3,0.904,0.49,4.83,25.0,2.1,1.0,0.041667,1.22127,2.45184,6.5482,6.0161,-0.532
12,57,Mango,28.62,84.01,0.904,0.49,4.83,25.0,2.1,1.0,0.041667,1.30791,2.50634,6.4937,5.8781,-0.6156
12,58,Mango,27.23,78.98,0.904,0.49,4.83,25.0,2.1,1.0,0.041667,1.18031,2.55552,6.4445,6.0382,-0.4063
12,59,Mango,27.73,83.01,0.904,0.49,4.83,25.0,2.1,1.0,0.041667,1.22409,2.60652,6.3935,5.8023,-0.5912
12,60,Mango,28.7,79.95,0.904,0.49,4.83,25.0,2.1,1.0,0.041667,1.31582,2.66135,6.3386,5.7489,-0.5898
12,61,Mango,27.5,71.94,0.904,0.49,4.83,25.0,2.1,1.0,0.041667,1.20378,2.71151,6.2885,5.8265,-0.462
12,62,Mango,27.43,71.84,0.904,0.49,4.83,25.0,2.1,1.0,0.041667,1.19779,2.76142,6.2386,5.9114,-0.3272
12,63,Mango,26.73,69.16,0.904,0.49,4.83,25.0,2.1,1.0,0.041667,1.13703,2.80879,6.1912,5.8848,-0.3064
12,64,Mango,27.88,67.24,0.904,0.49,4.83,25.0,2.1,1.0,0.041667,1.23798,2.86037,6.1396,5.6513,-0.4883
12,65,Mango,26.88,72.88,0.904,0.49,4.83,25.0,2.1,1.0,0.041667,1.14964,2.90828,6.0917,5.66,-0.4317
12,66,Mango,25.11,74.51,0.904,0.49,4.83,25.0,2.1,1.0,0.041667,1.0081,2.95028,6.0497,5.6078,-0.442
12,67,Mango,22.82,61.16,0.904,0.49,4.83,25.0,2.1,1.0,0.041667,0.85085,2.98573,6.0143,5.6982,-0.3161
12,68,Mango,24.18,66.29,0.904,0.49,4.83,25.0,2.1,1.0,0.041667,0.94111,3.02494,5.9751,5.6726,-0.3024
12,69,Mango,22.77,66.74,0.904,0.49,4.83,25.0,2.1,1.0,0.041667,0.84761,3.06026,5.9397,5.5721,-0.3676
12,70,Mango,22.33,56.89,0.904,0.49,4.83,25.0,2.1,1.0,0.041667,0.82012,3.09443,5.9056,5.6813,-0.2243
12,71,Mango,22.77,63.0,0.904,0.49,4.83,25.0,2.1,1.0,0.041667,0.84743,3.12974,5.8703,5.4543,-0.4159
12,72,Mango,22.29,66.1,0.904,0.49,4.83,25.0,2.1,1.0,0.041667,0.8181,3.16383,5.8362,5.3037,-0.5325
12,73,Mango,21.7,66.66,0.904,0.49,4.83,25.0,2.1,1.0,0.041667,0.78304,3.19646,5.8035,5.4757,-0.3279
12,74,Mango,21.96,67.97,0.904,0.49,4.83,25.0,2.1,1.0,0.041667,0.7982,3.22972,5.7703,5.3038,-0.4665
12,75,Mango,23.8,71.97,0.904,0.49,4.83,25.0,2.1,1.0,0.041667,0.91498,3.26784,5.7322,5.2565,-0.4756
12,76,Mango,27.41,75.39,0.904,0.49,4.83,25.0,2.1,1.0,0.041667,1.1957,3.31766,5.6823,5.1905,-0.4918
12,77,Mango,23.96,72.64,0.904,0.49,4.83,25.0,2.1,1.0,0.041667,0.92584,3.35624,5.6438,5.0448,-0.5989
12,78,Mango,28.39,78.68,0.904,0.49,4.83,25.0,2.1,1.0,0.041667,1.28562,3.40981,5.5902,4.864,-0.7262
12,79,Mango,24.43,79.38,0.904,0.49,4.83,25.0,2.1,1.0,0.041667,0.95835,3.44974,5.5503,4.821,-0.7293
12,80,Mango,26.46,80.87,0.904,0.49,4.83,25.0,2.1,1.0,0.041667,1.11432,3.49617,5.5038,4.8292,-0.6747
12,81,Mango,27.58,76.88,0.904,0.49,4.83,25.0,2.1,1.0,0.041667,1.21097,3.54662,5.4534,4.7676,-0.6858
12,82,Mango,27.56,81.43,0.904,0.49,4.83,25.0,2.1,1.0,0.041667,1.20926,3.59701,5.403,4.7174,-0.6856
12,83,Mango,24.51,82.22,0.904,0.49,4.83,25.0,2.1,1.0,0.041667,0.96454,3.6372,5.3628,4.6201,-0.7427
12,84,Mango,28.33,79.74,0.904,0.49,4.83,25.0,2.1,1.0,0.041667,1.28016,3.69054,5.3095,4.5299,-0.7795
12,85,Mango,26.54,71.1,0.904,0.49,4.83,25.0,2.1,1.0,0.041667,1.12105,3.73725,5.2628,4.6677,-0.595
12,86,Mango,27.24,73.18,0.904,0.49,4.83,25.0,2.1,1.0,0.041667,1.18063,3.78644,5.2136,4.5787,-0.6349
12,87,Mango,27.14,75.54,0.904,0.49,4.83,25.0,2.1,1.0,0.041667,1.17181,3.83527,5.1647,4.4757,-0.689
12,88,Mango,25.24,66.44,0.904,0.49,4.83,25.0,2.1,1.0,0.041667,1.01793,3.87768,5.1223,4.603,-0.5193
12,89,Mango,27.53,67.83,0.904,0.49,4.83,25.0,2.1,1.0,0.041667,1.20608,3.92793,5.0721,4.5901,-0.482
12,90,Mango,25.88,64.61,0.904,0.49,4.83,25.0,2.1,1.0,0.041667,1.0674,3.97241,5.0276,4.4899,-0.5377
12,91,Mango,25.18,60.35,0.904,0.49,4.83,25.0,2.1,1.0,0.041667,1.01342,4.01464,4.9854,4.6188,-0.3665
12,92,Mango,23.95,59.56,0.904,0.49,4.83,25.0,2.1,1.0,0.041667,0.9254,4.05319,4.9468,4.408,-0.5388
12,93,Mango,22.32,58.02,0.904,0.49,4.83,25.0,2.1,1.0,0.041667,0.81945,4.08734,4.9127,4.2261,-0.6866
12,94,Mango,23.66,58.07,0.904,0.49,4.83,25.0,2.1,1.0,0.041667,0.90514,4.12505,4.8749,4.3068,-0.5682
12,95,Mango,22.44,57.95,0.904,0.49,4.83,25.0,2.1,1.0,0.041667,0.827,4.15951,4.8405,4.3421,-0.4984
13,0,Tomato,23.03,61.55,0.941,0.551,4.82,25.0,2.0,1.0,0.041667,0.87226,0.03634,9.9637,10.0,0.0363
13,1,Tomato,22.98,60.95,0.941,0.551,4.82,25.0,2.0,1.0,0.041667,0.86925,0.07256,9.9274,9.9243,-0.0031
13,2,Tomato,21.19,62.68,0.941,0.551,4.82,25.0,2.0,1.0,0.041667,0.76772,0.10455,9.8954,9.8415,-0.0539
13,3,Tomato,19.24,68.67,0.941,0.551,4.82,25.0,2.0,1.0,0.041667,0.6707,0.1325,9.8675,9.8841,0.0166
13,4,Tomato,19.91,66.35,0.941,0.551,4.82,25.0,2.0,1.0,0.041667,0.70289,0.16178,9.8382,9.7209,-0.1173
13,5,Tomato,21.17,73.59,0.941,0.551,4.82,25.0,2.0,1.0,0.041667,0.76702,0.19374,9.8063,9.8482,0.0419
13,6,Tomato,23.14,74.85,0.941,0.551,4.82,25.0,2.0,1.0,0.041667,0.87884,0.23036,9.7696,9.7626,-0.007
13,7,Tomato,22.79,73.44,0.941,0.551,4.82,25.0,2.0,1.0,0.041667,0.85805,0.26611,9.7339,9.7419,0.008
13,8,Tomato,24.82,79.45,0.941,0.551,4.82,25.0,2.0,1.0,0.041667,0.98779,0.30727,9.6927,9.5513,-0.1415
13,9,Tomato,24.81,78.79,0.941,0.551,4.82,25.0,2.0,1.0,0.041667,0.98722,0.34841,9.6516,9.5011,-0.1505
13,10,Tomato,26.66,78.32,0.941,0.551,4.82,25.0,2.0,1.0,0.041667,1.12212,0.39516,9.6048,9.5419,-0.0629
13,11,Tomato,24.64,81.16,0.941,0.551,4.82,25.0,2.0,1.0,0.041667,0.97511,0.43579,9.5642,9.5764,0.0122
13,12,Tomato,26.53,80.85,0.941,0.551,4.82,25.0,2.0,1.0,0.041667,1.11181,0.48212,9.5179,9.4543,-0.0636
13,13,Tomato,27.07,82.18,0.941,0.551,4.82,25.0,2.0,1.0,0.041667,1.15434,0.53021,9.4698,9.1689,-0.3009
13,14,Tomato,32.17,81.46,0.941,0.551,4.82,25.0,2.0,1.0,0.041667,1.64361,0.5987,9.4013,9.1332,-0.2681
13,15,Tomato,28.07,77.77,0.941,0.551,4.82,25.0,2.0,1.0,0.041667,1.23739,0.65026,9.3497,9.2662,-0.0836
13,16,Tomato,28.31,79.56,0.941,0.551,4.82,25.0,2.0,1.0,0.041667,1.25756,0.70265,9.2973,9.0905,-0.2068
13,17,Tomato,28.03,68.96,0.941,0.551,4.82,25.0,2.0,1.0,0.041667,1.23385,0.75406,9.2459,8.9883,-0.2577
13,18,Tomato,28.63,78.07,0.941,0.551,4.82,25.0,2.0,1.0,0.041667,1.28578,0.80764,9.1924,9.1171,-0.0752
13,19,Tomato,27.24,67.88,0.941,0.551,4.82,25.0,2.0,1.0,0.041667,1.16818,0.85631,9.1437,8.9995,-0.1442
13,20,Tomato,24.28,64.82,0.941,0.551,4.82,25.0,2.0,1.0,0.041667,0.95164,0.89596,9.104,9.0032,-0.1008
13,21,Tomato,26.71,66.34,0.941,0.551,4.82,25.0,2.0,1.0,0.041667,1.12611,0.94289,9.0571,8.9209,-0.1362
13,22,Tomato,24.41,64.09,0.941,0.551,4.82,25.0,2.0,1.0,0.041667,0.96023,0.98289,9.0171,8.9633,-0.0538
13,23,Tomato,27.86,55.27,0.941,0.551,4.82,25.0,2.0,1.0,0.041667,1.21915,1.03369,8.9663,8.9154,-0.0509
13,24,Tomato,22.39,62.22,0.941,0.551,4.82,25.0,2.0,1.0,0.041667,0.8347,1.06847,8.9315,8.702,-0.2295
13,25,Tomato,22.29,62.64,0.941,0.551,4.82,25.0,2.0,1.0,0.041667,0.82869,1.103,8.897,8.8767,-0.0203
13,26,Tomato,22.32,65.78,0.941,0.551,4.82,25.0,2.0,1.0,0.041667,0.83033,1.1376,8.8624,8.8295,-0.0329
13,27,Tomato,21.05,65.27,0.941,0.551,4.82,25.0,2.0,1.0,0.041667,0.76056,1.16929,8.8307,8.8243,-0.0064
13,28,Tomato,23.58,67.13,0.941,0.551,4.82,25.0,2.0,1.0,0.041667,0.9064,1.20705,8.7929,8.6917,-0.1012
13,29,Tomato,24.19,72.62,0.941,0.551,4.82,25.0,2.0,1.0,0.041667,0.9453,1.24644,8.7536,8.4755,-0.278
13,30,Tomato,23.18,84.61,0.941,0.551,4.82,25.0,2.0,1.0,0.041667,0.88142,1.28317,8.7168,8.3322,-0.3846
13,31,Tomato,24.37,76.2,0.941,0.551,4.82,25.0,2.0,1.0,0.041667,0.95717,1.32305,8.677,8.2892,-0.3877
13,32,Tomato,21.32,76.62,0.941,0.551,4.82,25.0,2.0,1.0,0.041667,0.77509,1.35535,8.6447,8.4516,-0.193
13,33,Tomato,26.72,80.93,0.941,0.551,4.82,25.0,2.0,1.0,0.041667,1.12678,1.40229,8.5977,8.2699,-0.3279
13,34,Tomato,25.77,80.39,0.941,0.551,4.82,25.0,2.0,1.0,0.041667,1.05473,1.44624,8.5538,8.2251,-0.3286
13,35,Tomato,28.2,78.72,0.941,0.551,4.82,25.0,2.0,1.0,0.041667,1.24797,1.49824,8.5018,8.229,-0.2728
13,36,Tomato,25.91,86.76,0.941,0.551,4.82,25.0,2.0,1.0,0.041667,1.06487,1.54261,8.4574,8.0143,-0.4431
13,37,Tomato,27.21,85.54,0.941,0.551,4.82,25.0,2.0,1.0,0.041667,1.16522,1.59116,8.4088,7.8442,-0.5647
13,38,Tomato,28.73,77.34,0.941,0.551,4.82,25.0,2.0,1.0,0.041667,1.29462,1.6451,8.3549,8.0698,-0.2851
13,39,Tomato,32.75,78.62,0.941,0.551,4.82,25.0,2.0,1.0,0.041667,1.71151,1.71642,8.2836,7.957,-0.3266
13,40,Tomato,28.33,76.8,0.941,0.551,4.82,25.0,2.0,1.0,0.041667,1.25996,1.76891,8.2311,7.8745,-0.3566
13,41,Tomato,28.02,73.45,0.941,0.551,4.82,25.0,2.0,1.0,0.041667,1.23292,1.82029,8.1797,7.9396,-0.2401
13,42,Tomato,27.22,70.73,0.941,0.551,4.82,25.0,2.0,1.0,0.041667,1.16642,1.86889,8.1311,7.8004,-0.3307
13,43,Tomato,27.52,67.97,0.941,0.551,4.82,25.0,2.0,1.0,0.041667,1.19049,1.91849,8.0815,7.7864,-0.2952
13,44,Tomato,25.57,65.25,0.941,0.551,4.82,25.0,2.0,1.0,0.041667,1.04056,1.96185,8.0382,7.7871,-0.2511
13,45,Tomato,24.25,65.19,0.941,0.551,4.82,25.0,2.0,1.0,0.041667,0.94923,2.0014,7.9986,7.7532,-0.2454
13,46,Tomato,25.17,63.63,0.941,0.551,4.82,25.0,2.0,1.0,0.041667,1.012,2.04357,7.9564,7.6417,-0.3148
13,47,Tomato,23.72,62.93,0.941,0.551,4.82,25.0,2.0,1.0,0.041667,0.91501,2.08169,7.9183,7.8007,-0.1176
13,48,Tomato,22.04,61.21,0.941,0.551,4.82,25.0,2.0,1.0,0.041667,0.81446,2.11563,7.8844,7.6362,-0.2482
13,49,Tomato,19.9,67.05,0.941,0.551,4.82,25.0,2.0,1.0,0.041667,0.70225,2.14489,7.8551,7.4872,-0.3679
13,50,Tomato,23.54,67.61,0.941,0.551,4.82,25.0,2.0,1.0,0.041667,0.90372,2.18254,7.8175,7.5658,-0.2517
13,51,Tomato,21.88,69.72,0.941,0.551,4.82,25.0,2.0,1.0,0.041667,0.80573,2.21611,7.7839,7.5024,-0.2815
13,52,Tomato,22.04,67.49,0.941,0.551,4.82,25.0,2.0,1.0,0.041667,0.81447,2.25005,7.7499,7.4225,-0.3275
13,53,Tomato,22.36,66.78,0.941,0.551,4.82,25.0,2.0,1.0,0.041667,0.83293,2.28476,7.7152,7.4239,-0.2914
13,54,Tomato,23.46,74.31,0.941,0.551,4.82,25.0,2.0,1.0,0.041667,0.89863,2.3222,7.6778,7.3001,-0.3777
13,55,Tomato,25.67,76.44,0.941,0.551,4.82,25.0,2.0,1.0,0.041667,1.04731,2.36584,7.6342,7.0584,-0.5758
13,56,Tomato,24.15,75.24,0.941,0.551,4.82,25.0,2.0,1.0,0.041667,0.94285,2.40512,7.5949,7.1386,-0.4563
13,57,Tomato,24.05,79.22,0.941,0.551,4.82,25.0,2.0,1.0,0.041667,0.93625,2.44413,7.5559,6.9893,-0.5666
13,58,Tomato,24.34,80.79,0.941,0.551,4.82,25.0,2.0,1.0,0.041667,0.95531,2.48394,7.5161,7.0775,-0.4386
13,59,Tomato,26.48,76.73,0.941,0.551,4.82,25.0,2.0,1.0,0.041667,1.10797,2.5301,7.4699,7.095,-0.3749
13,60,Tomato,27.53,80.2,0.941,0.551,4.82,25.0,2.0,1.0,0.041667,1.19129,2.57974,7.4203,6.8263,-0.5939
13,61,Tomato,31.78,82.86,0.941,0.551,4.82,25.0,2.0,1.0,0.041667,1.60019,2.64641,7.3536,6.5525,-0.801
13,62,Tomato,28.37,82.53,0.941,0.551,4.82,25.0,2.0,1.0,0.041667,1.26277,2.69903,7.301,6.6857,-0.6153
13,63,Tomato,29.15,76.87,0.941,0.551,4.82,25.0,2.0,1.0,0.041667,1.33336,2.75459,7.2454,6.5493,-0.6961
13,64,Tomato,33.17,74.94,0.941,0.551,4.82,25.0,2.0,1.0,0.041667,1.76136,2.82798,7.172,6.6473,-0.5248
13,65,Tomato,28.05,72.0,0.941,0.551,4.82,25.0,2.0,1.0,0.041667,1.23536,2.87945,7.1206,6.5792,-0.5414
13,66,Tomato,28.74,82.52,0.941,0.551,4.82,25.0,2.0,1.0,0.041667,1.29566,2.93344,7.0666,6.3003,-0.7663
13,67,Tomato,26.29,60.48,0.941,0.551,4.82,25.0,2.0,1.0,0.041667,1.09374,2.97901,7.021,6.6004,-0.4206
13,68,Tomato,30.46,64.37,0.941,0.551,4.82,25.0,2.0,1.0,0.041667,1.4598,3.03983,6.9602,6.5815,-0.3787
13,69,Tomato,25.62,68.0,0.941,0.551,4.82,25.0,2.0,1.0,0.041667,1.04359,3.08332,6.9167,6.4587,-0.458
13,70,Tomato,23.42,71.84,0.941,0.551,4.82,25.0,2.0,1.0,0.041667,0.89637,3.12066,6.8793,6.3542,-0.5251
13,71,Tomato,23.24,62.64,0.941,0.551,4.82,25.0,2.0,1.0,0.041667,0.88496,3.15754,6.8425,6.3813,-0.4612
13,72,Tomato,21.84,59.46,0.941,0.551,4.82,25.0,2.0,1.0,0.041667,0.8031,3.191,6.809,6.3713,-0.4377
13,73,Tomato,28.7,61.98,0.941,0.551,4.82,25.0,2.0,1.0,0.041667,1.29279,3.24487,6.7551,6.3604,-0.3947
13,74,Tomato,27.42,58.68,0.941,0.551,4.82,25.0,2.0,1.0,0.041667,1.18263,3.29414,6.7059,6.2472,-0.4586
13,75,Tomato,22.1,65.38,0.941,0.551,4.82,25.0,2.0,1.0,0.041667,0.81779,3.32822,6.6718,6.196,-0.4758
13,76,Tomato,20.62,67.49,0.941,0.551,4.82,25.0,2.0,1.0,0.041667,0.73807,3.35897,6.641,6.1237,-0.5173
13,77,Tomato,22.98,68.71,0.941,0.551,4.82,25.0,2.0,1.0,0.041667,0.86958,3.3952,6.6048,6.0823,-0.5225
13,78,Tomato,22.49,67.27,0.941,0.551,4.82,25.0,2.0,1.0,0.041667,0.84047,3.43022,6.5698,6.0477,-0.5221
13,79,Tomato,23.83,82.6,0.941,0.551,4.82,25.0,2.0,1.0,0.041667,0.92215,3.46865,6.5314,5.6913,-0.8401
13,80,Tomato,25.88,77.51,0.941,0.551,4.82,25.0,2.0,1.0,0.041667,1.06297,3.51294,6.4871,5.626,-0.861
13,81,Tomato,25.17,80.66,0.941,0.551,4.82,25.0,2.0,1.0,0.041667,1.0121,3.55511,6.4449,5.9039,-0.541
13,82,Tomato,25.45,82.56,0.941,0.551,4.82,25.0,2.0,1.0,0.041667,1.03188,3.5981,6.4019,5.5941,-0.8078
13,83,Tomato,27.48,82.38,0.941,0.551,4.82,25.0,2.0,1.0,0.041667,1.18732,3.64757,6.3524,5.7021,-0.6504
13,84,Tomato,26.85,82.71,0.941,0.551,4.82,25.0,2.0,1.0,0.041667,1.13651,3.69493,6.3051,5.4665,-0.8386
13,85,Tomato,27.75,78.5,0.941,0.551,4.82,25.0,2.0,1.0,0.041667,1.20972,3.74533,6.2547,5.269,-0.9857
13,86,Tomato,28.49,79.18,0.941,0.551,4.82,25.0,2.0,1.0,0.041667,1.27348,3.79839,6.2016,5.3216,-0.88
13,87,Tomato,28.03,78.47,0.941,0.551,4.82,25.0,2.0,1.0,0.041667,1.23361,3.84979,6.1502,5.2923,-0.8579
13,88,Tomato,26.41,70.05,0.941,0.551,4.82,25.0,2.0,1.0,0.041667,1.10295,3.89575,6.1042,5.4574,-0.6468
13,89,Tomato,26.65,75.25,0.941,0.551,4.82,25.0,2.0,1.0,0.041667,1.12125,3.94247,6.0575,5.1332,-0.9243
13,90,Tomato,28.49,72.16,0.941,0.551,4.82,25.0,2.0,1.0,0.041667,1.2734,3.99553,6.0045,5.1909,-0.8136
13,91,Tomato,26.9,64.11,0.941,0.551,4.82,25.0,2.0,1.0,0.041667,1.14103,4.04307,5.9569,5.4127,-0.5443
13,92,Tomato,25.38,59.9,0.941,0.551,4.82,25.0,2.0,1.0,0.041667,1.02643,4.08584,5.9142,5.3382,-0.5759
13,93,Tomato,25.31,62.35,0.941,0.551,4.82,25.0,2.0,1.0,0.041667,1.02193,4.12842,5.8716,5.1447,-0.7269
13,94,Tomato,22.7,60.21,0.941,0.551,4.82,25.0,2.0,1.0,0.041667,0.85243,4.16394,5.8361,5.1916,-0.6445
13,95,Tomato,24.7,65.71,0.941,0.551,4.82,25.0,2.0,1.0,0.041667,0.97951,4.20475,5.7952,5.1054,-0.6899
14,0,Tomato,27.38,77.37,0.896,0.709,9.16,25.0,2.0,1.0,0.041667,1.17952,0.04915,9.9509,9.9544,0.0035
14,1,Tomato,27.16,77.82,0.896,0.709,9.16,25.0,2.0,1.0,0.041667,1.1614,0.09754,9.9025,9.9991,0.0966
14,2,Tomato,27.05,74.84,0.896,0.709,9.16,25.0,2.0,1.0,0.041667,1.15249,0.14556,9.8544,9.8458,-0.0086
14,3,Tomato,26.05,67.09,0.896,0.709,9.16,25.0,2.0,1.0,0.041667,1.07536,0.19037,9.8096,9.696,-0.1136
14,4,Tomato,24.81,67.66,0.896,0.709,9.16,25.0,2.0,1.0,0.041667,0.987,0.23149,9.7685,9.5637,-0.2048
14,5,Tomato,24.81,69.95,0.896,0.709,9.16,25.0,2.0,1.0,0.041667,0.98679,0.27261,9.7274,9.7402,0.0128
14,6,Tomato,25.46,67.7,0.896,0.709,9.16,25.0,2.0,1.0,0.041667,1.0321,0.31561,9.6844,9.5446,-0.1398
14,7,Tomato,25.59,62.45,0.896,0.709,9.16,25.0,2.0,1.0,0.041667,1.04197,0.35903,9.641,9.4124,-0.2286
14,8,Tomato,25.38,59.47,0.896,0.709,9.16,25.0,2.0,1.0,0.041667,1.02702,0.40182,9.5982,9.5412,-0.0569
14,9,Tomato,23.56,57.07,0.896,0.709,9.16,25.0,2.0,1.0,0.041667,0.90524,0.43954,9.5605,9.3029,-0.2576
14,10,Tomato,23.22,59.26,0.896,0.709,9.16,25.0,2.0,1.0,0.041667,0.88393,0.47637,9.5236,9.3839,-0.1397
14,11,Tomato,22.31,66.72,0.896,0.709,9.16,25.0,2.0,1.0,0.041667,0.83013,0.51096,9.489,9.1476,-0.3414
14,12,Tomato,23.09,66.68,0.896,0.709,9.16,25.0,2.0,1.0,0.041667,0.87616,0.54746,9.4525,9.2315,-0.221
14,13,Tomato,19.94,65.13,0.896,0.709,9.16,25.0,2.0,1.0,0.041667,0.70413,0.5768,9.4232,9.2869,-0.1363
14,14,Tomato,23.34,76.82,0.896,0.709,9.16,25.0,2.0,1.0,0.041667,0.89112,0.61393,9.3861,9.0921,-0.294
14,15,Tomato,21.21,75.65,0.896,0.709,9.16,25.0,2.0,1.0,0.041667,0.76904,0.64598,9.354,9.0986,-0.2554
14,16,Tomato,21.65,70.81,0.896,0.709,9.16,25.0,2.0,1.0,0.041667,0.79275,0.67901,9.321,9.0199,-0.3011
14,17,Tomato,23.85,79.73,0.896,0.709,9.16,25.0,2.0,1.0,0.041667,0.92315,0.71747,9.2825,8.8782,-0.4044
14,18,Tomato,24.47,81.38,0.896,0.709,9.16,25.0,2.0,1.0,0.041667,0.96374,0.75763,9.2424,8.7869,-0.4555
14,19,Tomato,27.26,90.72,0.896,0.709,9.16,25.0,2.0,1.0,0.041667,1.16925,0.80635,9.1937,8.6724,-0.5213
14,20,Tomato,26.89,85.49,0.896,0.709,9.16,25.0,2.0,1.0,0.041667,1.13962,0.85383,9.1462,8.7379,-0.4082
14,21,Tomato,26.8,81.65,0.896,0.709,9.16,25.0,2.0,1.0,0.041667,1.13308,0.90104,9.099,8.6152,-0.4838
14,22,Tomato,31.27,79.53,0.896,0.709,9.16,25.0,2.0,1.0,0.041667,1.54427,0.96539,9.0346,8.6107,-0.4239
14,23,Tomato,27.97,83.12,0.896,0.709,9.16,25.0,2.0,1.0,0.041667,1.22855,1.01658,8.9834,8.6013,-0.3822
14,24,Tomato,29.76,79.71,0.896,0.709,9.16,25.0,2.0,1.0,0.041667,1.39111,1.07454,8.9255,8.3611,-0.5643
14,25,Tomato,28.02,77.85,0.896,0.709,9.16,25.0,2.0,1.0,0.041667,1.23243,1.12589,8.8741,8.4238,-0.4503
14,26,Tomato,26.88,75.43,0.896,0.709,9.16,25.0,2.0,1.0,0.041667,1.13956,1.17337,8.8266,8.4018,-0.4248
14,27,Tomato,26.3,66.77,0.896,0.709,9.16,25.0,2.0,1.0,0.041667,1.09452,1.21898,8.781,8.3851,-0.396
14,28,Tomato,26.0,67.07,0.896,0.709,9.16,25.0,2.0,1.0,0.041667,1.07198,1.26364,8.7364,8.2043,-0.532
14,29,Tomato,24.75,69.68,0.896,0.709,9.16,25.0,2.0,1.0,0.041667,0.98278,1.30459,8.6954,8.1411,-0.5544
14,30,Tomato,25.85,61.85,0.896,0.709,9.16,25.0,2.0,1.0,0.041667,1.06092,1.3488,8.6512,8.1114,-0.5398
14,31,Tomato,25.51,62.77,0.896,0.709,9.16,25.0,2.0,1.0,0.041667,1.03573,1.39195,8.608,8.1959,-0.4122
14,32,Tomato,23.59,62.53,0.896,0.709,9.16,25.0,2.0,1.0,0.041667,0.90717,1.42975,8.5702,7.8513,-0.719
14,33,Tomato,22.67,59.86,0.896,0.709,9.16,25.0,2.0,1.0,0.041667,0.85085,1.4652,8.5348,7.9153,-0.6195
14,34,Tomato,21.35,62.76,0.896,0.709,9.16,25.0,2.0,1.0,0.041667,0.77672,1.49757,8.5024,7.9726,-0.5298
14,35,Tomato,22.98,62.89,0.896,0.709,9.16,25.0,2.0,1.0,0.041667,0.8691,1.53378,8.4662,8.0182,-0.448
14,36,Tomato,22.13,64.22,0.896,0.709,9.16,25.0,2.0,1.0,0.041667,0.81952,1.56793,8.4321,7.6954,-0.7367
14,37,Tomato,21.25,69.9,0.896,0.709,9.16,25.0,2.0,1.0,0.041667,0.77094,1.60005,8.4,7.748,-0.652
14,38,Tomato,22.52,74.63,0.896,0.709,9.16,25.0,2.0,1.0,0.041667,0.84229,1.63514,8.3649,7.8384,-0.5265
14,39,Tomato,23.14,79.7,0.896,0.709,9.16,25.0,2.0,1.0,0.041667,0.87902,1.67177,8.3282,7.5793,-0.7489
14,40,Tomato,23.31,74.47,0.896,0.709,9.16,25.0,2.0,1.0,0.041667,0.88955,1.70883,8.2912,7.5864,-0.7047
14,41,Tomato,23.38,76.6,0.896,0.709,9.16,25.0,2.0,1.0,0.041667,0.89353,1.74606,8.2539,7.486,-0.7679
14,42,Tomato,24.74,80.93,0.896,0.709,9.16,25.0,2.0,1.0,0.041667,0.98244,1.787,8.213,7.2412,-0.9718
14,43,Tomato,24.56,83.22,0.896,0.709,9.16,25.0,2.0,1.0,0.041667,0.96964,1.8274,8.1726,7.3385,-0.8341
14,44,Tomato,27.51,82.78,0.896,0.709,9.16,25.0,2.0,1.0,0.041667,1.19031,1.877,8.123,7.1692,-0.9538
14,45,Tomato,26.5,79.68,0.896,0.709,9.16,25.0,2.0,1.0,0.041667,1.10973,1.92323,8.0768,7.1535,-0.9232
14,46,Tomato,27.6,81.32,0.896,0.709,9.16,25.0,2.0,1.0,0.041667,1.1974,1.97313,8.0269,7.0577,-0.9692
14,47,Tomato,26.98,85.21,0.896,0.709,9.16,25.0,2.0,1.0,0.041667,1.14676,2.02091,7.9791,7.0907,-0.8884
14,48,Tomato,28.18,76.38,0.896,0.709,9.16,25.0,2.0,1.0,0.041667,1.24659,2.07285,7.9272,6.9374,-0.9897
14,49,Tomato,28.19,77.88,0.896,0.709,9.16,25.0,2.0,1.0,0.041667,1.2471,2.12481,7.8752,6.8403,-1.0349
14,50,Tomato,29.89,71.29,0.896,0.709,9.16,25.0,2.0,1.0,0.041667,1.40321,2.18328,7.8167,6.971,-0.8457
14,51,Tomato,26.26,68.98,0.896,0.709,9.16,25.0,2.0,1.0,0.041667,1.09126,2.22875,7.7713,6.879,-0.8923
14,52,Tomato,27.59,66.2,0.896,0.709,9.16,25.0,2.0,1.0,0.041667,1.19671,2.27861,7.7214,6.801,-0.9204
14,53,Tomato,26.31,65.77,0.896,0.709,9.16,25.0,2.0,1.0,0.041667,1.09501,2.32424,7.6758,6.6903,-0.9855
14,54,Tomato,26.48,68.92,0.896,0.709,9.16,25.0,2.0,1.0,0.041667,1.10778,2.37039,7.6296,6.6784,-0.9512
14,55,Tomato,24.15,59.98,0.896,0.709,9.16,25.0,2.0,1.0,0.041667,0.94254,2.40967,7.5903,6.7081,-0.8823
14,56,Tomato,24.86,60.46,0.896,0.709,9.16,25.0,2.0,1.0,0.041667,0.99044,2.45093,7.5491,6.5444,-1.0046
14,57,Tomato,23.16,55.61,0.896,0.709,9.16,25.0,2.0,1.0,0.041667,0.88007,2.4876,7.5124,6.518,-0.9944
14,58,Tomato,22.7,61.44,0.896,0.709,9.16,25.0,2.0,1.0,0.041667,0.8524,2.52312,7.4769,6.6287,-0.8482
14,59,Tomato,21.44,62.26,0.896,0.709,9.16,25.0,2.0,1.0,0.041667,0.7816,2.55569,7.4443,6.3786,-1.0657
14,60,Tomato,22.68,73.37,0.896,0.709,9.16,25.0,2.0,1.0,0.041667,0.85157,2.59117,7.4088,6.1548,-1.254
14,61,Tomato,21.68,68.08,0.896,0.709,9.16,25.0,2.0,1.0,0.041667,0.79463,2.62428,7.3757,6.3572,-1.0186
14,62,Tomato,21.03,64.81,0.896,0.709,9.16,25.0,2.0,1.0,0.041667,0.75962,2.65593,7.3441,6.334,-1.01
14,63,Tomato,20.87,71.59,0.896,0.709,9.16,25.0,2.0,1.0,0.041667,0.75112,2.68723,7.3128,6.039,-1.2738
14,64,Tomato,25.16,72.47,0.896,0.709,9.16,25.0,2.0,1.0,0.041667,1.01143,2.72937,7.2706,6.0885,-1.1822
14,65,Tomato,24.77,77.44,0.896,0.709,9.16,25.0,2.0,1.0,0.041667,0.98427,2.77038,7.2296,5.8881,-1.3415
14,66,Tomato,25.59,80.73,0.896,0.709,9.16,25.0,2.0,1.0,0.041667,1.04165,2.81378,7.1862,5.9173,-1.2689
14,67,Tomato,25.96,72.87,0.896,0.709,9.16,25.0,2.0,1.0,0.041667,1.06907,2.85833,7.1417,5.8716,-1.2701
14,68,Tomato,25.66,80.69,0.896,0.709,9.16,25.0,2.0,1.0,0.041667,1.04682,2.90194,7.0981,5.5934,-1.5047
14,69,Tomato,27.72,80.32,0.896,0.709,9.16,25.0,2.0,1.0,0.041667,1.20765,2.95226,7.0477,5.5603,-1.4875
14,70,Tomato,27.44,84.37,0.896,0.709,9.16,25.0,2.0,1.0,0.041667,1.18432,3.00161,6.9984,5.5616,-1.4368
14,71,Tomato,29.83,86.75,0.896,0.709,9.16,25.0,2.0,1.0,0.041667,1.39774,3.05985,6.9402,5.0496,-1.8905
14,72,Tomato,27.54,74.62,0.896,0.709,9.16,25.0,2.0,1.0,0.041667,1.19261,3.10954,6.8905,5.5157,-1.3748
14,73,Tomato,26.9,74.96,0.896,0.709,9.16,25.0,2.0,1.0,0.041667,1.14086,3.15708,6.8429,5.2126,-1.6304
14,74,Tomato,27.7,79.51,0.896,0.709,9.16,25.0,2.0,1.0,0.041667,1.20622,3.20734,6.7927,5.1919,-1.6008
14,75,Tomato,27.75,69.9,0.896,0.709,9.16,25.0,2.0,1.0,0.041667,1.21026,3.25776,6.7422,5.4847,-1.2575
14,76,Tomato,26.65,71.62,0.896,0.709,9.16,25.0,2.0,1.0,0.041667,1.12124,3.30448,6.6955,5.2304,-1.4651
14,77,Tomato,26.5,71.68,0.896,0.709,9.16,25.0,2.0,1.0,0.041667,1.10963,3.35072,6.6493,5.1404,-1.5089
14,78,Tomato,24.88,65.92,0.896,0.709,9.16,25.0,2.0,1.0,0.041667,0.99156,3.39203,6.608,5.1215,-1.4865
14,79,Tomato,25.54,63.08,0.896,0.709,9.16,25.0,2.0,1.0,0.041667,1.03849,3.4353,6.5647,5.127,-1.4377
14,80,Tomato,23.53,55.56,0.896,0.709,9.16,25.0,2.0,1.0,0.041667,0.9033,3.47294,6.5271,5.0767,-1.4503
14,81,Tomato,22.9,62.82,0.896,0.709,9.16,25.0,2.0,1.0,0.041667,0.86454,3.50896,6.491,5.1154,-1.3756
14,82,Tomato,22.1,62.98,0.896,0.709,9.16,25.0,2.0,1.0,0.041667,0.81781,3.54304,6.457,5.1306,-1.3264
14,83,Tomato,22.68,61.41,0.896,0.709,9.16,25.0,2.0,1.0,0.041667,0.85174,3.57853,6.4215,4.97,-1.4515
14,84,Tomato,21.67,73.66,0.896,0.709,9.16,25.0,2.0,1.0,0.041667,0.79371,3.6116,6.3884,4.7205,-1.6679
14,85,Tomato,22.4,64.02,0.896,0.709,9.16,25.0,2.0,1.0,0.041667,0.83513,3.6464,6.3536,4.9039,-1.4497
14,86,Tomato,22.95,72.83,0.896,0.709,9.16,25.0,2.0,1.0,0.041667,0.86731,3.68253,6.3175,4.7633,-1.5541
14,87,Tomato,21.68,77.08,0.896,0.709,9.16,25.0,2.0,1.0,0.041667,0.79457,3.71564,6.2844,4.5586,-1.7258
14,88,Tomato,24.44,74.6,0.896,0.709,9.16,25.0,2.0,1.0,0.041667,0.96171,3.75571,6.2443,4.5082,-1.736
14,89,Tomato,23.01,76.58,0.896,0.709,9.16,25.0,2.0,1.0,0.041667,0.87105,3.79201,6.208,4.431,-1.777
14,90,Tomato,25.37,79.28,0.896,0.709,9.16,25.0,2.0,1.0,0.041667,1.02603,3.83476,6.1652,4.3175,-1.8477
14,91,Tomato,25.62,75.16,0.896,0.709,9.16,25.0,2.0,1.0,0.041667,1.04377,3.87825,6.1218,4.4577,-1.664
14,92,Tomato,32.41,78.58,0.896,0.709,9.16,25.0,2.0,1.0,0.041667,1.67166,3.9479,6.0521,4.1281,-1.924
14,93,Tomato,27.35,81.52,0.896,0.709,9.16,25.0,2.0,1.0,0.041667,1.17681,3.99693,6.0031,4.2134,-1.7897
14,94,Tomato,28.22,81.13,0.896,0.709,9.16,25.0,2.0,1.0,0.041667,1.2503,4.04903,5.951,4.0,-1.9509
14,95,Tomato,28.94,83.86,0.896,0.709,9.16,25.0,2.0,1.0,0.041667,1.31359,4.10376,5.8962,3.7925,-2.1037
15,0,Tomato,27.91,81.09,0.898,0.607,10.35,25.0,2.0,1.0,0.041667,1.2237,0.05099,9.949,9.8888,-0.0602
15,1,Tomato,27.56,81.16,0.898,0.607,10.35,25.0,2.0,1.0,0.041667,1.19438,0.10075,9.8992,9.7855,-0.1138
15,2,Tomato,27.7,82.94,0.898,0.607,10.35,25.0,2.0,1.0,0.041667,1.20621,0.15101,9.849,9.838,-0.011
15,3,Tomato,26.93,76.04,0.898,0.607,10.35,25.0,2.0,1.0,0.041667,1.14336,0.19865,9.8013,9.6203,-0.181
15,4,Tomato,28.62,75.93,0.898,0.607,10.35,25.0,2.0,1.0,0.041667,1.28532,0.25221,9.7478,9.6301,-0.1177
15,5,Tomato,29.66,68.82,0.898,0.607,10.35,25.0,2.0,1.0,0.041667,1.38171,0.30978,9.6902,9.6628,-0.0275
15,6,Tomato,28.33,72.72,0.898,0.607,10.35,25.0,2.0,1.0,0.041667,1.25985,0.36227,9.6377,9.4028,-0.235
15,7,Tomato,26.53,61.41,0.898,0.607,10.35,25.0,2.0,1.0,0.041667,1.11166,0.40859,9.5914,9.4451,-0.1463
15,8,Tomato,25.89,67.22,0.898,0.607,10.35,25.0,2.0,1.0,0.041667,1.06359,0.45291,9.5471,9.4134,-0.1337
15,9,Tomato,25.14,67.45,0.898,0.607,10.35,25.0,2.0,1.0,0.041667,1.00984,0.49498,9.505,9.4162,-0.0888
15,10,Tomato,24.58,62.05,0.898,0.607,10.35,25.0,2.0,1.0,0.041667,0.97118,0.53545,9.4645,9.1858,-0.2788
15,11,Tomato,23.3,61.73,0.898,0.607,10.35,25.0,2.0,1.0,0.041667,0.88883,0.57248,9.4275,9.2383,-0.1892
15,12,Tomato,21.82,62.06,0.898,0.607,10.35,25.0,2.0,1.0,0.041667,0.80208,0.6059,9.3941,9.3169,-0.0772
15,13,Tomato,21.13,60.71,0.898,0.607,10.35,25.0,2.0,1.0,0.041667,0.76479,0.63777,9.3622,9.1535,-0.2087
15,14,Tomato,21.04,61.34,0.898,0.607,10.35,25.0,2.0,1.0,0.041667,0.75975,0.66943,9.3306,9.1208,-0.2097
15,15,Tomato,21.69,67.31,0.898,0.607,10.35,25.0,2.0,1.0,0.041667,0.79474,0.70254,9.2975,9.0346,-0.2628
15,16,Tomato,22.32,67.58,0.898,0.607,10.35,25.0,2.0,1.0,0.041667,0.83022,0.73713,9.2629,8.9385,-0.3243
15,17,Tomato,20.64,71.54,0.898,0.607,10.35,25.0,2.0,1.0,0.041667,0.73935,0.76794,9.2321,8.826,-0.406
15,18,Tomato,24.01,72.46,0.898,0.607,10.35,25.0,2.0,1.0,0.041667,0.93356,0.80684,9.1932,8.9135,-0.2796
15,19,Tomato,24.42,76.1,0.898,0.607,10.35,25.0,2.0,1.0,0.041667,0.96082,0.84687,9.1531,8.7541,-0.399
15,20,Tomato,24.4,73.72,0.898,0.607,10.35,25.0,2.0,1.0,0.041667,0.95928,0.88684,9.1132,8.6171,-0.496
15,21,Tomato,24.14,71.99,0.898,0.607,10.35,25.0,2.0,1.0,0.041667,0.94202,0.92609,9.0739,8.7126,-0.3613
15,22,Tomato,25.19,82.73,0.898,0.607,10.35,25.0,2.0,1.0,0.041667,1.01349,0.96832,9.0317,8.5424,-0.4893
15,23,Tomato,24.53,81.51,0.898,0.607,10.35,25.0,2.0,1.0,0.041667,0.96773,1.00864,8.9914,8.5991,-0.3922
15,24,Tomato,29.38,79.63,0.898,0.607,10.35,25.0,2.0,1.0,0.041667,1.35452,1.06508,8.9349,8.4372,-0.4977
15,25,Tomato,27.47,83.5,0.898,0.607,10.35,25.0,2.0,1.0,0.041667,1.18658,1.11452,8.8855,8.235,-0.6504
15,26,Tomato,26.87,75.5,0.898,0.607,10.35,25.0,2.0,1.0,0.041667,1.13845,1.16196,8.838,8.2825,-0.5555
15,27,Tomato,28.54,73.16,0.898,0.607,10.35,25.0,2.0,1.0,0.041667,1.27816,1.21522,8.7848,8.3578,-0.427
15,28,Tomato,27.83,72.34,0.898,0.607,10.35,25.0,2.0,1.0,0.041667,1.21713,1.26593,8.7341,8.3069,-0.4271
15,29,Tomato,27.6,72.42,0.898,0.607,10.35,25.0,2.0,1.0,0.041667,1.19715,1.31581,8.6842,8.0093,-0.6749
15,30,Tomato,28.21,65.36,0.898,0.607,10.35,25.0,2.0,1.0,0.041667,1.24956,1.36788,8.6321,8.1991,-0.433
15,31,Tomato,27.3,69.47,0.898,0.607,10.35,25.0,2.0,1.0,0.041667,1.1729,1.41675,8.5833,8.0364,-0.5469
15,32,Tomato,26.74,63.37,0.898,0.607,10.35,25.0,2.0,1.0,0.041667,1.12791,1.46374,8.5363,7.9987,-0.5375
15,33,Tomato,24.01,64.52,0.898,0.607,10.35,25.0,2.0,1.0,0.041667,0.93341,1.50264,8.4974,7.9028,-0.5946
15,34,Tomato,24.69,65.69,0.898,0.607,10.35,25.0,2.0,1.0,0.041667,0.97842,1.5434,8.4566,7.9631,-0.4935
15,35,Tomato,24.19,67.65,0.898,0.607,10.35,25.0,2.0,1.0,0.041667,0.94532,1.58279,8.4172,7.9392,-0.478
15,36,Tomato,22.01,64.46,0.898,0.607,10.35,25.0,2.0,1.0,0.041667,0.81276,1.61666,8.3833,7.8248,-0.5585
15,37,Tomato,23.52,61.93,0.898,0.607,10.35,25.0,2.0,1.0,0.041667,0.90259,1.65426,8.3457,7.8592,-0.4865
15,38,Tomato,22.64,76.4,0.898,0.607,10.35,25.0,2.0,1.0,0.041667,0.84881,1.68963,8.3104,7.5624,-0.748
15,39,Tomato,23.19,61.05,0.898,0.607,10.35,25.0,2.0,1.0,0.041667,0.88206,1.72638,8.2736,7.702,-0.5716
15,40,Tomato,24.33,59.92,0.898,0.607,10.35,25.0,2.0,1.0,0.041667,0.95436,1.76615,8.2339,7.6267,-0.6071
15,41,Tomato,23.07,65.32,0.898,0.607,10.35,25.0,2.0,1.0,0.041667,0.87494,1.80261,8.1974,7.5851,-0.6123
15,42,Tomato,22.69,74.89,0.898,0.607,10.35,25.0,2.0,1.0,0.041667,0.85203,1.83811,8.1619,7.4485,-0.7134
15,43,Tomato,23.05,75.89,0.898,0.607,10.35,25.0,2.0,1.0,0.041667,0.87363,1.87451,8.1255,7.4194,-0.7061
15,44,Tomato,23.03,76.42,0.898,0.607,10.35,25.0,2.0,1.0,0.041667,0.87228,1.91085,8.0891,7.2086,-0.8805
15,45,Tomato,21.78,92.66,0.898,0.607,10.35,25.0,2.0,1.0,0.041667,0.79969,1.94417,8.0558,6.4916,-1.5642
15,46,Tomato,24.75,83.03,0.898,0.607,10.35,25.0,2.0,1.0,0.041667,0.98288,1.98513,8.0149,7.1251,-0.8898
15,47,Tomato,26.59,79.65,0.898,0.607,10.35,25.0,2.0,1.0,0.041667,1.11683,2.03166,7.9683,7.0769,-0.8915
15,48,Tomato,27.9,85.59,0.898,0.607,10.35,25.0,2.0,1.0,0.041667,1.22287,2.08261,7.9174,6.8986,-1.0188
15,49,Tomato,27.26,85.71,0.898,0.607,10.35,25.0,2.0,1.0,0.041667,1.16987,2.13136,7.8686,6.9022,-0.9664
15,50,Tomato,27.63,76.14,0.898,0.607,10.35,25.0,2.0,1.0,0.041667,1.20022,2.18137,7.8186,6.9342,-0.8844
15,51,Tomato,29.91,76.8,0.898,0.607,10.35,25.0,2.0,1.0,0.041667,1.40582,2.23994,7.7601,6.8463,-0.9138
15,52,Tomato,29.0,72.51,0.898,0.607,10.35,25.0,2.0,1.0,0.041667,1.31957,2.29493,7.7051,6.7291,-0.976
15,53,Tomato,27.47,74.19,0.898,0.607,10.35,25.0,2.0,1.0,0.041667,1.18708,2.34439,7.6556,6.8493,-0.8064
15,54,Tomato,27.41,72.4,0.898,0.607,10.35,25.0,2.0,1.0,0.041667,1.18209,2.39364,7.6064,6.7763,-0.8301
15,55,Tomato,26.55,64.78,0.898,0.607,10.35,25.0,2.0,1.0,0.041667,1.11378,2.44005,7.56,6.5473,-1.0127
15,56,Tomato,27.25,67.24,0.898,0.607,10.35,25.0,2.0,1.0,0.041667,1.16908,2.48876,7.5112,6.4887,-1.0226
15,57,Tomato,24.14,64.33,0.898,0.607,10.35,25.0,2.0,1.0,0.041667,0.94183,2.528,7.472,6.5709,-0.9011
15,58,Tomato,22.98,65.73,0.898,0.607,10.35,25.0,2.0,1.0,0.041667,0.86944,2.56423,7.4358,6.3795,-1.0563
15,59,Tomato,23.06,62.72,0.898,0.607,10.35,25.0,2.0,1.0,0.041667,0.87388,2.60064,7.3994,6.5268,-0.8726
15,60,Tomato,23.96,65.45,0.898,0.607,10.35,25.0,2.0,1.0,0.041667,0.93074,2.63942,7.3606,6.4,-0.9606
15,61,Tomato,23.25,62.7,0.898,0.607,10.35,25.0,2.0,1.0,0.041667,0.88597,2.67634,7.3237,6.2506,-1.0731
15,62,Tomato,25.71,56.84,0.898,0.607,10.35,25.0,2.0,1.0,0.041667,1.05079,2.72012,7.2799,6.3219,-0.958
15,63,Tomato,26.36,65.37,0.898,0.607,10.35,25.0,2.0,1.0,0.041667,1.09883,2.7659,7.2341,6.1933,-1.0408
15,64,Tomato,22.44,71.47,0.898,0.607,10.35,25.0,2.0,1.0,0.041667,0.83716,2.80079,7.1992,6.0511,-1.1481
15,65,Tomato,21.63,69.49,0.898,0.607,10.35,25.0,2.0,1.0,0.041667,0.79175,2.83378,7.1662,6.0653,-1.101
15,66,Tomato,22.37,71.96,0.898,0.607,10.35,25.0,2.0,1.0,0.041667,0.83362,2.86851,7.1315,5.9998,-1.1317
15,67,Tomato,21.83,73.91,0.898,0.607,10.35,25.0,2.0,1.0,0.041667,0.80271,2.90196,7.098,5.827,-1.271
15,68,Tomato,23.65,81.29,0.898,0.607,10.35,25.0,2.0,1.0,0.041667,0.91062,2.9399,7.0601,5.7783,-1.2819
15,69,Tomato,25.3,83.1,0.898,0.607,10.35,25.0,2.0,1.0,0.041667,1.02081,2.98243,7.0176,5.6922,-1.3254
15,70,Tomato,25.41,77.37,0.898,0.607,10.35,25.0,2.0,1.0,0.041667,1.02882,3.0253,6.9747,5.8252,-1.1495
15,71,Tomato,26.44,81.64,0.898,0.607,10.35,25.0,2.0,1.0,0.041667,1.10532,3.07135,6.9286,5.5321,-1.3966
15,72,Tomato,25.47,79.77,0.898,0.607,10.35,25.0,2.0,1.0,0.041667,1.03326,3.11441,6.8856,5.4685,-1.4171
15,73,Tomato,27.53,81.01,0.898,0.607,10.35,25.0,2.0,1.0,0.041667,1.19196,3.16407,6.8359,5.5563,-1.2796
15,74,Tomato,28.96,82.83,0.898,0.607,10.35,25.0,2.0,1.0,0.041667,1.31615,3.21891,6.7811,5.3789,-1.4022
15,75,Tomato,26.57,78.45,0.898,0.607,10.35,25.0,2.0,1.0,0.041667,1.1149,3.26537,6.7346,5.3488,-1.3858
15,76,Tomato,26.96,76.01,0.898,0.607,10.35,25.0,2.0,1.0,0.041667,1.14551,3.3131,6.6869,5.3396,-1.3473
15,77,Tomato,27.08,68.12,0.898,0.607,10.35,25.0,2.0,1.0,0.041667,1.15482,3.36121,6.6388,5.4474,-1.1914
15,78,Tomato,27.48,72.41,0.898,0.607,10.35,25.0,2.0,1.0,0.041667,1.18767,3.4107,6.5893,5.1659,-1.4234
15,79,Tomato,25.74,71.8,0.898,0.607,10.35,25.0,2.0,1.0,0.041667,1.05282,3.45457,6.5454,5.1947,-1.3507
15,80,Tomato,26.78,59.37,0.898,0.607,10.35,25.0,2.0,1.0,0.041667,1.13116,3.5017,6.4983,5.1355,-1.3628
15,81,Tomato,30.72,56.98,0.898,0.607,10.35,25.0,2.0,1.0,0.041667,1.48689,3.56365,6.4363,5.2559,-1.1804
15,82,Tomato,25.8,62.94,0.898,0.607,10.35,25.0,2.0,1.0,0.041667,1.05694,3.60769,6.3923,5.0832,-1.3091
15,83,Tomato,22.0,63.49,0.898,0.607,10.35,25.0,2.0,1.0,0.041667,0.81206,3.64153,6.3585,5.1453,-1.2132
15,84,Tomato,23.03,65.17,0.898,0.607,10.35,25.0,2.0,1.0,0.041667,0.87208,3.67786,6.3221,5.0541,-1.268
15,85,Tomato,22.86,55.23,0.898,0.607,10.35,25.0,2.0,1.0,0.041667,0.8623,3.71379,6.2862,4.8937,-1.3925
15,86,Tomato,21.99,64.74,0.898,0.607,10.35,25.0,2.0,1.0,0.041667,0.81179,3.74762,6.2524,4.8529,-1.3995
15,87,Tomato,23.53,63.14,0.898,0.607,10.35,25.0,2.0,1.0,0.041667,0.903,3.78524,6.2148,4.9052,-1.3095
15,88,Tomato,22.5,68.91,0.898,0.607,10.35,25.0,2.0,1.0,0.041667,0.84081,3.82028,6.1797,4.7952,-1.3845
15,89,Tomato,24.91,67.46,0.898,0.607,10.35,25.0,2.0,1.0,0.041667,0.99368,3.86168,6.1383,4.5676,-1.5707
15,90,Tomato,22.33,68.62,0.898,0.607,10.35,25.0,2.0,1.0,0.041667,0.83082,3.8963,6.1037,4.5692,-1.5345
15,91,Tomato,22.39,77.24,0.898,0.607,10.35,25.0,2.0,1.0,0.041667,0.83462,3.93107,6.0689,4.4948,-1.5741
15,92,Tomato,23.25,77.38,0.898,0.607,10.35,25.0,2.0,1.0,0.041667,0.88588,3.96798,6.032,4.2455,-1.7865
15,93,Tomato,25.02,81.32,0.898,0.607,10.35,25.0,2.0,1.0,0.041667,1.00109,4.0097,5.9903,4.2875,-1.7028
15,94,Tomato,25.31,86.31,0.898,0.607,10.35,25.0,2.0,1.0,0.041667,1.02179,4.05227,5.9477,4.0316,-1.9162
15,95,Tomato,28.16,82.74,0.898,0.607,10.35,25.0,2.0,1.0,0.041667,1.24475,4.10414,5.8959,4.0245,-1.8713
16,0,Tomato,28.78,78.38,0.921,0.513,25.37,25.0,2.0,1.0,0.041667,1.29998,0.05417,9.9458,10.0,0.0542
16,1,Tomato,32.72,77.1,0.921,0.513,25.37,25.0,2.0,1.0,0.041667,1.70761,0.12532,9.8747,9.8065,-0.0682
16,2,Tomato,28.61,83.94,0.921,0.513,25.37,25.0,2.0,1.0,0.041667,1.28393,0.17881,9.8212,9.8176,-0.0036
16,3,Tomato,26.58,76.63,0.921,0.513,25.37,25.0,2.0,1.0,0.041667,1.11547,0.22529,9.7747,9.6015,-0.1732
16,4,Tomato,26.25,71.11,0.921,0.513,25.37,25.0,2.0,1.0,0.041667,1.09038,0.27072,9.7293,9.413,-0.3162
16,5,Tomato,27.28,66.05,0.921,0.513,25.37,25.0,2.0,1.0,0.041667,1.17157,0.31954,9.6805,9.4875,-0.1929
16,6,Tomato,24.66,59.68,0.921,0.513,25.37,25.0,2.0,1.0,0.041667,0.97701,0.36025,9.6398,9.389,-0.2507
16,7,Tomato,22.33,61.07,0.921,0.513,25.37,25.0,2.0,1.0,0.041667,0.83103,0.39487,9.6051,9.3583,-0.2469
16,8,Tomato,26.23,57.57,0.921,0.513,25.37,25.0,2.0,1.0,0.041667,1.08885,0.44024,9.5598,9.4557,-0.1041
16,9,Tomato,23.33,64.48,0.921,0.513,25.37,25.0,2.0,1.0,0.041667,0.89083,0.47736,9.5226,9.1987,-0.324
16,10,Tomato,22.4,59.73,0.921,0.513,25.37,25.0,2.0,1.0,0.041667,0.83489,0.51215,9.4879,9.1118,-0.3761
16,11,Tomato,21.72,71.8,0.921,0.513,25.37,25.0,2.0,1.0,0.041667,0.79676,0.54535,9.4547,9.1093,-0.3454
16,12,Tomato,22.35,63.06,0.921,0.513,25.37,25.0,2.0,1.0,0.041667,0.83205,0.58002,9.42,9.0051,-0.4149
16,13,Tomato,21.87,68.05,0.921,0.513,25.37,25.0,2.0,1.0,0.041667,0.80493,0.61355,9.3864,8.8744,-0.5121
16,14,Tomato,24.6,72.83,0.921,0.513,25.37,25.0,2.0,1.0,0.041667,0.9725,0.65407,9.3459,9.0946,-0.2514
16,15,Tomato,21.98,72.58,0.921,0.513,25.37,25.0,2.0,1.0,0.041667,0.81128,0.68788,9.3121,8.903,-0.4091
16,16,Tomato,23.53,71.4,0.921,0.513,25.37,25.0,2.0,1.0,0.041667,0.90292,0.7255,9.2745,8.7729,-0.5016
16,17,Tomato,23.96,81.65,0.921,0.513,25.37,25.0,2.0,1.0,0.041667,0.9303,0.76426,9.2357,8.55,-0.6857
16,18,Tomato,26.74,81.18,0.921,0.513,25.37,25.0,2.0,1.0,0.041667,1.12799,0.81126,9.1887,8.6596,-0.5291
16,19,Tomato,25.05,84.5,0.921,0.513,25.37,25.0,2.0,1.0,0.041667,1.00338,0.85307,9.1469,8.4345,-0.7124
16,20,Tomato,25.28,80.62,0.921,0.513,25.37,25.0,2.0,1.0,0.041667,1.0198,0.89556,9.1044,8.4672,-0.6372
16,21,Tomato,26.46,75.18,0.921,0.513,25.37,25.0,2.0,1.0,0.041667,1.10645,0.94166,9.0583,8.297,-0.7614
16,22,Tomato,26.94,80.32,0.921,0.513,25.37,25.0,2.0,1.0,0.041667,1.14399,0.98933,9.0107,8.1451,-0.8656
16,23,Tomato,29.52,79.48,0.921,0.513,25.37,25.0,2.0,1.0,0.041667,1.36814,1.04634,8.9537,8.1227,-0.831
16,24,Tomato,26.88,78.76,0.921,0.513,25.37,25.0,2.0,1.0,0.041667,1.13918,1.0938,8.9062,8.0413,-0.8649
16,25,Tomato,26.89,73.85,0.921,0.513,25.37,25.0,2.0,1.0,0.041667,1.1396,1.14128,8.8587,8.0429,-0.8158
16,26,Tomato,28.45,72.65,0.921,0.513,25.37,25.0,2.0,1.0,0.041667,1.27028,1.19421,8.8058,7.935,-0.8707
16,27,Tomato,27.38,68.29,0.921,0.513,25.37,25.0,2.0,1.0,0.041667,1.17951,1.24336,8.7566,7.8505,-0.9062
16,28,Tomato,24.6,71.44,0.921,0.513,25.37,25.0,2.0,1.0,0.041667,0.97288,1.2839,8.7161,7.7621,-0.954
16,29,Tomato,26.83,63.98,0.921,0.513,25.37,25.0,2.0,1.0,0.041667,1.13492,1.33118,8.6688,7.8408,-0.828
16,30,Tomato,24.02,71.27,0.921,0.513,25.37,25.0,2.0,1.0,0.041667,0.93452,1.37012,8.6299,7.6882,-0.9417
16,31,Tomato,23.66,60.99,0.921,0.513,25.37,25.0,2.0,1.0,0.041667,0.91119,1.40809,8.5919,7.7749,-0.817
16,32,Tomato,23.52,58.62,0.921,0.513,25.37,25.0,2.0,1.0,0.041667,0.90257,1.4457,8.5543,7.5067,-1.0476
16,33,Tomato,23.65,61.37,0.921,0.513,25.37,25.0,2.0,1.0,0.041667,0.91056,1.48364,8.5164,7.5926,-0.9238
16,34,Tomato,22.02,59.21,0.921,0.513,25.37,25.0,2.0,1.0,0.041667,0.81318,1.51752,8.4825,7.5398,-0.9426
16,35,Tomato,22.97,67.62,0.921,0.513,25.37,25.0,2.0,1.0,0.041667,0.86857,1.55371,8.4463,7.2006,-1.2457
16,36,Tomato,21.67,68.7,0.921,0.513,25.37,25.0,2.0,1.0,0.041667,0.79383,1.58679,8.4132,7.1604,-1.2528
16,37,Tomato,21.5,73.74,0.921,0.513,25.37,25.0,2.0,1.0,0.041667,0.78458,1.61948,8.3805,7.1232,-1.2573
16,38,Tomato,24.8,71.81,0.921,0.513,25.37,25.0,2.0,1.0,0.041667,0.98629,1.66057,8.3394,7.2057,-1.1337
16,39,Tomato,23.09,74.81,0.921,0.513,25.37,25.0,2.0,1.0,0.041667,0.87574,1.69706,8.3029,7.0336,-1.2693
16,40,Tomato,22.98,76.35,0.921,0.513,25.37,25.0,2.0,1.0,0.041667,0.86918,1.73328,8.2667,6.8569,-1.4099
16,41,Tomato,24.17,79.08,0.921,0.513,25.37,25.0,2.0,1.0,0.041667,0.9444,1.77263,8.2274,6.7913,-1.4361
16,42,Tomato,26.21,80.48,0.921,0.513,25.37,25.0,2.0,1.0,0.041667,1.08762,1.81794,8.1821,6.8799,-1.3022
16,43,Tomato,24.02,83.49,0.921,0.513,25.37,25.0,2.0,1.0,0.041667,0.93417,1.85687,8.1431,6.6035,-1.5397
16,44,Tomato,26.25,79.97,0.921,0.513,25.37,25.0,2.0,1.0,0.041667,1.0904,1.9023,8.0977,6.4959,-1.6018
16,45,Tomato,32.96,83.54,0.921,0.513,25.37,25.0,2.0,1.0,0.041667,1.73634,1.97465,8.0254,6.5093,-1.516
16,46,Tomato,26.63,84.26,0.921,0.513,25.37,25.0,2.0,1.0,0.041667,1.11982,2.02131,7.9787,6.3043,-1.6744
16,47,Tomato,27.89,81.76,0.921,0.513,25.37,25.0,2.0,1.0,0.041667,1.22213,2.07223,7.9278,6.1679,-1.7599
16,48,Tomato,27.86,78.99,0.921,0.513,25.37,25.0,2.0,1.0,0.041667,1.21888,2.12302,7.877,6.3092,-1.5678
16,49,Tomato,29.18,79.09,0.921,0.513,25.37,25.0,2.0,1.0,0.041667,1.33565,2.17867,7.8213,6.287,-1.5343
16,50,Tomato,27.99,73.46,0.921,0.513,25.37,25.0,2.0,1.0,0.041667,1.23058,2.22994,7.7701,6.3236,-1.4465
16,51,Tomato,24.67,76.02,0.921,0.513,25.37,25.0,2.0,1.0,0.041667,0.97737,2.27067,7.7293,5.9141,-1.8152
16,52,Tomato,26.6,66.13,0.921,0.513,25.37,25.0,2.0,1.0,0.041667,1.1172,2.31722,7.6828,6.1992,-1.4836
16,53,Tomato,27.25,61.18,0.921,0.513,25.37,25.0,2.0,1.0,0.041667,1.16874,2.36591,7.6341,5.9594,-1.6747
16,54,Tomato,25.94,68.4,0.921,0.513,25.37,25.0,2.0,1.0,0.041667,1.06763,2.4104,7.5896,5.8698,-1.7198
16,55,Tomato,25.0,55.62,0.921,0.513,25.37,25.0,2.0,1.0,0.041667,1.00024,2.45208,7.5479,5.7915,-1.7564
16,56,Tomato,23.32,63.32,0.921,0.513,25.37,25.0,2.0,1.0,0.041667,0.89024,2.48917,7.5108,5.6558,-1.855
16,57,Tomato,23.38,62.26,0.921,0.513,25.37,25.0,2.0,1.0,0.041667,0.89385,2.52641,7.4736,5.7107,-1.7629
16,58,Tomato,23.41,59.0,0.921,0.513,25.37,25.0,2.0,1.0,0.041667,0.89563,2.56373,7.4363,5.6141,-1.8222
16,59,Tomato,22.71,63.79,0.921,0.513,25.37,25.0,2.0,1.0,0.041667,0.85318,2.59928,7.4007,5.5814,-1.8193
16,60,Tomato,22.89,71.78,0.921,0.513,25.37,25.0,2.0,1.0,0.041667,0.86368,2.63527,7.3647,5.3099,-2.0549
16,61,Tomato,22.7,73.77,0.921,0.513,25.37,25.0,2.0,1.0,0.041667,0.85269,2.6708,7.3292,5.1753,-2.1539
16,62,Tomato,23.19,75.55,0.921,0.513,25.37,25.0,2.0,1.0,0.041667,0.882,2.70755,7.2925,5.3533,-1.9392
16,63,Tomato,24.13,75.8,0.921,0.513,25.37,25.0,2.0,1.0,0.041667,0.94172,2.74678,7.2532,5.1621,-2.0911
16,64,Tomato,22.14,78.18,0.921,0.513,25.37,25.0,2.0,1.0,0.041667,0.82002,2.78095,7.219,4.9265,-2.2925
16,65,Tomato,24.03,78.88,0.921,0.513,25.37,25.0,2.0,1.0,0.041667,0.9348,2.8199,7.1801,5.0641,-2.116
16,66,Tomato,26.8,77.46,0.921,0.513,25.37,25.0,2.0,1.0,0.041667,1.1325,2.86709,7.1329,4.9279,-2.205
16,67,Tomato,28.22,78.89,0.921,0.513,25.37,25.0,2.0,1.0,0.041667,1.25047,2.91919,7.0808,4.7157,-2.3651
16,68,Tomato,25.37,84.63,0.921,0.513,25.37,25.0,2.0,1.0,0.041667,1.02567,2.96193,7.0381,4.5923,-2.4458
16,69,Tomato,25.38,78.83,0.921,0.513,25.37,25.0,2.0,1.0,0.041667,1.02677,3.00471,6.9953,4.6894,-2.3059
16,70,Tomato,25.91,78.14,0.921,0.513,25.37,25.0,2.0,1.0,0.041667,1.0654,3.0491,6.9509,4.5945,-2.3564
16,71,Tomato,29.02,76.88,0.921,0.513,25.37,25.0,2.0,1.0,0.041667,1.32132,3.10416,6.8958,4.5928,-2.303
16,72,Tomato,31.92,72.45,0.921,0.513,25.37,25.0,2.0,1.0,0.041667,1.6159,3.17148,6.8285,4.5038,-2.3247
16,73,Tomato,28.46,73.36,0.921,0.513,25.37,25.0,2.0,1.0,0.041667,1.27111,3.22445,6.7756,4.4079,-2.3677
16,74,Tomato,28.13,72.78,0.921,0.513,25.37,25.0,2.0,1.0,0.041667,1.2425,3.27622,6.7238,4.2755,-2.4482
16,75,Tomato,26.57,71.11,0.921,0.513,25.37,25.0,2.0,1.0,0.041667,1.1152,3.32268,6.6773,4.3164,-2.3609
16,76,Tomato,23.6,68.61,0.921,0.513,25.37,25.0,2.0,1.0,0.041667,0.90772,3.36051,6.6395,4.2677,-2.3718
16,77,Tomato,26.21,58.39,0.921,0.513,25.37,25.0,2.0,1.0,0.041667,1.08727,3.40581,6.5942,4.2466,-2.3476
16,78,Tomato,25.62,65.81,0.921,0.513,25.37,25.0,2.0,1.0,0.041667,1.04394,3.44931,6.5507,4.1044,-2.4463
16,79,Tomato,22.36,60.14,0.921,0.513,25.37,25.0,2.0,1.0,0.041667,0.83287,3.48401,6.516,4.1755,-2.3405
16,80,Tomato,23.75,61.84,0.921,0.513,25.37,25.0,2.0,1.0,0.041667,0.91682,3.52221,6.4778,3.9541,-2.5237
16,81,Tomato,22.78,62.6,0.921,0.513,25.37,25.0,2.0,1.0,0.041667,0.85714,3.55793,6.4421,4.0987,-2.3433
16,82,Tomato,21.97,62.37,0.921,0.513,25.37,25.0,2.0,1.0,0.041667,0.81045,3.59169,6.4083,3.9924,-2.4159
16,83,Tomato,22.43,62.5,0.921,0.513,25.37,25.0,2.0,1.0,0.041667,0.83663,3.62655,6.3734,3.8499,-2.5236
16,84,Tomato,22.28,65.51,0.921,0.513,25.37,25.0,2.0,1.0,0.041667,0.82834,3.66107,6.3389,3.7461,-2.5928
16,85,Tomato,22.72,63.01,0.921,0.513,25.37,25.0,2.0,1.0,0.041667,0.8538,3.69664,6.3034,3.6495,-2.6538
16,86,Tomato,22.54,71.62,0.921,0.513,25.37,25.0,2.0,1.0,0.041667,0.8434,3.73178,6.2682,3.4973,-2.7709
16,87,Tomato,23.77,73.42,0.921,0.513,25.37,25.0,2.0,1.0,0.041667,0.91821,3.77004,6.23,3.4709,-2.7591
16,88,Tomato,25.1,72.14,0.921,0.513,25.37,25.0,2.0,1.0,0.041667,1.00666,3.81199,6.188,3.4151,-2.7729
16,89,Tomato,23.46,81.35,0.921,0.513,25.37,25.0,2.0,1.0,0.041667,0.89886,3.84944,6.1506,3.0453,-3.1052
16,90,Tomato,23.85,83.87,0.921,0.513,25.37,25.0,2.0,1.0,0.041667,0.92365,3.88793,6.1121,2.8054,-3.3067
16,91,Tomato,25.41,86.74,0.921,0.513,25.37,25.0,2.0,1.0,0.041667,1.02867,3.93079,6.0692,2.605,-3.4642
16,92,Tomato,25.49,76.77,0.921,0.513,25.37,25.0,2.0,1.0,0.041667,1.03489,3.97391,6.0261,2.9567,-3.0694
16,93,Tomato,29.93,77.92,0.921,0.513,25.37,25.0,2.0,1.0,0.041667,1.40693,4.03253,5.9675,2.8585,-3.109
16,94,Tomato,27.74,82.88,0.921,0.513,25.37,25.0,2.0,1.0,0.041667,1.20927,4.08292,5.9171,2.651,-3.2661
16,95,Tomato,28.55,80.61,0.921,0.513,25.37,25.0,2.0,1.0,0.041667,1.2791,4.13621,5.8638,2.6259,-3.2379
17,0,Mango,25.17,70.35,0.898,0.464,11.21,25.0,2.1,1.0,0.041667,1.01233,0.04218,8.9578,8.8904,-0.0675
17,1,Mango,27.74,79.59,0.898,0.464,11.21,25.0,2.1,1.0,0.041667,1.2257,0.09325,8.9067,8.9004,-0.0063
17,2,Mango,23.21,92.35,0.898,0.464,11.21,25.0,2.1,1.0,0.041667,0.87565,0.12974,8.8703,8.8596,-0.0107
17,3,Mango,25.02,80.89,0.898,0.464,11.21,25.0,2.1,1.0,0.041667,1.00183,0.17148,8.8285,8.77,-0.0585
17,4,Mango,25.61,80.83,0.898,0.464,11.21,25.0,2.1,1.0,0.041667,1.04621,0.21507,8.7849,8.756,-0.0289
17,5,Mango,26.85,81.73,0.898,0.464,11.21,25.0,2.1,1.0,0.041667,1.14701,0.26286,8.7371,8.7203,-0.0169
17,6,Mango,27.43,88.82,0.898,0.464,11.21,25.0,2.1,1.0,0.041667,1.19777,0.31277,8.6872,8.4768,-0.2104
17,7,Mango,28.18,81.62,0.898,0.464,11.21,25.0,2.1,1.0,0.041667,1.26617,0.36553,8.6345,8.5191,-0.1154
17,8,Mango,27.03,81.61,0.898,0.464,11.21,25.0,2.1,1.0,0.041667,1.16252,0.41397,8.586,8.4176,-0.1684
17,9,Mango,28.79,77.72,0.898,0.464,11.21,25.0,2.1,1.0,0.041667,1.32488,0.46917,8.5308,8.294,-0.2368
17,10,Mango,27.91,81.25,0.898,0.464,11.21,25.0,2.1,1.0,0.041667,1.24105,0.52088,8.4791,8.2764,-0.2027
17,11,Mango,29.53,73.58,0.898,0.464,11.21,25.0,2.1,1.0,0.041667,1.39977,0.5792,8.4208,8.3343,-0.0865
17,12,Mango,28.31,71.02,0.898,0.464,11.21,25.0,2.1,1.0,0.041667,1.2782,0.63246,8.3675,8.2566,-0.111
17,13,Mango,31.14,65.61,0.898,0.464,11.21,25.0,2.1,1.0,0.041667,1.57762,0.6982,8.3018,8.2056,-0.0962
17,14,Mango,25.46,64.25,0.898,0.464,11.21,25.0,2.1,1.0,0.041667,1.03448,0.7413,8.2587,8.0282,-0.2305
17,15,Mango,25.25,61.09,0.898,0.464,11.21,25.0,2.1,1.0,0.041667,1.01855,0.78374,8.2163,8.1065,-0.1097
17,16,Mango,28.92,60.74,0.898,0.464,11.21,25.0,2.1,1.0,0.041667,1.33739,0.83946,8.1605,7.9103,-0.2502
17,17,Mango,24.03,56.31,0.898,0.464,11.21,25.0,2.1,1.0,0.041667,0.93069,0.87824,8.1218,7.8209,-0.3009
17,18,Mango,24.27,60.78,0.898,0.464,11.21,25.0,2.1,1.0,0.041667,0.94758,0.91773,8.0823,7.8461,-0.2362
17,19,Mango,23.18,62.26,0.898,0.464,11.21,25.0,2.1,1.0,0.041667,0.87353,0.95412,8.0459,7.8323,-0.2136
17,20,Mango,22.86,62.74,0.898,0.464,11.21,25.0,2.1,1.0,0.041667,0.85296,0.98966,8.0103,7.8436,-0.1667
17,21,Mango,24.67,67.78,0.898,0.464,11.21,25.0,2.1,1.0,0.041667,0.97592,1.03033,7.9697,7.7004,-0.2693
17,22,Mango,22.3,67.0,0.898,0.464,11.21,25.0,2.1,1.0,0.041667,0.81847,1.06443,7.9356,7.6004,-0.3352
17,23,Mango,22.25,73.94,0.898,0.464,11.21,25.0,2.1,1.0,0.041667,0.81566,1.09841,7.9016,7.6255,-0.2761
17,24,Mango,21.82,69.03,0.898,0.464,11.21,25.0,2.1,1.0,0.041667,0.78957,1.13131,7.8687,7.4693,-0.3994
17,25,Mango,22.38,79.72,0.898,0.464,11.21,25.0,2.1,1.0,0.041667,0.82346,1.16562,7.8344,7.3914,-0.443
17,26,Mango,24.93,75.14,0.898,0.464,11.21,25.0,2.1,1.0,0.041667,0.99516,1.20709,7.7929,7.4539,-0.339
17,27,Mango,23.56,85.52,0.898,0.464,11.21,25.0,2.1,1.0,0.041667,0.8986,1.24453,7.7555,7.1741,-0.5814
17,28,Mango,26.01,82.87,0.898,0.464,11.21,25.0,2.1,1.0,0.041667,1.07798,1.28945,7.7106,7.3035,-0.4071
17,29,Mango,27.72,80.45,0.898,0.464,11.21,25.0,2.1,1.0,0.041667,1.22405,1.34045,7.6596,7.2071,-0.4524
17,30,Mango,26.9,87.9,0.898,0.464,11.21,25.0,2.1,1.0,0.041667,1.15115,1.38841,7.6116,6.9216,-0.69
17,31,Mango,27.81,83.21,0.898,0.464,11.21,25.0,2.1,1.0,0.041667,1.232,1.43975,7.5603,7.0675,-0.4928
17,32,Mango,28.14,82.7,0.898,0.464,11.21,25.0,2.1,1.0,0.041667,1.26214,1.49233,7.5077,6.9346,-0.5731
17,33,Mango,27.69,79.34,0.898,0.464,11.21,25.0,2.1,1.0,0.041667,1.22115,1.54322,7.4568,7.036,-0.4207
17,34,Mango,28.04,74.33,0.898,0.464,11.21,25.0,2.1,1.0,0.041667,1.25314,1.59543,7.4046,6.8305,-0.5741
17,35,Mango,29.01,74.12,0.898,0.464,11.21,25.0,2.1,1.0,0.041667,1.34675,1.65154,7.3485,6.7816,-0.5669
17,36,Mango,27.88,73.53,0.898,0.464,11.21,25.0,2.1,1.0,0.041667,1.23844,1.70315,7.2969,6.6858,-0.6111
17,37,Mango,30.37,70.64,0.898,0.464,11.21,25.0,2.1,1.0,0.041667,1.48966,1.76522,7.2348,6.7667,-0.4681
17,38,Mango,24.11,65.55,0.898,0.464,11.21,25.0,2.1,1.0,0.041667,0.93601,1.80422,7.1958,6.7354,-0.4604
17,39,Mango,25.94,64.52,0.898,0.464,11.21,25.0,2.1,1.0,0.041667,1.07208,1.84889,7.1511,6.5889,-0.5622
17,40,Mango,28.9,70.04,0.898,0.464,11.21,25.0,2.1,1.0,0.041667,1.33596,1.90455,7.0954,6.2986,-0.7968
17,41,Mango,24.29,56.84,0.898,0.464,11.21,25.0,2.1,1.0,0.041667,0.94887,1.94409,7.0559,6.4165,-0.6394
17,42,Mango,22.71,62.16,0.898,0.464,11.21,25.0,2.1,1.0,0.041667,0.8438,1.97925,7.0208,6.369,-0.6518
17,43,Mango,23.65,64.96,0.898,0.464,11.21,25.0,2.1,1.0,0.041667,0.9048,2.01695,6.9831,6.4454,-0.5376
17,44,Mango,21.59,69.13,0.898,0.464,11.21,25.0,2.1,1.0,0.041667,0.77666,2.04931,6.9507,6.5741,-0.3766
17,45,Mango,24.01,69.52,0.898,0.464,11.21,25.0,2.1,1.0,0.041667,0.92921,2.08802,6.912,6.2367,-0.6753
17,46,Mango,22.88,71.52,0.898,0.464,11.21,25.0,2.1,1.0,0.041667,0.85426,2.12362,6.8764,6.207,-0.6694
17,47,Mango,22.77,67.55,0.898,0.464,11.21,25.0,2.1,1.0,0.041667,0.84767,2.15894,6.8411,6.3002,-0.5408
17,48,Mango,21.78,71.06,0.898,0.464,11.21,25.0,2.1,1.0,0.041667,0.78767,2.19176,6.8082,6.0283,-0.7799
17,49,Mango,22.32,79.0,0.898,0.464,11.21,25.0,2.1,1.0,0.041667,0.81981,2.22592,6.7741,5.9283,-0.8458
17,50,Mango,24.2,76.51,0.898,0.464,11.21,25.0,2.1,1.0,0.041667,0.9422,2.26517,6.7348,6.0296,-0.7052
17,51,Mango,24.96,82.2,0.898,0.464,11.21,25.0,2.1,1.0,0.041667,0.99726,2.30673,6.6933,5.9575,-0.7358
17,52,Mango,25.36,74.34,0.898,0.464,11.21,25.0,2.1,1.0,0.041667,1.02736,2.34953,6.6505,5.9046,-0.7459
17,53,Mango,26.8,82.9,0.898,0.464,11.21,25.0,2.1,1.0,0.041667,1.14322,2.39717,6.6028,5.6767,-0.9261
17,54,Mango,27.41,80.94,0.898,0.464,11.21,25.0,2.1,1.0,0.041667,1.19535,2.44697,6.553,5.6369,-0.9161
17,55,Mango,31.46,74.55,0.898,0.464,11.21,25.0,2.1,1.0,0.041667,1.61492,2.51426,6.4857,5.6377,-0.848
17,56,Mango,29.69,81.84,0.898,0.464,11.21,25.0,2.1,1.0,0.041667,1.41646,2.57328,6.4267,5.5031,-0.9236
17,57,Mango,29.53,78.76,0.898,0.464,11.21,25.0,2.1,1.0,0.041667,1.39952,2.63159,6.3684,5.4307,-0.9377
17,58,Mango,25.95,71.59,0.898,0.464,11.21,25.0,2.1,1.0,0.041667,1.0733,2.67632,6.3237,5.5718,-0.7519
17,59,Mango,29.33,80.91,0.898,0.464,11.21,25.0,2.1,1.0,0.041667,1.37917,2.73378,6.2662,5.2283,-1.0379
17,60,Mango,27.79,71.8,0.898,0.464,11.21,25.0,2.1,1.0,0.041667,1.22975,2.78502,6.215,5.5127,-0.7023
17,61,Mango,27.69,63.78,0.898,0.464,11.21,25.0,2.1,1.0,0.041667,1.2213,2.83591,6.1641,5.3837,-0.7804
17,62,Mango,25.41,65.67,0.898,0.464,11.21,25.0,2.1,1.0,0.041667,1.03125,2.87888,6.1211,5.3728,-0.7483
17,63,Mango,24.03,58.16,0.898,0.464,11.21,25.0,2.1,1.0,0.041667,0.93068,2.91765,6.0823,5.29,-0.7924
17,64,Mango,24.19,59.06,0.898,0.464,11.21,25.0,2.1,1.0,0.041667,0.9416,2.95689,6.0431,5.127,-0.9161
17,65,Mango,23.17,69.5,0.898,0.464,11.21,25.0,2.1,1.0,0.041667,0.8729,2.99326,6.0067,5.2342,-0.7725
17,66,Mango,24.34,62.08,0.898,0.464,11.21,25.0,2.1,1.0,0.041667,0.95218,3.03293,5.9671,5.0518,-0.9152
17,67,Mango,23.67,63.54,0.898,0.464,11.21,25.0,2.1,1.0,0.041667,0.90612,3.07069,5.9293,4.899,-1.0303
17,68,Mango,22.79,66.4,0.898,0.464,11.21,25.0,2.1,1.0,0.041667,0.84896,3.10606,5.8939,5.0341,-0.8598
17,69,Mango,21.7,69.18,0.898,0.464,11.21,25.0,2.1,1.0,0.041667,0.78278,3.13868,5.8613,4.9174,-0.9439
17,70,Mango,21.56,70.73,0.898,0.464,11.21,25.0,2.1,1.0,0.041667,0.77452,3.17095,5.8291,4.9309,-0.8981
17,71,Mango,21.58,67.62,0.898,0.464,11.21,25.0,2.1,1.0,0.041667,0.77618,3.20329,5.7967,4.8189,-0.9778
17,72,Mango,23.07,76.44,0.898,0.464,11.21,25.0,2.1,1.0,0.041667,0.86684,3.23941,5.7606,4.6353,-1.1253
17,73,Mango,23.53,73.69,0.898,0.464,11.21,25.0,2.1,1.0,0.041667,0.89687,3.27678,5.7232,4.6672,-1.056
17,74,Mango,21.75,86.49,0.898,0.464,11.21,25.0,2.1,1.0,0.041667,0.78584,3.30952,5.6905,4.1151,-1.5754
17,75,Mango,25.7,81.69,0.898,0.464,11.21,25.0,2.1,1.0,0.041667,1.05346,3.35341,5.6466,4.4832,-1.1634
17,76,Mango,24.67,82.19,0.898,0.464,11.21,25.0,2.1,1.0,0.041667,0.97612,3.39409,5.6059,4.3375,-1.2685
17,77,Mango,26.53,82.36,0.898,0.464,11.21,25.0,2.1,1.0,0.041667,1.11991,3.44075,5.5593,4.2263,-1.333
17,78,Mango,26.75,79.94,0.898,0.464,11.21,25.0,2.1,1.0,0.041667,1.1389,3.4882,5.5118,4.4043,-1.1075
17,79,Mango,32.45,82.15,0.898,0.464,11.21,25.0,2.1,1.0,0.041667,1.73744,3.5606,5.4394,4.0916,-1.3478
17,80,Mango,28.07,77.47,0.898,0.464,11.21,25.0,2.1,1.0,0.041667,1.25545,3.61291,5.3871,4.1229,-1.2642
17,81,Mango,32.39,77.37,0.898,0.464,11.21,25.0,2.1,1.0,0.041667,1.7301,3.68499,5.315,4.0239,-1.2911
17,82,Mango,27.62,79.48,0.898,0.464,11.21,25.0,2.1,1.0,0.041667,1.21446,3.7356,5.2644,4.0416,-1.2228
17,83,Mango,26.58,74.88,0.898,0.464,11.21,25.0,2.1,1.0,0.041667,1.12445,3.78245,5.2176,3.9389,-1.2786
17,84,Mango,26.71,73.03,0.898,0.464,11.21,25.0,2.1,1.0,0.041667,1.13502,3.82974,5.1703,3.9802,-1.1901
17,85,Mango,27.8,70.02,0.898,0.464,11.21,25.0,2.1,1.0,0.041667,1.23083,3.88103,5.119,4.0452,-1.0738
17,86,Mango,29.02,69.13,0.898,0.464,11.21,25.0,2.1,1.0,0.041667,1.34713,3.93716,5.0628,3.9616,-1.1013
17,87,Mango,24.58,68.95,0.898,0.464,11.21,25.0,2.1,1.0,0.041667,0.96947,3.97755,5.0224,3.903,-1.1194
17,88,Mango,24.68,56.71,0.898,0.464,11.21,25.0,2.1,1.0,0.041667,0.9767,4.01825,4.9818,3.8782,-1.1036
17,89,Mango,24.03,66.04,0.898,0.464,11.21,25.0,2.1,1.0,0.041667,0.93037,4.05701,4.943,3.7312,-1.2118
17,90,Mango,21.8,61.85,0.898,0.464,11.21,25.0,2.1,1.0,0.041667,0.78838,4.08986,4.9101,3.8131,-1.097
17,91,Mango,22.39,66.07,0.898,0.464,11.21,25.0,2.1,1.0,0.041667,0.8238,4.12419,4.8758,3.7257,-1.1501
17,92,Mango,23.72,61.81,0.898,0.464,11.21,25.0,2.1,1.0,0.041667,0.90969,4.16209,4.8379,3.7304,-1.1075
17,93,Mango,21.51,77.11,0.898,0.464,11.21,25.0,2.1,1.0,0.041667,0.77171,4.19424,4.8058,3.4651,-1.3407
17,94,Mango,20.22,66.55,0.898,0.464,11.21,25.0,2.1,1.0,0.041667,0.70118,4.22346,4.7765,3.6118,-1.1648
17,95,Mango,22.04,59.5,0.898,0.464,11.21,25.0,2.1,1.0,0.041667,0.80309,4.25692,4.7431,3.5878,-1.1553
18,0,Banana,21.56,67.5,0.888,0.535,26.28,25.0,2.2,1.0,0.041667,0.76255,0.03177,6.9682,6.9497,-0.0186
18,1,Banana,21.51,70.24,0.888,0.535,26.28,25.0,2.2,1.0,0.041667,0.7593,0.06341,6.9366,6.9158,-0.0207
18,2,Banana,26.31,66.42,0.888,0.535,26.28,25.0,2.2,1.0,0.041667,1.10856,0.1096,6.8904,6.6832,-0.2072
18,3,Banana,23.5,82.82,0.888,0.535,26.28,25.0,2.2,1.0,0.041667,0.88834,0.14661,6.8534,6.7683,-0.0851
18,4,Banana,22.59,74.88,0.888,0.535,26.28,25.0,2.2,1.0,0.041667,0.82701,0.18107,6.8189,6.57,-0.2489
18,5,Banana,23.18,80.31,0.888,0.535,26.28,25.0,2.2,1.0,0.041667,0.86639,0.21717,6.7828,6.5617,-0.2211
18,6,Banana,24.51,80.9,0.888,0.535,26.28,25.0,2.2,1.0,0.041667,0.9623,0.25727,6.7427,6.4171,-0.3257
18,7,Banana,26.58,85.31,0.888,0.535,26.28,25.0,2.2,1.0,0.041667,1.13251,0.30446,6.6955,6.341,-0.3545
18,8,Banana,26.41,81.95,0.888,0.535,26.28,25.0,2.2,1.0,0.041667,1.1179,0.35104,6.649,6.2025,-0.4465
18,9,Banana,25.47,82.13,0.888,0.535,26.28,25.0,2.2,1.0,0.041667,1.03788,0.39428,6.6057,6.2821,-0.3236
18,10,Banana,27.09,81.26,0.888,0.535,26.28,25.0,2.2,1.0,0.041667,1.17931,0.44342,6.5566,6.3605,-0.196
18,11,Banana,28.29,76.8,0.888,0.535,26.28,25.0,2.2,1.0,0.041667,1.29573,0.49741,6.5026,6.2097,-0.2929
18,12,Banana,27.42,79.92,0.888,0.535,26.28,25.0,2.2,1.0,0.041667,1.21024,0.54783,6.4522,6.0859,-0.3663
18,13,Banana,28.22,72.87,0.888,0.535,26.28,25.0,2.2,1.0,0.041667,1.28892,0.60154,6.3985,5.9099,-0.4886
18,14,Banana,28.45,71.18,0.888,0.535,26.28,25.0,2.2,1.0,0.041667,1.31254,0.65623,6.3438,5.7427,-0.601
18,15,Banana,29.39,74.64,0.888,0.535,26.28,25.0,2.2,1.0,0.041667,1.41316,0.71511,6.2849,5.6034,-0.6815
18,16,Banana,25.8,70.04,0.888,0.535,26.28,25.0,2.2,1.0,0.041667,1.06511,0.75949,6.2405,5.8602,-0.3803
18,17,Banana,24.48,63.02,0.888,0.535,26.28,25.0,2.2,1.0,0.041667,0.95964,0.79948,6.2005,5.736,-0.4645
18,18,Banana,25.0,65.43,0.888,0.535,26.28,25.0,2.2,1.0,0.041667,1.00027,0.84115,6.1588,5.6044,-0.5545
18,19,Banana,23.57,66.1,0.888,0.535,26.28,25.0,2.2,1.0,0.041667,0.89305,0.87836,6.1216,5.425,-0.6967
18,20,Banana,23.83,69.91,0.888,0.535,26.28,25.0,2.2,1.0,0.041667,0.91205,0.91637,6.0836,5.3704,-0.7132
18,21,Banana,22.5,59.61,0.888,0.535,26.28,25.0,2.2,1.0,0.041667,0.82111,0.95058,6.0494,5.3129,-0.7365
18,22,Banana,21.71,61.39,0.888,0.535,26.28,25.0,2.2,1.0,0.041667,0.77163,0.98273,6.0173,5.1439,-0.8734
18,23,Banana,21.89,62.39,0.888,0.535,26.28,25.0,2.2,1.0,0.041667,0.7828,1.01535,5.9847,5.1192,-0.8655
18,24,Banana,21.26,63.84,0.888,0.535,26.28,25.0,2.2,1.0,0.041667,0.7447,1.04638,5.9536,5.1096,-0.844
18,25,Banana,21.55,61.82,0.888,0.535,26.28,25.0,2.2,1.0,0.041667,0.76156,1.07811,5.9219,5.1778,-0.7441
18,26,Banana,22.8,70.11,0.888,0.535,26.28,25.0,2.2,1.0,0.041667,0.84069,1.11314,5.8869,4.9725,-0.9144
18,27,Banana,22.84,76.4,0.888,0.535,26.28,25.0,2.2,1.0,0.041667,0.84314,1.14827,5.8517,4.7803,-1.0714
18,28,Banana,23.82,78.34,0.888,0.535,26.28,25.0,2.2,1.0,0.041667,0.91085,1.18622,5.8138,4.8522,-0.9616
18,29,Banana,25.02,75.0,0.888,0.535,26.28,25.0,2.2,1.0,0.041667,1.00157,1.22795,5.772,4.6889,-1.0831
18,30,Banana,24.56,88.32,0.888,0.535,26.28,25.0,2.2,1.0,0.041667,0.96598,1.2682,5.7318,4.3437,-1.3881
18,31,Banana,27.49,88.43,0.888,0.535,26.28,25.0,2.2,1.0,0.041667,1.21711,1.31891,5.6811,4.2979,-1.3832
18,32,Banana,26.86,80.72,0.888,0.535,26.28,25.0,2.2,1.0,0.041667,1.15769,1.36715,5.6329,4.3654,-1.2674
18,33,Banana,26.99,88.39,0.888,0.535,26.28,25.0,2.2,1.0,0.041667,1.16975,1.41589,5.5841,4.1227,-1.4614
18,34,Banana,27.39,78.31,0.888,0.535,26.28,25.0,2.2,1.0,0.041667,1.20776,1.46621,5.5338,4.1832,-1.3506
18,35,Banana,28.69,76.34,0.888,0.535,26.28,25.0,2.2,1.0,0.041667,1.3376,1.52195,5.4781,4.1367,-1.3413
18,36,Banana,28.52,69.61,0.888,0.535,26.28,25.0,2.2,1.0,0.041667,1.31975,1.57694,5.4231,4.1127,-1.3103
18,37,Banana,27.49,78.45,0.888,0.535,26.28,25.0,2.2,1.0,0.041667,1.21736,1.62766,5.3723,4.0811,-1.2912
18,38,Banana,28.15,69.02,0.888,0.535,26.28,25.0,2.2,1.0,0.041667,1.28203,1.68108,5.3189,3.962,-1.3569
18,39,Banana,29.99,68.96,0.888,0.535,26.28,25.0,2.2,1.0,0.041667,1.48183,1.74282,5.2572,3.9328,-1.3244
18,40,Banana,26.64,66.15,0.888,0.535,26.28,25.0,2.2,1.0,0.041667,1.13835,1.79025,5.2097,3.7357,-1.4741
18,41,Banana,27.2,67.7,0.888,0.535,26.28,25.0,2.2,1.0,0.041667,1.18942,1.83981,5.1602,3.7322,-1.428
18,42,Banana,23.56,76.69,0.888,0.535,26.28,25.0,2.2,1.0,0.041667,0.89266,1.877,5.123,3.4512,-1.6718
18,43,Banana,23.99,62.22,0.888,0.535,26.28,25.0,2.2,1.0,0.041667,0.92331,1.91548,5.0845,3.6484,-1.4361
18,44,Banana,22.53,60.63,0.888,0.535,26.28,25.0,2.2,1.0,0.041667,0.82298,1.94977,5.0502,3.5999,-1.4503
18,45,Banana,22.02,65.84,0.888,0.535,26.28,25.0,2.2,1.0,0.041667,0.79046,1.9827,5.0173,3.5505,-1.4668
18,46,Banana,22.85,64.44,0.888,0.535,26.28,25.0,2.2,1.0,0.041667,0.8438,2.01786,4.9821,3.4087,-1.5735
18,47,Banana,25.9,63.21,0.888,0.535,26.28,25.0,2.2,1.0,0.041667,1.07392,2.06261,4.9374,3.3219,-1.6155
18,48,Banana,22.28,80.07,0.888,0.535,26.28,25.0,2.2,1.0,0.041667,0.80713,2.09624,4.9038,3.0441,-1.8597
18,49,Banana,23.21,69.71,0.888,0.535,26.28,25.0,2.2,1.0,0.041667,0.86805,2.13241,4.8676,3.0369,-1.8307
18,50,Banana,22.56,66.19,0.888,0.535,26.28,25.0,2.2,1.0,0.041667,0.82512,2.16679,4.8332,3.1306,-1.7026
18,51,Banana,23.92,75.33,0.888,0.535,26.28,25.0,2.2,1.0,0.041667,0.91865,2.20506,4.7949,2.7789,-2.0161
18,52,Banana,24.62,74.93,0.888,0.535,26.28,25.0,2.2,1.0,0.041667,0.97067,2.24551,4.7545,2.7922,-1.9623
18,53,Banana,24.37,81.99,0.888,0.535,26.28,25.0,2.2,1.0,0.041667,0.95163,2.28516,4.7148,2.8328,-1.882
18,54,Banana,25.61,79.93,0.888,0.535,26.28,25.0,2.2,1.0,0.041667,1.04956,2.32889,4.6711,2.5871,-2.084
18,55,Banana,26.4,78.64,0.888,0.535,26.28,25.0,2.2,1.0,0.041667,1.11651,2.37541,4.6246,2.5805,-2.0441
18,56,Banana,27.48,88.21,0.888,0.535,26.28,25.0,2.2,1.0,0.041667,1.21613,2.42608,4.5739,2.1994,-2.3745
18,57,Banana,26.58,86.4,0.888,0.535,26.28,25.0,2.2,1.0,0.041667,1.13297,2.47329,4.5267,2.184,-2.3427
18,58,Banana,26.95,79.88,0.888,0.535,26.28,25.0,2.2,1.0,0.041667,1.16641,2.52189,4.4781,2.3336,-2.1445
18,59,Banana,28.84,77.13,0.888,0.535,26.28,25.0,2.2,1.0,0.041667,1.35333,2.57828,4.4217,2.3715,-2.0502
18,60,Banana,28.06,79.09,0.888,0.535,26.28,25.0,2.2,1.0,0.041667,1.27288,2.63132,4.3687,2.1162,-2.2525
18,61,Banana,28.61,69.83,0.888,0.535,26.28,25.0,2.2,1.0,0.041667,1.32883,2.68668,4.3133,2.2299,-2.0834
18,62,Banana,27.65,79.02,0.888,0.535,26.28,25.0,2.2,1.0,0.041667,1.23283,2.73805,4.2619,2.0377,-2.2242
18,63,Banana,26.54,72.12,0.888,0.535,26.28,25.0,2.2,1.0,0.041667,1.12942,2.78511,4.2149,2.0011,-2.2138
18,64,Banana,27.81,68.14,0.888,0.535,26.28,25.0,2.2,1.0,0.041667,1.24819,2.83712,4.1629,1.9338,-2.2291
18,65,Banana,31.06,66.93,0.888,0.535,26.28,25.0,2.2,1.0,0.041667,1.61272,2.90432,4.0957,1.8392,-2.2565
18,66,Banana,24.83,64.26,0.888,0.535,26.28,25.0,2.2,1.0,0.041667,0.98661,2.94543,4.0546,1.9894,-2.0652
18,67,Banana,23.27,63.08,0.888,0.535,26.28,25.0,2.2,1.0,0.041667,0.87244,2.98178,4.0182,1.9089,-2.1094
18,68,Banana,24.54,61.34,0.888,0.535,26.28,25.0,2.2,1.0,0.041667,0.96419,3.02195,3.978,1.601,-2.377
18,69,Banana,22.68,68.44,0.888,0.535,26.28,25.0,2.2,1.0,0.041667,0.83263,3.05664,3.9434,1.6792,-2.2642
18,70,Banana,23.22,62.15,0.888,0.535,26.28,25.0,2.2,1.0,0.041667,0.86934,3.09287,3.9071,1.5783,-2.3288
18,71,Banana,20.24,60.61,0.888,0.535,26.28,25.0,2.2,1.0,0.041667,0.6869,3.12149,3.8785,1.524,-2.3545
18,72,Banana,21.38,64.16,0.888,0.535,26.28,25.0,2.2,1.0,0.041667,0.75174,3.15281,3.8472,1.6095,-2.2377
18,73,Banana,21.05,67.15,0.888,0.535,26.28,25.0,2.2,1.0,0.041667,0.73251,3.18333,3.8167,1.5194,-2.2973
18,74,Banana,23.62,66.7,0.888,0.535,26.28,25.0,2.2,1.0,0.041667,0.8966,3.22069,3.7793,1.2921,-2.4872
18,75,Banana,22.76,80.15,0.888,0.535,26.28,25.0,2.2,1.0,0.041667,0.83825,3.25562,3.7444,1.1003,-2.6441
18,76,Banana,24.13,78.15,0.888,0.535,26.28,25.0,2.2,1.0,0.041667,0.93403,3.29454,3.7055,0.8777,-2.8278
18,77,Banana,24.05,75.33,0.888,0.535,26.28,25.0,2.2,1.0,0.041667,0.92756,3.33318,3.6668,0.9133,-2.7535
18,78,Banana,29.14,81.3,0.888,0.535,26.28,25.0,2.2,1.0,0.041667,1.3859,3.39093,3.6091,0.6937,-2.9154
18,79,Banana,25.21,81.54,0.888,0.535,26.28,25.0,2.2,1.0,0.041667,1.01648,3.43328,3.5667,0.6827,-2.884
18,80,Banana,26.66,76.15,0.888,0.535,26.28,25.0,2.2,1.0,0.041667,1.1395,3.48076,3.5192,0.8316,-2.6876
18,81,Banana,27.29,80.07,0.888,0.535,26.28,25.0,2.2,1.0,0.041667,1.19743,3.53066,3.4693,0.4743,-2.9951
18,82,Banana,28.23,80.04,0.888,0.535,26.28,25.0,2.2,1.0,0.041667,1.29027,3.58442,3.4156,0.5642,-2.8514
18,83,Banana,28.2,78.38,0.888,0.535,26.28,25.0,2.2,1.0,0.041667,1.28703,3.63804,3.362,0.4501,-2.9119
18,84,Banana,27.87,73.67,0.888,0.535,26.28,25.0,2.2,1.0,0.041667,1.25433,3.69031,3.3097,0.4332,-2.8765
18,85,Banana,32.59,79.11,0.888,0.535,26.28,25.0,2.2,1.0,0.041667,1.81871,3.76609,3.2339,0.1771,-3.0568
18,86,Banana,28.76,76.84,0.888,0.535,26.28,25.0,2.2,1.0,0.041667,1.34493,3.82212,3.1779,0.0,-3.1779
18,87,Banana,26.69,64.24,0.888,0.535,26.28,25.0,2.2,1.0,0.041667,1.14246,3.86973,3.1303,0.178,-2.9523
18,88,Banana,26.69,70.67,0.888,0.535,26.28,25.0,2.2,1.0,0.041667,1.14244,3.91733,3.0827,0.0,-3.0827
18,89,Banana,24.29,67.94,0.888,0.535,26.28,25.0,2.2,1.0,0.041667,0.94558,3.95673,3.0433,0.0302,-3.0131
18,90,Banana,24.46,63.62,0.888,0.535,26.28,25.0,2.2,1.0,0.041667,0.95868,3.99667,3.0033,0.0077,-2.9956
18,91,Banana,24.49,62.23,0.888,0.535,26.28,25.0,2.2,1.0,0.041667,0.96072,4.0367,2.9633,0.1158,-2.8475
18,92,Banana,28.97,64.75,0.888,0.535,26.28,25.0,2.2,1.0,0.041667,1.36775,4.09369,2.9063,0.0,-2.9063
18,93,Banana,23.23,64.72,0.888,0.535,26.28,25.0,2.2,1.0,0.041667,0.86983,4.12994,2.8701,0.0,-2.8701
18,94,Banana,22.8,62.2,0.888,0.535,26.28,25.0,2.2,1.0,0.041667,0.84047,4.16495,2.835,0.0,-2.835
18,95,Banana,21.99,59.45,0.888,0.535,26.28,25.0,2.2,1.0,0.041667,0.7887,4.19782,2.8022,0.0,-2.8022
19,0,Tomato,28.16,75.41,0.855,0.732,2.97,25.0,2.0,1.0,0.041667,1.24516,0.05188,9.9481,9.8317,-0.1164
19,1,Tomato,28.35,79.9,0.855,0.732,2.97,25.0,2.0,1.0,0.041667,1.26096,0.10442,9.8956,9.7321,-0.1635
19,2,Tomato,28.4,74.04,0.855,0.732,2.97,25.0,2.0,1.0,0.041667,1.26541,0.15715,9.8429,9.6186,-0.2243
19,3,Tomato,26.68,73.62,0.855,0.732,2.97,25.0,2.0,1.0,0.041667,1.1233,0.20395,9.796,9.6411,-0.1549
19,4,Tomato,24.72,65.1,0.855,0.732,2.97,25.0,2.0,1.0,0.041667,0.98059,0.24481,9.7552,9.8771,0.1219
19,5,Tomato,26.04,68.86,0.855,0.732,2.97,25.0,2.0,1.0,0.041667,1.07471,0.28959,9.7104,9.5137,-0.1967
19,6,Tomato,25.71,64.27,0.855,0.732,2.97,25.0,2.0,1.0,0.041667,1.0503,0.33335,9.6666,9.6188,-0.0478
19,7,Tomato,23.7,67.73,0.855,0.732,2.97,25.0,2.0,1.0,0.041667,0.91388,0.37143,9.6286,9.4846,-0.144
19,8,Tomato,24.37,62.81,0.855,0.732,2.97,25.0,2.0,1.0,0.041667,0.9576,0.41133,9.5887,9.3249,-0.2638
19,9,Tomato,24.26,64.01,0.855,0.732,2.97,25.0,2.0,1.0,0.041667,0.94977,0.4509,9.5491,9.3563,-0.1928
19,10,Tomato,22.76,62.45,0.855,0.732,2.97,25.0,2.0,1.0,0.041667,0.85635,0.48658,9.5134,9.4155,-0.098
19,11,Tomato,21.91,63.07,0.855,0.732,2.97,25.0,2.0,1.0,0.041667,0.80732,0.52022,9.4798,9.2951,-0.1847
19,12,Tomato,24.14,62.63,0.855,0.732,2.97,25.0,2.0,1.0,0.041667,0.94185,0.55947,9.4405,9.1785,-0.2621
19,13,Tomato,21.58,64.02,0.855,0.732,2.97,25.0,2.0,1.0,0.041667,0.78887,0.59234,9.4077,9.2319,-0.1758
19,14,Tomato,21.64,66.09,0.855,0.732,2.97,25.0,2.0,1.0,0.041667,0.7921,0.62534,9.3747,9.075,-0.2996
19,15,Tomato,22.81,73.66,0.855,0.732,2.97,25.0,2.0,1.0,0.041667,0.85926,0.66114,9.3389,8.9773,-0.3616
19,16,Tomato,22.99,68.64,0.855,0.732,2.97,25.0,2.0,1.0,0.041667,0.87011,0.6974,9.3026,9.1293,-0.1733
19,17,Tomato,22.94,78.84,0.855,0.732,2.97,25.0,2.0,1.0,0.041667,0.86665,0.73351,9.2665,8.9479,-0.3186
19,18,Tomato,24.29,77.02,0.855,0.732,2.97,25.0,2.0,1.0,0.041667,0.95208,0.77318,9.2268,9.0976,-0.1292
19,19,Tomato,23.59,77.43,0.855,0.732,2.97,25.0,2.0,1.0,0.041667,0.90678,0.81096,9.189,8.9752,-0.2139
19,20,Tomato,24.68,84.09,0.855,0.732,2.97,25.0,2.0,1.0,0.041667,0.97781,0.8517,9.1483,8.6881,-0.4602
19,21,Tomato,26.11,87.98,0.855,0.732,2.97,25.0,2.0,1.0,0.041667,1.08013,0.89671,9.1033,8.4931,-0.6102
19,22,Tomato,26.76,81.93,0.855,0.732,2.97,25.0,2.0,1.0,0.041667,1.12985,0.94378,9.0562,8.6422,-0.414
19,23,Tomato,27.92,81.19,0.855,0.732,2.97,25.0,2.0,1.0,0.041667,1.22457,0.99481,9.0052,8.5288,-0.4764
19,24,Tomato,26.15,80.09,0.855,0.732,2.97,25.0,2.0,1.0,0.041667,1.08301,1.03993,8.9601,8.68,-0.2801
19,25,Tomato,28.3,79.03,0.855,0.732,2.97,25.0,2.0,1.0,0.041667,1.25728,1.09232,8.9077,8.3657,-0.542
19,26,Tomato,27.44,68.9,0.855,0.732,2.97,25.0,2.0,1.0,0.041667,1.18426,1.14166,8.8583,8.4827,-0.3757
19,27,Tomato,28.61,75.26,0.855,0.732,2.97,25.0,2.0,1.0,0.041667,1.28409,1.19517,8.8048,8.4121,-0.3927
19,28,Tomato,27.76,68.81,0.855,0.732,2.97,25.0,2.0,1.0,0.041667,1.21094,1.24562,8.7544,8.3421,-0.4122
19,29,Tomato,26.74,64.11,0.855,0.732,2.97,25.0,2.0,1.0,0.041667,1.12785,1.29262,8.7074,8.4204,-0.287
19,30,Tomato,25.36,68.1,0.855,0.732,2.97,25.0,2.0,1.0,0.041667,1.02556,1.33535,8.6647,8.0307,-0.6339
19,31,Tomato,24.61,62.8,0.855,0.732,2.97,25.0,2.0,1.0,0.041667,0.97366,1.37592,8.6241,8.3948,-0.2293
19,32,Tomato,23.68,65.07,0.855,0.732,2.97,25.0,2.0,1.0,0.041667,0.91236,1.41393,8.5861,8.3615,-0.2246
19,33,Tomato,23.92,67.58,0.855,0.732,2.97,25.0,2.0,1.0,0.041667,0.92775,1.45259,8.5474,7.9651,-0.5823
19,34,Tomato,21.64,59.96,0.855,0.732,2.97,25.0,2.0,1.0,0.041667,0.79223,1.4856,8.5144,8.106,-0.4084
19,35,Tomato,22.6,61.1,0.855,0.732,2.97,25.0,2.0,1.0,0.041667,0.84689,1.52089,8.4791,8.06,-0.4191
19,36,Tomato,21.38,64.98,0.855,0.732,2.97,25.0,2.0,1.0,0.041667,0.77796,1.5533,8.4467,7.939,-0.5077
19,37,Tomato,22.26,66.72,0.855,0.732,2.97,25.0,2.0,1.0,0.041667,0.82712,1.58776,8.4122,7.9166,-0.4957
19,38,Tomato,22.73,62.42,0.855,0.732,2.97,25.0,2.0,1.0,0.041667,0.85434,1.62336,8.3766,7.8109,-0.5657
19,39,Tomato,23.69,72.51,0.855,0.732,2.97,25.0,2.0,1.0,0.041667,0.91327,1.66142,8.3386,7.7743,-0.5643
19,40,Tomato,23.49,73.12,0.855,0.732,2.97,25.0,2.0,1.0,0.041667,0.90088,1.69895,8.301,7.7351,-0.566
19,41,Tomato,24.07,77.48,0.855,0.732,2.97,25.0,2.0,1.0,0.041667,0.93763,1.73802,8.262,7.808,-0.4539
19,42,Tomato,25.17,75.41,0.855,0.732,2.97,25.0,2.0,1.0,0.041667,1.01181,1.78018,8.2198,7.522,-0.6978
19,43,Tomato,24.53,83.75,0.855,0.732,2.97,25.0,2.0,1.0,0.041667,0.96818,1.82052,8.1795,7.5767,-0.6028
19,44,Tomato,27.9,80.22,0.855,0.732,2.97,25.0,2.0,1.0,0.041667,1.22253,1.87146,8.1285,7.4965,-0.6321
19,45,Tomato,25.22,87.21,0.855,0.732,2.97,25.0,2.0,1.0,0.041667,1.01521,1.91376,8.0862,7.2335,-0.8527
19,46,Tomato,28.65,81.7,0.855,0.732,2.97,25.0,2.0,1.0,0.041667,1.28817,1.96743,8.0326,7.2553,-0.7773
19,47,Tomato,28.07,77.78,0.855,0.732,2.97,25.0,2.0,1.0,0.041667,1.23697,2.01897,7.981,7.3551,-0.626
19,48,Tomato,26.81,81.46,0.855,0.732,2.97,25.0,2.0,1.0,0.041667,1.13365,2.06621,7.9338,7.236,-0.6978
19,49,Tomato,27.47,79.09,0.855,0.732,2.97,25.0,2.0,1.0,0.041667,1.18633,2.11564,7.8844,7.2354,-0.649
19,50,Tomato,27.95,75.0,0.855,0.732,2.97,25.0,2.0,1.0,0.041667,1.22723,2.16677,7.8332,7.1341,-0.6991
19,51,Tomato,28.42,68.49,0.855,0.732,2.97,25.0,2.0,1.0,0.041667,1.26749,2.21959,7.7804,7.2329,-0.5476
19,52,Tomato,27.64,70.77,0.855,0.732,2.97,25.0,2.0,1.0,0.041667,1.2007,2.26961,7.7304,6.9517,-0.7786
19,53,Tomato,25.89,70.05,0.855,0.732,2.97,25.0,2.0,1.0,0.041667,1.06385,2.31394,7.6861,7.0153,-0.6708
19,54,Tomato,26.43,63.17,0.855,0.732,2.97,25.0,2.0,1.0,0.041667,1.10408,2.35995,7.6401,7.0908,-0.5493
19,55,Tomato,25.11,66.8,0.855,0.732,2.97,25.0,2.0,1.0,0.041667,1.00746,2.40192,7.5981,6.9824,-0.6157
19,56,Tomato,24.55,63.35,0.855,0.732,2.97,25.0,2.0,1.0,0.041667,0.96897,2.4423,7.5577,7.0098,-0.5479
19,57,Tomato,23.54,64.17,0.855,0.732,2.97,25.0,2.0,1.0,0.041667,0.90395,2.47996,7.52,6.7764,-0.7437
19,58,Tomato,30.93,68.49,0.855,0.732,2.97,25.0,2.0,1.0,0.041667,1.50836,2.54281,7.4572,6.6488,-0.8084
19,59,Tomato,21.97,63.76,0.855,0.732,2.97,25.0,2.0,1.0,0.041667,0.81036,2.57657,7.4234,6.7081,-0.7153
19,60,Tomato,27.0,65.11,0.855,0.732,2.97,25.0,2.0,1.0,0.041667,1.14908,2.62445,7.3755,6.7683,-0.6072
19,61,Tomato,21.82,60.69,0.855,0.732,2.97,25.0,2.0,1.0,0.041667,0.80222,2.65788,7.3421,6.616,-0.7262
19,62,Tomato,23.56,66.15,0.855,0.732,2.97,25.0,2.0,1.0,0.041667,0.90494,2.69558,7.3044,6.5821,-0.7223
19,63,Tomato,23.06,68.21,0.855,0.732,2.97,25.0,2.0,1.0,0.041667,0.87404,2.732,7.268,6.5325,-0.7355
19,64,Tomato,22.61,73.53,0.855,0.732,2.97,25.0,2.0,1.0,0.041667,0.84747,2.76731,7.2327,6.441,-0.7916
19,65,Tomato,22.33,74.69,0.855,0.732,2.97,25.0,2.0,1.0,0.041667,0.83114,2.80194,7.1981,6.48,-0.7181
19,66,Tomato,25.19,75.96,0.855,0.732,2.97,25.0,2.0,1.0,0.041667,1.01338,2.84417,7.1558,6.2938,-0.8621
19,67,Tomato,25.08,79.72,0.855,0.732,2.97,25.0,2.0,1.0,0.041667,1.0056,2.88607,7.1139,6.2242,-0.8898
19,68,Tomato,24.61,84.37,0.855,0.732,2.97,25.0,2.0,1.0,0.041667,0.97324,2.92662,7.0734,5.9617,-1.1117
19,69,Tomato,24.9,77.93,0.855,0.732,2.97,25.0,2.0,1.0,0.041667,0.99296,2.96799,7.032,5.9672,-1.0648
19,70,Tomato,28.24,83.68,0.855,0.732,2.97,25.0,2.0,1.0,0.041667,1.25216,3.02017,6.9798,5.983,-0.9969
19,71,Tomato,28.1,79.07,0.855,0.732,2.97,25.0,2.0,1.0,0.041667,1.23952,3.07181,6.9282,5.8961,-1.0321
19,72,Tomato,27.47,80.21,0.855,0.732,2.97,25.0,2.0,1.0,0.041667,1.18667,3.12126,6.8787,5.7302,-1.1486
19,73,Tomato,28.89,78.48,0.855,0.732,2.97,25.0,2.0,1.0,0.041667,1.30984,3.17583,6.8242,5.809,-1.0152
19,74,Tomato,27.68,81.5,0.855,0.732,2.97,25.0,2.0,1.0,0.041667,1.20455,3.22602,6.774,5.7538,-1.0202
19,75,Tomato,26.7,74.52,0.855,0.732,2.97,25.0,2.0,1.0,0.041667,1.12487,3.27289,6.7271,5.742,-0.9851
19,76,Tomato,27.27,67.44,0.855,0.732,2.97,25.0,2.0,1.0,0.041667,1.17078,3.32168,6.6783,5.8576,-0.8208
19,77,Tomato,27.71,73.26,0.855,0.732,2.97,25.0,2.0,1.0,0.041667,1.20705,3.37197,6.628,5.5915,-1.0365
19,78,Tomato,28.12,61.56,0.855,0.732,2.97,25.0,2.0,1.0,0.041667,1.24154,3.4237,6.5763,5.6892,-0.8871
19,79,Tomato,25.86,65.87,0.855,0.732,2.97,25.0,2.0,1.0,0.041667,1.06167,3.46794,6.5321,5.7136,-0.8184
19,80,Tomato,24.39,61.35,0.855,0.732,2.97,25.0,2.0,1.0,0.041667,0.95831,3.50787,6.4921,5.6279,-0.8643
19,81,Tomato,24.68,60.18,0.855,0.732,2.97,25.0,2.0,1.0,0.041667,0.97784,3.54861,6.4514,5.546,-0.9054
19,82,Tomato,22.84,56.89,0.855,0.732,2.97,25.0,2.0,1.0,0.041667,0.86074,3.58447,6.4155,5.4282,-0.9874
19,83,Tomato,22.24,60.69,0.855,0.732,2.97,25.0,2.0,1.0,0.041667,0.82611,3.6189,6.3811,5.4476,-0.9335
19,84,Tomato,21.69,65.69,0.855,0.732,2.97,25.0,2.0,1.0,0.041667,0.79516,3.65203,6.348,5.5238,-0.8242
19,85,Tomato,21.58,67.11,0.855,0.732,2.97,25.0,2.0,1.0,0.041667,0.7888,3.68489,6.3151,5.4209,-0.8942
19,86,Tomato,22.23,67.49,0.855,0.732,2.97,25.0,2.0,1.0,0.041667,0.82545,3.71929,6.2807,5.1853,-1.0954
19,87,Tomato,22.68,80.26,0.855,0.732,2.97,25.0,2.0,1.0,0.041667,0.85121,3.75476,6.2452,5.0295,-1.2157
19,88,Tomato,23.83,72.65,0.855,0.732,2.97,25.0,2.0,1.0,0.041667,0.92198,3.79317,6.2068,5.0372,-1.1697
19,89,Tomato,23.84,76.12,0.855,0.732,2.97,25.0,2.0,1.0,0.041667,0.92249,3.83161,6.1684,4.9666,-1.2018
19,90,Tomato,26.0,81.61,0.855,0.732,2.97,25.0,2.0,1.0,0.041667,1.07189,3.87627,6.1237,4.8162,-1.3076
19,91,Tomato,25.67,80.74,0.855,0.732,2.97,25.0,2.0,1.0,0.041667,1.04776,3.91993,6.0801,4.6054,-1.4747
19,92,Tomato,25.64,79.35,0.855,0.732,2.97,25.0,2.0,1.0,0.041667,1.04501,3.96347,6.0365,4.8375,-1.1991
19,93,Tomato,25.71,83.18,0.855,0.732,2.97,25.0,2.0,1.0,0.041667,1.05037,4.00723,5.9928,4.5647,-1.4281
19,94,Tomato,27.37,79.27,0.855,0.732,2.97,25.0,2.0,1.0,0.041667,1.17844,4.05634,5.9437,4.6499,-1.2938
19,95,Tomato,25.48,82.41,0.855,0.732,2.97,25.0,2.0,1.0,0.041667,1.03405,4.09942,5.9006,4.367,-1.5336
20,0,Mango,23.56,61.81,0.945,0.472,17.29,25.0,2.1,1.0,0.041667,0.89839,0.03743,8.9626,9.0,0.0374
20,1,Mango,23.59,64.55,0.945,0.472,17.29,25.0,2.1,1.0,0.041667,0.90055,0.07496,8.925,8.9072,-0.0179
20,2,Mango,22.46,65.4,0.945,0.472,17.29,25.0,2.1,1.0,0.041667,0.82814,0.10946,8.8905,8.8675,-0.0231
20,3,Mango,21.7,67.23,0.945,0.472,17.29,25.0,2.1,1.0,0.041667,0.78263,0.14207,8.8579,8.8772,0.0193
20,4,Mango,20.81,69.95,0.945,0.472,17.29,25.0,2.1,1.0,0.041667,0.73297,0.17261,8.8274,8.7537,-0.0737
20,5,Mango,27.48,67.36,0.945,0.472,17.29,25.0,2.1,1.0,0.041667,1.20182,0.22269,8.7773,8.7092,-0.0681
20,6,Mango,24.33,68.76,0.945,0.472,17.29,25.0,2.1,1.0,0.041667,0.9515,0.26233,8.7377,8.5256,-0.2121
20,7,Mango,28.49,73.3,0.945,0.472,17.29,25.0,2.1,1.0,0.041667,1.29602,0.31633,8.6837,8.5413,-0.1424
20,8,Mango,23.83,74.89,0.945,0.472,17.29,25.0,2.1,1.0,0.041667,0.91662,0.35453,8.6455,8.5676,-0.0779
20,9,Mango,22.92,76.85,0.945,0.472,17.29,25.0,2.1,1.0,0.041667,0.85689,0.39023,8.6098,8.4389,-0.1709
20,10,Mango,23.26,75.32,0.945,0.472,17.29,25.0,2.1,1.0,0.041667,0.87893,0.42685,8.5731,8.4395,-0.1337
20,11,Mango,24.49,79.64,0.945,0.472,17.29,25.0,2.1,1.0,0.041667,0.96251,0.46696,8.533,8.4105,-0.1226
20,12,Mango,26.84,82.12,0.945,0.472,17.29,25.0,2.1,1.0,0.041667,1.14658,0.51473,8.4853,8.0692,-0.4161
20,13,Mango,26.34,81.22,0.945,0.472,17.29,25.0,2.1,1.0,0.041667,1.10417,0.56074,8.4393,8.1612,-0.2781
20,14,Mango,26.17,83.43,0.945,0.472,17.29,25.0,2.1,1.0,0.041667,1.09062,0.60618,8.3938,8.1581,-0.2357
20,15,Mango,26.56,82.94,0.945,0.472,17.29,25.0,2.1,1.0,0.041667,1.12277,0.65296,8.347,8.0225,-0.3245
20,16,Mango,29.98,75.11,0.945,0.472,17.29,25.0,2.1,1.0,0.041667,1.44732,0.71327,8.2867,7.9549,-0.3318
20,17,Mango,28.77,80.73,0.945,0.472,17.29,25.0,2.1,1.0,0.041667,1.32308,0.7684,8.2316,7.9849,-0.2467
20,18,Mango,27.83,78.5,0.945,0.472,17.29,25.0,2.1,1.0,0.041667,1.23333,0.81979,8.1802,7.8342,-0.346
20,19,Mango,27.98,76.17,0.945,0.472,17.29,25.0,2.1,1.0,0.041667,1.24737,0.87176,8.1282,7.9502,-0.1781
20,20,Mango,25.57,72.24,0.945,0.472,17.29,25.0,2.1,1.0,0.041667,1.04356,0.91524,8.0848,7.7728,-0.3119
20,21,Mango,26.76,67.89,0.945,0.472,17.29,25.0,2.1,1.0,0.041667,1.1395,0.96272,8.0373,7.4753,-0.562
20,22,Mango,26.2,65.78,0.945,0.472,17.29,25.0,2.1,1.0,0.041667,1.09293,1.00826,7.9917,7.5942,-0.3975
20,23,Mango,25.78,60.09,0.945,0.472,17.29,25.0,2.1,1.0,0.041667,1.05924,1.05239,7.9476,7.5538,-0.3938
20,24,Mango,25.62,60.67,0.945,0.472,17.29,25.0,2.1,1.0,0.041667,1.04694,1.09602,7.904,7.3574,-0.5465
20,25,Mango,24.04,63.18,0.945,0.472,17.29,25.0,2.1,1.0,0.041667,0.93127,1.13482,7.8652,7.5299,-0.3353
20,26,Mango,23.04,63.49,0.945,0.472,17.29,25.0,2.1,1.0,0.041667,0.86435,1.17083,7.8292,7.3492,-0.4799
20,27,Mango,21.97,64.29,0.945,0.472,17.29,25.0,2.1,1.0,0.041667,0.79897,1.20412,7.7959,7.2345,-0.5614
20,28,Mango,22.67,65.13,0.945,0.472,17.29,25.0,2.1,1.0,0.041667,0.84138,1.23918,7.7608,7.2244,-0.5364
20,29,Mango,22.17,67.06,0.945,0.472,17.29,25.0,2.1,1.0,0.041667,0.81079,1.27296,7.727,7.0158,-0.7112
20,30,Mango,22.48,68.39,0.945,0.472,17.29,25.0,2.1,1.0,0.041667,0.82975,1.30754,7.6925,7.1441,-0.5484
20,31,Mango,20.73,69.71,0.945,0.472,17.29,25.0,2.1,1.0,0.041667,0.72844,1.33789,7.6621,7.0293,-0.6328
20,32,Mango,24.24,69.81,0.945,0.472,17.29,25.0,2.1,1.0,0.041667,0.94497,1.37726,7.6227,7.0107,-0.612
20,33,Mango,24.33,77.97,0.945,0.472,17.29,25.0,2.1,1.0,0.041667,0.95155,1.41691,7.5831,6.8952,-0.6879
20,34,Mango,24.17,78.01,0.945,0.472,17.29,25.0,2.1,1.0,0.041667,0.94044,1.4561,7.5439,6.8927,-0.6512
20,35,Mango,25.53,81.49,0.945,0.472,17.29,25.0,2.1,1.0,0.041667,1.0398,1.49942,7.5006,6.7638,-0.7368
20,36,Mango,25.37,82.45,0.945,0.472,17.29,25.0,2.1,1.0,0.041667,1.0276,1.54224,7.4578,6.7216,-0.7361
20,37,Mango,25.37,87.57,0.945,0.472,17.29,25.0,2.1,1.0,0.041667,1.02771,1.58506,7.4149,6.2718,-1.1431
20,38,Mango,27.2,84.08,0.945,0.472,17.29,25.0,2.1,1.0,0.041667,1.17698,1.6341,7.3659,6.402,-0.9639
20,39,Mango,28.21,83.15,0.945,0.472,17.29,25.0,2.1,1.0,0.041667,1.26881,1.68697,7.313,6.4531,-0.8599
20,40,Mango,28.95,78.79,0.945,0.472,17.29,25.0,2.1,1.0,0.041667,1.34046,1.74282,7.2572,6.4884,-0.7688
20,41,Mango,26.95,75.81,0.945,0.472,17.29,25.0,2.1,1.0,0.041667,1.1558,1.79098,7.209,6.2776,-0.9315
20,42,Mango,33.51,72.78,0.945,0.472,17.29,25.0,2.1,1.0,0.041667,1.88035,1.86933,7.1307,6.3456,-0.7851
20,43,Mango,27.23,72.53,0.945,0.472,17.29,25.0,2.1,1.0,0.041667,1.18036,1.91851,7.0815,6.1829,-0.8986
20,44,Mango,28.17,68.83,0.945,0.472,17.29,25.0,2.1,1.0,0.041667,1.26477,1.97121,7.0288,6.2058,-0.823
20,45,Mango,25.54,64.85,0.945,0.472,17.29,25.0,2.1,1.0,0.041667,1.04113,2.01459,6.9854,6.043,-0.9424
20,46,Mango,25.06,68.62,0.945,0.472,17.29,25.0,2.1,1.0,0.041667,1.00476,2.05645,6.9435,6.0337,-0.9098
20,47,Mango,23.64,64.98,0.945,0.472,17.29,25.0,2.1,1.0,0.041667,0.90404,2.09412,6.9059,6.0772,-0.8287
20,48,Mango,24.51,62.91,0.945,0.472,17.29,25.0,2.1,1.0,0.041667,0.96427,2.1343,6.8657,5.9588,-0.9069
20,49,Mango,28.75,67.3,0.945,0.472,17.29,25.0,2.1,1.0,0.041667,1.32123,2.18935,6.8107,5.9268,-0.8839
20,50,Mango,23.09,60.31,0.945,0.472,17.29,25.0,2.1,1.0,0.041667,0.86785,2.22551,6.7745,5.7381,-1.0364
20,51,Mango,22.68,60.35,0.945,0.472,17.29,25.0,2.1,1.0,0.041667,0.84216,2.2606,6.7394,5.7942,-0.9452
20,52,Mango,21.65,67.52,0.945,0.472,17.29,25.0,2.1,1.0,0.041667,0.78018,2.29311,6.7069,5.6466,-1.0602
20,53,Mango,20.79,67.83,0.945,0.472,17.29,25.0,2.1,1.0,0.041667,0.73148,2.32358,6.6764,5.6551,-1.0213
20,54,Mango,25.63,71.24,0.945,0.472,17.29,25.0,2.1,1.0,0.041667,1.0477,2.36724,6.6328,5.6119,-1.0209
20,55,Mango,29.07,70.4,0.945,0.472,17.29,25.0,2.1,1.0,0.041667,1.35255,2.4236,6.5764,5.3414,-1.235
20,56,Mango,21.41,68.25,0.945,0.472,17.29,25.0,2.1,1.0,0.041667,0.76606,2.45551,6.5445,5.4544,-1.0901
20,57,Mango,23.65,81.84,0.945,0.472,17.29,25.0,2.1,1.0,0.041667,0.90494,2.49322,6.5068,5.1577,-1.3491
20,58,Mango,23.88,73.85,0.945,0.472,17.29,25.0,2.1,1.0,0.041667,0.92016,2.53156,6.4684,5.2766,-1.1918
20,59,Mango,24.28,89.93,0.945,0.472,17.29,25.0,2.1,1.0,0.041667,0.94776,2.57105,6.4289,4.7097,-1.7192
20,60,Mango,24.22,80.66,0.945,0.472,17.29,25.0,2.1,1.0,0.041667,0.944,2.61038,6.3896,5.0253,-1.3643
20,61,Mango,25.43,81.56,0.945,0.472,17.29,25.0,2.1,1.0,0.041667,1.03258,2.65341,6.3466,5.0855,-1.2611
20,62,Mango,28.03,80.58,0.945,0.472,17.29,25.0,2.1,1.0,0.041667,1.25228,2.70559,6.2944,4.9345,-1.3599
20,63,Mango,31.63,79.92,0.945,0.472,17.29,25.0,2.1,1.0,0.041667,1.63574,2.77374,6.2263,4.8684,-1.3578
20,64,Mango,28.7,74.67,0.945,0.472,17.29,25.0,2.1,1.0,0.041667,1.31576,2.82856,6.1714,4.8411,-1.3303
20,65,Mango,28.63,76.94,0.945,0.472,17.29,25.0,2.1,1.0,0.041667,1.3092,2.88311,6.1169,4.7271,-1.3897
20,66,Mango,28.01,72.35,0.945,0.472,17.29,25.0,2.1,1.0,0.041667,1.24986,2.93519,6.0648,4.6117,-1.4531
20,67,Mango,26.7,74.03,0.945,0.472,17.29,25.0,2.1,1.0,0.041667,1.13427,2.98245,6.0175,4.6603,-1.3573
20,68,Mango,26.43,63.89,0.945,0.472,17.29,25.0,2.1,1.0,0.041667,1.11187,3.02878,5.9712,4.7068,-1.2645
20,69,Mango,24.77,64.03,0.945,0.472,17.29,25.0,2.1,1.0,0.041667,0.98287,3.06973,5.9303,4.5913,-1.339
20,70,Mango,25.44,60.91,0.945,0.472,17.29,25.0,2.1,1.0,0.041667,1.03304,3.11278,5.8872,4.5732,-1.314
20,71,Mango,24.29,63.58,0.945,0.472,17.29,25.0,2.1,1.0,0.041667,0.94833,3.15229,5.8477,4.3998,-1.4479
20,72,Mango,24.63,66.49,0.945,0.472,17.29,25.0,2.1,1.0,0.041667,0.97293,3.19283,5.8072,4.407,-1.4002
20,73,Mango,23.98,61.57,0.945,0.472,17.29,25.0,2.1,1.0,0.041667,0.92715,3.23146,5.7685,4.3875,-1.3811
20,74,Mango,22.18,63.8,0.945,0.472,17.29,25.0,2.1,1.0,0.041667,0.81093,3.26525,5.7348,4.3286,-1.4062
20,75,Mango,22.15,59.69,0.945,0.472,17.29,25.0,2.1,1.0,0.041667,0.80964,3.29898,5.701,4.2236,-1.4774
20,76,Mango,21.79,67.41,0.945,0.472,17.29,25.0,2.1,1.0,0.041667,0.78818,3.33183,5.6682,4.1405,-1.5277
20,77,Mango,21.73,68.71,0.945,0.472,17.29,25.0,2.1,1.0,0.041667,0.78457,3.36452,5.6355,3.9653,-1.6702
20,78,Mango,22.24,69.77,0.945,0.472,17.29,25.0,2.1,1.0,0.041667,0.81457,3.39846,5.6015,4.1393,-1.4623
20,79,Mango,22.04,74.11,0.945,0.472,17.29,25.0,2.1,1.0,0.041667,0.80311,3.43192,5.5681,3.8206,-1.7475
20,80,Mango,23.57,72.35,0.945,0.472,17.29,25.0,2.1,1.0,0.041667,0.89931,3.46939,5.5306,3.9938,-1.5368
20,81,Mango,23.23,74.67,0.945,0.472,17.29,25.0,2.1,1.0,0.041667,0.8772,3.50594,5.4941,3.7179,-1.7762
20,82,Mango,24.79,83.1,0.945,0.472,17.29,25.0,2.1,1.0,0.041667,0.98447,3.54696,5.453,3.4645,-1.9885
20,83,Mango,25.02,86.62,0.945,0.472,17.29,25.0,2.1,1.0,0.041667,1.00128,3.58868,5.4113,3.2126,-2.1987
20,84,Mango,26.87,86.33,0.945,0.472,17.29,25.0,2.1,1.0,0.041667,1.14841,3.63653,5.3635,3.2157,-2.1478
20,85,Mango,27.5,78.52,0.945,0.472,17.29,25.0,2.1,1.0,0.041667,1.20381,3.68669,5.3133,3.4444,-1.8689
20,86,Mango,26.97,84.68,0.945,0.472,17.29,25.0,2.1,1.0,0.041667,1.1571,3.7349,5.2651,3.1596,-2.1055
20,87,Mango,26.45,77.99,0.945,0.472,17.29,25.0,2.1,1.0,0.041667,1.11351,3.7813,5.2187,3.2817,-1.937
20,88,Mango,26.38,77.1,0.945,0.472,17.29,25.0,2.1,1.0,0.041667,1.10758,3.82745,5.1726,3.264,-1.9085
20,89,Mango,29.45,81.11,0.945,0.472,17.29,25.0,2.1,1.0,0.041667,1.39088,3.8854,5.1146,3.0987,-2.0159
20,90,Mango,32.58,72.88,0.945,0.472,17.29,25.0,2.1,1.0,0.041667,1.75471,3.95851,5.0415,3.1638,-1.8777
20,91,Mango,27.62,72.44,0.945,0.472,17.29,25.0,2.1,1.0,0.041667,1.2145,4.00912,4.9909,3.1937,-1.7972
20,92,Mango,26.47,72.65,0.945,0.472,17.29,25.0,2.1,1.0,0.041667,1.11537,4.05559,4.9444,2.9506,-1.9938
20,93,Mango,23.93,77.75,0.945,0.472,17.29,25.0,2.1,1.0,0.041667,0.92336,4.09407,4.9059,2.93,-1.9759
20,94,Mango,30.32,61.79,0.945,0.472,17.29,25.0,2.1,1.0,0.041667,1.48361,4.15588,4.8441,3.0025,-1.8416
20,95,Mango,24.16,62.96,0.945,0.472,17.29,25.0,2.1,1.0,0.041667,0.93932,4.19502,4.805,2.9479,-1.8571
21,0,Tomato,27.95,76.53,0.916,0.403,25.34,25.0,2.0,1.0,0.041667,1.22691,0.05112,9.9489,9.9886,0.0397
21,1,Tomato,27.16,80.58,0.916,0.403,25.34,25.0,2.0,1.0,0.041667,1.16175,0.09953,9.9005,9.9496,0.0491
21,2,Tomato,26.0,73.79,0.916,0.403,25.34,25.0,2.0,1.0,0.041667,1.07152,0.14417,9.8558,9.699,-0.1569
21,3,Tomato,28.84,70.59,0.916,0.403,25.34,25.0,2.0,1.0,0.041667,1.30527,0.19856,9.8014,9.6557,-0.1458
21,4,Tomato,25.57,75.73,0.916,0.403,25.34,25.0,2.0,1.0,0.041667,1.04023,0.2419,9.7581,9.7921,0.034
21,5,Tomato,25.07,65.17,0.916,0.403,25.34,25.0,2.0,1.0,0.041667,1.00457,0.28376,9.7162,9.601,-0.1153
21,6,Tomato,26.37,68.73,0.916,0.403,25.34,25.0,2.0,1.0,0.041667,1.09977,0.32958,9.6704,9.5076,-0.1628
21,7,Tomato,24.51,60.55,0.916,0.403,25.34,25.0,2.0,1.0,0.041667,0.96678,0.36987,9.6301,9.5177,-0.1124
21,8,Tomato,24.42,64.6,0.916,0.403,25.34,25.0,2.0,1.0,0.041667,0.96033,0.40988,9.5901,9.475,-0.1152
21,9,Tomato,23.82,59.77,0.916,0.403,25.34,25.0,2.0,1.0,0.041667,0.92176,0.44829,9.5517,9.3081,-0.2436
21,10,Tomato,22.17,67.83,0.916,0.403,25.34,25.0,2.0,1.0,0.041667,0.82185,0.48253,9.5175,9.2736,-0.2438
21,11,Tomato,22.12,60.34,0.916,0.403,25.34,25.0,2.0,1.0,0.041667,0.81883,0.51665,9.4834,9.381,-0.1023
21,12,Tomato,22.24,64.53,0.916,0.403,25.34,25.0,2.0,1.0,0.041667,0.82591,0.55106,9.4489,9.2229,-0.226
21,13,Tomato,22.3,58.66,0.916,0.403,25.34,25.0,2.0,1.0,0.041667,0.82916,0.58561,9.4144,9.1172,-0.2972
21,14,Tomato,22.66,72.86,0.916,0.403,25.34,25.0,2.0,1.0,0.041667,0.85034,0.62104,9.379,9.1249,-0.2541
21,15,Tomato,22.32,72.13,0.916,0.403,25.34,25.0,2.0,1.0,0.041667,0.83045,0.65564,9.3444,8.948,-0.3963
21,16,Tomato,22.59,81.01,0.916,0.403,25.34,25.0,2.0,1.0,0.041667,0.84617,0.6909,9.3091,8.8703,-0.4388
21,17,Tomato,23.79,75.64,0.916,0.403,25.34,25.0,2.0,1.0,0.041667,0.91957,0.72922,9.2708,8.738,-0.5328
21,18,Tomato,23.87,80.15,0.916,0.403,25.34,25.0,2.0,1.0,0.041667,0.92436,0.76773,9.2323,8.5944,-0.6379
21,19,Tomato,25.97,82.28,0.916,0.403,25.34,25.0,2.0,1.0,0.041667,1.06969,0.8123,9.1877,8.6069,-0.5808
21,20,Tomato,26.37,78.82,0.916,0.403,25.34,25.0,2.0,1.0,0.041667,1.09932,0.85811,9.1419,8.6674,-0.4745
21,21,Tomato,27.17,85.2,0.916,0.403,25.34,25.0,2.0,1.0,0.041667,1.16226,0.90653,9.0935,8.2807,-0.8128
21,22,Tomato,26.28,81.93,0.916,0.403,25.34,25.0,2.0,1.0,0.041667,1.09243,0.95205,9.0479,8.4666,-0.5814
21,23,Tomato,28.2,77.31,0.916,0.403,25.34,25.0,2.0,1.0,0.041667,1.24862,1.00408,8.9959,8.3965,-0.5994
21,24,Tomato,27.44,81.64,0.916,0.403,25.34,25.0,2.0,1.0,0.041667,1.18398,1.05341,8.9466,8.1722,-0.7744
21,25,Tomato,27.84,76.99,0.916,0.403,25.34,25.0,2.0,1.0,0.041667,1.21799,1.10416,8.8958,8.0005,-0.8954
21,26,Tomato,28.23,68.38,0.916,0.403,25.34,25.0,2.0,1.0,0.041667,1.2509,1.15628,8.8437,8.0858,-0.758
21,27,Tomato,28.12,73.26,0.916,0.403,25.34,25.0,2.0,1.0,0.041667,1.24104,1.20799,8.792,8.1171,-0.6749
21,28,Tomato,28.34,70.13,0.916,0.403,25.34,25.0,2.0,1.0,0.041667,1.26046,1.26051,8.7395,7.9275,-0.8119
21,29,Tomato,27.93,65.76,0.916,0.403,25.34,25.0,2.0,1.0,0.041667,1.2253,1.31156,8.6884,7.7871,-0.9013
21,30,Tomato,29.61,68.24,0.916,0.403,25.34,25.0,2.0,1.0,0.041667,1.37676,1.36893,8.6311,7.6288,-1.0023
21,31,Tomato,25.41,63.84,0.916,0.403,25.34,25.0,2.0,1.0,0.041667,1.02866,1.41179,8.5882,7.7875,-0.8007
21,32,Tomato,23.76,66.04,0.916,0.403,25.34,25.0,2.0,1.0,0.041667,0.91765,1.45002,8.55,7.6956,-0.8544
21,33,Tomato,24.31,56.35,0.916,0.403,25.34,25.0,2.0,1.0,0.041667,0.95303,1.48973,8.5103,7.5595,-0.9508
21,34,Tomato,22.33,65.1,0.916,0.403,25.34,25.0,2.0,1.0,0.041667,0.83119,1.52437,8.4756,7.407,-1.0687
21,35,Tomato,21.86,61.83,0.916,0.403,25.34,25.0,2.0,1.0,0.041667,0.80465,1.55789,8.4421,7.4132,-1.0289
21,36,Tomato,22.03,68.31,0.916,0.403,25.34,25.0,2.0,1.0,0.041667,0.81407,1.59181,8.4082,7.2778,-1.1304
21,37,Tomato,23.32,67.96,0.916,0.403,25.34,25.0,2.0,1.0,0.041667,0.89024,1.62891,8.3711,7.2847,-1.0864
21,38,Tomato,20.29,69.16,0.916,0.403,25.34,25.0,2.0,1.0,0.041667,0.72148,1.65897,8.341,7.1637,-1.1773
21,39,Tomato,21.59,70.54,0.916,0.403,25.34,25.0,2.0,1.0,0.041667,0.78972,1.69187,8.3081,7.2644,-1.0437
21,40,Tomato,23.2,71.96,0.916,0.403,25.34,25.0,2.0,1.0,0.041667,0.88258,1.72865,8.2714,7.2367,-1.0346
21,41,Tomato,22.91,76.31,0.916,0.403,25.34,25.0,2.0,1.0,0.041667,0.86525,1.7647,8.2353,6.9424,-1.2929
21,42,Tomato,23.97,87.22,0.916,0.403,25.34,25.0,2.0,1.0,0.041667,0.93109,1.8035,8.1965,6.6747,-1.5218
21,43,Tomato,23.92,79.43,0.916,0.403,25.34,25.0,2.0,1.0,0.041667,0.92803,1.84216,8.1578,6.8608,-1.2971
21,44,Tomato,25.33,80.86,0.916,0.403,25.34,25.0,2.0,1.0,0.041667,1.02278,1.88478,8.1152,6.5937,-1.5215
21,45,Tomato,27.35,86.39,0.916,0.403,25.34,25.0,2.0,1.0,0.041667,1.17654,1.9338,8.0662,6.4179,-1.6483
21,46,Tomato,26.11,85.74,0.916,0.403,25.34,25.0,2.0,1.0,0.041667,1.08008,1.97881,8.0212,6.481,-1.5401
21,47,Tomato,27.22,79.85,0.916,0.403,25.34,25.0,2.0,1.0,0.041667,1.16625,2.0274,7.9726,6.457,-1.5156
21,48,Tomato,28.55,83.37,0.916,0.403,25.34,25.0,2.0,1.0,0.041667,1.27884,2.08068,7.9193,6.3733,-1.5461
21,49,Tomato,28.02,79.86,0.916,0.403,25.34,25.0,2.0,1.0,0.041667,1.23261,2.13204,7.868,6.2329,-1.635
21,50,Tomato,28.24,70.77,0.916,0.403,25.34,25.0,2.0,1.0,0.041667,1.2521,2.18421,7.8158,6.4275,-1.3883
21,51,Tomato,26.88,70.09,0.916,0.403,25.34,25.0,2.0,1.0,0.041667,1.13882,2.23166,7.7683,6.3094,-1.4589
21,52,Tomato,26.11,66.08,0.916,0.403,25.34,25.0,2.0,1.0,0.041667,1.07998,2.27666,7.7233,6.3502,-1.3732
21,53,Tomato,27.33,70.0,0.916,0.403,25.34,25.0,2.0,1.0,0.041667,1.17522,2.32563,7.6744,6.1661,-1.5082
21,54,Tomato,26.63,80.33,0.916,0.403,25.34,25.0,2.0,1.0,0.041667,1.11976,2.37229,7.6277,5.9983,-1.6294
21,55,Tomato,24.81,59.44,0.916,0.403,25.34,25.0,2.0,1.0,0.041667,0.98698,2.41341,7.5866,5.971,-1.6156
21,56,Tomato,24.09,61.01,0.916,0.403,25.34,25.0,2.0,1.0,0.041667,0.93871,2.45253,7.5475,5.9047,-1.6428
21,57,Tomato,23.74,66.0,0.916,0.403,25.34,25.0,2.0,1.0,0.041667,0.91641,2.49071,7.5093,5.8792,-1.6301
21,58,Tomato,22.46,70.46,0.916,0.403,25.34,25.0,2.0,1.0,0.041667,0.83857,2.52565,7.4744,5.8482,-1.6261
21,59,Tomato,21.65,66.46,0.916,0.403,25.34,25.0,2.0,1.0,0.041667,0.79262,2.55868,7.4413,5.8987,-1.5426
21,60,Tomato,21.8,61.86,0.916,0.403,25.34,25.0,2.0,1.0,0.041667,0.80133,2.59206,7.4079,5.6406,-1.7673
21,61,Tomato,23.25,66.18,0.916,0.403,25.34,25.0,2.0,1.0,0.041667,0.88597,2.62898,7.371,5.5883,-1.7827
21,62,Tomato,22.19,68.61,0.916,0.403,25.34,25.0,2.0,1.0,0.041667,0.82317,2.66328,7.3367,5.581,-1.7557
21,63,Tomato,22.47,71.3,0.916,0.403,25.34,25.0,2.0,1.0,0.041667,0.83908,2.69824,7.3018,5.5211,-1.7807
21,64,Tomato,22.63,75.52,0.916,0.403,25.34,25.0,2.0,1.0,0.041667,0.84877,2.73361,7.2664,5.4768,-1.7896
21,65,Tomato,21.62,78.26,0.916,0.403,25.34,25.0,2.0,1.0,0.041667,0.7912,2.76657,7.2334,5.2226,-2.0108
21,66,Tomato,24.58,79.05,0.916,0.403,25.34,25.0,2.0,1.0,0.041667,0.971,2.80703,7.193,5.1592,-2.0338
21,67,Tomato,25.05,80.97,0.916,0.403,25.34,25.0,2.0,1.0,0.041667,1.00346,2.84884,7.1512,5.0445,-2.1067
21,68,Tomato,27.05,81.51,0.916,0.403,25.34,25.0,2.0,1.0,0.041667,1.15282,2.89688,7.1031,5.071,-2.0321
21,69,Tomato,26.03,82.99,0.916,0.403,25.34,25.0,2.0,1.0,0.041667,1.07434,2.94164,7.0584,4.6862,-2.3721
21,70,Tomato,28.27,75.36,0.916,0.403,25.34,25.0,2.0,1.0,0.041667,1.25476,2.99392,7.0061,4.9154,-2.0906
21,71,Tomato,26.98,81.87,0.916,0.403,25.34,25.0,2.0,1.0,0.041667,1.14746,3.04173,6.9583,4.6653,-2.293
21,72,Tomato,29.49,81.55,0.916,0.403,25.34,25.0,2.0,1.0,0.041667,1.36494,3.0986,6.9014,4.7073,-2.1941
21,73,Tomato,27.8,77.09,0.916,0.403,25.34,25.0,2.0,1.0,0.041667,1.21443,3.14921,6.8508,4.697,-2.1538
21,74,Tomato,27.45,73.88,0.916,0.403,25.34,25.0,2.0,1.0,0.041667,1.18505,3.19858,6.8014,4.5983,-2.2031
21,75,Tomato,31.27,71.04,0.916,0.403,25.34,25.0,2.0,1.0,0.041667,1.54392,3.26291,6.7371,4.6263,-2.1108
21,76,Tomato,26.1,66.03,0.916,0.403,25.34,25.0,2.0,1.0,0.041667,1.07954,3.30789,6.6921,4.5333,-2.1589
21,77,Tomato,25.67,66.67,0.916,0.403,25.34,25.0,2.0,1.0,0.041667,1.04778,3.35155,6.6484,4.4571,-2.1914
21,78,Tomato,25.24,61.41,0.916,0.403,25.34,25.0,2.0,1.0,0.041667,1.01687,3.39392,6.6061,4.3704,-2.2357
21,79,Tomato,25.72,65.0,0.916,0.403,25.34,25.0,2.0,1.0,0.041667,1.05107,3.43772,6.5623,4.3715,-2.1908
21,80,Tomato,24.71,59.47,0.916,0.403,25.34,25.0,2.0,1.0,0.041667,0.97999,3.47855,6.5215,4.2528,-2.2687
21,81,Tomato,24.37,61.62,0.916,0.403,25.34,25.0,2.0,1.0,0.041667,0.95709,3.51843,6.4816,4.2047,-2.2769
21,82,Tomato,23.03,66.91,0.916,0.403,25.34,25.0,2.0,1.0,0.041667,0.8725,3.55478,6.4452,4.0248,-2.4204
21,83,Tomato,22.22,66.57,0.916,0.403,25.34,25.0,2.0,1.0,0.041667,0.82467,3.58914,6.4109,4.0263,-2.3846
21,84,Tomato,26.29,64.06,0.916,0.403,25.34,25.0,2.0,1.0,0.041667,1.09341,3.6347,6.3653,3.9651,-2.4002
21,85,Tomato,21.28,65.15,0.916,0.403,25.34,25.0,2.0,1.0,0.041667,0.77275,3.6669,6.3331,3.9418,-2.3913
21,86,Tomato,22.79,72.52,0.916,0.403,25.34,25.0,2.0,1.0,0.041667,0.85791,3.70265,6.2974,3.6757,-2.6217
21,87,Tomato,23.14,69.58,0.916,0.403,25.34,25.0,2.0,1.0,0.041667,0.87909,3.73927,6.2607,3.8501,-2.4106
21,88,Tomato,22.75,76.64,0.916,0.403,25.34,25.0,2.0,1.0,0.041667,0.85571,3.77493,6.2251,3.55,-2.675
21,89,Tomato,24.05,73.06,0.916,0.403,25.34,25.0,2.0,1.0,0.041667,0.93624,3.81394,6.1861,3.6867,-2.4994
21,90,Tomato,22.62,78.75,0.916,0.403,25.34,25.0,2.0,1.0,0.041667,0.84813,3.84928,6.1507,3.4373,-2.7134
21,91,Tomato,25.45,85.28,0.916,0.403,25.34,25.0,2.0,1.0,0.041667,1.03148,3.89226,6.1077,2.8761,-3.2316
21,92,Tomato,25.88,84.73,0.916,0.403,25.34,25.0,2.0,1.0,0.041667,1.06276,3.93654,6.0635,3.0209,-3.0426
21,93,Tomato,27.09,80.69,0.916,0.403,25.34,25.0,2.0,1.0,0.041667,1.15596,3.9847,6.0153,3.0183,-2.997
21,94,Tomato,28.34,86.87,0.916,0.403,25.34,25.0,2.0,1.0,0.041667,1.26051,4.03722,5.9628,2.624,-3.3387
21,95,Tomato,27.82,80.63,0.916,0.403,25.34,25.0,2.0,1.0,0.041667,1.21619,4.0879,5.9121,2.9003,-3.0118
22,0,Banana,24.57,67.23,0.872,0.653,27.48,25.0,2.2,1.0,0.041667,0.96689,0.04029,6.9597,7.0,0.0403
22,1,Banana,24.94,56.77,0.872,0.653,27.48,25.0,2.2,1.0,0.041667,0.99505,0.08175,6.9183,6.7385,-0.1798
22,2,Banana,22.98,64.49,0.872,0.653,27.48,25.0,2.2,1.0,0.041667,0.85266,0.11728,6.8827,6.8067,-0.076
22,3,Banana,22.53,61.13,0.872,0.653,27.48,25.0,2.2,1.0,0.041667,0.82282,0.15156,6.8484,6.6602,-0.1882
22,4,Banana,23.98,66.99,0.872,0.653,27.48,25.0,2.2,1.0,0.041667,0.92251,0.19,6.81,6.5631,-0.2469
22,5,Banana,21.7,71.03,0.872,0.653,27.48,25.0,2.2,1.0,0.041667,0.77063,0.22211,6.7779,6.5989,-0.179
22,6,Banana,21.18,64.67,0.872,0.653,27.48,25.0,2.2,1.0,0.041667,0.73968,0.25293,6.7471,6.3486,-0.3985
22,7,Banana,22.55,70.67,0.872,0.653,27.48,25.0,2.2,1.0,0.041667,0.82457,0.28728,6.7127,6.4088,-0.304
22,8,Banana,21.13,70.36,0.872,0.653,27.48,25.0,2.2,1.0,0.041667,0.73684,0.31799,6.682,6.3601,-0.3219
22,9,Banana,22.59,72.86,0.872,0.653,27.48,25.0,2.2,1.0,0.041667,0.82716,0.35245,6.6475,6.0788,-0.5688
22,10,Banana,23.96,75.41,0.872,0.653,27.48,25.0,2.2,1.0,0.041667,0.92125,0.39084,6.6092,6.2465,-0.3626
22,11,Banana,24.29,77.03,0.872,0.653,27.48,25.0,2.2,1.0,0.041667,0.94567,0.43024,6.5698,6.1499,-0.4199
22,12,Banana,25.51,80.95,0.872,0.653,27.48,25.0,2.2,1.0,0.041667,1.04109,0.47362,6.5264,5.9228,-0.6036
22,13,Banana,27.76,78.88,0.872,0.653,27.48,25.0,2.2,1.0,0.041667,1.24333,0.52542,6.4746,5.7958,-0.6788
22,14,Banana,26.37,79.59,0.872,0.653,27.48,25.0,2.2,1.0,0.041667,1.11431,0.57185,6.4281,5.8205,-0.6076
22,15,Banana,27.34,81.3,0.872,0.653,27.48,25.0,2.2,1.0,0.041667,1.20279,0.62197,6.378,5.5811,-0.797
22,16,Banana,27.35,78.9,0.872,0.653,27.48,25.0,2.2,1.0,0.041667,1.20335,0.67211,6.3279,5.6371,-0.6908
22,17,Banana,27.18,78.41,0.872,0.653,27.48,25.0,2.2,1.0,0.041667,1.18748,0.72159,6.2784,5.4595,-0.8189
22,18,Banana,29.31,72.64,0.872,0.653,27.48,25.0,2.2,1.0,0.041667,1.40515,0.78013,6.2199,5.5323,-0.6876
22,19,Banana,26.43,75.45,0.872,0.653,27.48,25.0,2.2,1.0,0.041667,1.1191,0.82676,6.1732,5.4707,-0.7025
22,20,Banana,34.25,70.92,0.872,0.653,27.48,25.0,2.2,1.0,0.041667,2.07416,0.91319,6.0868,5.224,-0.8628
22,21,Banana,27.04,66.35,0.872,0.653,27.48,25.0,2.2,1.0,0.041667,1.17476,0.96214,6.0379,5.1667,-0.8712
22,22,Banana,26.45,69.78,0.872,0.653,27.48,25.0,2.2,1.0,0.041667,1.12094,1.00884,5.9912,5.1496,-0.8416
22,23,Banana,26.54,56.42,0.872,0.653,27.48,25.0,2.2,1.0,0.041667,1.12951,1.0559,5.9441,5.0421,-0.902
22,24,Banana,23.29,65.65,0.872,0.653,27.48,25.0,2.2,1.0,0.041667,0.87395,1.09232,5.9077,4.8902,-1.0175
22,25,Banana,23.31,65.38,0.872,0.653,27.48,25.0,2.2,1.0,0.041667,0.87505,1.12878,5.8712,4.8061,-1.0651
22,26,Banana,21.7,65.01,0.872,0.653,27.48,25.0,2.2,1.0,0.041667,0.77082,1.1609,5.8391,4.8112,-1.0279
22,27,Banana,22.76,59.79,0.872,0.653,27.48,25.0,2.2,1.0,0.041667,0.83781,1.19581,5.8042,4.8816,-0.9226
22,28,Banana,21.72,64.32,0.872,0.653,27.48,25.0,2.2,1.0,0.041667,0.7721,1.22798,5.772,4.7687,-1.0033
22,29,Banana,21.99,63.2,0.872,0.653,27.48,25.0,2.2,1.0,0.041667,0.78873,1.26084,5.7392,4.5596,-1.1796
22,30,Banana,22.67,62.74,0.872,0.653,27.48,25.0,2.2,1.0,0.041667,0.83198,1.29551,5.7045,4.4959,-1.2086
22,31,Banana,20.83,70.5,0.872,0.653,27.48,25.0,2.2,1.0,0.041667,0.71977,1.3255,5.6745,4.4216,-1.2529
22,32,Banana,22.35,71.49,0.872,0.653,27.48,25.0,2.2,1.0,0.041667,0.81173,1.35932,5.6407,4.3812,-1.2594
22,33,Banana,23.64,75.99,0.872,0.653,27.48,25.0,2.2,1.0,0.041667,0.89861,1.39676,5.6032,4.3235,-1.2797
22,34,Banana,24.88,84.51,0.872,0.653,27.48,25.0,2.2,1.0,0.041667,0.99049,1.43803,5.562,4.1493,-1.4127
22,35,Banana,23.96,84.94,0.872,0.653,27.48,25.0,2.2,1.0,0.041667,0.92152,1.47643,5.5236,4.0418,-1.4818
22,36,Banana,24.35,81.54,0.872,0.653,27.48,25.0,2.2,1.0,0.041667,0.95031,1.51602,5.484,3.9498,-1.5342
22,37,Banana,26.3,86.06,0.872,0.653,27.48,25.0,2.2,1.0,0.041667,1.1083,1.5622,5.4378,3.6773,-1.7604
22,38,Banana,25.73,86.77,0.872,0.653,27.48,25.0,2.2,1.0,0.041667,1.05962,1.60635,5.3936,3.5821,-1.8116
22,39,Banana,26.0,83.9,0.872,0.653,27.48,25.0,2.2,1.0,0.041667,1.08227,1.65145,5.3486,3.6865,-1.662
22,40,Banana,25.99,76.01,0.872,0.653,27.48,25.0,2.2,1.0,0.041667,1.0813,1.6965,5.3035,3.6818,-1.6217
22,41,Banana,27.67,76.47,0.872,0.653,27.48,25.0,2.2,1.0,0.041667,1.23419,1.74793,5.2521,3.5646,-1.6875
22,42,Banana,28.11,78.72,0.872,0.653,27.48,25.0,2.2,1.0,0.041667,1.27746,1.80115,5.1988,3.4165,-1.7823
22,43,Banana,28.25,76.77,0.872,0.653,27.48,25.0,2.2,1.0,0.041667,1.29168,1.85497,5.145,3.4784,-1.6666
22,44,Banana,26.29,68.63,0.872,0.653,27.48,25.0,2.2,1.0,0.041667,1.10703,1.9011,5.0989,3.2443,-1.8546
22,45,Banana,32.6,70.63,0.872,0.653,27.48,25.0,2.2,1.0,0.041667,1.82042,1.97695,5.023,3.2095,-1.8136
22,46,Banana,25.15,68.03,0.872,0.653,27.48,25.0,2.2,1.0,0.041667,1.01171,2.01911,4.9809,3.195,-1.7859
22,47,Banana,24.49,62.57,0.872,0.653,27.48,25.0,2.2,1.0,0.041667,0.96056,2.05913,4.9409,3.0859,-1.855
22,48,Banana,26.13,63.27,0.872,0.653,27.48,25.0,2.2,1.0,0.041667,1.09309,2.10467,4.8953,2.9347,-1.9606
22,49,Banana,22.89,66.38,0.872,0.653,27.48,25.0,2.2,1.0,0.041667,0.84678,2.13996,4.86,2.9293,-1.9308
22,50,Banana,23.84,58.73,0.872,0.653,27.48,25.0,2.2,1.0,0.041667,0.91283,2.17799,4.822,2.9135,-1.9085
22,51,Banana,20.96,64.1,0.872,0.653,27.48,25.0,2.2,1.0,0.041667,0.72702,2.20828,4.7917,2.8638,-1.928
22,52,Banana,23.68,62.81,0.872,0.653,27.48,25.0,2.2,1.0,0.041667,0.90148,2.24585,4.7542,2.7473,-2.0068
22,53,Banana,21.57,63.66,0.872,0.653,27.48,25.0,2.2,1.0,0.041667,0.76321,2.27765,4.7224,2.7515,-1.9708
22,54,Banana,20.53,63.21,0.872,0.653,27.48,25.0,2.2,1.0,0.041667,0.7028,2.30693,4.6931,2.6197,-2.0733
22,55,Banana,23.79,71.67,0.872,0.653,27.48,25.0,2.2,1.0,0.041667,0.909,2.3448,4.6552,2.3096,-2.3456
22,56,Banana,19.78,70.0,0.872,0.653,27.48,25.0,2.2,1.0,0.041667,0.66282,2.37242,4.6276,2.4496,-2.178
22,57,Banana,22.96,75.93,0.872,0.653,27.48,25.0,2.2,1.0,0.041667,0.85144,2.4079,4.5921,2.275,-2.3171
22,58,Banana,23.78,77.58,0.872,0.653,27.48,25.0,2.2,1.0,0.041667,0.90847,2.44575,4.5542,2.175,-2.3793
22,59,Banana,23.32,79.75,0.872,0.653,27.48,25.0,2.2,1.0,0.041667,0.87569,2.48224,4.5178,2.1967,-2.321
22,60,Banana,24.94,81.8,0.872,0.653,27.48,25.0,2.2,1.0,0.041667,0.99563,2.52372,4.4763,2.0574,-2.4189
22,61,Banana,26.29,81.54,0.872,0.653,27.48,25.0,2.2,1.0,0.041667,1.10697,2.56985,4.4302,1.893,-2.5372
22,62,Banana,28.43,80.87,0.872,0.653,27.48,25.0,2.2,1.0,0.041667,1.31103,2.62447,4.3755,1.6593,-2.7163
22,63,Banana,27.81,82.09,0.872,0.653,27.48,25.0,2.2,1.0,0.041667,1.24771,2.67646,4.3235,1.7378,-2.5857
22,64,Banana,27.67,82.42,0.872,0.653,27.48,25.0,2.2,1.0,0.041667,1.23392,2.72787,4.2721,1.6099,-2.6622
22,65,Banana,27.48,78.57,0.872,0.653,27.48,25.0,2.2,1.0,0.041667,1.21611,2.77855,4.2215,1.5572,-2.6643
22,66,Banana,28.0,76.21,0.872,0.653,27.48,25.0,2.2,1.0,0.041667,1.26659,2.83132,4.1687,1.538,-2.6307
22,67,Banana,27.51,72.03,0.872,0.653,27.48,25.0,2.2,1.0,0.041667,1.21884,2.88211,4.1179,1.4094,-2.7085
22,68,Banana,25.26,68.73,0.872,0.653,27.48,25.0,2.2,1.0,0.041667,1.02095,2.92464,4.0754,1.3526,-2.7227
22,69,Banana,27.87,67.9,0.872,0.653,27.48,25.0,2.2,1.0,0.041667,1.25398,2.97689,4.0231,1.3035,-2.7196
22,70,Banana,27.74,69.28,0.872,0.653,27.48,25.0,2.2,1.0,0.041667,1.2415,3.02862,3.9714,1.3204,-2.651
22,71,Banana,24.57,63.18,0.872,0.653,27.48,25.0,2.2,1.0,0.041667,0.96647,3.06889,3.9311,1.1058,-2.8253
22,72,Banana,24.45,64.78,0.872,0.653,27.48,25.0,2.2,1.0,0.041667,0.95786,3.1088,3.8912,1.0901,-2.8011
22,73,Banana,22.87,64.36,0.872,0.653,27.48,25.0,2.2,1.0,0.041667,0.84528,3.14402,3.856,1.0049,-2.8511
22,74,Banana,22.79,58.7,0.872,0.653,27.48,25.0,2.2,1.0,0.041667,0.83987,3.17902,3.821,1.1085,-2.7125
22,75,Banana,22.97,63.97,0.872,0.653,27.48,25.0,2.2,1.0,0.041667,0.85232,3.21453,3.7855,0.8254,-2.9601
22,76,Banana,21.95,65.88,0.872,0.653,27.48,25.0,2.2,1.0,0.041667,0.7863,3.24729,3.7527,0.9443,-2.8084
22,77,Banana,22.13,65.99,0.872,0.653,27.48,25.0,2.2,1.0,0.041667,0.79767,3.28053,3.7195,0.7536,-2.9659
22,78,Banana,21.48,67.54,0.872,0.653,27.48,25.0,2.2,1.0,0.041667,0.75783,3.31211,3.6879,0.6435,-3.0444
22,79,Banana,22.12,65.96,0.872,0.653,27.48,25.0,2.2,1.0,0.041667,0.79655,3.3453,3.6547,0.6519,-3.0028
22,80,Banana,22.09,72.62,0.872,0.653,27.48,25.0,2.2,1.0,0.041667,0.795,3.37842,3.6216,0.5823,-3.0393
22,81,Banana,23.82,73.64,0.872,0.653,27.48,25.0,2.2,1.0,0.041667,0.91123,3.41639,3.5836,0.3268,-3.2568
22,82,Banana,24.23,76.82,0.872,0.653,27.48,25.0,2.2,1.0,0.041667,0.94099,3.4556,3.5444,0.2311,-3.3133
22,83,Banana,23.64,81.98,0.872,0.653,27.48,25.0,2.2,1.0,0.041667,0.89854,3.49304,3.507,0.0579,-3.449
22,84,Banana,24.82,78.59,0.872,0.653,27.48,25.0,2.2,1.0,0.041667,0.98557,3.5341,3.4659,0.1823,-3.2836
22,85,Banana,26.25,82.35,0.872,0.653,27.48,25.0,2.2,1.0,0.041667,1.10393,3.5801,3.4199,0.0,-3.4199
22,86,Banana,27.38,78.59,0.872,0.653,27.48,25.0,2.2,1.0,0.041667,1.20668,3.63038,3.3696,0.0,-3.3696
22,87,Banana,28.06,78.53,0.872,0.653,27.48,25.0,2.2,1.0,0.041667,1.27264,3.6834,3.3166,0.0,-3.3166
22,88,Banana,27.63,80.73,0.872,0.653,27.48,25.0,2.2,1.0,0.041667,1.23072,3.73468,3.2653,0.0,-3.2653
22,89,Banana,27.86,76.46,0.872,0.653,27.48,25.0,2.2,1.0,0.041667,1.253,3.78689,3.2131,0.0,-3.2131
22,90,Banana,28.14,77.67,0.872,0.653,27.48,25.0,2.2,1.0,0.041667,1.2811,3.84027,3.1597,0.0,-3.1597
22,91,Banana,27.24,74.62,0.872,0.653,27.48,25.0,2.2,1.0,0.041667,1.19286,3.88997,3.11,0.0,-3.11
22,92,Banana,26.35,76.58,0.872,0.653,27.48,25.0,2.2,1.0,0.041667,1.11233,3.93632,3.0637,0.0,-3.0637
22,93,Banana,25.13,68.69,0.872,0.653,27.48,25.0,2.2,1.0,0.041667,1.01045,3.97842,3.0216,0.0,-3.0216
22,94,Banana,27.39,65.65,0.872,0.653,27.48,25.0,2.2,1.0,0.041667,1.20772,4.02874,2.9713,0.0,-2.9713
22,95,Banana,29.87,66.24,0.872,0.653,27.48,25.0,2.2,1.0,0.041667,1.46754,4.08989,2.9101,0.0,-2.9101
23,0,Tomato,28.55,77.59,0.975,0.694,33.98,25.0,2.0,1.0,0.041667,1.27894,0.05329,9.9467,9.9087,-0.038
23,1,Tomato,29.43,84.7,0.975,0.694,33.98,25.0,2.0,1.0,0.041667,1.35921,0.10992,9.8901,10.0,0.1099
23,2,Tomato,28.2,77.97,0.975,0.694,33.98,25.0,2.0,1.0,0.041667,1.24872,0.16195,9.838,9.8526,0.0145
23,3,Tomato,27.14,77.35,0.975,0.694,33.98,25.0,2.0,1.0,0.041667,1.15965,0.21027,9.7897,9.6138,-0.1759
23,4,Tomato,26.93,71.86,0.975,0.694,33.98,25.0,2.0,1.0,0.041667,1.1429,0.25789,9.7421,9.6363,-0.1058
23,5,Tomato,26.1,65.25,0.975,0.694,33.98,25.0,2.0,1.0,0.041667,1.07889,0.30285,9.6972,9.5941,-0.1031
23,6,Tomato,29.73,63.58,0.975,0.694,33.98,25.0,2.0,1.0,0.041667,1.38785,0.36067,9.6393,9.4955,-0.1438
23,7,Tomato,26.2,67.72,0.975,0.694,33.98,25.0,2.0,1.0,0.041667,1.08671,0.40595,9.594,9.3723,-0.2217
23,8,Tomato,24.92,63.13,0.975,0.694,33.98,25.0,2.0,1.0,0.041667,0.9948,0.4474,9.5526,9.1813,-0.3713
23,9,Tomato,24.69,59.73,0.975,0.694,33.98,25.0,2.0,1.0,0.041667,0.97853,0.48818,9.5118,9.0946,-0.4173
23,10,Tomato,23.71,60.34,0.975,0.694,33.98,25.0,2.0,1.0,0.041667,0.91419,0.52627,9.4737,9.1948,-0.279
23,11,Tomato,23.21,63.05,0.975,0.694,33.98,25.0,2.0,1.0,0.041667,0.88315,0.56306,9.4369,8.9379,-0.499
23,12,Tomato,23.75,64.66,0.975,0.694,33.98,25.0,2.0,1.0,0.041667,0.91714,0.60128,9.3987,9.0496,-0.3491
23,13,Tomato,22.69,70.68,0.975,0.694,33.98,25.0,2.0,1.0,0.041667,0.85213,0.63678,9.3632,8.6767,-0.6866
23,14,Tomato,22.0,66.46,0.975,0.694,33.98,25.0,2.0,1.0,0.041667,0.81212,0.67062,9.3294,8.7791,-0.5503
23,15,Tomato,22.8,69.49,0.975,0.694,33.98,25.0,2.0,1.0,0.041667,0.85831,0.70639,9.2936,8.6282,-0.6654
23,16,Tomato,22.51,70.62,0.975,0.694,33.98,25.0,2.0,1.0,0.041667,0.84151,0.74145,9.2586,8.5776,-0.681
23,17,Tomato,23.5,75.56,0.975,0.694,33.98,25.0,2.0,1.0,0.041667,0.90152,0.77901,9.221,8.3976,-0.8234
23,18,Tomato,24.21,79.24,0.975,0.694,33.98,25.0,2.0,1.0,0.041667,0.94683,0.81846,9.1815,8.4074,-0.7741
23,19,Tomato,25.29,81.48,0.975,0.694,33.98,25.0,2.0,1.0,0.041667,1.02008,0.86097,9.139,8.2051,-0.9339
23,20,Tomato,24.67,79.77,0.975,0.694,33.98,25.0,2.0,1.0,0.041667,0.97731,0.90169,9.0983,8.12,-0.9783
23,21,Tomato,26.82,77.64,0.975,0.694,33.98,25.0,2.0,1.0,0.041667,1.13451,0.94896,9.051,8.1623,-0.8887
23,22,Tomato,28.63,80.81,0.975,0.694,33.98,25.0,2.0,1.0,0.041667,1.28651,1.00256,8.9974,7.9566,-1.0409
23,23,Tomato,30.55,77.72,0.975,0.694,33.98,25.0,2.0,1.0,0.041667,1.46894,1.06377,8.9362,7.8915,-1.0447
23,24,Tomato,27.46,82.42,0.975,0.694,33.98,25.0,2.0,1.0,0.041667,1.18573,1.11317,8.8868,7.7229,-1.1639
23,25,Tomato,27.2,76.41,0.975,0.694,33.98,25.0,2.0,1.0,0.041667,1.16448,1.16169,8.8383,7.8002,-1.0381
23,26,Tomato,28.46,77.23,0.975,0.694,33.98,25.0,2.0,1.0,0.041667,1.27134,1.21467,8.7853,7.5984,-1.1869
23,27,Tomato,28.88,70.25,0.975,0.694,33.98,25.0,2.0,1.0,0.041667,1.30885,1.2692,8.7308,7.4733,-1.2575
23,28,Tomato,25.17,69.94,0.975,0.694,33.98,25.0,2.0,1.0,0.041667,1.01213,1.31137,8.6886,7.5606,-1.1281
23,29,Tomato,26.86,74.8,0.975,0.694,33.98,25.0,2.0,1.0,0.041667,1.13738,1.35877,8.6412,7.1407,-1.5006
23,30,Tomato,25.29,67.05,0.975,0.694,33.98,25.0,2.0,1.0,0.041667,1.02032,1.40128,8.5987,7.2225,-1.3762
23,31,Tomato,25.63,63.5,0.975,0.694,33.98,25.0,2.0,1.0,0.041667,1.04475,1.44481,8.5552,7.1335,-1.4217
23,32,Tomato,26.02,63.05,0.975,0.694,33.98,25.0,2.0,1.0,0.041667,1.07346,1.48954,8.5105,7.0716,-1.4389
23,33,Tomato,24.01,63.34,0.975,0.694,33.98,25.0,2.0,1.0,0.041667,0.93365,1.52844,8.4716,7.2134,-1.2581
23,34,Tomato,22.53,57.24,0.975,0.694,33.98,25.0,2.0,1.0,0.041667,0.84284,1.56356,8.4364,6.9918,-1.4447
23,35,Tomato,22.89,54.76,0.975,0.694,33.98,25.0,2.0,1.0,0.041667,0.86407,1.59956,8.4004,6.8756,-1.5249
23,36,Tomato,21.2,73.78,0.975,0.694,33.98,25.0,2.0,1.0,0.041667,0.76867,1.63159,8.3684,6.6504,-1.718
23,37,Tomato,21.73,63.85,0.975,0.694,33.98,25.0,2.0,1.0,0.041667,0.79717,1.6648,8.3352,6.5564,-1.7787
23,38,Tomato,21.44,68.03,0.975,0.694,33.98,25.0,2.0,1.0,0.041667,0.78142,1.69736,8.3026,6.6498,-1.6528
23,39,Tomato,22.96,69.77,0.975,0.694,33.98,25.0,2.0,1.0,0.041667,0.86844,1.73355,8.2665,6.4793,-1.7871
23,40,Tomato,21.74,73.82,0.975,0.694,33.98,25.0,2.0,1.0,0.041667,0.79802,1.7668,8.2332,6.3106,-1.9226
23,41,Tomato,24.28,75.51,0.975,0.694,33.98,25.0,2.0,1.0,0.041667,0.95122,1.80643,8.1936,6.3255,-1.8681
23,42,Tomato,23.58,73.94,0.975,0.694,33.98,25.0,2.0,1.0,0.041667,0.906,1.84418,8.1558,6.1912,-1.9646
23,43,Tomato,24.9,81.91,0.975,0.694,33.98,25.0,2.0,1.0,0.041667,0.99293,1.88556,8.1144,5.9821,-2.1323
23,44,Tomato,26.69,86.7,0.975,0.694,33.98,25.0,2.0,1.0,0.041667,1.12449,1.93241,8.0676,5.8491,-2.2185
23,45,Tomato,26.12,84.6,0.975,0.694,33.98,25.0,2.0,1.0,0.041667,1.08099,1.97745,8.0225,5.9271,-2.0955
23,46,Tomato,26.08,77.59,0.975,0.694,33.98,25.0,2.0,1.0,0.041667,1.0779,2.02236,7.9776,5.8181,-2.1595
23,47,Tomato,27.75,85.18,0.975,0.694,33.98,25.0,2.0,1.0,0.041667,1.20986,2.07277,7.9272,5.5263,-2.4009
23,48,Tomato,27.29,80.37,0.975,0.694,33.98,25.0,2.0,1.0,0.041667,1.1724,2.12162,7.8784,5.7452,-2.1332
23,49,Tomato,27.95,78.36,0.975,0.694,33.98,25.0,2.0,1.0,0.041667,1.22685,2.17274,7.8273,5.6124,-2.2149
23,50,Tomato,29.62,76.31,0.975,0.694,33.98,25.0,2.0,1.0,0.041667,1.37748,2.23014,7.7699,5.4277,-2.3421
23,51,Tomato,25.46,72.88,0.975,0.694,33.98,25.0,2.0,1.0,0.041667,1.03236,2.27315,7.7268,5.4423,-2.2846
23,52,Tomato,27.22,72.29,0.975,0.694,33.98,25.0,2.0,1.0,0.041667,1.16675,2.32177,7.6782,5.2557,-2.4225
23,53,Tomato,25.85,61.78,0.975,0.694,33.98,25.0,2.0,1.0,0.041667,1.06068,2.36596,7.634,5.2338,-2.4002
23,54,Tomato,27.15,59.4,0.975,0.694,33.98,25.0,2.0,1.0,0.041667,1.16057,2.41432,7.5857,5.1914,-2.3943
23,55,Tomato,25.54,68.99,0.975,0.694,33.98,25.0,2.0,1.0,0.041667,1.03806,2.45757,7.5424,4.9429,-2.5995
23,56,Tomato,23.46,59.93,0.975,0.694,33.98,25.0,2.0,1.0,0.041667,0.89858,2.49501,7.505,4.8955,-2.6094
23,57,Tomato,23.92,61.28,0.975,0.694,33.98,25.0,2.0,1.0,0.041667,0.92764,2.53366,7.4663,4.9269,-2.5395
23,58,Tomato,23.91,67.21,0.975,0.694,33.98,25.0,2.0,1.0,0.041667,0.9275,2.57231,7.4277,4.7364,-2.6913
23,59,Tomato,22.19,70.39,0.975,0.694,33.98,25.0,2.0,1.0,0.041667,0.82324,2.60661,7.3934,4.6306,-2.7627
23,60,Tomato,22.6,63.07,0.975,0.694,33.98,25.0,2.0,1.0,0.041667,0.84681,2.6419,7.3581,4.5323,-2.8258
23,61,Tomato,20.8,68.15,0.975,0.694,33.98,25.0,2.0,1.0,0.041667,0.7476,2.67305,7.327,4.4911,-2.8358
23,62,Tomato,22.97,73.79,0.975,0.694,33.98,25.0,2.0,1.0,0.041667,0.86858,2.70924,7.2908,4.3938,-2.897
23,63,Tomato,21.61,72.86,0.975,0.694,33.98,25.0,2.0,1.0,0.041667,0.79075,2.74218,7.2578,4.2943,-2.9635
23,64,Tomato,23.35,72.41,0.975,0.694,33.98,25.0,2.0,1.0,0.041667,0.89171,2.77934,7.2207,4.2309,-2.9898
23,65,Tomato,22.67,76.32,0.975,0.694,33.98,25.0,2.0,1.0,0.041667,0.8509,2.81479,7.1852,4.1116,-3.0736
23,66,Tomato,24.43,77.14,0.975,0.694,33.98,25.0,2.0,1.0,0.041667,0.96134,2.85485,7.1452,3.9894,-3.1558
23,67,Tomato,25.11,76.33,0.975,0.694,33.98,25.0,2.0,1.0,0.041667,1.00784,2.89684,7.1032,3.9998,-3.1033
23,68,Tomato,26.02,82.43,0.975,0.694,33.98,25.0,2.0,1.0,0.041667,1.07293,2.94155,7.0585,3.7113,-3.3471
23,69,Tomato,30.0,87.77,0.975,0.694,33.98,25.0,2.0,1.0,0.041667,1.41391,3.00046,6.9995,3.2416,-3.7579
23,70,Tomato,26.36,78.7,0.975,0.694,33.98,25.0,2.0,1.0,0.041667,1.09848,3.04623,6.9538,3.4431,-3.5106
23,71,Tomato,27.63,80.26,0.975,0.694,33.98,25.0,2.0,1.0,0.041667,1.19965,3.09622,6.9038,3.5565,-3.3473
23,72,Tomato,28.26,80.97,0.975,0.694,33.98,25.0,2.0,1.0,0.041667,1.25389,3.14846,6.8515,3.3644,-3.4872
23,73,Tomato,29.7,74.85,0.975,0.694,33.98,25.0,2.0,1.0,0.041667,1.38475,3.20616,6.7938,3.3426,-3.4513
23,74,Tomato,28.28,73.83,0.975,0.694,33.98,25.0,2.0,1.0,0.041667,1.25485,3.25844,6.7416,3.2636,-3.4779
23,75,Tomato,27.15,75.32,0.975,0.694,33.98,25.0,2.0,1.0,0.041667,1.16055,3.3068,6.6932,3.2351,-3.4581
23,76,Tomato,25.71,72.77,0.975,0.694,33.98,25.0,2.0,1.0,0.041667,1.05015,3.35056,6.6494,3.0942,-3.5553
23,77,Tomato,27.54,66.96,0.975,0.694,33.98,25.0,2.0,1.0,0.041667,1.19252,3.40025,6.5998,3.0888,-3.511
23,78,Tomato,26.34,68.55,0.975,0.694,33.98,25.0,2.0,1.0,0.041667,1.09769,3.44598,6.554,2.9961,-3.558
23,79,Tomato,24.43,62.22,0.975,0.694,33.98,25.0,2.0,1.0,0.041667,0.9611,3.48603,6.514,2.9461,-3.5679
23,80,Tomato,24.28,58.83,0.975,0.694,33.98,25.0,2.0,1.0,0.041667,0.95162,3.52568,6.4743,2.8119,-3.6624
23,81,Tomato,23.2,56.03,0.975,0.694,33.98,25.0,2.0,1.0,0.041667,0.88294,3.56247,6.4375,2.8106,-3.6269
23,82,Tomato,22.36,58.22,0.975,0.694,33.98,25.0,2.0,1.0,0.041667,0.83294,3.59717,6.4028,2.8058,-3.597
23,83,Tomato,22.59,58.36,0.975,0.694,33.98,25.0,2.0,1.0,0.041667,0.84637,3.63244,6.3676,2.6544,-3.7131
23,84,Tomato,24.45,66.04,0.975,0.694,33.98,25.0,2.0,1.0,0.041667,0.96276,3.67256,6.3274,2.4991,-3.8283
23,85,Tomato,21.68,66.62,0.975,0.694,33.98,25.0,2.0,1.0,0.041667,0.7943,3.70565,6.2943,2.425,-3.8693
23,86,Tomato,20.95,70.39,0.975,0.694,33.98,25.0,2.0,1.0,0.041667,0.75545,3.73713,6.2629,2.1759,-4.0869
23,87,Tomato,21.11,76.41,0.975,0.694,33.98,25.0,2.0,1.0,0.041667,0.76362,3.76895,6.2311,2.0148,-4.2162
23,88,Tomato,22.59,73.98,0.975,0.694,33.98,25.0,2.0,1.0,0.041667,0.84621,3.8042,6.1958,2.0398,-4.156
23,89,Tomato,24.26,78.59,0.975,0.694,33.98,25.0,2.0,1.0,0.041667,0.94985,3.84378,6.1562,1.852,-4.3042
23,90,Tomato,23.97,78.77,0.975,0.694,33.98,25.0,2.0,1.0,0.041667,0.9312,3.88258,6.1174,1.6841,-4.4333
23,91,Tomato,24.05,80.48,0.975,0.694,33.98,25.0,2.0,1.0,0.041667,0.93598,3.92158,6.0784,1.5555,-4.5229
23,92,Tomato,25.28,82.35,0.975,0.694,33.98,25.0,2.0,1.0,0.041667,1.01991,3.96408,6.0359,1.6489,-4.387
23,93,Tomato,27.37,80.88,0.975,0.694,33.98,25.0,2.0,1.0,0.041667,1.17864,4.01319,5.9868,1.4152,-4.5717
23,94,Tomato,28.38,79.15,0.975,0.694,33.98,25.0,2.0,1.0,0.041667,1.26399,4.06585,5.9341,1.3831,-4.551
23,95,Tomato,27.48,80.83,0.975,0.694,33.98,25.0,2.0,1.0,0.041667,1.18726,4.11532,5.8847,1.2195,-4.6652
24,0,Tomato,22.58,73.11,0.962,0.578,21.0,25.0,2.0,1.0,0.041667,0.8453,0.03522,9.9648,10.0,0.0352
24,1,Tomato,22.94,75.19,0.962,0.578,21.0,25.0,2.0,1.0,0.041667,0.86673,0.07133,9.9287,10.0,0.0713
24,2,Tomato,24.73,78.68,0.962,0.578,21.0,25.0,2.0,1.0,0.041667,0.98146,0.11223,9.8878,9.8138,-0.074
24,3,Tomato,24.99,73.68,0.962,0.578,21.0,25.0,2.0,1.0,0.041667,0.99906,0.15386,9.8461,9.7915,-0.0547
24,4,Tomato,24.93,84.02,0.962,0.578,21.0,25.0,2.0,1.0,0.041667,0.99536,0.19533,9.8047,9.7565,-0.0482
24,5,Tomato,26.24,80.36,0.962,0.578,21.0,25.0,2.0,1.0,0.041667,1.08946,0.24072,9.7593,9.5537,-0.2056
24,6,Tomato,30.77,80.36,0.962,0.578,21.0,25.0,2.0,1.0,0.041667,1.49211,0.3029,9.6971,9.6611,-0.036
24,7,Tomato,28.18,78.53,0.962,0.578,21.0,25.0,2.0,1.0,0.041667,1.24667,0.35484,9.6452,9.458,-0.1871
24,8,Tomato,29.33,79.98,0.962,0.578,21.0,25.0,2.0,1.0,0.041667,1.34959,0.41107,9.5889,9.3322,-0.2567
24,9,Tomato,27.35,84.16,0.962,0.578,21.0,25.0,2.0,1.0,0.041667,1.17686,0.46011,9.5399,9.2529,-0.287
24,10,Tomato,27.25,79.97,0.962,0.578,21.0,25.0,2.0,1.0,0.041667,1.16847,0.50879,9.4912,9.2919,-0.1993
24,11,Tomato,33.1,72.54,0.962,0.578,21.0,25.0,2.0,1.0,0.041667,1.75325,0.58185,9.4182,9.0881,-0.33
24,12,Tomato,28.84,73.67,0.962,0.578,21.0,25.0,2.0,1.0,0.041667,1.30479,0.63621,9.3638,9.0209,-0.3429
24,13,Tomato,28.45,64.85,0.962,0.578,21.0,25.0,2.0,1.0,0.041667,1.27045,0.68915,9.3109,9.0694,-0.2414
24,14,Tomato,24.78,64.31,0.962,0.578,21.0,25.0,2.0,1.0,0.041667,0.98457,0.73017,9.2698,8.9622,-0.3076
24,15,Tomato,28.55,61.96,0.962,0.578,21.0,25.0,2.0,1.0,0.041667,1.27865,0.78345,9.2166,8.9754,-0.2412
24,16,Tomato,23.35,63.33,0.962,0.578,21.0,25.0,2.0,1.0,0.041667,0.89182,0.82061,9.1794,8.9302,-0.2492
24,17,Tomato,25.13,56.39,0.962,0.578,21.0,25.0,2.0,1.0,0.041667,1.00877,0.86264,9.1374,8.7477,-0.3897
24,18,Tomato,23.68,58.62,0.962,0.578,21.0,25.0,2.0,1.0,0.041667,0.91255,0.90066,9.0993,8.6645,-0.4348
24,19,Tomato,21.4,68.0,0.962,0.578,21.0,25.0,2.0,1.0,0.041667,0.77906,0.93312,9.0669,8.6539,-0.413
24,20,Tomato,20.86,69.99,0.962,0.578,21.0,25.0,2.0,1.0,0.041667,0.7503,0.96439,9.0356,8.3813,-0.6543
24,21,Tomato,21.98,65.66,0.962,0.578,21.0,25.0,2.0,1.0,0.041667,0.81119,0.99819,9.0018,8.332,-0.6698
24,22,Tomato,23.4,65.93,0.962,0.578,21.0,25.0,2.0,1.0,0.041667,0.89522,1.03549,8.9645,8.2937,-0.6708
24,23,Tomato,21.11,69.72,0.962,0.578,21.0,25.0,2.0,1.0,0.041667,0.7635,1.0673,8.9327,8.3302,-0.6025
24,24,Tomato,20.94,78.18,0.962,0.578,21.0,25.0,2.0,1.0,0.041667,0.75448,1.09874,8.9013,8.2495,-0.6518
24,25,Tomato,20.58,76.96,0.962,0.578,21.0,25.0,2.0,1.0,0.041667,0.73622,1.12941,8.8706,8.1581,-0.7125
24,26,Tomato,23.43,79.63,0.962,0.578,21.0,25.0,2.0,1.0,0.041667,0.89693,1.16678,8.8332,8.0043,-0.8289
24,27,Tomato,23.21,76.19,0.962,0.578,21.0,25.0,2.0,1.0,0.041667,0.88358,1.2036,8.7964,8.0918,-0.7046
24,28,Tomato,25.22,85.02,0.962,0.578,21.0,25.0,2.0,1.0,0.041667,1.01542,1.24591,8.7541,7.8932,-0.8608
24,29,Tomato,25.94,84.51,0.962,0.578,21.0,25.0,2.0,1.0,0.041667,1.06717,1.29037,8.7096,7.8375,-0.8721
24,30,Tomato,27.92,83.95,0.962,0.578,21.0,25.0,2.0,1.0,0.041667,1.22461,1.3414,8.6586,7.7161,-0.9425
24,31,Tomato,28.8,84.16,0.962,0.578,21.0,25.0,2.0,1.0,0.041667,1.30112,1.39561,8.6044,7.5367,-1.0676
24,32,Tomato,26.74,81.66,0.962,0.578,21.0,25.0,2.0,1.0,0.041667,1.12808,1.44262,8.5574,7.6624,-0.895
24,33,Tomato,27.72,79.24,0.962,0.578,21.0,25.0,2.0,1.0,0.041667,1.20758,1.49293,8.5071,7.4695,-1.0376
24,34,Tomato,27.55,69.84,0.962,0.578,21.0,25.0,2.0,1.0,0.041667,1.19294,1.54264,8.4574,7.6245,-0.8329
24,35,Tomato,28.09,71.61,0.962,0.578,21.0,25.0,2.0,1.0,0.041667,1.23888,1.59426,8.4057,7.4595,-0.9462
24,36,Tomato,27.73,72.93,0.962,0.578,21.0,25.0,2.0,1.0,0.041667,1.2083,1.6446,8.3554,7.4169,-0.9385
24,37,Tomato,27.68,67.11,0.962,0.578,21.0,25.0,2.0,1.0,0.041667,1.2045,1.69479,8.3052,7.4322,-0.873
24,38,Tomato,25.45,62.95,0.962,0.578,21.0,25.0,2.0,1.0,0.041667,1.03172,1.73778,8.2622,7.3023,-0.9599
24,39,Tomato,23.8,64.23,0.962,0.578,21.0,25.0,2.0,1.0,0.041667,0.92028,1.77612,8.2239,7.2448,-0.979
24,40,Tomato,24.5,66.43,0.962,0.578,21.0,25.0,2.0,1.0,0.041667,0.9662,1.81638,8.1836,7.1571,-1.0265
24,41,Tomato,24.19,61.44,0.962,0.578,21.0,25.0,2.0,1.0,0.041667,0.94542,1.85577,8.1442,7.1585,-0.9858
24,42,Tomato,22.86,63.36,0.962,0.578,21.0,25.0,2.0,1.0,0.041667,0.86202,1.89169,8.1083,7.1202,-0.9881
24,43,Tomato,25.75,66.4,0.962,0.578,21.0,25.0,2.0,1.0,0.041667,1.05325,1.93558,8.0644,6.8836,-1.1808
24,44,Tomato,23.08,71.1,0.962,0.578,21.0,25.0,2.0,1.0,0.041667,0.87565,1.97206,8.0279,6.7398,-1.2881
24,45,Tomato,21.86,62.97,0.962,0.578,21.0,25.0,2.0,1.0,0.041667,0.80438,2.00558,7.9944,6.7331,-1.2613
24,46,Tomato,21.4,72.88,0.962,0.578,21.0,25.0,2.0,1.0,0.041667,0.77916,2.03804,7.962,6.7044,-1.2575
24,47,Tomato,22.04,75.86,0.962,0.578,21.0,25.0,2.0,1.0,0.041667,0.81426,2.07197,7.928,6.6298,-1.2983
24,48,Tomato,23.58,71.98,0.962,0.578,21.0,25.0,2.0,1.0,0.041667,0.90641,2.10974,7.8903,6.7144,-1.1759
24,49,Tomato,22.7,79.44,0.962,0.578,21.0,25.0,2.0,1.0,0.041667,0.85291,2.14528,7.8547,6.3638,-1.4909
24,50,Tomato,22.89,78.88,0.962,0.578,21.0,25.0,2.0,1.0,0.041667,0.86368,2.18126,7.8187,6.3815,-1.4372
24,51,Tomato,25.21,82.31,0.962,0.578,21.0,25.0,2.0,1.0,0.041667,1.0145,2.22353,7.7765,6.1111,-1.6654
24,52,Tomato,23.86,88.22,0.962,0.578,21.0,25.0,2.0,1.0,0.041667,0.92405,2.26204,7.738,5.8567,-1.8813
24,53,Tomato,24.66,85.1,0.962,0.578,21.0,25.0,2.0,1.0,0.041667,0.97689,2.30274,7.6973,6.0195,-1.6777
24,54,Tomato,27.11,76.72,0.962,0.578,21.0,25.0,2.0,1.0,0.041667,1.1574,2.35096,7.649,5.9748,-1.6743
24,55,Tomato,25.98,76.58,0.962,0.578,21.0,25.0,2.0,1.0,0.041667,1.07058,2.39557,7.6044,6.0142,-1.5902
24,56,Tomato,28.18,81.67,0.962,0.578,21.0,25.0,2.0,1.0,0.041667,1.24655,2.44751,7.5525,5.8662,-1.6863
24,57,Tomato,28.26,82.79,0.962,0.578,21.0,25.0,2.0,1.0,0.041667,1.25343,2.49974,7.5003,5.9425,-1.5578
24,58,Tomato,27.73,74.27,0.962,0.578,21.0,25.0,2.0,1.0,0.041667,1.20806,2.55007,7.4499,5.8692,-1.5807
24,59,Tomato,27.27,75.79,0.962,0.578,21.0,25.0,2.0,1.0,0.041667,1.17037,2.59884,7.4012,5.6659,-1.7352
24,60,Tomato,26.76,71.5,0.962,0.578,21.0,25.0,2.0,1.0,0.041667,1.13003,2.64592,7.3541,5.5288,-1.8252
24,61,Tomato,28.01,68.13,0.962,0.578,21.0,25.0,2.0,1.0,0.041667,1.23197,2.69726,7.3027,5.5386,-1.7642
24,62,Tomato,31.96,66.73,0.962,0.578,21.0,25.0,2.0,1.0,0.041667,1.61947,2.76473,7.2353,5.7017,-1.5335
24,63,Tomato,25.65,66.05,0.962,0.578,21.0,25.0,2.0,1.0,0.041667,1.04616,2.80832,7.1917,5.518,-1.6737
24,64,Tomato,25.26,72.55,0.962,0.578,21.0,25.0,2.0,1.0,0.041667,1.01832,2.85075,7.1492,5.3036,-1.8456
24,65,Tomato,23.24,55.33,0.962,0.578,21.0,25.0,2.0,1.0,0.041667,0.88514,2.88763,7.1124,5.3103,-1.8021
24,66,Tomato,23.12,63.82,0.962,0.578,21.0,25.0,2.0,1.0,0.041667,0.87789,2.92421,7.0758,5.4557,-1.6201
24,67,Tomato,21.77,67.11,0.962,0.578,21.0,25.0,2.0,1.0,0.041667,0.79933,2.95752,7.0425,5.0808,-1.9616
24,68,Tomato,21.52,62.46,0.962,0.578,21.0,25.0,2.0,1.0,0.041667,0.78544,2.99025,7.0098,5.1997,-1.81
24,69,Tomato,24.29,59.66,0.962,0.578,21.0,25.0,2.0,1.0,0.041667,0.95201,3.02991,6.9701,5.1344,-1.8356
24,70,Tomato,21.11,74.19,0.962,0.578,21.0,25.0,2.0,1.0,0.041667,0.76374,3.06173,6.9383,5.0579,-1.8804
24,71,Tomato,23.33,69.01,0.962,0.578,21.0,25.0,2.0,1.0,0.041667,0.89041,3.09884,6.9012,5.0939,-1.8073
24,72,Tomato,22.69,78.48,0.962,0.578,21.0,25.0,2.0,1.0,0.041667,0.8522,3.13434,6.8657,4.9247,-1.941
24,73,Tomato,23.83,77.77,0.962,0.578,21.0,25.0,2.0,1.0,0.041667,0.92236,3.17278,6.8272,4.8138,-2.0135
24,74,Tomato,23.3,92.11,0.962,0.578,21.0,25.0,2.0,1.0,0.041667,0.88907,3.20982,6.7902,3.7505,-3.0397
24,75,Tomato,24.6,75.64,0.962,0.578,21.0,25.0,2.0,1.0,0.041667,0.9725,3.25034,6.7497,4.5647,-2.185
24,76,Tomato,24.65,83.36,0.962,0.578,21.0,25.0,2.0,1.0,0.041667,0.97577,3.291,6.709,4.441,-2.268
24,77,Tomato,26.0,83.49,0.962,0.578,21.0,25.0,2.0,1.0,0.041667,1.07192,3.33566,6.6643,4.2486,-2.4157
24,78,Tomato,26.53,80.49,0.962,0.578,21.0,25.0,2.0,1.0,0.041667,1.11189,3.38199,6.618,4.3711,-2.2469
24,79,Tomato,27.08,82.66,0.962,0.578,21.0,25.0,2.0,1.0,0.041667,1.15515,3.43012,6.5699,4.1416,-2.4283
24,80,Tomato,27.78,84.03,0.962,0.578,21.0,25.0,2.0,1.0,0.041667,1.2125,3.48064,6.5194,4.0264,-2.493
24,81,Tomato,28.0,88.85,0.962,0.578,21.0,25.0,2.0,1.0,0.041667,1.23136,3.53195,6.4681,3.6306,-2.8375
24,82,Tomato,28.37,73.25,0.962,0.578,21.0,25.0,2.0,1.0,0.041667,1.26309,3.58458,6.4154,4.0219,-2.3935
24,83,Tomato,27.13,74.32,0.962,0.578,21.0,25.0,2.0,1.0,0.041667,1.15938,3.63288,6.3671,4.0208,-2.3463
24,84,Tomato,24.32,71.18,0.962,0.578,21.0,25.0,2.0,1.0,0.041667,0.95386,3.67263,6.3274,3.9577,-2.3697
24,85,Tomato,28.09,67.75,0.962,0.578,21.0,25.0,2.0,1.0,0.041667,1.23852,3.72423,6.2758,3.9903,-2.2854
24,86,Tomato,26.47,62.22,0.962,0.578,21.0,25.0,2.0,1.0,0.041667,1.1076,3.77038,6.2296,3.9358,-2.2939
24,87,Tomato,24.7,62.47,0.962,0.578,21.0,25.0,2.0,1.0,0.041667,0.97975,3.81121,6.1888,3.8186,-2.3702
24,88,Tomato,24.22,64.6,0.962,0.578,21.0,25.0,2.0,1.0,0.041667,0.94743,3.85068,6.1493,3.8261,-2.3232
24,89,Tomato,23.84,59.72,0.962,0.578,21.0,25.0,2.0,1.0,0.041667,0.92259,3.88912,6.1109,3.7881,-2.3228
24,90,Tomato,22.91,63.06,0.962,0.578,21.0,25.0,2.0,1.0,0.041667,0.86543,3.92518,6.0748,3.696,-2.3788
24,91,Tomato,22.11,61.66,0.962,0.578,21.0,25.0,2.0,1.0,0.041667,0.81832,3.95928,6.0407,3.5654,-2.4753
24,92,Tomato,23.31,66.34,0.962,0.578,21.0,25.0,2.0,1.0,0.041667,0.88918,3.99633,6.0037,3.451,-2.5527
24,93,Tomato,21.28,66.31,0.962,0.578,21.0,25.0,2.0,1.0,0.041667,0.77287,4.02853,5.9715,3.3621,-2.6094
24,94,Tomato,21.61,77.26,0.962,0.578,21.0,25.0,2.0,1.0,0.041667,0.79037,4.06146,5.9385,3.1946,-2.744
24,95,Tomato,23.52,74.34,0.962,0.578,21.0,25.0,2.0,1.0,0.041667,0.90273,4.09908,5.9009,3.2289,-2.672
25,0,Banana,24.45,81.91,0.943,0.671,31.9,25.0,2.2,1.0,0.041667,0.9578,0.03991,6.9601,7.0,0.0399
25,1,Banana,23.41,76.99,0.943,0.671,31.9,25.0,2.2,1.0,0.041667,0.88196,0.07666,6.9233,6.8579,-0.0654
25,2,Banana,25.61,77.84,0.943,0.671,31.9,25.0,2.2,1.0,0.041667,1.04955,0.12039,6.8796,6.8733,-0.0063
25,3,Banana,27.34,83.78,0.943,0.671,31.9,25.0,2.2,1.0,0.041667,1.20219,0.17048,6.8295,6.7092,-0.1203
25,4,Banana,27.26,86.24,0.943,0.671,31.9,25.0,2.2,1.0,0.041667,1.19458,0.22025,6.7797,6.5846,-0.1952
25,5,Banana,26.02,79.34,0.943,0.671,31.9,25.0,2.2,1.0,0.041667,1.08397,0.26542,6.7346,6.4489,-0.2857
25,6,Banana,27.29,77.64,0.943,0.671,31.9,25.0,2.2,1.0,0.041667,1.19814,0.31534,6.6847,6.3597,-0.325
25,7,Banana,27.22,79.46,0.943,0.671,31.9,25.0,2.2,1.0,0.041667,1.19161,0.36499,6.635,6.3254,-0.3096
25,8,Banana,28.28,76.07,0.943,0.671,31.9,25.0,2.2,1.0,0.041667,1.29545,0.41897,6.581,6.1077,-0.4733
25,9,Banana,27.74,72.18,0.943,0.671,31.9,25.0,2.2,1.0,0.041667,1.241,0.47068,6.5293,6.2783,-0.251
25,10,Banana,26.15,70.74,0.943,0.671,31.9,25.0,2.2,1.0,0.041667,1.09512,0.51631,6.4837,6.1625,-0.3212
25,11,Banana,26.86,65.34,0.943,0.671,31.9,25.0,2.2,1.0,0.041667,1.15753,0.56454,6.4355,5.8982,-0.5373
25,12,Banana,25.96,71.48,0.943,0.671,31.9,25.0,2.2,1.0,0.041667,1.07836,0.60947,6.3905,5.6831,-0.7074
25,13,Banana,25.61,61.14,0.943,0.671,31.9,25.0,2.2,1.0,0.041667,1.04937,0.65319,6.3468,5.8628,-0.484
25,14,Banana,24.25,63.15,0.943,0.671,31.9,25.0,2.2,1.0,0.041667,0.94232,0.69246,6.3075,5.8105,-0.497
25,15,Banana,22.84,59.01,0.943,0.671,31.9,25.0,2.2,1.0,0.041667,0.84364,0.72761,6.2724,5.7207,-0.5517
25,16,Banana,24.26,64.09,0.943,0.671,31.9,25.0,2.2,1.0,0.041667,0.94333,0.76691,6.2331,5.452,-0.7811
25,17,Banana,21.99,65.67,0.943,0.671,31.9,25.0,2.2,1.0,0.041667,0.789,0.79979,6.2002,5.4329,-0.7673
25,18,Banana,22.09,67.72,0.943,0.671,31.9,25.0,2.2,1.0,0.041667,0.79503,0.83292,6.1671,5.3087,-0.8584
25,19,Banana,19.35,61.76,0.943,0.671,31.9,25.0,2.2,1.0,0.041667,0.64048,0.8596,6.1404,5.3662,-0.7742
25,20,Banana,21.87,71.03,0.943,0.671,31.9,25.0,2.2,1.0,0.041667,0.78149,0.89216,6.1078,5.3026,-0.8053
25,21,Banana,22.57,69.69,0.943,0.671,31.9,25.0,2.2,1.0,0.041667,0.82561,0.92656,6.0734,5.0918,-0.9816
25,22,Banana,22.85,71.78,0.943,0.671,31.9,25.0,2.2,1.0,0.041667,0.84377,0.96172,6.0383,5.0369,-1.0014
25,23,Banana,24.16,76.54,0.943,0.671,31.9,25.0,2.2,1.0,0.041667,0.93568,1.00071,5.9993,4.9418,-1.0575
25,24,Banana,24.34,78.43,0.943,0.671,31.9,25.0,2.2,1.0,0.041667,0.94919,1.04026,5.9597,4.794,-1.1657
25,25,Banana,26.11,79.11,0.943,0.671,31.9,25.0,2.2,1.0,0.041667,1.09151,1.08574,5.9143,4.7773,-1.1369
25,26,Banana,26.1,81.6,0.943,0.671,31.9,25.0,2.2,1.0,0.041667,1.09025,1.13116,5.8688,4.586,-1.2829
25,27,Banana,26.44,85.38,0.943,0.671,31.9,25.0,2.2,1.0,0.041667,1.12058,1.17785,5.8221,4.4199,-1.4022
25,28,Banana,27.22,80.75,0.943,0.671,31.9,25.0,2.2,1.0,0.041667,1.19116,1.22749,5.7725,4.6154,-1.1571
25,29,Banana,26.96,79.19,0.943,0.671,31.9,25.0,2.2,1.0,0.041667,1.16732,1.27612,5.7239,4.4272,-1.2967
25,30,Banana,27.66,83.52,0.943,0.671,31.9,25.0,2.2,1.0,0.041667,1.23301,1.3275,5.6725,4.0638,-1.6087
25,31,Banana,27.82,76.2,0.943,0.671,31.9,25.0,2.2,1.0,0.041667,1.24878,1.37953,5.6205,4.2789,-1.3415
25,32,Banana,26.51,71.92,0.943,0.671,31.9,25.0,2.2,1.0,0.041667,1.12664,1.42648,5.5735,4.1785,-1.395
25,33,Banana,28.1,74.5,0.943,0.671,31.9,25.0,2.2,1.0,0.041667,1.27678,1.47968,5.5203,3.922,-1.5983
25,34,Banana,31.87,68.52,0.943,0.671,31.9,25.0,2.2,1.0,0.041667,1.71889,1.5513,5.4487,3.9019,-1.5468
25,35,Banana,26.25,67.52,0.943,0.671,31.9,25.0,2.2,1.0,0.041667,1.10384,1.59729,5.4027,3.7973,-1.6055
25,36,Banana,26.49,65.61,0.943,0.671,31.9,25.0,2.2,1.0,0.041667,1.12425,1.64413,5.3559,3.9078,-1.4481
25,37,Banana,23.11,64.2,0.943,0.671,31.9,25.0,2.2,1.0,0.041667,0.86179,1.68004,5.32,3.7676,-1.5524
25,38,Banana,23.99,67.28,0.943,0.671,31.9,25.0,2.2,1.0,0.041667,0.92342,1.71852,5.2815,3.5142,-1.7673
25,39,Banana,23.66,63.21,0.943,0.671,31.9,25.0,2.2,1.0,0.041667,0.89973,1.75601,5.244,3.6099,-1.6341
25,40,Banana,22.87,58.49,0.943,0.671,31.9,25.0,2.2,1.0,0.041667,0.84513,1.79122,5.2088,3.4571,-1.7516
25,41,Banana,26.99,58.81,0.943,0.671,31.9,25.0,2.2,1.0,0.041667,1.16975,1.83996,5.16,3.5168,-1.6432
25,42,Banana,21.93,65.13,0.943,0.671,31.9,25.0,2.2,1.0,0.041667,0.78518,1.87267,5.1273,3.2161,-1.9112
25,43,Banana,21.4,60.7,0.943,0.671,31.9,25.0,2.2,1.0,0.041667,0.75273,1.90404,5.096,3.2125,-1.8835
25,44,Banana,22.2,65.98,0.943,0.671,31.9,25.0,2.2,1.0,0.041667,0.802,1.93746,5.0625,3.1615,-1.9011
25,45,Banana,21.17,74.93,0.943,0.671,31.9,25.0,2.2,1.0,0.041667,0.73937,1.96826,5.0317,3.0664,-1.9653
25,46,Banana,22.24,71.79,0.943,0.671,31.9,25.0,2.2,1.0,0.041667,0.80412,2.00177,4.9982,3.071,-1.9272
25,47,Banana,20.52,80.21,0.943,0.671,31.9,25.0,2.2,1.0,0.041667,0.70265,2.03104,4.969,2.8145,-2.1544
25,48,Banana,24.0,78.4,0.943,0.671,31.9,25.0,2.2,1.0,0.041667,0.92434,2.06956,4.9304,2.6372,-2.2933
25,49,Banana,25.12,79.05,0.943,0.671,31.9,25.0,2.2,1.0,0.041667,1.00929,2.11161,4.8884,2.5812,-2.3072
25,50,Banana,25.61,77.11,0.943,0.671,31.9,25.0,2.2,1.0,0.041667,1.04911,2.15533,4.8447,2.6098,-2.2349
25,51,Banana,25.98,77.83,0.943,0.671,31.9,25.0,2.2,1.0,0.041667,1.08014,2.20033,4.7997,2.4933,-2.3064
25,52,Banana,26.48,77.9,0.943,0.671,31.9,25.0,2.2,1.0,0.041667,1.12417,2.24717,4.7528,2.2498,-2.503
25,53,Banana,28.37,84.32,0.943,0.671,31.9,25.0,2.2,1.0,0.041667,1.30393,2.3015,4.6985,2.2163,-2.4822
25,54,Banana,28.06,77.49,0.943,0.671,31.9,25.0,2.2,1.0,0.041667,1.27244,2.35452,4.6455,2.2845,-2.361
25,55,Banana,27.34,81.37,0.943,0.671,31.9,25.0,2.2,1.0,0.041667,1.20296,2.40464,4.5954,2.0863,-2.509
25,56,Banana,29.02,70.93,0.943,0.671,31.9,25.0,2.2,1.0,0.041667,1.37298,2.46185,4.5381,2.107,-2.4312
25,57,Banana,27.29,82.85,0.943,0.671,31.9,25.0,2.2,1.0,0.041667,1.19752,2.51175,4.4883,1.9336,-2.5547
25,58,Banana,26.22,74.71,0.943,0.671,31.9,25.0,2.2,1.0,0.041667,1.10111,2.55763,4.4424,1.9226,-2.5198
25,59,Banana,27.11,74.13,0.943,0.671,31.9,25.0,2.2,1.0,0.041667,1.18127,2.60685,4.3932,1.6655,-2.7277
25,60,Banana,23.92,62.97,0.943,0.671,31.9,25.0,2.2,1.0,0.041667,0.91802,2.6451,4.3549,1.7002,-2.6547
25,61,Banana,25.98,69.77,0.943,0.671,31.9,25.0,2.2,1.0,0.041667,1.08018,2.69011,4.3099,1.489,-2.8209
25,62,Banana,26.73,67.2,0.943,0.671,31.9,25.0,2.2,1.0,0.041667,1.14602,2.73786,4.2621,1.6817,-2.5805
25,63,Banana,23.75,61.82,0.943,0.671,31.9,25.0,2.2,1.0,0.041667,0.90626,2.77562,4.2244,1.4371,-2.7873
25,64,Banana,22.88,70.85,0.943,0.671,31.9,25.0,2.2,1.0,0.041667,0.84599,2.81087,4.1891,1.4017,-2.7874
25,65,Banana,22.86,61.05,0.943,0.671,31.9,25.0,2.2,1.0,0.041667,0.84472,2.84606,4.1539,1.2201,-2.9338
25,66,Banana,21.98,62.4,0.943,0.671,31.9,25.0,2.2,1.0,0.041667,0.78782,2.87889,4.1211,1.2161,-2.905
25,67,Banana,21.69,67.85,0.943,0.671,31.9,25.0,2.2,1.0,0.041667,0.77055,2.91099,4.089,1.1528,-2.9362
25,68,Banana,21.81,66.71,0.943,0.671,31.9,25.0,2.2,1.0,0.041667,0.77743,2.94339,4.0566,1.1931,-2.8635
25,69,Banana,20.94,63.29,0.943,0.671,31.9,25.0,2.2,1.0,0.041667,0.72624,2.97365,4.0264,0.9822,-3.0441
25,70,Banana,24.29,76.94,0.943,0.671,31.9,25.0,2.2,1.0,0.041667,0.9458,3.01306,3.9869,0.8197,-3.1673
25,71,Banana,23.88,78.17,0.943,0.671,31.9,25.0,2.2,1.0,0.041667,0.91555,3.0512,3.9488,0.7443,-3.2045
25,72,Banana,24.22,79.24,0.943,0.671,31.9,25.0,2.2,1.0,0.041667,0.94015,3.09038,3.9096,0.7107,-3.199
25,73,Banana,24.36,82.52,0.943,0.671,31.9,25.0,2.2,1.0,0.041667,0.95043,3.12998,3.87,0.4196,-3.4504
25,74,Banana,24.81,83.63,0.943,0.671,31.9,25.0,2.2,1.0,0.041667,0.98497,3.17102,3.829,0.0985,-3.7305
25,75,Banana,30.31,90.4,0.943,0.671,31.9,25.0,2.2,1.0,0.041667,1.52016,3.23436,3.7656,0.0,-3.7656
25,76,Banana,26.3,82.19,0.943,0.671,31.9,25.0,2.2,1.0,0.041667,1.10783,3.28052,3.7195,0.0372,-3.6823
25,77,Banana,27.53,81.79,0.943,0.671,31.9,25.0,2.2,1.0,0.041667,1.2207,3.33138,3.6686,0.0669,-3.6017
25,78,Banana,33.24,84.1,0.943,0.671,31.9,25.0,2.2,1.0,0.041667,1.91453,3.41115,3.5888,0.0,-3.5888
25,79,Banana,27.76,79.95,0.943,0.671,31.9,25.0,2.2,1.0,0.041667,1.24263,3.46293,3.5371,0.0,-3.5371
25,80,Banana,27.25,80.1,0.943,0.671,31.9,25.0,2.2,1.0,0.041667,1.19416,3.51268,3.4873,0.0,-3.4873
25,81,Banana,27.77,67.95,0.943,0.671,31.9,25.0,2.2,1.0,0.041667,1.24425,3.56453,3.4355,0.0,-3.4355
25,82,Banana,26.91,71.01,0.943,0.671,31.9,25.0,2.2,1.0,0.041667,1.16216,3.61295,3.387,0.0,-3.387
25,83,Banana,27.66,69.09,0.943,0.671,31.9,25.0,2.2,1.0,0.041667,1.23381,3.66436,3.3356,0.0,-3.3356
25,84,Banana,27.91,64.13,0.943,0.671,31.9,25.0,2.2,1.0,0.041667,1.25793,3.71677,3.2832,0.0,-3.2832
25,85,Banana,30.53,66.1,0.943,0.671,31.9,25.0,2.2,1.0,0.041667,1.5469,3.78123,3.2188,0.0,-3.2188
25,86,Banana,23.72,62.64,0.943,0.671,31.9,25.0,2.2,1.0,0.041667,0.90419,3.8189,3.1811,0.0,-3.1811
25,87,Banana,23.57,61.12,0.943,0.671,31.9,25.0,2.2,1.0,0.041667,0.89347,3.85613,3.1439,0.0,-3.1439
25,88,Banana,21.94,66.45,0.943,0.671,31.9,25.0,2.2,1.0,0.041667,0.78574,3.88887,3.1111,0.0,-3.1111
25,89,Banana,23.68,68.1,0.943,0.671,31.9,25.0,2.2,1.0,0.041667,0.90097,3.92641,3.0736,0.0,-3.0736
25,90,Banana,21.12,61.43,0.943,0.671,31.9,25.0,2.2,1.0,0.041667,0.73645,3.9571,3.0429,0.0,-3.0429
25,91,Banana,22.22,65.66,0.943,0.671,31.9,25.0,2.2,1.0,0.041667,0.80333,3.99057,3.0094,0.0,-3.0094
25,92,Banana,21.53,63.9,0.943,0.671,31.9,25.0,2.2,1.0,0.041667,0.76075,4.02227,2.9777,0.0,-2.9777
25,93,Banana,22.12,67.02,0.943,0.671,31.9,25.0,2.2,1.0,0.041667,0.79664,4.05546,2.9445,0.0,-2.9445
25,94,Banana,21.84,75.23,0.943,0.671,31.9,25.0,2.2,1.0,0.041667,0.7796,4.08794,2.9121,0.0,-2.9121
25,95,Banana,23.99,76.62,0.943,0.671,31.9,25.0,2.2,1.0,0.041667,0.92364,4.12643,2.8736,0.0,-2.8736
26,0,Banana,22.74,85.3,0.948,0.559,33.42,25.0,2.2,1.0,0.041667,0.83685,0.03487,6.9651,6.8554,-0.1097
26,1,Banana,23.41,74.67,0.948,0.559,33.42,25.0,2.2,1.0,0.041667,0.88232,0.07163,6.9284,6.9398,0.0114
26,2,Banana,22.19,91.2,0.948,0.559,33.42,25.0,2.2,1.0,0.041667,0.80125,0.10502,6.895,6.8197,-0.0753
26,3,Banana,23.42,91.12,0.948,0.559,33.42,25.0,2.2,1.0,0.041667,0.88299,0.14181,6.8582,6.714,-0.1442
26,4,Banana,24.22,79.79,0.948,0.559,33.42,25.0,2.2,1.0,0.041667,0.94055,0.181,6.819,6.7649,-0.0541
26,5,Banana,26.03,85.51,0.948,0.559,33.42,25.0,2.2,1.0,0.041667,1.08467,0.22619,6.7738,6.5785,-0.1953
26,6,Banana,26.86,77.95,0.948,0.559,33.42,25.0,2.2,1.0,0.041667,1.15752,0.27442,6.7256,6.5139,-0.2116
26,7,Banana,27.09,82.03,0.948,0.559,33.42,25.0,2.2,1.0,0.041667,1.17891,0.32354,6.6765,6.4346,-0.2418
26,8,Banana,27.3,78.68,0.948,0.559,33.42,25.0,2.2,1.0,0.041667,1.1987,0.37349,6.6265,6.3019,-0.3246
26,9,Banana,27.35,79.06,0.948,0.559,33.42,25.0,2.2,1.0,0.041667,1.2037,0.42364,6.5764,6.2539,-0.3224
26,10,Banana,29.77,75.63,0.948,0.559,33.42,25.0,2.2,1.0,0.041667,1.4564,0.48433,6.5157,6.0155,-0.5002
26,11,Banana,27.72,72.2,0.948,0.559,33.42,25.0,2.2,1.0,0.041667,1.23933,0.53597,6.464,5.8825,-0.5816
26,12,Banana,30.47,72.28,0.948,0.559,33.42,25.0,2.2,1.0,0.041667,1.53872,0.60008,6.3999,5.9012,-0.4988
26,13,Banana,26.08,66.09,0.948,0.559,33.42,25.0,2.2,1.0,0.041667,1.08882,0.64545,6.3546,5.7245,-0.63
26,14,Banana,26.93,66.31,0.948,0.559,33.42,25.0,2.2,1.0,0.041667,1.16414,0.69395,6.306,5.6883,-0.6177
26,15,Banana,32.59,61.82,0.948,0.559,33.42,25.0,2.2,1.0,0.041667,1.81879,0.76974,6.2303,5.5464,-0.6839
26,16,Banana,23.91,65.11,0.948,0.559,33.42,25.0,2.2,1.0,0.041667,0.91791,0.80798,6.192,5.595,-0.597
26,17,Banana,22.23,61.81,0.948,0.559,33.42,25.0,2.2,1.0,0.041667,0.80354,0.84146,6.1585,5.481,-0.6776
26,18,Banana,29.0,59.9,0.948,0.559,33.42,25.0,2.2,1.0,0.041667,1.37076,0.89858,6.1014,5.4447,-0.6567
26,19,Banana,22.65,59.82,0.948,0.559,33.42,25.0,2.2,1.0,0.041667,0.83089,0.9332,6.0668,5.4245,-0.6423
26,20,Banana,20.69,60.76,0.948,0.559,33.42,25.0,2.2,1.0,0.041667,0.71189,0.96286,6.0371,5.1902,-0.8469
26,21,Banana,22.17,63.36,0.948,0.559,33.42,25.0,2.2,1.0,0.041667,0.80004,0.9962,6.0038,5.2237,-0.7801
26,22,Banana,22.54,66.71,0.948,0.559,33.42,25.0,2.2,1.0,0.041667,0.82391,1.03052,5.9695,5.029,-0.9405
26,23,Banana,20.83,58.5,0.948,0.559,33.42,25.0,2.2,1.0,0.041667,0.71953,1.06051,5.9395,4.9613,-0.9782
26,24,Banana,23.61,70.02,0.948,0.559,33.42,25.0,2.2,1.0,0.041667,0.89607,1.09784,5.9022,4.9027,-0.9995
26,25,Banana,21.45,68.58,0.948,0.559,33.42,25.0,2.2,1.0,0.041667,0.75576,1.12933,5.8707,4.7409,-1.1298
26,26,Banana,24.56,68.07,0.948,0.559,33.42,25.0,2.2,1.0,0.041667,0.96598,1.16958,5.8304,4.8814,-0.9491
26,27,Banana,24.01,74.18,0.948,0.559,33.42,25.0,2.2,1.0,0.041667,0.92509,1.20813,5.7919,4.6898,-1.102
26,28,Banana,23.77,76.5,0.948,0.559,33.42,25.0,2.2,1.0,0.041667,0.90751,1.24594,5.7541,4.4967,-1.2574
26,29,Banana,24.15,88.68,0.948,0.559,33.42,25.0,2.2,1.0,0.041667,0.93506,1.2849,5.7151,4.2956,-1.4195
26,30,Banana,25.18,85.11,0.948,0.559,33.42,25.0,2.2,1.0,0.041667,1.01441,1.32717,5.6728,4.2367,-1.4361
26,31,Banana,27.6,91.73,0.948,0.559,33.42,25.0,2.2,1.0,0.041667,1.22723,1.3783,5.6217,3.8923,-1.7294
26,32,Banana,27.47,78.96,0.948,0.559,33.42,25.0,2.2,1.0,0.041667,1.21497,1.42893,5.5711,4.193,-1.3781
26,33,Banana,28.19,83.25,0.948,0.559,33.42,25.0,2.2,1.0,0.041667,1.2861,1.48251,5.5175,4.0303,-1.4872
26,34,Banana,26.97,78.04,0.948,0.559,33.42,25.0,2.2,1.0,0.041667,1.16767,1.53117,5.4688,3.9833,-1.4856
26,35,Banana,27.41,73.65,0.948,0.559,33.42,25.0,2.2,1.0,0.041667,1.20927,1.58155,5.4184,4.0205,-1.3979
26,36,Banana,27.99,69.3,0.948,0.559,33.42,25.0,2.2,1.0,0.041667,1.2657,1.63429,5.3657,3.7978,-1.5679
26,37,Banana,29.78,68.96,0.948,0.559,33.42,25.0,2.2,1.0,0.041667,1.45767,1.69503,5.305,3.706,-1.5989
26,38,Banana,27.45,65.58,0.948,0.559,33.42,25.0,2.2,1.0,0.041667,1.21262,1.74555,5.2544,3.712,-1.5425
26,39,Banana,27.99,68.96,0.948,0.559,33.42,25.0,2.2,1.0,0.041667,1.26616,1.79831,5.2017,3.5426,-1.6591
26,40,Banana,25.46,69.51,0.948,0.559,33.42,25.0,2.2,1.0,0.041667,1.03721,1.84153,5.1585,3.5848,-1.5736
26,41,Banana,23.87,61.72,0.948,0.559,33.42,25.0,2.2,1.0,0.041667,0.91494,1.87965,5.1204,3.5003,-1.62
26,42,Banana,23.56,65.02,0.948,0.559,33.42,25.0,2.2,1.0,0.041667,0.89236,1.91683,5.0832,3.4298,-1.6534
26,43,Banana,21.84,63.0,0.948,0.559,33.42,25.0,2.2,1.0,0.041667,0.77958,1.94931,5.0507,3.3158,-1.7349
26,44,Banana,23.25,67.7,0.948,0.559,33.42,25.0,2.2,1.0,0.041667,0.87093,1.9856,5.0144,3.3142,-1.7002
26,45,Banana,21.47,68.93,0.948,0.559,33.42,25.0,2.2,1.0,0.041667,0.75688,2.01714,4.9829,3.1117,-1.8711
26,46,Banana,23.15,67.74,0.948,0.559,33.42,25.0,2.2,1.0,0.041667,0.86457,2.05316,4.9468,3.1222,-1.8246
26,47,Banana,22.44,69.14,0.948,0.559,33.42,25.0,2.2,1.0,0.041667,0.81708,2.08721,4.9128,2.8209,-2.0919
26,48,Banana,22.12,76.73,0.948,0.559,33.42,25.0,2.2,1.0,0.041667,0.79668,2.1204,4.8796,2.7055,-2.1741
26,49,Banana,23.39,74.91,0.948,0.559,33.42,25.0,2.2,1.0,0.041667,0.88059,2.15709,4.8429,2.7675,-2.0754
26,50,Banana,22.36,76.45,0.948,0.559,33.42,25.0,2.2,1.0,0.041667,0.81209,2.19093,4.8091,2.7954,-2.0137
26,51,Banana,24.72,81.54,0.948,0.559,33.42,25.0,2.2,1.0,0.041667,0.97838,2.2317,4.7683,2.4875,-2.2808
26,52,Banana,27.92,81.55,0.948,0.559,33.42,25.0,2.2,1.0,0.041667,1.25872,2.28414,4.7159,2.4696,-2.2463
26,53,Banana,25.4,81.97,0.948,0.559,33.42,25.0,2.2,1.0,0.041667,1.03177,2.32713,4.6729,2.27,-2.4028
26,54,Banana,27.46,79.79,0.948,0.559,33.42,25.0,2.2,1.0,0.041667,1.21376,2.37771,4.6223,2.1989,-2.4234
26,55,Banana,27.43,78.62,0.948,0.559,33.42,25.0,2.2,1.0,0.041667,1.21078,2.42816,4.5718,2.1961,-2.3757
26,56,Banana,27.24,78.21,0.948,0.559,33.42,25.0,2.2,1.0,0.041667,1.19313,2.47787,4.5221,2.2488,-2.2733
26,57,Banana,29.02,89.0,0.948,0.559,33.42,25.0,2.2,1.0,0.041667,1.37292,2.53508,4.4649,1.5687,-2.8962
26,58,Banana,27.46,77.47,0.948,0.559,33.42,25.0,2.2,1.0,0.041667,1.2145,2.58568,4.4143,1.7857,-2.6286
26,59,Banana,28.03,78.97,0.948,0.559,33.42,25.0,2.2,1.0,0.041667,1.26943,2.63857,4.3614,1.6329,-2.7285
26,60,Banana,26.52,70.75,0.948,0.559,33.42,25.0,2.2,1.0,0.041667,1.12726,2.68554,4.3145,1.821,-2.4935
26,61,Banana,29.57,77.19,0.948,0.559,33.42,25.0,2.2,1.0,0.041667,1.43393,2.74529,4.2547,1.7421,-2.5126
26,62,Banana,27.36,67.0,0.948,0.559,33.42,25.0,2.2,1.0,0.041667,1.20424,2.79547,4.2045,1.5423,-2.6622
26,63,Banana,25.76,72.2,0.948,0.559,33.42,25.0,2.2,1.0,0.041667,1.06206,2.83972,4.1603,1.3204,-2.8399
26,64,Banana,25.27,59.64,0.948,0.559,33.42,25.0,2.2,1.0,0.041667,1.02145,2.88228,4.1177,1.4818,-2.6359
26,65,Banana,25.78,73.41,0.948,0.559,33.42,25.0,2.2,1.0,0.041667,1.06307,2.92657,4.0734,1.2915,-2.782
26,66,Banana,23.45,63.87,0.948,0.559,33.42,25.0,2.2,1.0,0.041667,0.88487,2.96344,4.0366,1.4303,-2.6063
26,67,Banana,20.32,67.82,0.948,0.559,33.42,25.0,2.2,1.0,0.041667,0.69154,2.99226,4.0077,1.2727,-2.735
26,68,Banana,21.17,69.2,0.948,0.559,33.42,25.0,2.2,1.0,0.041667,0.73954,3.02307,3.9769,1.0394,-2.9375
26,69,Banana,22.22,57.89,0.948,0.559,33.42,25.0,2.2,1.0,0.041667,0.80307,3.05653,3.9435,1.0359,-2.9076
26,70,Banana,21.04,68.1,0.948,0.559,33.42,25.0,2.2,1.0,0.041667,0.73163,3.08702,3.913,0.945,-2.968
26,71,Banana,20.94,68.77,0.948,0.559,33.42,25.0,2.2,1.0,0.041667,0.72617,3.11727,3.8827,0.8322,-3.0505
26,72,Banana,22.79,73.92,0.948,0.559,33.42,25.0,2.2,1.0,0.041667,0.83976,3.15226,3.8477,0.7661,-3.0816
26,73,Banana,19.39,69.64,0.948,0.559,33.42,25.0,2.2,1.0,0.041667,0.64251,3.17904,3.821,0.9012,-2.9197
26,74,Banana,25.42,76.95,0.948,0.559,33.42,25.0,2.2,1.0,0.041667,1.03354,3.2221,3.7779,0.4581,-3.3198
26,75,Banana,23.82,81.28,0.948,0.559,33.42,25.0,2.2,1.0,0.041667,0.91084,3.26005,3.7399,0.4976,-3.2423
26,76,Banana,25.85,71.72,0.948,0.559,33.42,25.0,2.2,1.0,0.041667,1.069,3.30459,3.6954,0.4014,-3.294
26,77,Banana,27.21,79.35,0.948,0.559,33.42,25.0,2.2,1.0,0.041667,1.19042,3.35419,3.6458,0.2782,-3.3676
26,78,Banana,25.8,78.25,0.948,0.559,33.42,25.0,2.2,1.0,0.041667,1.06477,3.39856,3.6014,0.2121,-3.3894
26,79,Banana,27.57,81.95,0.948,0.559,33.42,25.0,2.2,1.0,0.041667,1.22493,3.4496,3.5504,0.0006,-3.5498
26,80,Banana,27.98,83.36,0.948,0.559,33.42,25.0,2.2,1.0,0.041667,1.26472,3.50229,3.4977,0.0,-3.4977
26,81,Banana,27.76,82.2,0.948,0.559,33.42,25.0,2.2,1.0,0.041667,1.24356,3.55411,3.4459,0.0,-3.4459
26,82,Banana,28.52,72.82,0.948,0.559,33.42,25.0,2.2,1.0,0.041667,1.32018,3.60912,3.3909,0.0,-3.3909
26,83,Banana,29.5,71.6,0.948,0.559,33.42,25.0,2.2,1.0,0.041667,1.42635,3.66855,3.3315,0.0,-3.3315
26,84,Banana,28.96,70.9,0.948,0.559,33.42,25.0,2.2,1.0,0.041667,1.36681,3.7255,3.2745,0.0,-3.2745
26,85,Banana,27.71,63.05,0.948,0.559,33.42,25.0,2.2,1.0,0.041667,1.238,3.77708,3.2229,0.0,-3.2229
26,86,Banana,25.94,67.54,0.948,0.559,33.42,25.0,2.2,1.0,0.041667,1.07674,3.82195,3.1781,0.0,-3.1781
26,87,Banana,27.68,65.86,0.948,0.559,33.42,25.0,2.2,1.0,0.041667,1.23568,3.87343,3.1266,0.0,-3.1266
26,88,Banana,25.14,63.53,0.948,0.559,33.42,25.0,2.2,1.0,0.041667,1.01108,3.91556,3.0844,0.0,-3.0844
26,89,Banana,24.92,61.09,0.948,0.559,33.42,25.0,2.2,1.0,0.041667,0.994,3.95698,3.043,0.0,-3.043
26,90,Banana,23.91,57.08,0.948,0.559,33.42,25.0,2.2,1.0,0.041667,0.91744,3.9952,3.0048,0.0,-3.0048
26,91,Banana,22.76,66.18,0.948,0.559,33.42,25.0,2.2,1.0,0.041667,0.83787,4.03012,2.9699,0.0,-2.9699
26,92,Banana,22.86,63.61,0.948,0.559,33.42,25.0,2.2,1.0,0.041667,0.84447,4.0653,2.9347,0.0,-2.9347
26,93,Banana,22.22,61.06,0.948,0.559,33.42,25.0,2.2,1.0,0.041667,0.80338,4.09878,2.9012,0.0,-2.9012
26,94,Banana,22.01,62.92,0.948,0.559,33.42,25.0,2.2,1.0,0.041667,0.79002,4.13169,2.8683,0.0,-2.8683
26,95,Banana,22.49,68.2,0.948,0.559,33.42,25.0,2.2,1.0,0.041667,0.8202,4.16587,2.8341,0.0,-2.8341
27,0,Tomato,25.74,67.98,0.884,0.749,3.67,25.0,2.0,1.0,0.041667,1.05258,0.04386,9.9561,9.7807,-0.1754
27,1,Tomato,24.73,67.55,0.884,0.749,3.67,25.0,2.0,1.0,0.041667,0.98166,0.08476,9.9152,9.7436,-0.1717
27,2,Tomato,25.9,64.2,0.884,0.749,3.67,25.0,2.0,1.0,0.041667,1.06401,0.12909,9.8709,9.8385,-0.0324
27,3,Tomato,24.98,60.47,0.884,0.749,3.67,25.0,2.0,1.0,0.041667,0.99858,0.1707,9.8293,9.8983,0.069
27,4,Tomato,21.78,57.65,0.884,0.749,3.67,25.0,2.0,1.0,0.041667,0.79983,0.20403,9.796,9.7124,-0.0836
27,5,Tomato,22.64,60.98,0.884,0.749,3.67,25.0,2.0,1.0,0.041667,0.84932,0.23942,9.7606,9.7543,-0.0063
27,6,Tomato,22.99,67.92,0.884,0.749,3.67,25.0,2.0,1.0,0.041667,0.86967,0.27565,9.7243,9.5654,-0.159
27,7,Tomato,22.6,67.83,0.884,0.749,3.67,25.0,2.0,1.0,0.041667,0.84666,0.31093,9.6891,9.5793,-0.1098
27,8,Tomato,22.63,72.24,0.884,0.749,3.67,25.0,2.0,1.0,0.041667,0.8486,0.34629,9.6537,9.4695,-0.1842
27,9,Tomato,21.25,72.92,0.884,0.749,3.67,25.0,2.0,1.0,0.041667,0.77105,0.37841,9.6216,9.4026,-0.219
27,10,Tomato,22.77,70.92,0.884,0.749,3.67,25.0,2.0,1.0,0.041667,0.85697,0.41412,9.5859,9.3575,-0.2284
27,11,Tomato,21.93,75.66,0.884,0.749,3.67,25.0,2.0,1.0,0.041667,0.80827,0.4478,9.5522,9.3644,-0.1878
27,12,Tomato,24.22,78.01,0.884,0.749,3.67,25.0,2.0,1.0,0.041667,0.94769,0.48729,9.5127,9.4029,-0.1098
27,13,Tomato,25.21,76.86,0.884,0.749,3.67,25.0,2.0,1.0,0.041667,1.01501,0.52958,9.4704,9.2597,-0.2107
27,14,Tomato,25.36,80.07,0.884,0.749,3.67,25.0,2.0,1.0,0.041667,1.02538,0.5723,9.4277,9.2438,-0.1839
27,15,Tomato,24.16,81.24,0.884,0.749,3.67,25.0,2.0,1.0,0.041667,0.9432,0.6116,9.3884,9.2274,-0.161
27,16,Tomato,27.27,85.23,0.884,0.749,3.67,25.0,2.0,1.0,0.041667,1.17072,0.66038,9.3396,9.017,-0.3226
27,17,Tomato,27.07,81.41,0.884,0.749,3.67,25.0,2.0,1.0,0.041667,1.15416,0.70847,9.2915,9.0512,-0.2403
27,18,Tomato,29.27,74.0,0.884,0.749,3.67,25.0,2.0,1.0,0.041667,1.34449,0.76449,9.2355,8.9001,-0.3354
27,19,Tomato,28.29,79.64,0.884,0.749,3.67,25.0,2.0,1.0,0.041667,1.25577,0.81682,9.1832,9.0071,-0.176
27,20,Tomato,27.79,72.62,0.884,0.749,3.67,25.0,2.0,1.0,0.041667,1.21335,0.86737,9.1326,8.897,-0.2356
27,21,Tomato,27.57,72.63,0.884,0.749,3.67,25.0,2.0,1.0,0.041667,1.19493,0.91716,9.0828,8.7816,-0.3012
27,22,Tomato,27.04,84.12,0.884,0.749,3.67,25.0,2.0,1.0,0.041667,1.1517,0.96515,9.0349,8.5297,-0.5052
27,23,Tomato,26.23,68.49,0.884,0.749,3.67,25.0,2.0,1.0,0.041667,1.08934,1.01054,8.9895,8.8049,-0.1846
27,24,Tomato,25.17,63.37,0.884,0.749,3.67,25.0,2.0,1.0,0.041667,1.01171,1.05269,8.9473,8.6165,-0.3308
27,25,Tomato,25.57,61.13,0.884,0.749,3.67,25.0,2.0,1.0,0.041667,1.03996,1.09603,8.904,8.5318,-0.3722
27,26,Tomato,26.45,62.13,0.884,0.749,3.67,25.0,2.0,1.0,0.041667,1.10567,1.14209,8.8579,8.7331,-0.1248
27,27,Tomato,29.91,64.12,0.884,0.749,3.67,25.0,2.0,1.0,0.041667,1.40511,1.20064,8.7994,8.477,-0.3224
27,28,Tomato,21.94,67.25,0.884,0.749,3.67,25.0,2.0,1.0,0.041667,0.80868,1.23434,8.7657,8.2635,-0.5021
27,29,Tomato,23.28,71.71,0.884,0.749,3.67,25.0,2.0,1.0,0.041667,0.88732,1.27131,8.7287,8.3638,-0.3649
27,30,Tomato,23.08,64.32,0.884,0.749,3.67,25.0,2.0,1.0,0.041667,0.87555,1.30779,8.6922,8.2665,-0.4258
27,31,Tomato,22.03,64.09,0.884,0.749,3.67,25.0,2.0,1.0,0.041667,0.81404,1.34171,8.6583,8.3369,-0.3214
27,32,Tomato,20.82,66.75,0.884,0.749,3.67,25.0,2.0,1.0,0.041667,0.74856,1.3729,8.6271,8.2885,-0.3386
27,33,Tomato,21.41,67.68,0.884,0.749,3.67,25.0,2.0,1.0,0.041667,0.77951,1.40538,8.5946,8.3014,-0.2933
27,34,Tomato,22.03,76.02,0.884,0.749,3.67,25.0,2.0,1.0,0.041667,0.81417,1.4393,8.5607,8.1245,-0.4362
27,35,Tomato,23.54,73.66,0.884,0.749,3.67,25.0,2.0,1.0,0.041667,0.90359,1.47695,8.5231,8.0285,-0.4945
27,36,Tomato,22.58,79.62,0.884,0.749,3.67,25.0,2.0,1.0,0.041667,0.84577,1.51219,8.4878,7.8184,-0.6694
27,37,Tomato,24.07,74.01,0.884,0.749,3.67,25.0,2.0,1.0,0.041667,0.93745,1.55125,8.4487,7.7713,-0.6774
27,38,Tomato,25.4,85.3,0.884,0.749,3.67,25.0,2.0,1.0,0.041667,1.02823,1.59409,8.4059,7.7413,-0.6646
27,39,Tomato,26.48,80.5,0.884,0.749,3.67,25.0,2.0,1.0,0.041667,1.10766,1.64025,8.3598,7.6782,-0.6816
27,40,Tomato,27.96,79.47,0.884,0.749,3.67,25.0,2.0,1.0,0.041667,1.2278,1.6914,8.3086,7.703,-0.6056
27,41,Tomato,27.89,89.2,0.884,0.749,3.67,25.0,2.0,1.0,0.041667,1.22186,1.74231,8.2577,7.3558,-0.9019
27,42,Tomato,25.36,81.22,0.884,0.749,3.67,25.0,2.0,1.0,0.041667,1.02529,1.78504,8.215,7.5612,-0.6538
27,43,Tomato,27.11,75.84,0.884,0.749,3.67,25.0,2.0,1.0,0.041667,1.15774,1.83327,8.1667,7.5627,-0.604
27,44,Tomato,26.69,68.05,0.884,0.749,3.67,25.0,2.0,1.0,0.041667,1.12466,1.88014,8.1199,7.6269,-0.493
27,45,Tomato,25.47,72.64,0.884,0.749,3.67,25.0,2.0,1.0,0.041667,1.03337,1.92319,8.0768,7.465,-0.6118
27,46,Tomato,28.14,71.06,0.884,0.749,3.67,25.0,2.0,1.0,0.041667,1.24297,1.97498,8.025,7.3533,-0.6717
27,47,Tomato,26.3,64.05,0.884,0.749,3.67,25.0,2.0,1.0,0.041667,1.09437,2.02058,7.9794,7.3765,-0.6029
27,48,Tomato,25.23,68.27,0.884,0.749,3.67,25.0,2.0,1.0,0.041667,1.01621,2.06292,7.9371,7.3398,-0.5973
27,49,Tomato,25.23,61.38,0.884,0.749,3.67,25.0,2.0,1.0,0.041667,1.01626,2.10527,7.8947,7.2753,-0.6194
27,50,Tomato,24.5,58.16,0.884,0.749,3.67,25.0,2.0,1.0,0.041667,0.96613,2.14552,7.8545,7.4568,-0.3977
27,51,Tomato,23.46,60.9,0.884,0.749,3.67,25.0,2.0,1.0,0.041667,0.8986,2.18297,7.817,7.1494,-0.6677
27,52,Tomato,28.43,63.91,0.884,0.749,3.67,25.0,2.0,1.0,0.041667,1.26864,2.23583,7.7642,7.0786,-0.6855
27,53,Tomato,23.03,61.08,0.884,0.749,3.67,25.0,2.0,1.0,0.041667,0.87216,2.27217,7.7278,7.1106,-0.6172
27,54,Tomato,23.29,59.71,0.884,0.749,3.67,25.0,2.0,1.0,0.041667,0.88838,2.30918,7.6908,7.1166,-0.5742
27,55,Tomato,20.8,76.75,0.884,0.749,3.67,25.0,2.0,1.0,0.041667,0.74757,2.34033,7.6597,6.971,-0.6887
27,56,Tomato,21.39,60.28,0.884,0.749,3.67,25.0,2.0,1.0,0.041667,0.77881,2.37278,7.6272,6.9235,-0.7037
27,57,Tomato,22.55,70.15,0.884,0.749,3.67,25.0,2.0,1.0,0.041667,0.84379,2.40794,7.5921,6.8402,-0.7519
27,58,Tomato,23.39,75.66,0.884,0.749,3.67,25.0,2.0,1.0,0.041667,0.89448,2.44521,7.5548,6.8188,-0.736
27,59,Tomato,24.14,74.21,0.884,0.749,3.67,25.0,2.0,1.0,0.041667,0.94242,2.48448,7.5155,6.7845,-0.731
27,60,Tomato,23.32,79.59,0.884,0.749,3.67,25.0,2.0,1.0,0.041667,0.89017,2.52157,7.4784,6.4803,-0.9981
27,61,Tomato,24.67,80.64,0.884,0.749,3.67,25.0,2.0,1.0,0.041667,0.97709,2.56228,7.4377,6.4641,-0.9736
27,62,Tomato,25.66,84.79,0.884,0.749,3.67,25.0,2.0,1.0,0.041667,1.04658,2.60589,7.3941,6.3511,-1.043
27,63,Tomato,26.89,79.52,0.884,0.749,3.67,25.0,2.0,1.0,0.041667,1.14034,2.6534,7.3466,6.3888,-0.9578
27,64,Tomato,27.19,78.81,0.884,0.749,3.67,25.0,2.0,1.0,0.041667,1.16417,2.70191,7.2981,6.391,-0.9071
27,65,Tomato,26.79,81.27,0.884,0.749,3.67,25.0,2.0,1.0,0.041667,1.13229,2.74909,7.2509,6.273,-0.9779
27,66,Tomato,29.5,77.66,0.884,0.749,3.67,25.0,2.0,1.0,0.041667,1.36632,2.80602,7.194,6.233,-0.961
27,67,Tomato,31.79,76.17,0.884,0.749,3.67,25.0,2.0,1.0,0.041667,1.60085,2.87272,7.1273,6.2761,-0.8512
27,68,Tomato,26.15,82.71,0.884,0.749,3.67,25.0,2.0,1.0,0.041667,1.08272,2.91783,7.0822,5.9817,-1.1004
27,69,Tomato,28.96,71.74,0.884,0.749,3.67,25.0,2.0,1.0,0.041667,1.31542,2.97264,7.0274,5.9812,-1.0461
27,70,Tomato,26.51,70.59,0.884,0.749,3.67,25.0,2.0,1.0,0.041667,1.11041,3.01891,6.9811,6.0684,-0.9127
27,71,Tomato,27.19,64.9,0.884,0.749,3.67,25.0,2.0,1.0,0.041667,1.16382,3.0674,6.9326,6.0978,-0.8348
27,72,Tomato,25.79,68.51,0.884,0.749,3.67,25.0,2.0,1.0,0.041667,1.05626,3.11141,6.8886,6.025,-0.8636
27,73,Tomato,30.56,66.37,0.884,0.749,3.67,25.0,2.0,1.0,0.041667,1.46994,3.17266,6.8273,5.8449,-0.9824
27,74,Tomato,25.16,65.69,0.884,0.749,3.67,25.0,2.0,1.0,0.041667,1.01139,3.2148,6.7852,5.8906,-0.8946
27,75,Tomato,23.3,64.68,0.884,0.749,3.67,25.0,2.0,1.0,0.041667,0.8887,3.25183,6.7482,5.7056,-1.0426
27,76,Tomato,22.19,67.94,0.884,0.749,3.67,25.0,2.0,1.0,0.041667,0.8232,3.28613,6.7139,5.7931,-0.9208
27,77,Tomato,22.77,62.04,0.884,0.749,3.67,25.0,2.0,1.0,0.041667,0.85653,3.32182,6.6782,5.8336,-0.8446
27,78,Tomato,21.39,60.45,0.884,0.749,3.67,25.0,2.0,1.0,0.041667,0.77881,3.35427,6.6457,5.6336,-1.0121
27,79,Tomato,22.92,66.17,0.884,0.749,3.67,25.0,2.0,1.0,0.041667,0.86562,3.39034,6.6097,5.6061,-1.0035
27,80,Tomato,22.44,61.33,0.884,0.749,3.67,25.0,2.0,1.0,0.041667,0.83764,3.42524,6.5748,5.6075,-0.9672
27,81,Tomato,21.32,72.5,0.884,0.749,3.67,25.0,2.0,1.0,0.041667,0.77486,3.45752,6.5425,5.6226,-0.9199
27,82,Tomato,23.72,71.82,0.884,0.749,3.67,25.0,2.0,1.0,0.041667,0.9151,3.49565,6.5043,5.4786,-1.0257
27,83,Tomato,23.28,76.5,0.884,0.749,3.67,25.0,2.0,1.0,0.041667,0.88775,3.53264,6.4674,5.2979,-1.1694
27,84,Tomato,22.81,71.79,0.884,0.749,3.67,25.0,2.0,1.0,0.041667,0.85917,3.56844,6.4316,5.281,-1.1505
27,85,Tomato,24.14,74.3,0.884,0.749,3.67,25.0,2.0,1.0,0.041667,0.94195,3.60769,6.3923,5.117,-1.2753
27,86,Tomato,25.46,82.68,0.884,0.749,3.67,25.0,2.0,1.0,0.041667,1.03262,3.65072,6.3493,5.1407,-1.2085
27,87,Tomato,25.79,85.28,0.884,0.749,3.67,25.0,2.0,1.0,0.041667,1.0563,3.69473,6.3053,4.828,-1.4773
27,88,Tomato,27.12,84.07,0.884,0.749,3.67,25.0,2.0,1.0,0.041667,1.15865,3.743,6.257,4.8267,-1.4303
27,89,Tomato,27.91,85.31,0.884,0.749,3.67,25.0,2.0,1.0,0.041667,1.22379,3.794,6.206,4.6452,-1.5608
27,90,Tomato,27.48,76.15,0.884,0.749,3.67,25.0,2.0,1.0,0.041667,1.18734,3.84347,6.1565,4.9321,-1.2245
27,91,Tomato,28.85,81.17,0.884,0.749,3.67,25.0,2.0,1.0,0.041667,1.30569,3.89787,6.1021,4.7072,-1.3949
27,92,Tomato,27.42,71.89,0.884,0.749,3.67,25.0,2.0,1.0,0.041667,1.18277,3.94715,6.0528,4.8413,-1.2116
27,93,Tomato,26.21,69.23,0.884,0.749,3.67,25.0,2.0,1.0,0.041667,1.08727,3.99246,6.0075,4.7519,-1.2557
27,94,Tomato,28.62,73.77,0.884,0.749,3.67,25.0,2.0,1.0,0.041667,1.28496,4.046,5.954,4.7175,-1.2365
27,95,Tomato,26.4,61.4,0.884,0.749,3.67,25.0,2.0,1.0,0.041667,1.10199,4.09191,5.9081,4.8159,-1.0922
28,0,Banana,25.47,87.02,0.929,0.536,4.94,25.0,2.2,1.0,0.041667,1.03808,0.04325,6.9567,7.0,0.0433
28,1,Banana,26.39,82.85,0.929,0.536,4.94,25.0,2.2,1.0,0.041667,1.11571,0.08974,6.9103,6.9028,-0.0074
28,2,Banana,28.72,90.36,0.929,0.536,4.94,25.0,2.2,1.0,0.041667,1.34095,0.14561,6.8544,6.8771,0.0228
28,3,Banana,27.49,81.83,0.929,0.536,4.94,25.0,2.2,1.0,0.041667,1.21695,0.19632,6.8037,6.9723,0.1687
28,4,Banana,31.68,76.59,0.929,0.536,4.94,25.0,2.2,1.0,0.041667,1.6928,0.26685,6.7331,6.8225,0.0894
28,5,Banana,29.22,70.73,0.929,0.536,4.94,25.0,2.2,1.0,0.041667,1.39515,0.32499,6.675,6.6625,-0.0125
28,6,Banana,27.65,72.53,0.929,0.536,4.94,25.0,2.2,1.0,0.041667,1.232,0.37632,6.6237,6.6125,-0.0112
28,7,Banana,28.25,69.7,0.929,0.536,4.94,25.0,2.2,1.0,0.041667,1.29198,0.43015,6.5698,6.6003,0.0305
28,8,Banana,26.99,64.2,0.929,0.536,4.94,25.0,2.2,1.0,0.041667,1.16971,0.47889,6.5211,6.5862,0.0651
28,9,Banana,26.13,65.94,0.929,0.536,4.94,25.0,2.2,1.0,0.041667,1.09276,0.52442,6.4756,6.4689,-0.0067
28,10,Banana,24.45,71.8,0.929,0.536,4.94,25.0,2.2,1.0,0.041667,0.95723,0.56431,6.4357,6.2833,-0.1524
28,11,Banana,24.31,62.11,0.929,0.536,4.94,25.0,2.2,1.0,0.041667,0.94675,0.60375,6.3962,6.3071,-0.0891
28,12,Banana,28.11,61.51,0.929,0.536,4.94,25.0,2.2,1.0,0.041667,1.27775,0.65699,6.343,6.3742,0.0312
28,13,Banana,24.4,59.91,0.929,0.536,4.94,25.0,2.2,1.0,0.041667,0.95389,0.69674,6.3033,6.2177,-0.0856
28,14,Banana,21.98,64.41,0.929,0.536,4.94,25.0,2.2,1.0,0.041667,0.78838,0.72959,6.2704,6.3131,0.0427
28,15,Banana,22.63,65.51,0.929,0.536,4.94,25.0,2.2,1.0,0.041667,0.82985,0.76416,6.2358,6.1141,-0.1217
28,16,Banana,22.54,70.97,0.929,0.536,4.94,25.0,2.2,1.0,0.041667,0.82354,0.79848,6.2015,6.0393,-0.1622
28,17,Banana,20.83,68.79,0.929,0.536,4.94,25.0,2.2,1.0,0.041667,0.72007,0.82848,6.1715,5.9259,-0.2456
28,18,Banana,23.24,69.15,0.929,0.536,4.94,25.0,2.2,1.0,0.041667,0.87056,0.86476,6.1352,5.8724,-0.2628
28,19,Banana,22.19,71.97,0.929,0.536,4.94,25.0,2.2,1.0,0.041667,0.80099,0.89813,6.1019,5.9032,-0.1987
28,20,Banana,22.76,74.84,0.929,0.536,4.94,25.0,2.2,1.0,0.041667,0.83828,0.93306,6.0669,5.9635,-0.1034
28,21,Banana,24.36,80.15,0.929,0.536,4.94,25.0,2.2,1.0,0.041667,0.95076,0.97267,6.0273,5.8381,-0.1892
28,22,Banana,24.95,80.82,0.929,0.536,4.94,25.0,2.2,1.0,0.041667,0.99569,1.01416,5.9858,5.7373,-0.2485
28,23,Banana,25.98,79.06,0.929,0.536,4.94,25.0,2.2,1.0,0.041667,1.08025,1.05917,5.9408,5.634,-0.3068
28,24,Banana,25.46,77.71,0.929,0.536,4.94,25.0,2.2,1.0,0.041667,1.03691,1.10237,5.8976,5.5142,-0.3834
28,25,Banana,26.56,91.87,0.929,0.536,4.94,25.0,2.2,1.0,0.041667,1.13129,1.14951,5.8505,5.4446,-0.4059
28,26,Banana,27.45,79.84,0.929,0.536,4.94,25.0,2.2,1.0,0.041667,1.21283,1.20005,5.8,5.529,-0.271
28,27,Banana,28.57,79.65,0.929,0.536,4.94,25.0,2.2,1.0,0.041667,1.3254,1.25527,5.7447,5.5582,-0.1865
28,28,Banana,28.66,81.05,0.929,0.536,4.94,25.0,2.2,1.0,0.041667,1.33497,1.3109,5.6891,5.4117,-0.2774
28,29,Banana,27.6,78.19,0.929,0.536,4.94,25.0,2.2,1.0,0.041667,1.22747,1.36204,5.638,5.3176,-0.3204
28,30,Banana,27.6,72.76,0.929,0.536,4.94,25.0,2.2,1.0,0.041667,1.22762,1.41319,5.5868,5.436,-0.1508
28,31,Banana,28.77,69.46,0.929,0.536,4.94,25.0,2.2,1.0,0.041667,1.34609,1.46928,5.5307,5.2944,-0.2364
28,32,Banana,29.95,64.17,0.929,0.536,4.94,25.0,2.2,1.0,0.041667,1.47724,1.53083,5.4692,5.3902,-0.079
28,33,Banana,25.55,66.49,0.929,0.536,4.94,25.0,2.2,1.0,0.041667,1.044,1.57433,5.4257,5.1706,-0.2551
28,34,Banana,24.3,63.09,0.929,0.536,4.94,25.0,2.2,1.0,0.041667,0.94633,1.61376,5.3862,5.1705,-0.2157
28,35,Banana,25.33,59.11,0.929,0.536,4.94,25.0,2.2,1.0,0.041667,1.02616,1.65652,5.3435,5.0768,-0.2667
28,36,Banana,23.2,56.63,0.929,0.536,4.94,25.0,2.2,1.0,0.041667,0.86746,1.69266,5.3073,5.113,-0.1943
28,37,Banana,23.8,63.86,0.929,0.536,4.94,25.0,2.2,1.0,0.041667,0.90982,1.73057,5.2694,5.1467,-0.1227
28,38,Banana,23.84,61.97,0.929,0.536,4.94,25.0,2.2,1.0,0.041667,0.91265,1.7686,5.2314,4.9062,-0.3252
28,39,Banana,23.05,64.93,0.929,0.536,4.94,25.0,2.2,1.0,0.041667,0.85735,1.80432,5.1957,4.8182,-0.3775
28,40,Banana,21.83,64.46,0.929,0.536,4.94,25.0,2.2,1.0,0.041667,0.77858,1.83676,5.1632,4.7931,-0.3702
28,41,Banana,22.31,66.89,0.929,0.536,4.94,25.0,2.2,1.0,0.041667,0.8088,1.87046,5.1295,4.8441,-0.2854
28,42,Banana,28.39,71.91,0.929,0.536,4.94,25.0,2.2,1.0,0.041667,1.30618,1.92488,5.0751,4.6707,-0.4044
28,43,Banana,23.3,69.93,0.929,0.536,4.94,25.0,2.2,1.0,0.041667,0.87483,1.96134,5.0387,4.8901,-0.1486
28,44,Banana,21.99,71.23,0.929,0.536,4.94,25.0,2.2,1.0,0.041667,0.78889,1.99421,5.0058,4.5685,-0.4373
28,45,Banana,23.58,76.14,0.929,0.536,4.94,25.0,2.2,1.0,0.041667,0.8942,2.03147,4.9685,4.5497,-0.4188
28,46,Banana,24.49,76.23,0.929,0.536,4.94,25.0,2.2,1.0,0.041667,0.96057,2.07149,4.9285,4.3667,-0.5618
28,47,Banana,23.84,81.67,0.929,0.536,4.94,25.0,2.2,1.0,0.041667,0.91251,2.10951,4.8905,4.4089,-0.4816
28,48,Banana,25.67,80.91,0.929,0.536,4.94,25.0,2.2,1.0,0.041667,1.0546,2.15345,4.8465,4.3234,-0.5232
28,49,Banana,28.03,82.94,0.929,0.536,4.94,25.0,2.2,1.0,0.041667,1.27007,2.20637,4.7936,4.2952,-0.4985
28,50,Banana,27.59,82.69,0.929,0.536,4.94,25.0,2.2,1.0,0.041667,1.22684,2.25749,4.7425,4.1526,-0.5899
28,51,Banana,26.78,79.7,0.929,0.536,4.94,25.0,2.2,1.0,0.041667,1.15085,2.30544,4.6946,4.2133,-0.4813
28,52,Banana,27.57,73.23,0.929,0.536,4.94,25.0,2.2,1.0,0.041667,1.22447,2.35646,4.6435,4.3034,-0.3402
28,53,Banana,28.12,78.67,0.929,0.536,4.94,25.0,2.2,1.0,0.041667,1.27867,2.40974,4.5903,4.1209,-0.4694
28,54,Banana,27.41,73.72,0.929,0.536,4.94,25.0,2.2,1.0,0.041667,1.20935,2.46013,4.5399,4.0621,-0.4778
28,55,Banana,27.82,73.04,0.929,0.536,4.94,25.0,2.2,1.0,0.041667,1.24929,2.51218,4.4878,3.9708,-0.517
28,56,Banana,26.74,69.79,0.929,0.536,4.94,25.0,2.2,1.0,0.041667,1.14688,2.55997,4.44,3.999,-0.441
28,57,Banana,26.21,62.01,0.929,0.536,4.94,25.0,2.2,1.0,0.041667,1.10016,2.60581,4.3942,4.079,-0.3152
28,58,Banana,29.29,61.09,0.929,0.536,4.94,25.0,2.2,1.0,0.041667,1.40278,2.66426,4.3357,4.0405,-0.2952
28,59,Banana,24.63,57.14,0.929,0.536,4.94,25.0,2.2,1.0,0.041667,0.97145,2.70474,4.2953,3.9245,-0.3708
28,60,Banana,23.25,64.19,0.929,0.536,4.94,25.0,2.2,1.0,0.041667,0.87142,2.74104,4.259,3.939,-0.32
28,61,Banana,27.78,62.82,0.929,0.536,4.94,25.0,2.2,1.0,0.041667,1.24478,2.79291,4.2071,3.907,-0.3
28,62,Banana,24.15,59.7,0.929,0.536,4.94,25.0,2.2,1.0,0.041667,0.93547,2.83189,4.1681,3.7573,-0.4109
28,63,Banana,21.81,61.02,0.929,0.536,4.94,25.0,2.2,1.0,0.041667,0.77742,2.86428,4.1357,3.6768,-0.4589
28,64,Banana,21.72,64.0,0.929,0.536,4.94,25.0,2.2,1.0,0.041667,0.77214,2.89645,4.1035,3.7565,-0.347
28,65,Banana,22.62,66.48,0.929,0.536,4.94,25.0,2.2,1.0,0.041667,0.8288,2.93099,4.069,3.7273,-0.3417
28,66,Banana,23.32,70.77,0.929,0.536,4.94,25.0,2.2,1.0,0.041667,0.87563,2.96747,4.0325,3.5125,-0.52
28,67,Banana,22.52,72.51,0.929,0.536,4.94,25.0,2.2,1.0,0.041667,0.82244,3.00174,3.9983,3.4667,-0.5315
28,68,Banana,22.74,74.72,0.929,0.536,4.94,25.0,2.2,1.0,0.041667,0.83655,3.0366,3.9634,3.388,-0.5754
28,69,Banana,27.55,75.81,0.929,0.536,4.94,25.0,2.2,1.0,0.041667,1.22234,3.08753,3.9125,3.2619,-0.6506
28,70,Banana,23.0,77.99,0.929,0.536,4.94,25.0,2.2,1.0,0.041667,0.85412,3.12312,3.8769,3.2684,-0.6085
28,71,Banana,23.79,80.61,0.929,0.536,4.94,25.0,2.2,1.0,0.041667,0.90934,3.16101,3.839,3.3179,-0.5211
28,72,Banana,24.93,78.35,0.929,0.536,4.94,25.0,2.2,1.0,0.041667,0.99441,3.20244,3.7976,3.1315,-0.666
28,73,Banana,28.19,82.25,0.929,0.536,4.94,25.0,2.2,1.0,0.041667,1.28635,3.25604,3.744,2.9397,-0.8043
28,74,Banana,25.87,83.04,0.929,0.536,4.94,25.0,2.2,1.0,0.041667,1.07092,3.30066,3.6993,2.8413,-0.858
28,75,Banana,30.4,93.77,0.929,0.536,4.94,25.0,2.2,1.0,0.041667,1.53106,3.36445,3.6355,1.8191,-1.8165
28,76,Banana,29.67,79.05,0.929,0.536,4.94,25.0,2.2,1.0,0.041667,1.44561,3.42469,3.5753,2.8379,-0.7374
28,77,Banana,28.34,79.15,0.929,0.536,4.94,25.0,2.2,1.0,0.041667,1.30087,3.47889,3.5211,2.8315,-0.6896
28,78,Banana,28.16,80.67,0.929,0.536,4.94,25.0,2.2,1.0,0.041667,1.28281,3.53234,3.4677,2.8037,-0.664
28,79,Banana,26.69,66.93,0.929,0.536,4.94,25.0,2.2,1.0,0.041667,1.14226,3.57993,3.4201,3.0018,-0.4183
28,80,Banana,32.24,69.28,0.929,0.536,4.94,25.0,2.2,1.0,0.041667,1.76985,3.65368,3.3463,2.7901,-0.5562
28,81,Banana,29.46,65.13,0.929,0.536,4.94,25.0,2.2,1.0,0.041667,1.42176,3.71292,3.2871,2.7567,-0.5303
28,82,Banana,25.36,60.04,0.929,0.536,4.94,25.0,2.2,1.0,0.041667,1.02884,3.75579,3.2442,2.6735,-0.5707
28,83,Banana,24.6,63.77,0.929,0.536,4.94,25.0,2.2,1.0,0.041667,0.96896,3.79616,3.2038,2.5494,-0.6545
28,84,Banana,23.94,63.76,0.929,0.536,4.94,25.0,2.2,1.0,0.041667,0.91975,3.83448,3.1655,2.7258,-0.4397
28,85,Banana,23.03,65.12,0.929,0.536,4.94,25.0,2.2,1.0,0.041667,0.85604,3.87015,3.1298,2.6425,-0.4873
28,86,Banana,22.58,65.64,0.929,0.536,4.94,25.0,2.2,1.0,0.041667,0.82654,3.90459,3.0954,2.6454,-0.45
28,87,Banana,21.82,67.19,0.929,0.536,4.94,25.0,2.2,1.0,0.041667,0.77827,3.93702,3.063,2.4205,-0.6425
28,88,Banana,21.25,75.58,0.929,0.536,4.94,25.0,2.2,1.0,0.041667,0.74389,3.96801,3.032,2.3779,-0.6541
28,89,Banana,20.78,68.09,0.929,0.536,4.94,25.0,2.2,1.0,0.041667,0.7172,3.9979,3.0021,2.273,-0.7291
28,90,Banana,22.33,74.73,0.929,0.536,4.94,25.0,2.2,1.0,0.041667,0.81046,4.03167,2.9683,2.2408,-0.7276
28,91,Banana,23.11,72.32,0.929,0.536,4.94,25.0,2.2,1.0,0.041667,0.86172,4.06757,2.9324,2.187,-0.7454
28,92,Banana,22.76,73.15,0.929,0.536,4.94,25.0,2.2,1.0,0.041667,0.83822,4.1025,2.8975,2.1839,-0.7136
28,93,Banana,22.3,75.75,0.929,0.536,4.94,25.0,2.2,1.0,0.041667,0.80799,4.13616,2.8638,1.9914,-0.8724
28,94,Banana,23.08,80.48,0.929,0.536,4.94,25.0,2.2,1.0,0.041667,0.8594,4.17197,2.828,1.9683,-0.8597
28,95,Banana,25.73,81.94,0.929,0.536,4.94,25.0,2.2,1.0,0.041667,1.0594,4.21611,2.7839,1.8835,-0.9003
29,0,Tomato,25.37,77.84,0.986,0.507,31.91,25.0,2.0,1.0,0.041667,1.0257,0.04274,9.9573,9.8563,-0.1009
29,1,Tomato,25.04,91.9,0.986,0.507,31.91,25.0,2.0,1.0,0.041667,1.0027,0.08452,9.9155,9.9123,-0.0032
29,2,Tomato,24.33,77.69,0.986,0.507,31.91,25.0,2.0,1.0,0.041667,0.95486,0.1243,9.8757,9.8399,-0.0358
29,3,Tomato,25.68,78.95,0.986,0.507,31.91,25.0,2.0,1.0,0.041667,1.04847,0.16799,9.832,9.7074,-0.1246
29,4,Tomato,28.07,91.25,0.986,0.507,31.91,25.0,2.0,1.0,0.041667,1.23679,0.21952,9.7805,9.7131,-0.0674
29,5,Tomato,28.47,79.51,0.986,0.507,31.91,25.0,2.0,1.0,0.041667,1.27187,0.27252,9.7275,9.3974,-0.3301
29,6,Tomato,27.18,74.34,0.986,0.507,31.91,25.0,2.0,1.0,0.041667,1.16275,0.32096,9.679,9.5087,-0.1704
29,7,Tomato,27.95,77.84,0.986,0.507,31.91,25.0,2.0,1.0,0.041667,1.22693,0.37209,9.6279,9.3484,-0.2795
29,8,Tomato,28.99,73.88,0.986,0.507,31.91,25.0,2.0,1.0,0.041667,1.31869,0.42703,9.573,9.3724,-0.2006
29,9,Tomato,28.0,66.1,0.986,0.507,31.91,25.0,2.0,1.0,0.041667,1.23131,0.47834,9.5217,9.2593,-0.2623
29,10,Tomato,26.73,75.4,0.986,0.507,31.91,25.0,2.0,1.0,0.041667,1.12744,0.52531,9.4747,9.2328,-0.2419
29,11,Tomato,24.96,60.68,0.986,0.507,31.91,25.0,2.0,1.0,0.041667,0.99701,0.56686,9.4331,9.0978,-0.3353
29,12,Tomato,25.61,64.77,0.986,0.507,31.91,25.0,2.0,1.0,0.041667,1.04345,0.61033,9.3897,8.9842,-0.4055
29,13,Tomato,25.11,57.95,0.986,0.507,31.91,25.0,2.0,1.0,0.041667,1.00797,0.65233,9.3477,8.9505,-0.3972
29,14,Tomato,23.71,56.93,0.986,0.507,31.91,25.0,2.0,1.0,0.041667,0.91418,0.69042,9.3096,8.8294,-0.4801
29,15,Tomato,22.13,65.4,0.986,0.507,31.91,25.0,2.0,1.0,0.041667,0.81973,0.72458,9.2754,8.8524,-0.423
29,16,Tomato,30.2,68.06,0.986,0.507,31.91,25.0,2.0,1.0,0.041667,1.43402,0.78433,9.2157,8.7059,-0.5097
29,17,Tomato,23.39,65.75,0.986,0.507,31.91,25.0,2.0,1.0,0.041667,0.89453,0.8216,9.1784,8.5997,-0.5787
29,18,Tomato,22.31,66.15,0.986,0.507,31.91,25.0,2.0,1.0,0.041667,0.82996,0.85618,9.1438,8.532,-0.6118
29,19,Tomato,19.52,67.52,0.986,0.507,31.91,25.0,2.0,1.0,0.041667,0.68409,0.88469,9.1153,8.4966,-0.6188
29,20,Tomato,21.62,71.38,0.986,0.507,31.91,25.0,2.0,1.0,0.041667,0.79115,0.91765,9.0823,8.4014,-0.6809
29,21,Tomato,28.64,66.77,0.986,0.507,31.91,25.0,2.0,1.0,0.041667,1.28713,0.97128,9.0287,8.2764,-0.7523
29,22,Tomato,28.62,78.35,0.986,0.507,31.91,25.0,2.0,1.0,0.041667,1.28532,1.02484,8.9752,8.0776,-0.8975
29,23,Tomato,25.38,76.71,0.986,0.507,31.91,25.0,2.0,1.0,0.041667,1.02651,1.06761,8.9324,8.0045,-0.9279
29,24,Tomato,24.05,73.46,0.986,0.507,31.91,25.0,2.0,1.0,0.041667,0.93628,1.10662,8.8934,7.9279,-0.9654
29,25,Tomato,25.2,81.35,0.986,0.507,31.91,25.0,2.0,1.0,0.041667,1.01385,1.14886,8.8511,7.8746,-0.9765
29,26,Tomato,25.87,80.43,0.986,0.507,31.91,25.0,2.0,1.0,0.041667,1.06217,1.19312,8.8069,7.9499,-0.857
29,27,Tomato,26.99,84.14,0.986,0.507,31.91,25.0,2.0,1.0,0.041667,1.14784,1.24095,8.7591,7.6802,-1.0789
29,28,Tomato,27.88,78.02,0.986,0.507,31.91,25.0,2.0,1.0,0.041667,1.22096,1.29182,8.7082,7.5221,-1.186
29,29,Tomato,27.95,82.12,0.986,0.507,31.91,25.0,2.0,1.0,0.041667,1.22693,1.34294,8.6571,7.5332,-1.1238
29,30,Tomato,26.65,74.21,0.986,0.507,31.91,25.0,2.0,1.0,0.041667,1.12154,1.38967,8.6103,7.5619,-1.0484
29,31,Tomato,27.83,80.34,0.986,0.507,31.91,25.0,2.0,1.0,0.041667,1.21652,1.44036,8.5596,7.2774,-1.2822
29,32,Tomato,27.23,72.3,0.986,0.507,31.91,25.0,2.0,1.0,0.041667,1.16697,1.48898,8.511,7.3761,-1.1349
29,33,Tomato,27.63,70.58,0.986,0.507,31.91,25.0,2.0,1.0,0.041667,1.19965,1.53897,8.461,7.3887,-1.0724
29,34,Tomato,25.76,72.17,0.986,0.507,31.91,25.0,2.0,1.0,0.041667,1.05434,1.5829,8.4171,7.0344,-1.3827
29,35,Tomato,25.43,64.88,0.986,0.507,31.91,25.0,2.0,1.0,0.041667,1.03047,1.62584,8.3742,7.1751,-1.1991
29,36,Tomato,29.31,64.37,0.986,0.507,31.91,25.0,2.0,1.0,0.041667,1.3483,1.68202,8.318,6.9109,-1.4071
29,37,Tomato,23.78,65.37,0.986,0.507,31.91,25.0,2.0,1.0,0.041667,0.91867,1.72029,8.2797,6.9628,-1.3169
29,38,Tomato,23.99,63.13,0.986,0.507,31.91,25.0,2.0,1.0,0.041667,0.93226,1.75914,8.2409,6.8812,-1.3597
29,39,Tomato,24.36,64.24,0.986,0.507,31.91,25.0,2.0,1.0,0.041667,0.95628,1.79898,8.201,6.7856,-1.4154
29,40,Tomato,22.78,66.08,0.986,0.507,31.91,25.0,2.0,1.0,0.041667,0.85732,1.8347,8.1653,6.7728,-1.3925
29,41,Tomato,22.97,66.34,0.986,0.507,31.91,25.0,2.0,1.0,0.041667,0.86866,1.8709,8.1291,6.5482,-1.5809
29,42,Tomato,22.18,65.63,0.986,0.507,31.91,25.0,2.0,1.0,0.041667,0.82231,1.90516,8.0948,6.61,-1.4848
29,43,Tomato,22.14,65.86,0.986,0.507,31.91,25.0,2.0,1.0,0.041667,0.81994,1.93933,8.0607,6.3821,-1.6785
29,44,Tomato,21.54,70.03,0.986,0.507,31.91,25.0,2.0,1.0,0.041667,0.78671,1.97211,8.0279,6.378,-1.6499
29,45,Tomato,21.5,75.23,0.986,0.507,31.91,25.0,2.0,1.0,0.041667,0.78477,2.0048,7.9952,6.378,-1.6172
29,46,Tomato,23.64,72.95,0.986,0.507,31.91,25.0,2.0,1.0,0.041667,0.91011,2.04273,7.9573,6.1898,-1.7675
29,47,Tomato,23.81,74.1,0.986,0.507,31.91,25.0,2.0,1.0,0.041667,0.92052,2.08108,7.9189,6.1263,-1.7926
29,48,Tomato,23.98,82.9,0.986,0.507,31.91,25.0,2.0,1.0,0.041667,0.93201,2.11991,7.8801,5.9251,-1.955
29,49,Tomato,25.49,87.05,0.986,0.507,31.91,25.0,2.0,1.0,0.041667,1.03463,2.16302,7.837,5.7372,-2.0998
29,50,Tomato,24.78,80.29,0.986,0.507,31.91,25.0,2.0,1.0,0.041667,0.98503,2.20407,7.7959,5.5995,-2.1965
29,51,Tomato,26.93,83.7,0.986,0.507,31.91,25.0,2.0,1.0,0.041667,1.14319,2.2517,7.7483,5.7181,-2.0302
29,52,Tomato,27.27,79.24,0.986,0.507,31.91,25.0,2.0,1.0,0.041667,1.17077,2.30048,7.6995,5.5876,-2.1119
29,53,Tomato,27.51,82.19,0.986,0.507,31.91,25.0,2.0,1.0,0.041667,1.19006,2.35007,7.6499,5.5251,-2.1248
29,54,Tomato,29.29,78.7,0.986,0.507,31.91,25.0,2.0,1.0,0.041667,1.34607,2.40615,7.5938,5.4865,-2.1073
29,55,Tomato,29.14,72.66,0.986,0.507,31.91,25.0,2.0,1.0,0.041667,1.33279,2.46169,7.5383,5.4406,-2.0977
29,56,Tomato,29.41,75.69,0.986,0.507,31.91,25.0,2.0,1.0,0.041667,1.35745,2.51825,7.4818,5.1728,-2.309
29,57,Tomato,25.94,73.35,0.986,0.507,31.91,25.0,2.0,1.0,0.041667,1.06701,2.56271,7.4373,5.1669,-2.2704
29,58,Tomato,25.87,71.85,0.986,0.507,31.91,25.0,2.0,1.0,0.041667,1.06187,2.60695,7.393,5.2539,-2.1391
29,59,Tomato,24.75,61.56,0.986,0.507,31.91,25.0,2.0,1.0,0.041667,0.98313,2.64791,7.3521,5.1248,-2.2273
29,60,Tomato,25.63,65.13,0.986,0.507,31.91,25.0,2.0,1.0,0.041667,1.04459,2.69144,7.3086,5.1074,-2.2012
29,61,Tomato,25.6,72.55,0.986,0.507,31.91,25.0,2.0,1.0,0.041667,1.04248,2.73488,7.2651,5.0059,-2.2593
29,62,Tomato,24.55,61.31,0.986,0.507,31.91,25.0,2.0,1.0,0.041667,0.96946,2.77527,7.2247,4.9374,-2.2873
29,63,Tomato,23.64,59.4,0.986,0.507,31.91,25.0,2.0,1.0,0.041667,0.90982,2.81318,7.1868,4.7499,-2.4369
29,64,Tomato,22.55,60.44,0.986,0.507,31.91,25.0,2.0,1.0,0.041667,0.84371,2.84833,7.1517,4.6827,-2.469
29,65,Tomato,21.48,59.43,0.986,0.507,31.91,25.0,2.0,1.0,0.041667,0.78341,2.88098,7.119,4.6883,-2.4307
29,66,Tomato,21.49,59.06,0.986,0.507,31.91,25.0,2.0,1.0,0.041667,0.78422,2.91365,7.0863,4.6946,-2.3917
29,67,Tomato,21.96,66.2,0.986,0.507,31.91,25.0,2.0,1.0,0.041667,0.80983,2.94739,7.0526,4.5489,-2.5037
29,68,Tomato,22.71,69.2,0.986,0.507,31.91,25.0,2.0,1.0,0.041667,0.85309,2.98294,7.0171,4.3413,-2.6758
29,69,Tomato,22.49,70.22,0.986,0.507,31.91,25.0,2.0,1.0,0.041667,0.84054,3.01796,6.982,4.3957,-2.5864
29,70,Tomato,22.87,77.8,0.986,0.507,31.91,25.0,2.0,1.0,0.041667,0.86303,3.05392,6.9461,4.2814,-2.6647
29,71,Tomato,23.27,73.81,0.986,0.507,31.91,25.0,2.0,1.0,0.041667,0.88705,3.09088,6.9091,4.1127,-2.7964
29,72,Tomato,24.39,85.8,0.986,0.507,31.91,25.0,2.0,1.0,0.041667,0.95873,3.13083,6.8692,3.6498,-3.2194
29,73,Tomato,25.52,84.25,0.986,0.507,31.91,25.0,2.0,1.0,0.041667,1.03698,3.17404,6.826,3.6892,-3.1367
29,74,Tomato,26.46,83.45,0.986,0.507,31.91,25.0,2.0,1.0,0.041667,1.10634,3.22013,6.7799,3.7246,-3.0552
29,75,Tomato,28.7,84.52,0.986,0.507,31.91,25.0,2.0,1.0,0.041667,1.29224,3.27398,6.726,3.5895,-3.1365
29,76,Tomato,28.59,80.47,0.986,0.507,31.91,25.0,2.0,1.0,0.041667,1.28272,3.32742,6.6726,3.5064,-3.1661
29,77,Tomato,26.57,84.77,0.986,0.507,31.91,25.0,2.0,1.0,0.041667,1.1149,3.37388,6.6261,3.327,-3.2991
29,78,Tomato,27.58,84.58,0.986,0.507,31.91,25.0,2.0,1.0,0.041667,1.19592,3.42371,6.5763,3.2992,-3.2771
29,79,Tomato,27.16,76.16,0.986,0.507,31.91,25.0,2.0,1.0,0.041667,1.16188,3.47212,6.5279,3.3868,-3.1411
29,80,Tomato,28.14,77.75,0.986,0.507,31.91,25.0,2.0,1.0,0.041667,1.24338,3.52393,6.4761,3.2922,-3.1839
29,81,Tomato,27.43,76.16,0.986,0.507,31.91,25.0,2.0,1.0,0.041667,1.18363,3.57325,6.4268,3.4084,-3.0184
29,82,Tomato,27.29,65.45,0.986,0.507,31.91,25.0,2.0,1.0,0.041667,1.17241,3.6221,6.3779,3.2091,-3.1688
29,83,Tomato,26.39,67.63,0.986,0.507,31.91,25.0,2.0,1.0,0.041667,1.10119,3.66798,6.332,3.2395,-3.0925
29,84,Tomato,30.31,65.54,0.986,0.507,31.91,25.0,2.0,1.0,0.041667,1.4448,3.72818,6.2718,3.2683,-3.0035
29,85,Tomato,24.19,66.38,0.986,0.507,31.91,25.0,2.0,1.0,0.041667,0.9453,3.76757,6.2324,2.9206,-3.3118
29,86,Tomato,22.48,59.74,0.986,0.507,31.91,25.0,2.0,1.0,0.041667,0.83991,3.80256,6.1974,3.1331,-3.0643
29,87,Tomato,24.48,65.98,0.986,0.507,31.91,25.0,2.0,1.0,0.041667,0.9647,3.84276,6.1572,2.9573,-3.1999
29,88,Tomato,23.64,63.4,0.986,0.507,31.91,25.0,2.0,1.0,0.041667,0.91008,3.88068,6.1193,2.7063,-3.4131
29,89,Tomato,20.3,64.78,0.986,0.507,31.91,25.0,2.0,1.0,0.041667,0.72199,3.91076,6.0892,2.7615,-3.3277
29,90,Tomato,21.5,63.93,0.986,0.507,31.91,25.0,2.0,1.0,0.041667,0.78452,3.94345,6.0566,2.6038,-3.4527
29,91,Tomato,22.12,69.53,0.986,0.507,31.91,25.0,2.0,1.0,0.041667,0.81916,3.97758,6.0224,2.5238,-3.4987
29,92,Tomato,23.07,75.5,0.986,0.507,31.91,25.0,2.0,1.0,0.041667,0.87448,4.01402,5.986,2.3351,-3.6509
29,93,Tomato,22.0,71.53,0.986,0.507,31.91,25.0,2.0,1.0,0.041667,0.81241,4.04787,5.9521,2.3231,-3.629
29,94,Tomato,22.44,78.58,0.986,0.507,31.91,25.0,2.0,1.0,0.041667,0.83753,4.08277,5.9172,2.0919,-3.8253
29,95,Tomato,24.57,76.3,0.986,0.507,31.91,25.0,2.0,1.0,0.041667,0.97079,4.12321,5.8768,2.018,-3.8588
30,0,Tomato,33.0,80.39,0.905,0.362,2.71,25.0,2.0,1.0,0.041667,1.74089,0.07254,9.9275,9.8336,-0.0938
30,1,Tomato,26.74,68.69,0.905,0.362,2.71,25.0,2.0,1.0,0.041667,1.12845,0.11956,9.8804,9.908,0.0276
30,2,Tomato,26.32,59.05,0.905,0.362,2.71,25.0,2.0,1.0,0.041667,1.09577,0.16521,9.8348,9.8961,0.0614
30,3,Tomato,25.88,66.09,0.905,0.362,2.71,25.0,2.0,1.0,0.041667,1.06313,0.20951,9.7905,9.8919,0.1014
30,4,Tomato,24.02,64.06,0.905,0.362,2.71,25.0,2.0,1.0,0.041667,0.9346,0.24845,9.7515,9.6899,-0.0616
30,5,Tomato,22.44,65.98,0.905,0.362,2.71,25.0,2.0,1.0,0.041667,0.83765,0.28335,9.7166,9.9086,0.192
30,6,Tomato,21.75,66.03,0.905,0.362,2.71,25.0,2.0,1.0,0.041667,0.79843,0.31662,9.6834,9.7462,0.0629
30,7,Tomato,23.25,70.0,0.905,0.362,2.71,25.0,2.0,1.0,0.041667,0.88556,0.35352,9.6465,9.6327,-0.0138
30,8,Tomato,22.25,62.16,0.905,0.362,2.71,25.0,2.0,1.0,0.041667,0.82629,0.38795,9.6121,9.5907,-0.0214
30,9,Tomato,24.22,67.48,0.905,0.362,2.71,25.0,2.0,1.0,0.041667,0.94748,0.42743,9.5726,9.4161,-0.1564
30,10,Tomato,21.45,67.9,0.905,0.362,2.71,25.0,2.0,1.0,0.041667,0.78173,0.46,9.54,9.4677,-0.0723
30,11,Tomato,21.28,75.18,0.905,0.362,2.71,25.0,2.0,1.0,0.041667,0.77283,0.4922,9.5078,9.5687,0.0609
30,12,Tomato,23.32,79.75,0.905,0.362,2.71,25.0,2.0,1.0,0.041667,0.89003,0.52929,9.4707,9.5077,0.037
30,13,Tomato,22.66,77.69,0.905,0.362,2.71,25.0,2.0,1.0,0.041667,0.85012,0.56471,9.4353,9.4842,0.0489
30,14,Tomato,24.73,83.4,0.905,0.362,2.71,25.0,2.0,1.0,0.041667,0.98149,0.6056,9.3944,9.3554,-0.039
30,15,Tomato,24.03,81.61,0.905,0.362,2.71,25.0,2.0,1.0,0.041667,0.93511,0.64456,9.3554,9.2971,-0.0583
30,16,Tomato,26.54,85.5,0.905,0.362,2.71,25.0,2.0,1.0,0.041667,1.11281,0.69093,9.3091,9.309,-0.0
30,17,Tomato,28.11,82.1,0.905,0.362,2.71,25.0,2.0,1.0,0.041667,1.24092,0.74264,9.2574,9.2849,0.0276
30,18,Tomato,27.48,77.48,0.905,0.362,2.71,25.0,2.0,1.0,0.041667,1.18757,0.79212,9.2079,9.0514,-0.1565
30,19,Tomato,27.92,83.58,0.905,0.362,2.71,25.0,2.0,1.0,0.041667,1.22449,0.84314,9.1569,9.1022,-0.0547
30,20,Tomato,29.15,81.06,0.905,0.362,2.71,25.0,2.0,1.0,0.041667,1.33355,0.8987,9.1013,9.1093,0.008
30,21,Tomato,28.21,73.45,0.905,0.362,2.71,25.0,2.0,1.0,0.041667,1.2488,0.95074,9.0493,8.9078,-0.1415
30,22,Tomato,27.77,71.4,0.905,0.362,2.71,25.0,2.0,1.0,0.041667,1.21178,1.00123,8.9988,9.0946,0.0958
30,23,Tomato,25.97,71.48,0.905,0.362,2.71,25.0,2.0,1.0,0.041667,1.06965,1.0458,8.9542,8.989,0.0348
30,24,Tomato,26.01,67.37,0.905,0.362,2.71,25.0,2.0,1.0,0.041667,1.07278,1.0905,8.9095,9.069,0.1595
30,25,Tomato,26.49,67.25,0.905,0.362,2.71,25.0,2.0,1.0,0.041667,1.1091,1.13671,8.8633,8.8942,0.0309
30,26,Tomato,25.95,64.13,0.905,0.362,2.71,25.0,2.0,1.0,0.041667,1.06797,1.18121,8.8188,8.9355,0.1167
30,27,Tomato,25.63,73.91,0.905,0.362,2.71,25.0,2.0,1.0,0.041667,1.04448,1.22473,8.7753,8.6053,-0.17
30,28,Tomato,23.89,59.99,0.905,0.362,2.71,25.0,2.0,1.0,0.041667,0.92594,1.26331,8.7367,8.6472,-0.0895
30,29,Tomato,23.3,59.55,0.905,0.362,2.71,25.0,2.0,1.0,0.041667,0.88873,1.30034,8.6997,8.7274,0.0277
30,30,Tomato,29.32,66.19,0.905,0.362,2.71,25.0,2.0,1.0,0.041667,1.34923,1.35656,8.6434,8.6097,-0.0337
30,31,Tomato,22.59,63.15,0.905,0.362,2.71,25.0,2.0,1.0,0.041667,0.84614,1.39181,8.6082,8.6417,0.0335
30,32,Tomato,22.52,67.71,0.905,0.362,2.71,25.0,2.0,1.0,0.041667,0.84202,1.4269,8.5731,8.6284,0.0553
30,33,Tomato,22.99,80.07,0.905,0.362,2.71,25.0,2.0,1.0,0.041667,0.86975,1.46314,8.5369,8.4424,-0.0945
30,34,Tomato,22.25,70.41,0.905,0.362,2.71,25.0,2.0,1.0,0.041667,0.82662,1.49758,8.5024,8.4586,-0.0438
30,35,Tomato,21.04,71.36,0.905,0.362,2.71,25.0,2.0,1.0,0.041667,0.76013,1.52925,8.4707,8.3237,-0.147
30,36,Tomato,24.2,76.83,0.905,0.362,2.71,25.0,2.0,1.0,0.041667,0.9458,1.56866,8.4313,8.4725,0.0411
30,37,Tomato,24.93,84.69,0.905,0.362,2.71,25.0,2.0,1.0,0.041667,0.9952,1.61013,8.3899,8.25,-0.1399
30,38,Tomato,23.28,78.53,0.905,0.362,2.71,25.0,2.0,1.0,0.041667,0.88735,1.6471,8.3529,8.3263,-0.0266
30,39,Tomato,26.07,73.96,0.905,0.362,2.71,25.0,2.0,1.0,0.041667,1.07698,1.69197,8.308,8.3707,0.0627
30,40,Tomato,24.7,83.01,0.905,0.362,2.71,25.0,2.0,1.0,0.041667,0.97947,1.73278,8.2672,8.1092,-0.158
30,41,Tomato,26.83,84.98,0.905,0.362,2.71,25.0,2.0,1.0,0.041667,1.13537,1.78009,8.2199,8.1201,-0.0998
30,42,Tomato,27.89,80.87,0.905,0.362,2.71,25.0,2.0,1.0,0.041667,1.22203,1.83101,8.169,8.0502,-0.1188
30,43,Tomato,26.69,78.54,0.905,0.362,2.71,25.0,2.0,1.0,0.041667,1.12444,1.87786,8.1221,8.0235,-0.0986
30,44,Tomato,28.38,78.98,0.905,0.362,2.71,25.0,2.0,1.0,0.041667,1.26429,1.93054,8.0695,7.7435,-0.326
30,45,Tomato,27.34,73.36,0.905,0.362,2.71,25.0,2.0,1.0,0.041667,1.17632,1.97955,8.0204,8.0166,-0.0038
30,46,Tomato,27.29,78.69,0.905,0.362,2.71,25.0,2.0,1.0,0.041667,1.17196,2.02839,7.9716,7.865,-0.1066
30,47,Tomato,27.3,66.66,0.905,0.362,2.71,25.0,2.0,1.0,0.041667,1.17265,2.07725,7.9228,8.0232,0.1004
30,48,Tomato,25.39,67.74,0.905,0.362,2.71,25.0,2.0,1.0,0.041667,1.02721,2.12005,7.88,8.0315,0.1515
30,49,Tomato,30.35,62.23,0.905,0.362,2.71,25.0,2.0,1.0,0.041667,1.4493,2.18043,7.8196,7.8506,0.031
30,50,Tomato,25.19,62.49,0.905,0.362,2.71,25.0,2.0,1.0,0.041667,1.01361,2.22267,7.7773,7.8336,0.0562
30,51,Tomato,24.67,59.23,0.905,0.362,2.71,25.0,2.0,1.0,0.041667,0.97764,2.2634,7.7366,7.7676,0.031
30,52,Tomato,25.1,63.84,0.905,0.362,2.71,25.0,2.0,1.0,0.041667,1.00692,2.30536,7.6946,7.7768,0.0821
30,53,Tomato,24.01,64.38,0.905,0.362,2.71,25.0,2.0,1.0,0.041667,0.93393,2.34427,7.6557,7.6288,-0.0269
30,54,Tomato,23.46,60.69,0.905,0.362,2.71,25.0,2.0,1.0,0.041667,0.89866,2.38172,7.6183,7.6959,0.0776
30,55,Tomato,21.31,67.18,0.905,0.362,2.71,25.0,2.0,1.0,0.041667,0.77452,2.41399,7.586,7.6522,0.0662
30,56,Tomato,21.08,62.6,0.905,0.362,2.71,25.0,2.0,1.0,0.041667,0.76207,2.44574,7.5543,7.5926,0.0384
30,57,Tomato,21.33,67.03,0.905,0.362,2.71,25.0,2.0,1.0,0.041667,0.7754,2.47805,7.522,7.4798,-0.0421
30,58,Tomato,24.07,71.59,0.905,0.362,2.71,25.0,2.0,1.0,0.041667,0.93788,2.51713,7.4829,7.4943,0.0114
30,59,Tomato,23.51,75.67,0.905,0.362,2.71,25.0,2.0,1.0,0.041667,0.90196,2.55471,7.4453,7.3518,-0.0935
30,60,Tomato,21.33,72.2,0.905,0.362,2.71,25.0,2.0,1.0,0.041667,0.77563,2.58703,7.413,7.2972,-0.1158
30,61,Tomato,24.08,78.51,0.905,0.362,2.71,25.0,2.0,1.0,0.041667,0.93822,2.62612,7.3739,7.209,-0.1649
30,62,Tomato,23.71,86.98,0.905,0.362,2.71,25.0,2.0,1.0,0.041667,0.91416,2.66421,7.3358,6.9765,-0.3593
30,63,Tomato,24.99,77.24,0.905,0.362,2.71,25.0,2.0,1.0,0.041667,0.99941,2.70585,7.2941,7.2777,-0.0165
30,64,Tomato,24.38,79.82,0.905,0.362,2.71,25.0,2.0,1.0,0.041667,0.95762,2.74575,7.2542,7.1323,-0.122
30,65,Tomato,29.18,84.07,0.905,0.362,2.71,25.0,2.0,1.0,0.041667,1.33581,2.80141,7.1986,6.8519,-0.3467
30,66,Tomato,28.95,86.86,0.905,0.362,2.71,25.0,2.0,1.0,0.041667,1.31522,2.85621,7.1438,6.7149,-0.4289
30,67,Tomato,26.8,77.65,0.905,0.362,2.71,25.0,2.0,1.0,0.041667,1.13301,2.90342,7.0966,6.976,-0.1205
30,68,Tomato,28.11,79.39,0.905,0.362,2.71,25.0,2.0,1.0,0.041667,1.24084,2.95512,7.0449,6.9525,-0.0924
30,69,Tomato,33.69,81.18,0.905,0.362,2.71,25.0,2.0,1.0,0.041667,1.82656,3.03123,6.9688,6.9618,-0.0069
30,70,Tomato,28.35,75.15,0.905,0.362,2.71,25.0,2.0,1.0,0.041667,1.26135,3.08379,6.9162,6.6989,-0.2173
30,71,Tomato,28.29,69.51,0.905,0.362,2.71,25.0,2.0,1.0,0.041667,1.25597,3.13612,6.8639,6.8177,-0.0462
30,72,Tomato,27.15,69.23,0.905,0.362,2.71,25.0,2.0,1.0,0.041667,1.16035,3.18447,6.8155,6.9212,0.1057
30,73,Tomato,26.47,66.91,0.905,0.362,2.71,25.0,2.0,1.0,0.041667,1.10731,3.2306,6.7694,6.6599,-0.1095
30,74,Tomato,25.64,62.58,0.905,0.362,2.71,25.0,2.0,1.0,0.041667,1.04515,3.27415,6.7258,6.7133,-0.0125
30,75,Tomato,25.3,64.11,0.905,0.362,2.71,25.0,2.0,1.0,0.041667,1.02085,3.31669,6.6833,6.8181,0.1347
30,76,Tomato,23.97,61.55,0.905,0.362,2.71,25.0,2.0,1.0,0.041667,0.93086,3.35547,6.6445,6.7606,0.1161
30,77,Tomato,23.66,58.82,0.905,0.362,2.71,25.0,2.0,1.0,0.041667,0.91146,3.39345,6.6065,6.8153,0.2087
30,78,Tomato,21.61,67.59,0.905,0.362,2.71,25.0,2.0,1.0,0.041667,0.79075,3.4264,6.5736,6.4497,-0.1239
30,79,Tomato,22.54,59.94,0.905,0.362,2.71,25.0,2.0,1.0,0.041667,0.84295,3.46152,6.5385,6.6035,0.0651
30,80,Tomato,24.45,63.82,0.905,0.362,2.71,25.0,2.0,1.0,0.041667,0.96244,3.50162,6.4984,6.6578,0.1594
30,81,Tomato,21.69,69.38,0.905,0.362,2.71,25.0,2.0,1.0,0.041667,0.79495,3.53475,6.4653,6.3459,-0.1194
30,82,Tomato,23.83,71.91,0.905,0.362,2.71,25.0,2.0,1.0,0.041667,0.92206,3.57317,6.4268,6.5073,0.0805
30,83,Tomato,23.71,76.41,0.905,0.362,2.71,25.0,2.0,1.0,0.041667,0.91417,3.61126,6.3887,6.326,-0.0628
30,84,Tomato,22.26,74.27,0.905,0.362,2.71,25.0,2.0,1.0,0.041667,0.82726,3.64572,6.3543,6.2049,-0.1494
30,85,Tomato,24.85,82.28,0.905,0.362,2.71,25.0,2.0,1.0,0.041667,0.98942,3.68695,6.313,6.119,-0.1941
30,86,Tomato,26.5,81.92,0.905,0.362,2.71,25.0,2.0,1.0,0.041667,1.10941,3.73318,6.2668,5.9709,-0.296
30,87,Tomato,26.07,79.35,0.905,0.362,2.71,25.0,2.0,1.0,0.041667,1.07705,3.77805,6.2219,6.1635,-0.0584
30,88,Tomato,26.72,83.35,0.905,0.362,2.71,25.0,2.0,1.0,0.041667,1.12666,3.825,6.175,5.6954,-0.4796
30,89,Tomato,26.49,80.68,0.905,0.362,2.71,25.0,2.0,1.0,0.041667,1.10852,3.87118,6.1288,5.798,-0.3308
30,90,Tomato,27.92,78.83,0.905,0.362,2.71,25.0,2.0,1.0,0.041667,1.22401,3.92219,6.0778,5.8658,-0.212
30,91,Tomato,26.79,77.45,0.905,0.362,2.71,25.0,2.0,1.0,0.041667,1.13213,3.96936,6.0306,5.8715,-0.1591
30,92,Tomato,29.48,79.96,0.905,0.362,2.71,25.0,2.0,1.0,0.041667,1.364,4.02619,5.9738,5.7645,-0.2094
30,93,Tomato,27.14,81.33,0.905,0.362,2.71,25.0,2.0,1.0,0.041667,1.15976,4.07451,5.9255,5.6549,-0.2705
30,94,Tomato,27.23,75.07,0.905,0.362,2.71,25.0,2.0,1.0,0.041667,1.16694,4.12314,5.8769,5.6776,-0.1993
30,95,Tomato,28.75,72.13,0.905,0.362,2.71,25.0,2.0,1.0,0.041667,1.29669,4.17716,5.8228,5.8324,0.0096
31,0,Tomato,27.33,81.96,0.952,0.589,35.04,25.0,2.0,1.0,0.041667,1.17545,0.04898,9.951,10.0,0.049
31,1,Tomato,29.33,84.58,0.952,0.589,35.04,25.0,2.0,1.0,0.041667,1.35044,0.10525,9.8948,9.9294,0.0346
31,2,Tomato,28.99,83.05,0.952,0.589,35.04,25.0,2.0,1.0,0.041667,1.3185,0.16018,9.8398,9.7335,-0.1064
31,3,Tomato,28.05,74.33,0.952,0.589,35.04,25.0,2.0,1.0,0.041667,1.23579,0.21167,9.7883,9.8798,0.0915
31,4,Tomato,33.3,75.43,0.952,0.589,35.04,25.0,2.0,1.0,0.041667,1.77739,0.28573,9.7143,9.4617,-0.2526
31,5,Tomato,28.16,77.87,0.952,0.589,35.04,25.0,2.0,1.0,0.041667,1.24483,0.3376,9.6624,9.5059,-0.1565
31,6,Tomato,27.63,73.42,0.952,0.589,35.04,25.0,2.0,1.0,0.041667,1.19981,0.38759,9.6124,9.3173,-0.2951
31,7,Tomato,26.71,61.42,0.952,0.589,35.04,25.0,2.0,1.0,0.041667,1.12564,0.43449,9.5655,9.3806,-0.1849
31,8,Tomato,25.54,60.84,0.952,0.589,35.04,25.0,2.0,1.0,0.041667,1.03842,0.47776,9.5222,9.1428,-0.3795
31,9,Tomato,26.29,63.54,0.952,0.589,35.04,25.0,2.0,1.0,0.041667,1.09388,0.52334,9.4767,8.9886,-0.4881
31,10,Tomato,22.84,60.38,0.952,0.589,35.04,25.0,2.0,1.0,0.041667,0.86114,0.55922,9.4408,9.1138,-0.327
31,11,Tomato,22.13,63.83,0.952,0.589,35.04,25.0,2.0,1.0,0.041667,0.81965,0.59337,9.4066,9.058,-0.3486
31,12,Tomato,22.52,62.88,0.952,0.589,35.04,25.0,2.0,1.0,0.041667,0.8423,0.62847,9.3715,8.9505,-0.421
31,13,Tomato,22.45,64.07,0.952,0.589,35.04,25.0,2.0,1.0,0.041667,0.83819,0.66339,9.3366,8.9162,-0.4204
31,14,Tomato,20.08,66.99,0.952,0.589,35.04,25.0,2.0,1.0,0.041667,0.71102,0.69302,9.307,8.5811,-0.7259
31,15,Tomato,22.04,71.82,0.952,0.589,35.04,25.0,2.0,1.0,0.041667,0.81436,0.72695,9.2731,8.8148,-0.4582
31,16,Tomato,22.14,73.97,0.952,0.589,35.04,25.0,2.0,1.0,0.041667,0.82002,0.76112,9.2389,8.4159,-0.823
31,17,Tomato,22.52,70.76,0.952,0.589,35.04,25.0,2.0,1.0,0.041667,0.84209,0.7962,9.2038,8.5291,-0.6747
31,18,Tomato,22.41,76.92,0.952,0.589,35.04,25.0,2.0,1.0,0.041667,0.83567,0.83102,9.169,8.4737,-0.6953
31,19,Tomato,28.15,75.29,0.952,0.589,35.04,25.0,2.0,1.0,0.041667,1.24442,0.88287,9.1171,8.2102,-0.9069
31,20,Tomato,25.16,77.04,0.952,0.589,35.04,25.0,2.0,1.0,0.041667,1.01097,0.925,9.075,8.3231,-0.7519
31,21,Tomato,24.45,81.67,0.952,0.589,35.04,25.0,2.0,1.0,0.041667,0.96252,0.9651,9.0349,7.9794,-1.0555
31,22,Tomato,26.37,77.16,0.952,0.589,35.04,25.0,2.0,1.0,0.041667,1.09991,1.01093,8.9891,7.9283,-1.0608
31,23,Tomato,27.15,85.45,0.952,0.589,35.04,25.0,2.0,1.0,0.041667,1.16089,1.0593,8.9407,7.7124,-1.2283
31,24,Tomato,27.83,78.16,0.952,0.589,35.04,25.0,2.0,1.0,0.041667,1.2171,1.11002,8.89,7.8614,-1.0286
31,25,Tomato,27.41,73.87,0.952,0.589,35.04,25.0,2.0,1.0,0.041667,1.18221,1.15927,8.8407,7.7909,-1.0498
31,26,Tomato,28.68,72.31,0.952,0.589,35.04,25.0,2.0,1.0,0.041667,1.291,1.21307,8.7869,7.6248,-1.1622
31,27,Tomato,27.58,83.72,0.952,0.589,35.04,25.0,2.0,1.0,0.041667,1.19617,1.26291,8.7371,7.484,-1.2531
31,28,Tomato,28.19,73.02,0.952,0.589,35.04,25.0,2.0,1.0,0.041667,1.24709,1.31487,8.6851,7.5351,-1.15
31,29,Tomato,28.84,67.81,0.952,0.589,35.04,25.0,2.0,1.0,0.041667,1.30529,1.36926,8.6307,7.4381,-1.1926
31,30,Tomato,27.7,71.44,0.952,0.589,35.04,25.0,2.0,1.0,0.041667,1.2061,1.41951,8.5805,7.2965,-1.284
31,31,Tomato,26.23,61.18,0.952,0.589,35.04,25.0,2.0,1.0,0.041667,1.0887,1.46487,8.5351,7.1301,-1.405
31,32,Tomato,24.45,64.94,0.952,0.589,35.04,25.0,2.0,1.0,0.041667,0.96246,1.50497,8.495,7.1702,-1.3248
31,33,Tomato,26.78,65.04,0.952,0.589,35.04,25.0,2.0,1.0,0.041667,1.13152,1.55212,8.4479,6.9959,-1.452
31,34,Tomato,23.97,63.41,0.952,0.589,35.04,25.0,2.0,1.0,0.041667,0.93096,1.59091,8.4091,6.9132,-1.4958
31,35,Tomato,22.94,62.27,0.952,0.589,35.04,25.0,2.0,1.0,0.041667,0.86683,1.62703,8.373,6.983,-1.39
31,36,Tomato,21.39,62.59,0.952,0.589,35.04,25.0,2.0,1.0,0.041667,0.7788,1.65948,8.3405,6.8307,-1.5098
31,37,Tomato,21.98,62.72,0.952,0.589,35.04,25.0,2.0,1.0,0.041667,0.81095,1.69327,8.3067,6.6318,-1.675
31,38,Tomato,20.45,65.54,0.952,0.589,35.04,25.0,2.0,1.0,0.041667,0.72938,1.72366,8.2763,6.5175,-1.7588
31,39,Tomato,22.28,61.28,0.952,0.589,35.04,25.0,2.0,1.0,0.041667,0.82805,1.75816,8.2418,6.5261,-1.7157
31,40,Tomato,21.6,71.4,0.952,0.589,35.04,25.0,2.0,1.0,0.041667,0.78977,1.79107,8.2089,6.3027,-1.9063
31,41,Tomato,24.59,81.92,0.952,0.589,35.04,25.0,2.0,1.0,0.041667,0.97221,1.83158,8.1684,6.3251,-1.8434
31,42,Tomato,22.5,67.71,0.952,0.589,35.04,25.0,2.0,1.0,0.041667,0.8408,1.86661,8.1334,6.2313,-1.9021
31,43,Tomato,23.66,76.87,0.952,0.589,35.04,25.0,2.0,1.0,0.041667,0.91133,1.90458,8.0954,6.1324,-1.963
31,44,Tomato,23.46,76.84,0.952,0.589,35.04,25.0,2.0,1.0,0.041667,0.89879,1.94203,8.058,6.0626,-1.9954
31,45,Tomato,24.83,75.24,0.952,0.589,35.04,25.0,2.0,1.0,0.041667,0.98836,1.98322,8.0168,5.7309,-2.2859
31,46,Tomato,27.85,83.96,0.952,0.589,35.04,25.0,2.0,1.0,0.041667,1.21807,2.03397,7.966,5.7235,-2.2425
31,47,Tomato,27.02,81.39,0.952,0.589,35.04,25.0,2.0,1.0,0.041667,1.15049,2.08191,7.9181,5.7009,-2.2172
31,48,Tomato,29.08,82.46,0.952,0.589,35.04,25.0,2.0,1.0,0.041667,1.32665,2.13718,7.8628,5.5481,-2.3147
31,49,Tomato,27.05,80.03,0.952,0.589,35.04,25.0,2.0,1.0,0.041667,1.1528,2.18522,7.8148,5.5762,-2.2385
31,50,Tomato,28.01,85.05,0.952,0.589,35.04,25.0,2.0,1.0,0.041667,1.23199,2.23655,7.7635,5.3879,-2.3756
31,51,Tomato,27.65,78.01,0.952,0.589,35.04,25.0,2.0,1.0,0.041667,1.20154,2.28661,7.7134,5.5195,-2.1938
31,52,Tomato,27.96,77.05,0.952,0.589,35.04,25.0,2.0,1.0,0.041667,1.22748,2.33776,7.6622,5.2474,-2.4149
31,53,Tomato,27.75,65.04,0.952,0.589,35.04,25.0,2.0,1.0,0.041667,1.21033,2.38819,7.6118,5.284,-2.3278
31,54,Tomato,27.13,69.09,0.952,0.589,35.04,25.0,2.0,1.0,0.041667,1.15945,2.4365,7.5635,5.2651,-2.2984
31,55,Tomato,24.28,70.32,0.952,0.589,35.04,25.0,2.0,1.0,0.041667,0.95154,2.47615,7.5239,5.0762,-2.4477
31,56,Tomato,25.73,61.79,0.952,0.589,35.04,25.0,2.0,1.0,0.041667,1.0522,2.51999,7.48,4.9873,-2.4927
31,57,Tomato,24.89,64.34,0.952,0.589,35.04,25.0,2.0,1.0,0.041667,0.99222,2.56133,7.4387,4.9536,-2.4851
31,58,Tomato,23.63,64.44,0.952,0.589,35.04,25.0,2.0,1.0,0.041667,0.90969,2.59923,7.4008,4.8754,-2.5253
31,59,Tomato,23.34,62.49,0.952,0.589,35.04,25.0,2.0,1.0,0.041667,0.89139,2.63637,7.3636,4.7712,-2.5924
31,60,Tomato,24.31,63.31,0.952,0.589,35.04,25.0,2.0,1.0,0.041667,0.95351,2.6761,7.3239,4.6452,-2.6787
31,61,Tomato,23.05,59.63,0.952,0.589,35.04,25.0,2.0,1.0,0.041667,0.87342,2.7125,7.2875,4.4982,-2.7893
31,62,Tomato,22.8,63.36,0.952,0.589,35.04,25.0,2.0,1.0,0.041667,0.85853,2.74827,7.2517,4.4881,-2.7637
31,63,Tomato,21.22,68.94,0.952,0.589,35.04,25.0,2.0,1.0,0.041667,0.76933,2.78032,7.2197,4.3426,-2.8771
31,64,Tomato,23.16,77.45,0.952,0.589,35.04,25.0,2.0,1.0,0.041667,0.88048,2.81701,7.183,4.1199,-3.0631
31,65,Tomato,22.47,69.85,0.952,0.589,35.04,25.0,2.0,1.0,0.041667,0.83941,2.85199,7.148,4.2133,-2.9348
31,66,Tomato,22.65,79.07,0.952,0.589,35.04,25.0,2.0,1.0,0.041667,0.84961,2.88739,7.1126,3.9504,-3.1622
31,67,Tomato,25.15,71.36,0.952,0.589,35.04,25.0,2.0,1.0,0.041667,1.0106,2.92949,7.0705,4.0421,-3.0284
31,68,Tomato,24.07,79.22,0.952,0.589,35.04,25.0,2.0,1.0,0.041667,0.93784,2.96857,7.0314,3.8642,-3.1673
31,69,Tomato,25.91,86.84,0.952,0.589,35.04,25.0,2.0,1.0,0.041667,1.06534,3.01296,6.987,3.4317,-3.5553
31,70,Tomato,27.5,79.71,0.952,0.589,35.04,25.0,2.0,1.0,0.041667,1.18897,3.0625,6.9375,3.8147,-3.1228
31,71,Tomato,27.87,81.86,0.952,0.589,35.04,25.0,2.0,1.0,0.041667,1.22032,3.11335,6.8867,3.4404,-3.4463
31,72,Tomato,27.0,78.89,0.952,0.589,35.04,25.0,2.0,1.0,0.041667,1.14889,3.16122,6.8388,3.5681,-3.2707
31,73,Tomato,26.77,78.18,0.952,0.589,35.04,25.0,2.0,1.0,0.041667,1.13019,3.20831,6.7917,3.4291,-3.3625
31,74,Tomato,27.14,78.84,0.952,0.589,35.04,25.0,2.0,1.0,0.041667,1.15967,3.25663,6.7434,3.3442,-3.3992
31,75,Tomato,27.21,77.83,0.952,0.589,35.04,25.0,2.0,1.0,0.041667,1.16573,3.3052,6.6948,3.4131,-3.2817
31,76,Tomato,33.48,72.46,0.952,0.589,35.04,25.0,2.0,1.0,0.041667,1.80001,3.3802,6.6198,3.1827,-3.4371
31,77,Tomato,29.12,73.8,0.952,0.589,35.04,25.0,2.0,1.0,0.041667,1.33052,3.43564,6.5644,3.0372,-3.5271
31,78,Tomato,25.33,67.17,0.952,0.589,35.04,25.0,2.0,1.0,0.041667,1.02316,3.47827,6.5217,3.0772,-3.4446
31,79,Tomato,26.72,69.15,0.952,0.589,35.04,25.0,2.0,1.0,0.041667,1.12631,3.5252,6.4748,2.9668,-3.508
31,80,Tomato,25.32,65.2,0.952,0.589,35.04,25.0,2.0,1.0,0.041667,1.02239,3.5678,6.4322,2.8494,-3.5828
31,81,Tomato,25.29,66.72,0.952,0.589,35.04,25.0,2.0,1.0,0.041667,1.02009,3.6103,6.3897,2.7673,-3.6224
31,82,Tomato,23.23,63.49,0.952,0.589,35.04,25.0,2.0,1.0,0.041667,0.88457,3.64716,6.3528,2.73,-3.6228
31,83,Tomato,23.89,63.23,0.952,0.589,35.04,25.0,2.0,1.0,0.041667,0.9258,3.68574,6.3143,2.5462,-3.7681
31,84,Tomato,21.6,64.19,0.952,0.589,35.04,25.0,2.0,1.0,0.041667,0.78999,3.71865,6.2813,2.4627,-3.8187
31,85,Tomato,21.45,61.72,0.952,0.589,35.04,25.0,2.0,1.0,0.041667,0.78198,3.75124,6.2488,2.5087,-3.74
31,86,Tomato,21.02,72.55,0.952,0.589,35.04,25.0,2.0,1.0,0.041667,0.75897,3.78286,6.2171,2.2508,-3.9663
31,87,Tomato,23.92,66.4,0.952,0.589,35.04,25.0,2.0,1.0,0.041667,0.92765,3.82151,6.1785,2.1562,-4.0223
31,88,Tomato,21.64,68.63,0.952,0.589,35.04,25.0,2.0,1.0,0.041667,0.79246,3.85453,6.1455,2.1915,-3.954
31,89,Tomato,28.1,75.22,0.952,0.589,35.04,25.0,2.0,1.0,0.041667,1.2398,3.90619,6.0938,1.9555,-4.1383
31,90,Tomato,22.21,76.68,0.952,0.589,35.04,25.0,2.0,1.0,0.041667,0.82436,3.94054,6.0595,1.7369,-4.3226
31,91,Tomato,23.38,74.9,0.952,0.589,35.04,25.0,2.0,1.0,0.041667,0.89391,3.97778,6.0222,1.9117,-4.1105
31,92,Tomato,24.89,75.7,0.952,0.589,35.04,25.0,2.0,1.0,0.041667,0.9921,4.01912,5.9809,1.7467,-4.2342
31,93,Tomato,26.32,79.63,0.952,0.589,35.04,25.0,2.0,1.0,0.041667,1.09565,4.06477,5.9352,1.4843,-4.451
31,94,Tomato,25.45,91.6,0.952,0.589,35.04,25.0,2.0,1.0,0.041667,1.03201,4.10777,5.8922,0.4593,-5.4329
31,95,Tomato,26.43,82.48,0.952,0.589,35.04,25.0,2.0,1.0,0.041667,1.10409,4.15378,5.8462,1.2283,-4.6179
32,0,Banana,21.11,73.39,0.907,0.447,11.44,25.0,2.2,1.0,0.041667,0.73579,0.03066,6.9693,6.9616,-0.0077
32,1,Banana,23.51,81.08,0.907,0.447,11.44,25.0,2.2,1.0,0.041667,0.88933,0.06771,6.9323,6.8534,-0.0789
32,2,Banana,23.36,79.12,0.907,0.447,11.44,25.0,2.2,1.0,0.041667,0.87852,0.10432,6.8957,6.907,0.0113
32,3,Banana,25.12,80.78,0.907,0.447,11.44,25.0,2.2,1.0,0.041667,1.00911,0.14636,6.8536,6.785,-0.0686
32,4,Banana,26.12,78.7,0.907,0.447,11.44,25.0,2.2,1.0,0.041667,1.09217,0.19187,6.8081,6.7951,-0.013
32,5,Banana,26.36,79.8,0.907,0.447,11.44,25.0,2.2,1.0,0.041667,1.11355,0.23827,6.7617,6.827,0.0653
32,6,Banana,26.57,83.49,0.907,0.447,11.44,25.0,2.2,1.0,0.041667,1.13143,0.28541,6.7146,6.5107,-0.2039
32,7,Banana,28.42,80.08,0.907,0.447,11.44,25.0,2.2,1.0,0.041667,1.30913,0.33996,6.66,6.5262,-0.1338
32,8,Banana,29.24,77.31,0.907,0.447,11.44,25.0,2.2,1.0,0.041667,1.39725,0.39818,6.6018,6.4641,-0.1377
32,9,Banana,26.48,79.14,0.907,0.447,11.44,25.0,2.2,1.0,0.041667,1.12334,0.44498,6.555,6.3804,-0.1747
32,10,Banana,26.96,73.39,0.907,0.447,11.44,25.0,2.2,1.0,0.041667,1.1674,0.49363,6.5064,6.3022,-0.2042
32,11,Banana,28.83,68.65,0.907,0.447,11.44,25.0,2.2,1.0,0.041667,1.35215,0.54997,6.45,6.2667,-0.1834
32,12,Banana,26.91,62.77,0.907,0.447,11.44,25.0,2.2,1.0,0.041667,1.16257,0.59841,6.4016,6.3298,-0.0718
32,13,Banana,25.28,63.81,0.907,0.447,11.44,25.0,2.2,1.0,0.041667,1.022,0.64099,6.359,6.1279,-0.2311
32,14,Banana,23.84,62.33,0.907,0.447,11.44,25.0,2.2,1.0,0.041667,0.91271,0.67902,6.321,6.0608,-0.2602
32,15,Banana,25.05,63.75,0.907,0.447,11.44,25.0,2.2,1.0,0.041667,1.00382,0.72084,6.2792,5.9349,-0.3443
32,16,Banana,23.21,65.83,0.907,0.447,11.44,25.0,2.2,1.0,0.041667,0.86829,0.75702,6.243,5.9605,-0.2824
32,17,Banana,23.47,54.87,0.907,0.447,11.44,25.0,2.2,1.0,0.041667,0.88603,0.79394,6.2061,6.0234,-0.1827
32,18,Banana,27.74,61.94,0.907,0.447,11.44,25.0,2.2,1.0,0.041667,1.24066,0.84564,6.1544,5.8261,-0.3282
32,19,Banana,20.47,69.35,0.907,0.447,11.44,25.0,2.2,1.0,0.041667,0.69982,0.87479,6.1252,5.8616,-0.2636
32,20,Banana,21.52,61.96,0.907,0.447,11.44,25.0,2.2,1.0,0.041667,0.76017,0.90647,6.0935,5.8538,-0.2397
32,21,Banana,22.64,71.62,0.907,0.447,11.44,25.0,2.2,1.0,0.041667,0.83021,0.94106,6.0589,5.7237,-0.3353
32,22,Banana,22.13,68.76,0.907,0.447,11.44,25.0,2.2,1.0,0.041667,0.79771,0.9743,6.0257,5.9518,-0.0739
32,23,Banana,23.22,74.3,0.907,0.447,11.44,25.0,2.2,1.0,0.041667,0.86927,1.01052,5.9895,5.7025,-0.2869
32,24,Banana,23.69,75.41,0.907,0.447,11.44,25.0,2.2,1.0,0.041667,0.90176,1.04809,5.9519,5.715,-0.2369
32,25,Banana,22.53,73.07,0.907,0.447,11.44,25.0,2.2,1.0,0.041667,0.82332,1.0824,5.9176,5.4978,-0.4198
32,26,Banana,23.08,85.14,0.907,0.447,11.44,25.0,2.2,1.0,0.041667,0.85929,1.1182,5.8818,5.3465,-0.5353
32,27,Banana,25.49,82.05,0.907,0.447,11.44,25.0,2.2,1.0,0.041667,1.03905,1.16149,5.8385,5.4403,-0.3982
32,28,Banana,26.17,81.29,0.907,0.447,11.44,25.0,2.2,1.0,0.041667,1.09634,1.20718,5.7928,5.3881,-0.4048
32,29,Banana,27.23,78.56,0.907,0.447,11.44,25.0,2.2,1.0,0.041667,1.19241,1.25686,5.7431,5.2864,-0.4567
32,30,Banana,26.9,81.91,0.907,0.447,11.44,25.0,2.2,1.0,0.041667,1.16156,1.30526,5.6947,5.2278,-0.4669
32,31,Banana,26.53,84.25,0.907,0.447,11.44,25.0,2.2,1.0,0.041667,1.12819,1.35226,5.6477,5.0833,-0.5644
32,32,Banana,28.39,76.18,0.907,0.447,11.44,25.0,2.2,1.0,0.041667,1.30675,1.40671,5.5933,4.9044,-0.6889
32,33,Banana,26.86,87.08,0.907,0.447,11.44,25.0,2.2,1.0,0.041667,1.15776,1.45495,5.545,4.8479,-0.6972
32,34,Banana,28.44,77.92,0.907,0.447,11.44,25.0,2.2,1.0,0.041667,1.31197,1.50962,5.4904,5.0552,-0.4352
32,35,Banana,27.85,68.92,0.907,0.447,11.44,25.0,2.2,1.0,0.041667,1.25179,1.56178,5.4382,4.7851,-0.6531
32,36,Banana,26.46,70.31,0.907,0.447,11.44,25.0,2.2,1.0,0.041667,1.12169,1.60851,5.3915,4.8092,-0.5823
32,37,Banana,26.38,63.78,0.907,0.447,11.44,25.0,2.2,1.0,0.041667,1.11505,1.65497,5.345,4.9433,-0.4017
32,38,Banana,26.24,64.46,0.907,0.447,11.44,25.0,2.2,1.0,0.041667,1.10281,1.70092,5.2991,4.6919,-0.6072
32,39,Banana,24.4,63.11,0.907,0.447,11.44,25.0,2.2,1.0,0.041667,0.95376,1.74066,5.2593,4.7938,-0.4656
32,40,Banana,25.18,61.34,0.907,0.447,11.44,25.0,2.2,1.0,0.041667,1.0142,1.78292,5.2171,4.9125,-0.3046
32,41,Banana,23.27,64.31,0.907,0.447,11.44,25.0,2.2,1.0,0.041667,0.87237,1.81927,5.1807,4.6283,-0.5524
32,42,Banana,24.27,61.68,0.907,0.447,11.44,25.0,2.2,1.0,0.041667,0.9442,1.85861,5.1414,4.7063,-0.4351
32,43,Banana,22.32,66.55,0.907,0.447,11.44,25.0,2.2,1.0,0.041667,0.8098,1.89235,5.1076,4.6008,-0.5068
32,44,Banana,22.32,64.52,0.907,0.447,11.44,25.0,2.2,1.0,0.041667,0.80957,1.92609,5.0739,4.5633,-0.5106
32,45,Banana,21.28,62.35,0.907,0.447,11.44,25.0,2.2,1.0,0.041667,0.74576,1.95716,5.0428,4.3627,-0.6801
32,46,Banana,23.6,71.91,0.907,0.447,11.44,25.0,2.2,1.0,0.041667,0.89572,1.99448,5.0055,4.4341,-0.5714
32,47,Banana,22.9,74.0,0.907,0.447,11.44,25.0,2.2,1.0,0.041667,0.84711,2.02978,4.9702,4.3929,-0.5773
32,48,Banana,23.35,74.34,0.907,0.447,11.44,25.0,2.2,1.0,0.041667,0.8782,2.06637,4.9336,4.2996,-0.634
32,49,Banana,24.13,71.32,0.907,0.447,11.44,25.0,2.2,1.0,0.041667,0.93368,2.10527,4.8947,4.1529,-0.7418
32,50,Banana,23.89,78.9,0.907,0.447,11.44,25.0,2.2,1.0,0.041667,0.91609,2.14344,4.8566,4.0726,-0.7839
32,51,Banana,24.65,79.51,0.907,0.447,11.44,25.0,2.2,1.0,0.041667,0.97254,2.18397,4.816,4.0414,-0.7746
32,52,Banana,26.32,79.6,0.907,0.447,11.44,25.0,2.2,1.0,0.041667,1.10958,2.2302,4.7698,4.0942,-0.6756
32,53,Banana,25.56,79.66,0.907,0.447,11.44,25.0,2.2,1.0,0.041667,1.04514,2.27375,4.7263,3.7781,-0.9481
32,54,Banana,31.19,81.39,0.907,0.447,11.44,25.0,2.2,1.0,0.041667,1.62903,2.34162,4.6584,3.7948,-0.8636
32,55,Banana,27.01,82.6,0.907,0.447,11.44,25.0,2.2,1.0,0.041667,1.17163,2.39044,4.6096,3.7595,-0.8501
32,56,Banana,26.54,82.22,0.907,0.447,11.44,25.0,2.2,1.0,0.041667,1.12866,2.43747,4.5625,3.6595,-0.9031
32,57,Banana,28.13,67.68,0.907,0.447,11.44,25.0,2.2,1.0,0.041667,1.27976,2.49079,4.5092,3.7618,-0.7474
32,58,Banana,25.68,73.86,0.907,0.447,11.44,25.0,2.2,1.0,0.041667,1.05549,2.53477,4.4652,3.6252,-0.8401
32,59,Banana,27.72,67.15,0.907,0.447,11.44,25.0,2.2,1.0,0.041667,1.23901,2.58639,4.4136,3.5776,-0.836
32,60,Banana,26.53,68.09,0.907,0.447,11.44,25.0,2.2,1.0,0.041667,1.12832,2.63341,4.3666,3.6798,-0.6868
32,61,Banana,24.79,67.65,0.907,0.447,11.44,25.0,2.2,1.0,0.041667,0.98331,2.67438,4.3256,3.5669,-0.7587
32,62,Banana,24.9,61.5,0.907,0.447,11.44,25.0,2.2,1.0,0.041667,0.99181,2.7157,4.2843,3.5771,-0.7072
32,63,Banana,25.56,64.56,0.907,0.447,11.44,25.0,2.2,1.0,0.041667,1.04526,2.75926,4.2407,3.5162,-0.7245
32,64,Banana,24.1,62.01,0.907,0.447,11.44,25.0,2.2,1.0,0.041667,0.93121,2.79806,4.2019,3.4984,-0.7035
32,65,Banana,22.15,59.68,0.907,0.447,11.44,25.0,2.2,1.0,0.041667,0.79858,2.83133,4.1687,3.2555,-0.9131
32,66,Banana,23.31,68.03,0.907,0.447,11.44,25.0,2.2,1.0,0.041667,0.87502,2.86779,4.1322,3.2323,-0.8999
32,67,Banana,21.91,61.91,0.907,0.447,11.44,25.0,2.2,1.0,0.041667,0.78355,2.90044,4.0996,3.317,-0.7826
32,68,Banana,23.33,62.29,0.907,0.447,11.44,25.0,2.2,1.0,0.041667,0.87631,2.93695,4.063,3.3577,-0.7053
32,69,Banana,23.83,70.18,0.907,0.447,11.44,25.0,2.2,1.0,0.041667,0.91159,2.97493,4.0251,3.1981,-0.827
32,70,Banana,22.49,72.94,0.907,0.447,11.44,25.0,2.2,1.0,0.041667,0.82025,3.00911,3.9909,3.0105,-0.9804
32,71,Banana,22.41,74.17,0.907,0.447,11.44,25.0,2.2,1.0,0.041667,0.81507,3.04307,3.9569,3.092,-0.8649
32,72,Banana,22.45,73.78,0.907,0.447,11.44,25.0,2.2,1.0,0.041667,0.81763,3.07714,3.9229,2.8224,-1.1005
32,73,Banana,24.98,75.03,0.907,0.447,11.44,25.0,2.2,1.0,0.041667,0.99805,3.11873,3.8813,2.9513,-0.93
32,74,Banana,24.89,80.47,0.907,0.447,11.44,25.0,2.2,1.0,0.041667,0.99128,3.16003,3.84,2.7683,-1.0717
32,75,Banana,26.11,79.11,0.907,0.447,11.44,25.0,2.2,1.0,0.041667,1.09109,3.20549,3.7945,2.6124,-1.1821
32,76,Banana,25.42,85.28,0.907,0.447,11.44,25.0,2.2,1.0,0.041667,1.03377,3.24857,3.7514,2.3002,-1.4512
32,77,Banana,26.4,84.47,0.907,0.447,11.44,25.0,2.2,1.0,0.041667,1.11655,3.29509,3.7049,2.2219,-1.483
32,78,Banana,28.28,77.54,0.907,0.447,11.44,25.0,2.2,1.0,0.041667,1.29523,3.34906,3.6509,2.4747,-1.1762
32,79,Banana,27.48,80.72,0.907,0.447,11.44,25.0,2.2,1.0,0.041667,1.21581,3.39972,3.6003,2.337,-1.2633
32,80,Banana,27.58,75.91,0.907,0.447,11.44,25.0,2.2,1.0,0.041667,1.22594,3.4508,3.5492,2.2586,-1.2906
32,81,Banana,27.28,76.35,0.907,0.447,11.44,25.0,2.2,1.0,0.041667,1.1971,3.50068,3.4993,2.375,-1.1243
32,82,Banana,27.93,80.02,0.907,0.447,11.44,25.0,2.2,1.0,0.041667,1.25955,3.55316,3.4468,2.1688,-1.278
32,83,Banana,26.33,73.08,0.907,0.447,11.44,25.0,2.2,1.0,0.041667,1.11059,3.59943,3.4006,2.3304,-1.0702
32,84,Banana,31.58,65.64,0.907,0.447,11.44,25.0,2.2,1.0,0.041667,1.67946,3.66941,3.3306,2.2577,-1.0729
32,85,Banana,25.9,66.66,0.907,0.447,11.44,25.0,2.2,1.0,0.041667,1.07385,3.71415,3.2858,2.3049,-0.9809
32,86,Banana,23.44,61.82,0.907,0.447,11.44,25.0,2.2,1.0,0.041667,0.88403,3.75099,3.249,2.1556,-1.0934
32,87,Banana,24.72,64.23,0.907,0.447,11.44,25.0,2.2,1.0,0.041667,0.9781,3.79174,3.2083,2.0897,-1.1186
32,88,Banana,23.4,60.85,0.907,0.447,11.44,25.0,2.2,1.0,0.041667,0.88178,3.82848,3.1715,2.0965,-1.075
32,89,Banana,25.09,56.54,0.907,0.447,11.44,25.0,2.2,1.0,0.041667,1.0069,3.87044,3.1296,2.0234,-1.1062
32,90,Banana,22.5,66.06,0.907,0.447,11.44,25.0,2.2,1.0,0.041667,0.82118,3.90465,3.0953,1.9338,-1.1616
32,91,Banana,21.66,61.76,0.907,0.447,11.44,25.0,2.2,1.0,0.041667,0.76826,3.93666,3.0633,2.0075,-1.0558
32,92,Banana,22.77,60.77,0.907,0.447,11.44,25.0,2.2,1.0,0.041667,0.83853,3.9716,3.0284,1.9862,-1.0422
32,93,Banana,22.65,64.96,0.907,0.447,11.44,25.0,2.2,1.0,0.041667,0.83116,4.00623,2.9938,1.6968,-1.297
32,94,Banana,21.79,66.57,0.907,0.447,11.44,25.0,2.2,1.0,0.041667,0.7766,4.03859,2.9614,1.8878,-1.0736
32,95,Banana,22.52,76.51,0.907,0.447,11.44,25.0,2.2,1.0,0.041667,0.82249,4.07286,2.9271,1.5423,-1.3848
33,0,Banana,25.87,81.89,0.942,0.659,33.5,25.0,2.2,1.0,0.041667,1.07094,0.04462,6.9554,6.876,-0.0794
33,1,Banana,25.54,85.95,0.942,0.659,33.5,25.0,2.2,1.0,0.041667,1.04366,0.08811,6.9119,6.7804,-0.1315
33,2,Banana,26.27,85.4,0.942,0.659,33.5,25.0,2.2,1.0,0.041667,1.10527,0.13416,6.8658,6.8515,-0.0144
33,3,Banana,29.35,83.06,0.942,0.659,33.5,25.0,2.2,1.0,0.041667,1.40909,0.19287,6.8071,6.4935,-0.3137
33,4,Banana,28.55,77.47,0.942,0.659,33.5,25.0,2.2,1.0,0.041667,1.32297,0.248,6.752,6.5799,-0.1721
33,5,Banana,27.3,77.77,0.942,0.659,33.5,25.0,2.2,1.0,0.041667,1.19918,0.29796,6.702,6.4009,-0.3012
33,6,Banana,27.67,69.26,0.942,0.659,33.5,25.0,2.2,1.0,0.041667,1.23413,0.34938,6.6506,6.2933,-0.3573
33,7,Banana,27.61,71.24,0.942,0.659,33.5,25.0,2.2,1.0,0.041667,1.22834,0.40057,6.5994,6.2592,-0.3403
33,8,Banana,27.7,70.14,0.942,0.659,33.5,25.0,2.2,1.0,0.041667,1.23716,0.45211,6.5479,6.1982,-0.3497
33,9,Banana,26.07,66.6,0.942,0.659,33.5,25.0,2.2,1.0,0.041667,1.08777,0.49744,6.5026,6.1214,-0.3811
33,10,Banana,25.84,69.28,0.942,0.659,33.5,25.0,2.2,1.0,0.041667,1.0681,0.54194,6.4581,6.0887,-0.3694
33,11,Banana,25.96,58.04,0.942,0.659,33.5,25.0,2.2,1.0,0.041667,1.07881,0.58689,6.4131,6.0016,-0.4115
33,12,Banana,28.72,59.22,0.942,0.659,33.5,25.0,2.2,1.0,0.041667,1.34112,0.64277,6.3572,6.0156,-0.3417
33,13,Banana,22.13,61.3,0.942,0.659,33.5,25.0,2.2,1.0,0.041667,0.79753,0.676,6.324,5.7034,-0.6206
33,14,Banana,23.01,58.57,0.942,0.659,33.5,25.0,2.2,1.0,0.041667,0.85475,0.71162,6.2884,5.6607,-0.6277
33,15,Banana,22.41,60.25,0.942,0.659,33.5,25.0,2.2,1.0,0.041667,0.81514,0.74558,6.2544,5.5853,-0.6691
33,16,Banana,22.25,64.37,0.942,0.659,33.5,25.0,2.2,1.0,0.041667,0.80504,0.77912,6.2209,5.6898,-0.5311
33,17,Banana,22.25,66.87,0.942,0.659,33.5,25.0,2.2,1.0,0.041667,0.80506,0.81267,6.1873,5.533,-0.6543
33,18,Banana,21.8,69.45,0.942,0.659,33.5,25.0,2.2,1.0,0.041667,0.77728,0.84506,6.1549,5.2848,-0.8701
33,19,Banana,23.73,73.06,0.942,0.659,33.5,25.0,2.2,1.0,0.041667,0.90453,0.88274,6.1173,5.2673,-0.85
33,20,Banana,23.96,77.42,0.942,0.659,33.5,25.0,2.2,1.0,0.041667,0.92122,0.92113,6.0789,5.034,-1.0449
33,21,Banana,24.16,79.26,0.942,0.659,33.5,25.0,2.2,1.0,0.041667,0.93599,0.96013,6.0399,5.0111,-1.0288
33,22,Banana,23.78,82.71,0.942,0.659,33.5,25.0,2.2,1.0,0.041667,0.9083,0.99797,6.002,4.9353,-1.0667
33,23,Banana,27.39,81.44,0.942,0.659,33.5,25.0,2.2,1.0,0.041667,1.20742,1.04828,5.9517,4.7773,-1.1744
33,24,Banana,27.49,87.01,0.942,0.659,33.5,25.0,2.2,1.0,0.041667,1.21674,1.09898,5.901,4.5563,-1.3447
33,25,Banana,28.48,88.66,0.942,0.659,33.5,25.0,2.2,1.0,0.041667,1.3159,1.15381,5.8462,4.3507,-1.4955
33,26,Banana,29.41,85.72,0.942,0.659,33.5,25.0,2.2,1.0,0.041667,1.41554,1.21279,5.7872,4.4093,-1.3779
33,27,Banana,27.15,76.61,0.942,0.659,33.5,25.0,2.2,1.0,0.041667,1.18437,1.26214,5.7379,4.5326,-1.2052
33,28,Banana,27.93,77.85,0.942,0.659,33.5,25.0,2.2,1.0,0.041667,1.25984,1.31463,5.6854,4.4012,-1.2841
33,29,Banana,33.48,76.9,0.942,0.659,33.5,25.0,2.2,1.0,0.041667,1.95097,1.39592,5.6041,4.3533,-1.2508
33,30,Banana,26.89,76.82,0.942,0.659,33.5,25.0,2.2,1.0,0.041667,1.16089,1.44429,5.5557,4.0868,-1.4689
33,31,Banana,27.37,72.78,0.942,0.659,33.5,25.0,2.2,1.0,0.041667,1.20558,1.49453,5.5055,4.0567,-1.4487
33,32,Banana,28.59,58.83,0.942,0.659,33.5,25.0,2.2,1.0,0.041667,1.32716,1.54982,5.4502,4.208,-1.2422
33,33,Banana,27.67,68.8,0.942,0.659,33.5,25.0,2.2,1.0,0.041667,1.23416,1.60125,5.3988,3.8501,-1.5487
33,34,Banana,25.66,66.82,0.942,0.659,33.5,25.0,2.2,1.0,0.041667,1.05365,1.64515,5.3549,3.9058,-1.449
33,35,Banana,23.52,63.01,0.942,0.659,33.5,25.0,2.2,1.0,0.041667,0.89002,1.68223,5.3178,3.7123,-1.6055
33,36,Banana,24.29,60.95,0.942,0.659,33.5,25.0,2.2,1.0,0.041667,0.94559,1.72163,5.2784,3.8399,-1.4385
33,37,Banana,22.14,58.54,0.942,0.659,33.5,25.0,2.2,1.0,0.041667,0.79841,1.7549,5.2451,3.6522,-1.5929
33,38,Banana,23.2,65.42,0.942,0.659,33.5,25.0,2.2,1.0,0.041667,0.86779,1.79106,5.2089,3.6242,-1.5847
33,39,Banana,21.85,62.69,0.942,0.659,33.5,25.0,2.2,1.0,0.041667,0.78022,1.82357,5.1764,3.506,-1.6705
33,40,Banana,22.76,62.36,0.942,0.659,33.5,25.0,2.2,1.0,0.041667,0.83837,1.8585,5.1415,3.4504,-1.6911
33,41,Banana,21.18,68.11,0.942,0.659,33.5,25.0,2.2,1.0,0.041667,0.74019,1.88934,5.1107,3.3569,-1.7537
33,42,Banana,22.61,70.43,0.942,0.659,33.5,25.0,2.2,1.0,0.041667,0.82857,1.92386,5.0761,3.2328,-1.8434
33,43,Banana,23.05,68.97,0.942,0.659,33.5,25.0,2.2,1.0,0.041667,0.85721,1.95958,5.0404,3.0928,-1.9476
33,44,Banana,25.42,71.57,0.942,0.659,33.5,25.0,2.2,1.0,0.041667,1.0338,2.00266,4.9973,2.9461,-2.0512
33,45,Banana,22.96,83.85,0.942,0.659,33.5,25.0,2.2,1.0,0.041667,0.85164,2.03814,4.9619,2.7104,-2.2515
33,46,Banana,24.91,78.91,0.942,0.659,33.5,25.0,2.2,1.0,0.041667,0.99279,2.07951,4.9205,2.7957,-2.1248
33,47,Banana,24.5,84.19,0.942,0.659,33.5,25.0,2.2,1.0,0.041667,0.96155,2.11957,4.8804,2.665,-2.2154
33,48,Banana,26.09,82.93,0.942,0.659,33.5,25.0,2.2,1.0,0.041667,1.08989,2.16498,4.835,2.5401,-2.2949
33,49,Banana,27.84,80.76,0.942,0.659,33.5,25.0,2.2,1.0,0.041667,1.25097,2.21711,4.7829,2.3608,-2.4221
33,50,Banana,27.41,77.75,0.942,0.659,33.5,25.0,2.2,1.0,0.041667,1.20914,2.26749,4.7325,2.3209,-2.4116
33,51,Banana,28.39,82.17,0.942,0.659,33.5,25.0,2.2,1.0,0.041667,1.30664,2.32193,4.6781,2.268,-2.41
33,52,Banana,29.27,80.52,0.942,0.659,33.5,25.0,2.2,1.0,0.041667,1.39996,2.38026,4.6197,1.9567,-2.6631
33,53,Banana,30.01,78.67,0.942,0.659,33.5,25.0,2.2,1.0,0.041667,1.48396,2.4421,4.5579,2.0546,-2.5033
33,54,Banana,28.01,77.22,0.942,0.659,33.5,25.0,2.2,1.0,0.041667,1.26737,2.4949,4.5051,1.9654,-2.5397
33,55,Banana,27.85,71.14,0.942,0.659,33.5,25.0,2.2,1.0,0.041667,1.25197,2.54707,4.4529,1.9038,-2.5492
33,56,Banana,27.25,66.26,0.942,0.659,33.5,25.0,2.2,1.0,0.041667,1.19445,2.59684,4.4032,1.9239,-2.4792
33,57,Banana,26.42,64.59,0.942,0.659,33.5,25.0,2.2,1.0,0.041667,1.11879,2.64345,4.3565,1.8873,-2.4693
33,58,Banana,23.53,64.84,0.942,0.659,33.5,25.0,2.2,1.0,0.041667,0.89028,2.68055,4.3195,1.9061,-2.4133
33,59,Banana,25.52,62.07,0.942,0.659,33.5,25.0,2.2,1.0,0.041667,1.04195,2.72396,4.276,1.5986,-2.6775
33,60,Banana,25.03,65.79,0.942,0.659,33.5,25.0,2.2,1.0,0.041667,1.00201,2.76571,4.2343,1.4807,-2.7536
33,61,Banana,21.75,58.6,0.942,0.659,33.5,25.0,2.2,1.0,0.041667,0.77395,2.79796,4.202,1.5994,-2.6026
33,62,Banana,22.47,63.24,0.942,0.659,33.5,25.0,2.2,1.0,0.041667,0.81932,2.8321,4.1679,1.3837,-2.7842
33,63,Banana,22.11,63.26,0.942,0.659,33.5,25.0,2.2,1.0,0.041667,0.79617,2.86527,4.1347,1.3649,-2.7698
33,64,Banana,22.92,68.58,0.942,0.659,33.5,25.0,2.2,1.0,0.041667,0.84883,2.90064,4.0994,1.2128,-2.8866
33,65,Banana,22.41,67.1,0.942,0.659,33.5,25.0,2.2,1.0,0.041667,0.81506,2.9346,4.0654,1.2485,-2.8169
33,66,Banana,21.1,71.81,0.942,0.659,33.5,25.0,2.2,1.0,0.041667,0.7355,2.96525,4.0348,0.9613,-3.0735
33,67,Banana,21.01,74.28,0.942,0.659,33.5,25.0,2.2,1.0,0.041667,0.73029,2.99568,4.0043,0.8499,-3.1544
33,68,Banana,22.56,87.42,0.942,0.659,33.5,25.0,2.2,1.0,0.041667,0.82493,3.03005,3.97,0.4756,-3.4944
33,69,Banana,22.19,75.44,0.942,0.659,33.5,25.0,2.2,1.0,0.041667,0.80112,3.06343,3.9366,0.6078,-3.3288
33,70,Banana,25.66,80.59,0.942,0.659,33.5,25.0,2.2,1.0,0.041667,1.05366,3.10733,3.8927,0.6514,-3.2412
33,71,Banana,25.81,85.74,0.942,0.659,33.5,25.0,2.2,1.0,0.041667,1.0657,3.15173,3.8483,0.296,-3.5523
33,72,Banana,25.56,81.52,0.942,0.659,33.5,25.0,2.2,1.0,0.041667,1.04524,3.19529,3.8047,0.4609,-3.3439
33,73,Banana,27.07,80.65,0.942,0.659,33.5,25.0,2.2,1.0,0.041667,1.1777,3.24436,3.7556,0.2776,-3.478
33,74,Banana,27.59,83.59,0.942,0.659,33.5,25.0,2.2,1.0,0.041667,1.2265,3.29546,3.7045,0.146,-3.5586
33,75,Banana,27.96,77.32,0.942,0.659,33.5,25.0,2.2,1.0,0.041667,1.26256,3.34807,3.6519,0.2362,-3.4157
33,76,Banana,28.02,73.78,0.942,0.659,33.5,25.0,2.2,1.0,0.041667,1.26866,3.40093,3.5991,0.049,-3.5501
33,77,Banana,28.37,76.57,0.942,0.659,33.5,25.0,2.2,1.0,0.041667,1.30393,3.45526,3.5447,0.0,-3.5447
33,78,Banana,27.75,72.77,0.942,0.659,33.5,25.0,2.2,1.0,0.041667,1.24241,3.50703,3.493,0.0,-3.493
33,79,Banana,28.2,70.74,0.942,0.659,33.5,25.0,2.2,1.0,0.041667,1.28727,3.56066,3.4393,0.0,-3.4393
33,80,Banana,27.3,71.0,0.942,0.659,33.5,25.0,2.2,1.0,0.041667,1.19863,3.61061,3.3894,0.0,-3.3894
33,81,Banana,26.69,65.18,0.942,0.659,33.5,25.0,2.2,1.0,0.041667,1.14251,3.65821,3.3418,0.0,-3.3418
33,82,Banana,24.95,70.21,0.942,0.659,33.5,25.0,2.2,1.0,0.041667,0.99616,3.69972,3.3003,0.0,-3.3003
33,83,Banana,25.14,66.75,0.942,0.659,33.5,25.0,2.2,1.0,0.041667,1.01081,3.74183,3.2582,0.0,-3.2582
33,84,Banana,22.84,60.53,0.942,0.659,33.5,25.0,2.2,1.0,0.041667,0.84321,3.77697,3.223,0.0,-3.223
33,85,Banana,22.54,56.65,0.942,0.659,33.5,25.0,2.2,1.0,0.041667,0.82389,3.8113,3.1887,0.0,-3.1887
33,86,Banana,23.14,61.43,0.942,0.659,33.5,25.0,2.2,1.0,0.041667,0.86374,3.84729,3.1527,0.0,-3.1527
33,87,Banana,21.73,64.61,0.942,0.659,33.5,25.0,2.2,1.0,0.041667,0.77275,3.87948,3.1205,0.0,-3.1205
33,88,Banana,26.03,61.18,0.942,0.659,33.5,25.0,2.2,1.0,0.041667,1.08459,3.92467,3.0753,0.0,-3.0753
33,89,Banana,21.21,71.73,0.942,0.659,33.5,25.0,2.2,1.0,0.041667,0.74154,3.95557,3.0444,0.0,-3.0444
33,90,Banana,21.71,79.69,0.942,0.659,33.5,25.0,2.2,1.0,0.041667,0.77149,3.98772,3.0123,0.0,-3.0123
33,91,Banana,23.69,76.97,0.942,0.659,33.5,25.0,2.2,1.0,0.041667,0.90199,4.0253,2.9747,0.0,-2.9747
33,92,Banana,22.87,83.38,0.942,0.659,33.5,25.0,2.2,1.0,0.041667,0.8452,4.06052,2.9395,0.0,-2.9395
33,93,Banana,24.34,79.55,0.942,0.659,33.5,25.0,2.2,1.0,0.041667,0.94912,4.10006,2.8999,0.0,-2.8999
33,94,Banana,23.42,83.77,0.942,0.659,33.5,25.0,2.2,1.0,0.041667,0.88278,4.13685,2.8632,0.0,-2.8632
33,95,Banana,26.4,79.52,0.942,0.659,33.5,25.0,2.2,1.0,0.041667,1.11645,4.18336,2.8166,0.0,-2.8166
34,0,Banana,32.2,76.34,0.917,0.369,10.52,25.0,2.2,1.0,0.041667,1.76396,0.0735,6.9265,6.9408,0.0143
34,1,Banana,27.57,70.74,0.917,0.369,10.52,25.0,2.2,1.0,0.041667,1.22509,0.12454,6.8755,6.8205,-0.055
34,2,Banana,27.87,64.64,0.917,0.369,10.52,25.0,2.2,1.0,0.041667,1.25394,0.17679,6.8232,6.8142,-0.009
34,3,Banana,26.0,64.68,0.917,0.369,10.52,25.0,2.2,1.0,0.041667,1.08181,0.22187,6.7781,6.7519,-0.0263
34,4,Banana,25.06,62.97,0.917,0.369,10.52,25.0,2.2,1.0,0.041667,1.00455,0.26372,6.7363,6.6298,-0.1065
34,5,Banana,24.64,66.04,0.917,0.369,10.52,25.0,2.2,1.0,0.041667,0.97195,0.30422,6.6958,6.6431,-0.0527
34,6,Banana,23.53,65.01,0.917,0.369,10.52,25.0,2.2,1.0,0.041667,0.89041,0.34132,6.6587,6.5924,-0.0663
34,7,Banana,21.47,58.29,0.917,0.369,10.52,25.0,2.2,1.0,0.041667,0.7572,0.37287,6.6271,6.8071,0.1799
34,8,Banana,22.96,60.46,0.917,0.369,10.52,25.0,2.2,1.0,0.041667,0.85145,0.40835,6.5917,6.5623,-0.0294
34,9,Banana,22.79,66.16,0.917,0.369,10.52,25.0,2.2,1.0,0.041667,0.83998,0.44335,6.5567,6.5097,-0.047
34,10,Banana,23.37,64.23,0.917,0.369,10.52,25.0,2.2,1.0,0.041667,0.87911,0.47998,6.52,6.4301,-0.0899
34,11,Banana,21.24,69.77,0.917,0.369,10.52,25.0,2.2,1.0,0.041667,0.74348,0.51096,6.489,6.3932,-0.0958
34,12,Banana,23.68,73.08,0.917,0.369,10.52,25.0,2.2,1.0,0.041667,0.90138,0.54851,6.4515,6.2856,-0.1659
34,13,Banana,21.87,71.57,0.917,0.369,10.52,25.0,2.2,1.0,0.041667,0.78152,0.58108,6.4189,6.2621,-0.1569
34,14,Banana,23.94,77.14,0.917,0.369,10.52,25.0,2.2,1.0,0.041667,0.92017,0.61942,6.3806,6.1709,-0.2097
34,15,Banana,24.96,82.08,0.917,0.369,10.52,25.0,2.2,1.0,0.041667,0.99717,0.66097,6.339,6.2381,-0.1009
34,16,Banana,24.99,76.68,0.917,0.369,10.52,25.0,2.2,1.0,0.041667,0.99952,0.70261,6.2974,6.1466,-0.1508
34,17,Banana,26.95,85.77,0.917,0.369,10.52,25.0,2.2,1.0,0.041667,1.1658,0.75119,6.2488,5.9089,-0.3399
34,18,Banana,31.75,82.88,0.917,0.369,10.52,25.0,2.2,1.0,0.041667,1.70333,0.82216,6.1778,5.9383,-0.2396
34,19,Banana,27.87,86.2,0.917,0.369,10.52,25.0,2.2,1.0,0.041667,1.25405,0.87441,6.1256,5.7769,-0.3487
34,20,Banana,26.87,83.89,0.917,0.369,10.52,25.0,2.2,1.0,0.041667,1.15906,0.92271,6.0773,5.7248,-0.3525
34,21,Banana,27.99,73.56,0.917,0.369,10.52,25.0,2.2,1.0,0.041667,1.2656,0.97544,6.0246,5.6837,-0.3409
34,22,Banana,28.15,76.26,0.917,0.369,10.52,25.0,2.2,1.0,0.041667,1.28191,1.02885,5.9711,5.8224,-0.1488
34,23,Banana,28.13,71.96,0.917,0.369,10.52,25.0,2.2,1.0,0.041667,1.27985,1.08218,5.9178,5.6897,-0.2281
34,24,Banana,26.52,70.52,0.917,0.369,10.52,25.0,2.2,1.0,0.041667,1.12742,1.12915,5.8708,5.6116,-0.2592
34,25,Banana,24.97,70.27,0.917,0.369,10.52,25.0,2.2,1.0,0.041667,0.99726,1.17071,5.8293,5.6093,-0.22
34,26,Banana,27.58,66.43,0.917,0.369,10.52,25.0,2.2,1.0,0.041667,1.22588,1.22179,5.7782,5.5712,-0.207
34,27,Banana,25.99,64.84,0.917,0.369,10.52,25.0,2.2,1.0,0.041667,1.08076,1.26682,5.7332,5.5249,-0.2083
34,28,Banana,24.28,61.52,0.917,0.369,10.52,25.0,2.2,1.0,0.041667,0.94518,1.3062,5.6938,5.5466,-0.1472
34,29,Banana,25.31,63.96,0.917,0.369,10.52,25.0,2.2,1.0,0.041667,1.02505,1.34891,5.6511,5.426,-0.2251
34,30,Banana,21.65,65.16,0.917,0.369,10.52,25.0,2.2,1.0,0.041667,0.76804,1.38091,5.6191,5.3485,-0.2706
34,31,Banana,22.56,62.62,0.917,0.369,10.52,25.0,2.2,1.0,0.041667,0.82514,1.41529,5.5847,5.5126,-0.0721
34,32,Banana,20.22,65.97,0.917,0.369,10.52,25.0,2.2,1.0,0.041667,0.68626,1.44389,5.5561,5.215,-0.3411
34,33,Banana,21.51,71.58,0.917,0.369,10.52,25.0,2.2,1.0,0.041667,0.75966,1.47554,5.5245,5.2188,-0.3057
34,34,Banana,22.65,68.19,0.917,0.369,10.52,25.0,2.2,1.0,0.041667,0.83111,1.51017,5.4898,5.0989,-0.3909
34,35,Banana,21.51,74.62,0.917,0.369,10.52,25.0,2.2,1.0,0.041667,0.7594,1.54181,5.4582,4.9789,-0.4793
34,36,Banana,21.3,75.11,0.917,0.369,10.52,25.0,2.2,1.0,0.041667,0.74706,1.57294,5.4271,5.1247,-0.3024
34,37,Banana,24.2,74.72,0.917,0.369,10.52,25.0,2.2,1.0,0.041667,0.93918,1.61207,5.3879,4.9792,-0.4087
34,38,Banana,23.88,80.13,0.917,0.369,10.52,25.0,2.2,1.0,0.041667,0.91577,1.65023,5.3498,4.8359,-0.5139
34,39,Banana,23.66,78.57,0.917,0.369,10.52,25.0,2.2,1.0,0.041667,0.89984,1.68772,5.3123,4.8326,-0.4797
34,40,Banana,27.33,75.66,0.917,0.369,10.52,25.0,2.2,1.0,0.041667,1.20132,1.73778,5.2622,4.7818,-0.4804
34,41,Banana,25.98,83.19,0.917,0.369,10.52,25.0,2.2,1.0,0.041667,1.08059,1.7828,5.2172,4.7083,-0.5089
34,42,Banana,25.62,81.41,0.917,0.369,10.52,25.0,2.2,1.0,0.041667,1.05031,1.82656,5.1734,4.6742,-0.4992
34,43,Banana,27.22,79.81,0.917,0.369,10.52,25.0,2.2,1.0,0.041667,1.19164,1.87621,5.1238,4.6875,-0.4363
34,44,Banana,28.34,81.91,0.917,0.369,10.52,25.0,2.2,1.0,0.041667,1.30101,1.93042,5.0696,4.6245,-0.4451
34,45,Banana,28.86,73.31,0.917,0.369,10.52,25.0,2.2,1.0,0.041667,1.3556,1.98691,5.0131,4.5757,-0.4373
34,46,Banana,28.4,77.73,0.917,0.369,10.52,25.0,2.2,1.0,0.041667,1.30769,2.04139,4.9586,4.5648,-0.3938
34,47,Banana,27.41,73.67,0.917,0.369,10.52,25.0,2.2,1.0,0.041667,1.20898,2.09177,4.9082,4.4417,-0.4666
34,48,Banana,26.22,73.4,0.917,0.369,10.52,25.0,2.2,1.0,0.041667,1.10136,2.13766,4.8623,4.3401,-0.5222
34,49,Banana,27.64,67.37,0.917,0.369,10.52,25.0,2.2,1.0,0.041667,1.23106,2.18895,4.811,4.3265,-0.4845
34,50,Banana,25.4,64.78,0.917,0.369,10.52,25.0,2.2,1.0,0.041667,1.03202,2.23195,4.768,4.3816,-0.3865
34,51,Banana,24.71,62.73,0.917,0.369,10.52,25.0,2.2,1.0,0.041667,0.97731,2.27267,4.7273,4.2056,-0.5217
34,52,Banana,24.49,68.28,0.917,0.369,10.52,25.0,2.2,1.0,0.041667,0.96051,2.3127,4.6873,4.3804,-0.3069
34,53,Banana,24.43,65.9,0.917,0.369,10.52,25.0,2.2,1.0,0.041667,0.95593,2.35253,4.6475,4.2177,-0.4298
34,54,Banana,22.82,56.16,0.917,0.369,10.52,25.0,2.2,1.0,0.041667,0.84213,2.38761,4.6124,4.1236,-0.4888
34,55,Banana,22.39,64.87,0.917,0.369,10.52,25.0,2.2,1.0,0.041667,0.81411,2.42154,4.5785,4.2018,-0.3766
34,56,Banana,26.17,63.76,0.917,0.369,10.52,25.0,2.2,1.0,0.041667,1.09677,2.46723,4.5328,4.1129,-0.4198
34,57,Banana,21.94,65.2,0.917,0.369,10.52,25.0,2.2,1.0,0.041667,0.78566,2.49997,4.5,3.9618,-0.5382
34,58,Banana,22.11,69.02,0.917,0.369,10.52,25.0,2.2,1.0,0.041667,0.7961,2.53314,4.4669,3.9682,-0.4987
34,59,Banana,23.37,71.33,0.917,0.369,10.52,25.0,2.2,1.0,0.041667,0.87931,2.56978,4.4302,3.8917,-0.5385
34,60,Banana,22.61,69.21,0.917,0.369,10.52,25.0,2.2,1.0,0.041667,0.82812,2.60428,4.3957,3.8627,-0.533
34,61,Banana,23.72,76.45,0.917,0.369,10.52,25.0,2.2,1.0,0.041667,0.90432,2.64196,4.358,3.8206,-0.5374
34,62,Banana,24.92,78.74,0.917,0.369,10.52,25.0,2.2,1.0,0.041667,0.99391,2.68338,4.3166,3.5157,-0.801
34,63,Banana,23.21,81.25,0.917,0.369,10.52,25.0,2.2,1.0,0.041667,0.86853,2.71957,4.2804,3.5171,-0.7634
34,64,Banana,24.67,81.29,0.917,0.369,10.52,25.0,2.2,1.0,0.041667,0.97447,2.76017,4.2398,3.4868,-0.753
34,65,Banana,27.09,88.61,0.917,0.369,10.52,25.0,2.2,1.0,0.041667,1.17954,2.80932,4.1907,3.0143,-1.1764
34,66,Banana,27.91,81.8,0.917,0.369,10.52,25.0,2.2,1.0,0.041667,1.25785,2.86173,4.1383,3.277,-0.8613
34,67,Banana,27.88,82.52,0.917,0.369,10.52,25.0,2.2,1.0,0.041667,1.25509,2.91402,4.086,3.1315,-0.9545
34,68,Banana,28.85,79.09,0.917,0.369,10.52,25.0,2.2,1.0,0.041667,1.35419,2.97045,4.0296,3.2192,-0.8104
34,69,Banana,28.59,81.24,0.917,0.369,10.52,25.0,2.2,1.0,0.041667,1.32703,3.02574,3.9743,3.2251,-0.7492
34,70,Banana,28.38,75.93,0.917,0.369,10.52,25.0,2.2,1.0,0.041667,1.30548,3.08013,3.9199,3.1478,-0.7721
34,71,Banana,27.74,77.44,0.917,0.369,10.52,25.0,2.2,1.0,0.041667,1.24113,3.13185,3.8682,2.9967,-0.8715
34,72,Banana,28.75,71.76,0.917,0.369,10.52,25.0,2.2,1.0,0.041667,1.34369,3.18784,3.8122,3.1335,-0.6787
34,73,Banana,33.94,71.88,0.917,0.369,10.52,25.0,2.2,1.0,0.041667,2.02298,3.27213,3.7279,3.0005,-0.7274
34,74,Banana,26.52,57.51,0.917,0.369,10.52,25.0,2.2,1.0,0.041667,1.12762,3.31911,3.6809,3.0498,-0.6311
34,75,Banana,25.62,68.43,0.917,0.369,10.52,25.0,2.2,1.0,0.041667,1.04977,3.36285,3.6371,2.967,-0.6701
34,76,Banana,23.49,58.57,0.917,0.369,10.52,25.0,2.2,1.0,0.041667,0.88753,3.39983,3.6002,3.0731,-0.5271
34,77,Banana,24.37,60.07,0.917,0.369,10.52,25.0,2.2,1.0,0.041667,0.95128,3.43947,3.5605,2.8524,-0.7081
34,78,Banana,21.25,62.34,0.917,0.369,10.52,25.0,2.2,1.0,0.041667,0.74406,3.47047,3.5295,2.6646,-0.8649
34,79,Banana,22.78,57.6,0.917,0.369,10.52,25.0,2.2,1.0,0.041667,0.83927,3.50544,3.4946,2.7569,-0.7376
34,80,Banana,22.74,60.84,0.917,0.369,10.52,25.0,2.2,1.0,0.041667,0.83664,3.5403,3.4597,2.5133,-0.9464
34,81,Banana,25.95,69.9,0.917,0.369,10.52,25.0,2.2,1.0,0.041667,1.07812,3.58522,3.4148,2.5368,-0.878
34,82,Banana,21.8,65.89,0.917,0.369,10.52,25.0,2.2,1.0,0.041667,0.77682,3.61759,3.3824,2.6263,-0.7561
34,83,Banana,28.7,70.31,0.917,0.369,10.52,25.0,2.2,1.0,0.041667,1.33828,3.67335,3.3266,2.5935,-0.7332
34,84,Banana,22.2,71.13,0.917,0.369,10.52,25.0,2.2,1.0,0.041667,0.80167,3.70675,3.2932,2.4577,-0.8355
34,85,Banana,23.87,73.21,0.917,0.369,10.52,25.0,2.2,1.0,0.041667,0.91493,3.74488,3.2551,2.2548,-1.0003
34,86,Banana,21.98,74.23,0.917,0.369,10.52,25.0,2.2,1.0,0.041667,0.78833,3.77772,3.2223,2.2804,-0.9419
34,87,Banana,24.4,81.86,0.917,0.369,10.52,25.0,2.2,1.0,0.041667,0.954,3.81747,3.1825,2.1802,-1.0023
34,88,Banana,24.97,83.25,0.917,0.369,10.52,25.0,2.2,1.0,0.041667,0.99791,3.85905,3.1409,1.86,-1.281
34,89,Banana,24.66,77.99,0.917,0.369,10.52,25.0,2.2,1.0,0.041667,0.97352,3.89962,3.1004,1.9969,-1.1035
34,90,Banana,27.47,80.74,0.917,0.369,10.52,25.0,2.2,1.0,0.041667,1.2148,3.95023,3.0498,1.9102,-1.1396
34,91,Banana,26.53,81.56,0.917,0.369,10.52,25.0,2.2,1.0,0.041667,1.12861,3.99726,3.0027,1.7803,-1.2224
34,92,Banana,27.26,83.13,0.917,0.369,10.52,25.0,2.2,1.0,0.041667,1.19474,4.04704,2.953,1.8965,-1.0564
34,93,Banana,27.13,84.43,0.917,0.369,10.52,25.0,2.2,1.0,0.041667,1.18265,4.09632,2.9037,1.5267,-1.377
34,94,Banana,28.13,76.68,0.917,0.369,10.52,25.0,2.2,1.0,0.041667,1.27984,4.14964,2.8504,1.6686,-1.1817
34,95,Banana,28.1,78.91,0.917,0.369,10.52,25.0,2.2,1.0,0.041667,1.27664,4.20284,2.7972,1.7646,-1.0325
35,0,Mango,27.57,72.65,0.949,0.624,16.06,25.0,2.1,1.0,0.041667,1.20972,0.05041,8.9496,9.0,0.0504
35,1,Mango,26.8,70.52,0.949,0.624,16.06,25.0,2.1,1.0,0.041667,1.14285,0.09802,8.902,8.9953,0.0933
35,2,Mango,25.7,57.13,0.949,0.624,16.06,25.0,2.1,1.0,0.041667,1.05346,0.14192,8.8581,9.0,0.1419
35,3,Mango,24.42,61.92,0.949,0.624,16.06,25.0,2.1,1.0,0.041667,0.95811,0.18184,8.8182,8.6938,-0.1243
35,4,Mango,26.13,75.58,0.949,0.624,16.06,25.0,2.1,1.0,0.041667,1.08775,0.22716,8.7728,8.8384,0.0656
35,5,Mango,24.39,61.8,0.949,0.624,16.06,25.0,2.1,1.0,0.041667,0.95577,0.26699,8.733,8.6775,-0.0555
35,6,Mango,22.92,59.58,0.949,0.624,16.06,25.0,2.1,1.0,0.041667,0.85687,0.30269,8.6973,8.5856,-0.1117
35,7,Mango,22.04,59.72,0.949,0.624,16.06,25.0,2.1,1.0,0.041667,0.80277,0.33614,8.6639,8.5227,-0.1412
35,8,Mango,22.38,65.32,0.949,0.624,16.06,25.0,2.1,1.0,0.041667,0.8231,0.37043,8.6296,8.4965,-0.1331
35,9,Mango,23.37,65.16,0.949,0.624,16.06,25.0,2.1,1.0,0.041667,0.88597,0.40735,8.5927,8.4212,-0.1714
35,10,Mango,21.51,67.92,0.949,0.624,16.06,25.0,2.1,1.0,0.041667,0.77168,0.4395,8.5605,8.5225,-0.038
35,11,Mango,21.5,70.78,0.949,0.624,16.06,25.0,2.1,1.0,0.041667,0.77142,0.47164,8.5284,8.3276,-0.2008
35,12,Mango,23.5,71.37,0.949,0.624,16.06,25.0,2.1,1.0,0.041667,0.89449,0.50891,8.4911,8.29,-0.2011
35,13,Mango,23.1,74.34,0.949,0.624,16.06,25.0,2.1,1.0,0.041667,0.86849,0.5451,8.4549,8.3162,-0.1387
35,14,Mango,23.53,83.6,0.949,0.624,16.06,25.0,2.1,1.0,0.041667,0.8965,0.58246,8.4175,8.1154,-0.3021
35,15,Mango,25.45,79.09,0.949,0.624,16.06,25.0,2.1,1.0,0.041667,1.03401,0.62554,8.3745,7.9925,-0.382
35,16,Mango,25.64,81.1,0.949,0.624,16.06,25.0,2.1,1.0,0.041667,1.04895,0.66925,8.3308,7.9483,-0.3825
35,17,Mango,26.61,78.42,0.949,0.624,16.06,25.0,2.1,1.0,0.041667,1.12724,0.71621,8.2838,7.949,-0.3347
35,18,Mango,27.54,84.53,0.949,0.624,16.06,25.0,2.1,1.0,0.041667,1.20721,0.76651,8.2335,7.7271,-0.5064
35,19,Mango,26.68,79.5,0.949,0.624,16.06,25.0,2.1,1.0,0.041667,1.13238,0.8137,8.1863,7.6674,-0.5189
35,20,Mango,29.44,79.99,0.949,0.624,16.06,25.0,2.1,1.0,0.041667,1.39002,0.87161,8.1284,7.732,-0.3964
35,21,Mango,26.83,79.21,0.949,0.624,16.06,25.0,2.1,1.0,0.041667,1.1457,0.91935,8.0806,7.5322,-0.5484
35,22,Mango,27.24,71.2,0.949,0.624,16.06,25.0,2.1,1.0,0.041667,1.18124,0.96857,8.0314,7.7832,-0.2483
35,23,Mango,27.98,76.87,0.949,0.624,16.06,25.0,2.1,1.0,0.041667,1.24784,1.02056,7.9794,7.6059,-0.3735
35,24,Mango,27.13,76.53,0.949,0.624,16.06,25.0,2.1,1.0,0.041667,1.17129,1.06937,7.9306,7.4072,-0.5234
35,25,Mango,27.13,75.76,0.949,0.624,16.06,25.0,2.1,1.0,0.041667,1.17124,1.11817,7.8818,7.441,-0.4408
35,26,Mango,27.19,65.77,0.949,0.624,16.06,25.0,2.1,1.0,0.041667,1.17636,1.16718,7.8328,7.2835,-0.5493
35,27,Mango,25.6,66.53,0.949,0.624,16.06,25.0,2.1,1.0,0.041667,1.04569,1.21075,7.7892,7.1909,-0.5983
35,28,Mango,23.24,61.65,0.949,0.624,16.06,25.0,2.1,1.0,0.041667,0.87779,1.24733,7.7527,7.1688,-0.5838
35,29,Mango,23.3,64.15,0.949,0.624,16.06,25.0,2.1,1.0,0.041667,0.88119,1.28405,7.716,7.1076,-0.6083
35,30,Mango,22.23,65.58,0.949,0.624,16.06,25.0,2.1,1.0,0.041667,0.81448,1.31798,7.682,7.0218,-0.6602
35,31,Mango,22.44,61.2,0.949,0.624,16.06,25.0,2.1,1.0,0.041667,0.82731,1.35245,7.6475,7.1018,-0.5457
35,32,Mango,23.14,68.96,0.949,0.624,16.06,25.0,2.1,1.0,0.041667,0.87079,1.38874,7.6113,6.9791,-0.6322
35,33,Mango,23.02,61.29,0.949,0.624,16.06,25.0,2.1,1.0,0.041667,0.86341,1.42471,7.5753,6.8144,-0.7608
35,34,Mango,19.97,62.36,0.949,0.624,16.06,25.0,2.1,1.0,0.041667,0.68847,1.4534,7.5466,6.872,-0.6746
35,35,Mango,22.16,70.66,0.949,0.624,16.06,25.0,2.1,1.0,0.041667,0.81027,1.48716,7.5128,6.5861,-0.9267
35,36,Mango,22.99,68.33,0.949,0.624,16.06,25.0,2.1,1.0,0.041667,0.86128,1.52305,7.477,6.6479,-0.8291
35,37,Mango,23.93,79.29,0.949,0.624,16.06,25.0,2.1,1.0,0.041667,0.92375,1.56154,7.4385,6.309,-1.1295
35,38,Mango,23.88,88.24,0.949,0.624,16.06,25.0,2.1,1.0,0.041667,0.91995,1.59987,7.4001,6.2331,-1.167
35,39,Mango,23.98,84.32,0.949,0.624,16.06,25.0,2.1,1.0,0.041667,0.9273,1.6385,7.3615,6.1387,-1.2228
35,40,Mango,27.15,83.08,0.949,0.624,16.06,25.0,2.1,1.0,0.041667,1.17296,1.68738,7.3126,6.3046,-1.0081
35,41,Mango,26.35,82.73,0.949,0.624,16.06,25.0,2.1,1.0,0.041667,1.105,1.73342,7.2666,6.2245,-1.0421
35,42,Mango,26.39,77.79,0.949,0.624,16.06,25.0,2.1,1.0,0.041667,1.10839,1.7796,7.2204,6.1743,-1.0461
35,43,Mango,26.25,84.49,0.949,0.624,16.06,25.0,2.1,1.0,0.041667,1.09732,1.82532,7.1747,5.9945,-1.1802
35,44,Mango,28.35,75.94,0.949,0.624,16.06,25.0,2.1,1.0,0.041667,1.28199,1.87874,7.1213,5.9429,-1.1784
35,45,Mango,27.39,81.98,0.949,0.624,16.06,25.0,2.1,1.0,0.041667,1.19408,1.92849,7.0715,5.9454,-1.1261
35,46,Mango,29.62,69.74,0.949,0.624,16.06,25.0,2.1,1.0,0.041667,1.40854,1.98718,7.0128,5.9898,-1.023
35,47,Mango,27.92,79.86,0.949,0.624,16.06,25.0,2.1,1.0,0.041667,1.24217,2.03894,6.9611,5.6645,-1.2965
35,48,Mango,28.92,71.44,0.949,0.624,16.06,25.0,2.1,1.0,0.041667,1.33777,2.09468,6.9053,5.8703,-1.0351
35,49,Mango,25.86,79.51,0.949,0.624,16.06,25.0,2.1,1.0,0.041667,1.06588,2.13909,6.8609,5.7004,-1.1605
35,50,Mango,26.69,64.76,0.949,0.624,16.06,25.0,2.1,1.0,0.041667,1.13386,2.18634,6.8137,5.7983,-1.0153
35,51,Mango,25.23,61.71,0.949,0.624,16.06,25.0,2.1,1.0,0.041667,1.01724,2.22872,6.7713,5.7105,-1.0608
35,52,Mango,30.46,58.53,0.949,0.624,16.06,25.0,2.1,1.0,0.041667,1.49977,2.29121,6.7088,5.5736,-1.1352
35,53,Mango,23.45,63.85,0.949,0.624,16.06,25.0,2.1,1.0,0.041667,0.89127,2.32835,6.6717,5.6082,-1.0634
35,54,Mango,22.59,63.97,0.949,0.624,16.06,25.0,2.1,1.0,0.041667,0.83629,2.36319,6.6368,5.4474,-1.1894
35,55,Mango,24.35,61.62,0.949,0.624,16.06,25.0,2.1,1.0,0.041667,0.95275,2.40289,6.5971,5.4127,-1.1844
35,56,Mango,22.61,65.05,0.949,0.624,16.06,25.0,2.1,1.0,0.041667,0.83748,2.43779,6.5622,5.2013,-1.3609
35,57,Mango,21.2,64.46,0.949,0.624,16.06,25.0,2.1,1.0,0.041667,0.75424,2.46921,6.5308,5.2871,-1.2437
35,58,Mango,22.22,69.46,0.949,0.624,16.06,25.0,2.1,1.0,0.041667,0.81342,2.5031,6.4969,5.2374,-1.2595
35,59,Mango,21.02,68.94,0.949,0.624,16.06,25.0,2.1,1.0,0.041667,0.74436,2.53412,6.4659,5.1962,-1.2697
35,60,Mango,27.64,73.95,0.949,0.624,16.06,25.0,2.1,1.0,0.041667,1.21656,2.58481,6.4152,5.0014,-1.4138
35,61,Mango,22.54,79.89,0.949,0.624,16.06,25.0,2.1,1.0,0.041667,0.83306,2.61952,6.3805,4.9781,-1.4024
35,62,Mango,24.77,75.41,0.949,0.624,16.06,25.0,2.1,1.0,0.041667,0.98291,2.66047,6.3395,4.693,-1.6465
35,63,Mango,24.53,79.28,0.949,0.624,16.06,25.0,2.1,1.0,0.041667,0.966,2.70072,6.2993,4.7965,-1.5028
35,64,Mango,26.33,83.28,0.949,0.624,16.06,25.0,2.1,1.0,0.041667,1.1041,2.74673,6.2533,4.7563,-1.497
35,65,Mango,26.7,86.57,0.949,0.624,16.06,25.0,2.1,1.0,0.041667,1.13464,2.79401,6.206,4.2423,-1.9637
35,66,Mango,27.76,81.18,0.949,0.624,16.06,25.0,2.1,1.0,0.041667,1.22764,2.84516,6.1548,4.526,-1.6289
35,67,Mango,25.81,79.16,0.949,0.624,16.06,25.0,2.1,1.0,0.041667,1.06226,2.88942,6.1106,4.4576,-1.653
35,68,Mango,29.16,77.21,0.949,0.624,16.06,25.0,2.1,1.0,0.041667,1.36136,2.94614,6.0539,4.5007,-1.5532
35,69,Mango,27.58,80.95,0.949,0.624,16.06,25.0,2.1,1.0,0.041667,1.21134,2.99661,6.0034,4.2347,-1.7687
35,70,Mango,28.59,80.61,0.949,0.624,16.06,25.0,2.1,1.0,0.041667,1.3048,3.05098,5.949,4.2277,-1.7214
35,71,Mango,28.21,73.65,0.949,0.624,16.06,25.0,2.1,1.0,0.041667,1.26879,3.10385,5.8962,4.1429,-1.7533
35,72,Mango,28.0,68.77,0.949,0.624,16.06,25.0,2.1,1.0,0.041667,1.24916,3.15589,5.8441,4.2628,-1.5813
35,73,Mango,26.26,71.54,0.949,0.624,16.06,25.0,2.1,1.0,0.041667,1.09776,3.20163,5.7984,4.1204,-1.678
35,74,Mango,26.07,70.03,0.949,0.624,16.06,25.0,2.1,1.0,0.041667,1.08252,3.24674,5.7533,3.8532,-1.9001
35,75,Mango,25.19,60.31,0.949,0.624,16.06,25.0,2.1,1.0,0.041667,1.01444,3.28901,5.711,4.0655,-1.6455
35,76,Mango,24.95,64.06,0.949,0.624,16.06,25.0,2.1,1.0,0.041667,0.99603,3.33051,5.6695,4.0166,-1.6529
35,77,Mango,26.89,63.1,0.949,0.624,16.06,25.0,2.1,1.0,0.041667,1.15027,3.37844,5.6216,3.938,-1.6835
35,78,Mango,22.73,66.53,0.949,0.624,16.06,25.0,2.1,1.0,0.041667,0.84497,3.41364,5.5864,3.9137,-1.6726
35,79,Mango,22.73,66.73,0.949,0.624,16.06,25.0,2.1,1.0,0.041667,0.84479,3.44884,5.5512,3.7525,-1.7986
35,80,Mango,22.0,63.82,0.949,0.624,16.06,25.0,2.1,1.0,0.041667,0.80068,3.48221,5.5178,3.8278,-1.69
35,81,Mango,20.95,62.09,0.949,0.624,16.06,25.0,2.1,1.0,0.041667,0.74041,3.51306,5.4869,3.6421,-1.8449
35,82,Mango,22.71,72.69,0.949,0.624,16.06,25.0,2.1,1.0,0.041667,0.84347,3.5482,5.4518,3.5444,-1.9074
35,83,Mango,23.13,70.64,0.949,0.624,16.06,25.0,2.1,1.0,0.041667,0.87042,3.58447,5.4155,3.4417,-1.9738
35,84,Mango,21.07,70.89,0.949,0.624,16.06,25.0,2.1,1.0,0.041667,0.74715,3.6156,5.3844,3.4713,-1.9131
35,85,Mango,23.08,82.11,0.949,0.624,16.06,25.0,2.1,1.0,0.041667,0.86717,3.65173,5.3483,3.1749,-2.1734
35,86,Mango,23.4,76.74,0.949,0.624,16.06,25.0,2.1,1.0,0.041667,0.8882,3.68874,5.3113,3.195,-2.1163
35,87,Mango,23.73,76.06,0.949,0.624,16.06,25.0,2.1,1.0,0.041667,0.91003,3.72666,5.2733,3.1567,-2.1166
35,88,Mango,25.86,77.62,0.949,0.624,16.06,25.0,2.1,1.0,0.041667,1.06605,3.77108,5.2289,2.9611,-2.2678
35,89,Mango,26.6,87.95,0.949,0.624,16.06,25.0,2.1,1.0,0.041667,1.1259,3.81799,5.182,2.4469,-2.7351
35,90,Mango,26.68,79.66,0.949,0.624,16.06,25.0,2.1,1.0,0.041667,1.13305,3.8652,5.1348,2.9897,-2.1451
35,91,Mango,27.76,85.09,0.949,0.624,16.06,25.0,2.1,1.0,0.041667,1.2269,3.91632,5.0837,2.6089,-2.4748
35,92,Mango,28.72,76.97,0.949,0.624,16.06,25.0,2.1,1.0,0.041667,1.31805,3.97124,5.0288,2.7158,-2.313
35,93,Mango,28.35,82.56,0.949,0.624,16.06,25.0,2.1,1.0,0.041667,1.28262,4.02468,4.9753,2.4853,-2.4901
35,94,Mango,29.66,78.31,0.949,0.624,16.06,25.0,2.1,1.0,0.041667,1.41315,4.08356,4.9164,2.6356,-2.2809
35,95,Mango,26.17,71.49,0.949,0.624,16.06,25.0,2.1,1.0,0.041667,1.09104,4.12902,4.871,2.5141,-2.3569
36,0,Tomato,21.0,69.34,0.99,0.538,25.49,25.0,2.0,1.0,0.041667,0.75802,0.03158,9.9684,10.0,0.0316
36,1,Tomato,21.81,74.22,0.99,0.538,25.49,25.0,2.0,1.0,0.041667,0.80142,0.06498,9.935,9.9515,0.0164
36,2,Tomato,21.67,74.97,0.99,0.538,25.49,25.0,2.0,1.0,0.041667,0.79377,0.09805,9.9019,10.0,0.0981
36,3,Tomato,23.62,75.14,0.99,0.538,25.49,25.0,2.0,1.0,0.041667,0.90893,0.13592,9.8641,9.9899,0.1259
36,4,Tomato,22.78,84.25,0.99,0.538,25.49,25.0,2.0,1.0,0.041667,0.85746,0.17165,9.8283,9.7694,-0.0589
36,5,Tomato,24.86,77.83,0.99,0.538,25.49,25.0,2.0,1.0,0.041667,0.99061,0.21293,9.7871,9.7427,-0.0444
36,6,Tomato,26.34,84.75,0.99,0.538,25.49,25.0,2.0,1.0,0.041667,1.09762,0.25866,9.7413,9.6168,-0.1245
36,7,Tomato,27.78,87.87,0.99,0.538,25.49,25.0,2.0,1.0,0.041667,1.21249,0.30918,9.6908,9.6234,-0.0674
36,8,Tomato,26.49,81.44,0.99,0.538,25.49,25.0,2.0,1.0,0.041667,1.10882,0.35538,9.6446,9.6333,-0.0114
36,9,Tomato,28.66,79.34,0.99,0.538,25.49,25.0,2.0,1.0,0.041667,1.28895,0.40909,9.5909,9.3968,-0.1941
36,10,Tomato,32.32,82.35,0.99,0.538,25.49,25.0,2.0,1.0,0.041667,1.66073,0.47828,9.5217,9.2089,-0.3128
36,11,Tomato,27.5,80.05,0.99,0.538,25.49,25.0,2.0,1.0,0.041667,1.18894,0.52782,9.4722,9.1436,-0.3286
36,12,Tomato,29.64,74.36,0.99,0.538,25.49,25.0,2.0,1.0,0.041667,1.37893,0.58528,9.4147,9.1962,-0.2186
36,13,Tomato,27.51,67.93,0.99,0.538,25.49,25.0,2.0,1.0,0.041667,1.18988,0.63486,9.3651,9.1089,-0.2562
36,14,Tomato,29.03,66.97,0.99,0.538,25.49,25.0,2.0,1.0,0.041667,1.32262,0.68997,9.31,9.0092,-0.3008
36,15,Tomato,26.5,65.24,0.99,0.538,25.49,25.0,2.0,1.0,0.041667,1.10975,0.73621,9.2638,8.9908,-0.273
36,16,Tomato,26.87,64.31,0.99,0.538,25.49,25.0,2.0,1.0,0.041667,1.13806,0.78362,9.2164,8.736,-0.4804
36,17,Tomato,24.58,65.22,0.99,0.538,25.49,25.0,2.0,1.0,0.041667,0.97155,0.82411,9.1759,8.7611,-0.4148
36,18,Tomato,22.65,62.29,0.99,0.538,25.49,25.0,2.0,1.0,0.041667,0.84996,0.85952,9.1405,8.6848,-0.4557
36,19,Tomato,22.88,58.57,0.99,0.538,25.49,25.0,2.0,1.0,0.041667,0.86346,0.8955,9.1045,8.7246,-0.3799
36,20,Tomato,21.91,62.59,0.99,0.538,25.49,25.0,2.0,1.0,0.041667,0.80739,0.92914,9.0709,8.5292,-0.5416
36,21,Tomato,21.79,66.12,0.99,0.538,25.49,25.0,2.0,1.0,0.041667,0.80025,0.96248,9.0375,8.4148,-0.6227
36,22,Tomato,20.94,66.14,0.99,0.538,25.49,25.0,2.0,1.0,0.041667,0.75445,0.99392,9.0061,8.3498,-0.6563
36,23,Tomato,20.91,70.96,0.99,0.538,25.49,25.0,2.0,1.0,0.041667,0.75289,1.02529,8.9747,8.2663,-0.7084
36,24,Tomato,22.64,68.24,0.99,0.538,25.49,25.0,2.0,1.0,0.041667,0.8489,1.06066,8.9393,8.1924,-0.747
36,25,Tomato,24.15,72.2,0.99,0.538,25.49,25.0,2.0,1.0,0.041667,0.94276,1.09994,8.9001,8.1136,-0.7865
36,26,Tomato,22.21,78.13,0.99,0.538,25.49,25.0,2.0,1.0,0.041667,0.82431,1.13429,8.8657,8.0347,-0.831
36,27,Tomato,24.38,78.53,0.99,0.538,25.49,25.0,2.0,1.0,0.041667,0.95772,1.17419,8.8258,8.1064,-0.7194
36,28,Tomato,22.95,79.53,0.99,0.538,25.49,25.0,2.0,1.0,0.041667,0.86736,1.21033,8.7897,7.8912,-0.8985
36,29,Tomato,26.14,78.6,0.99,0.538,25.49,25.0,2.0,1.0,0.041667,1.08223,1.25543,8.7446,7.6952,-1.0494
36,30,Tomato,26.18,89.91,0.99,0.538,25.49,25.0,2.0,1.0,0.041667,1.08501,1.30063,8.6994,7.5672,-1.1321
36,31,Tomato,26.66,82.69,0.99,0.538,25.49,25.0,2.0,1.0,0.041667,1.12191,1.34738,8.6526,7.573,-1.0796
36,32,Tomato,25.42,80.41,0.99,0.538,25.49,25.0,2.0,1.0,0.041667,1.02938,1.39027,8.6097,7.5428,-1.0669
36,33,Tomato,28.46,90.1,0.99,0.538,25.49,25.0,2.0,1.0,0.041667,1.27087,1.44322,8.5568,7.1872,-1.3696
36,34,Tomato,28.16,81.3,0.99,0.538,25.49,25.0,2.0,1.0,0.041667,1.24511,1.4951,8.5049,7.3739,-1.131
36,35,Tomato,26.6,78.96,0.99,0.538,25.49,25.0,2.0,1.0,0.041667,1.11716,1.54165,8.4583,7.3988,-1.0596
36,36,Tomato,27.62,76.43,0.99,0.538,25.49,25.0,2.0,1.0,0.041667,1.19933,1.59162,8.4084,7.3802,-1.0282
36,37,Tomato,27.64,70.54,0.99,0.538,25.49,25.0,2.0,1.0,0.041667,1.20069,1.64165,8.3583,7.313,-1.0453
36,38,Tomato,27.12,68.02,0.99,0.538,25.49,25.0,2.0,1.0,0.041667,1.15799,1.6899,8.3101,7.2029,-1.1072
36,39,Tomato,25.04,63.55,0.99,0.538,25.49,25.0,2.0,1.0,0.041667,1.0031,1.7317,8.2683,7.0719,-1.1964
36,40,Tomato,30.85,66.33,0.99,0.538,25.49,25.0,2.0,1.0,0.041667,1.5,1.7942,8.2058,7.0338,-1.172
36,41,Tomato,27.08,62.58,0.99,0.538,25.49,25.0,2.0,1.0,0.041667,1.15543,1.84234,8.1577,6.9947,-1.1629
36,42,Tomato,24.39,60.87,0.99,0.538,25.49,25.0,2.0,1.0,0.041667,0.95845,1.88228,8.1177,6.9425,-1.1752
36,43,Tomato,22.32,65.46,0.99,0.538,25.49,25.0,2.0,1.0,0.041667,0.83026,1.91687,8.0831,6.7782,-1.305
36,44,Tomato,23.21,62.5,0.99,0.538,25.49,25.0,2.0,1.0,0.041667,0.88312,1.95367,8.0463,6.701,-1.3453
36,45,Tomato,22.25,57.43,0.99,0.538,25.49,25.0,2.0,1.0,0.041667,0.82635,1.9881,8.0119,6.7853,-1.2266
36,46,Tomato,22.11,66.92,0.99,0.538,25.49,25.0,2.0,1.0,0.041667,0.8184,2.0222,7.9778,6.6612,-1.3166
36,47,Tomato,20.64,66.62,0.99,0.538,25.49,25.0,2.0,1.0,0.041667,0.73904,2.05299,7.947,6.6389,-1.3081
36,48,Tomato,20.75,67.98,0.99,0.538,25.49,25.0,2.0,1.0,0.041667,0.74483,2.08403,7.916,6.5014,-1.4145
36,49,Tomato,22.0,71.59,0.99,0.538,25.49,25.0,2.0,1.0,0.041667,0.8121,2.11786,7.8821,6.3691,-1.513
36,50,Tomato,22.8,71.78,0.99,0.538,25.49,25.0,2.0,1.0,0.041667,0.8586,2.15364,7.8464,6.433,-1.4134
36,51,Tomato,21.81,75.7,0.99,0.538,25.49,25.0,2.0,1.0,0.041667,0.80152,2.18704,7.813,6.2559,-1.5571
36,52,Tomato,22.77,80.83,0.99,0.538,25.49,25.0,2.0,1.0,0.041667,0.85688,2.22274,7.7773,5.9594,-1.8179
36,53,Tomato,25.68,83.02,0.99,0.538,25.49,25.0,2.0,1.0,0.041667,1.04858,2.26643,7.7336,5.9448,-1.7888
36,54,Tomato,30.82,80.4,0.99,0.538,25.49,25.0,2.0,1.0,0.041667,1.49742,2.32882,7.6712,5.9889,-1.6823
36,55,Tomato,26.37,79.55,0.99,0.538,25.49,25.0,2.0,1.0,0.041667,1.09925,2.37462,7.6254,5.9277,-1.6977
36,56,Tomato,26.65,86.7,0.99,0.538,25.49,25.0,2.0,1.0,0.041667,1.12154,2.42136,7.5786,5.6344,-1.9442
36,57,Tomato,28.23,82.86,0.99,0.538,25.49,25.0,2.0,1.0,0.041667,1.25119,2.47349,7.5265,5.5157,-2.0108
36,58,Tomato,30.06,79.14,0.99,0.538,25.49,25.0,2.0,1.0,0.041667,1.41979,2.53265,7.4674,5.4973,-1.9701
36,59,Tomato,26.48,80.35,0.99,0.538,25.49,25.0,2.0,1.0,0.041667,1.10798,2.57881,7.4212,5.6504,-1.7708
36,60,Tomato,32.17,94.83,0.99,0.538,25.49,25.0,2.0,1.0,0.041667,1.6434,2.64729,7.3527,4.2686,-3.0841
36,61,Tomato,25.34,76.59,0.99,0.538,25.49,25.0,2.0,1.0,0.041667,1.024,2.68995,7.31,5.4616,-1.8485
36,62,Tomato,26.71,70.42,0.99,0.538,25.49,25.0,2.0,1.0,0.041667,1.12615,2.73688,7.2631,5.2626,-2.0005
36,63,Tomato,25.49,69.02,0.99,0.538,25.49,25.0,2.0,1.0,0.041667,1.03465,2.77999,7.22,5.1916,-2.0284
36,64,Tomato,25.66,61.38,0.99,0.538,25.49,25.0,2.0,1.0,0.041667,1.04706,2.82361,7.1764,5.2604,-1.916
36,65,Tomato,25.07,67.64,0.99,0.538,25.49,25.0,2.0,1.0,0.041667,1.00485,2.86548,7.1345,5.2628,-1.8717
36,66,Tomato,22.09,64.89,0.99,0.538,25.49,25.0,2.0,1.0,0.041667,0.81735,2.89954,7.1005,5.088,-2.0125
36,67,Tomato,22.57,63.48,0.99,0.538,25.49,25.0,2.0,1.0,0.041667,0.84499,2.93475,7.0653,5.0239,-2.0413
36,68,Tomato,22.5,59.38,0.99,0.538,25.49,25.0,2.0,1.0,0.041667,0.84074,2.96978,7.0302,4.9746,-2.0556
36,69,Tomato,21.77,68.66,0.99,0.538,25.49,25.0,2.0,1.0,0.041667,0.79929,3.00308,6.9969,4.98,-2.0169
36,70,Tomato,22.93,63.63,0.99,0.538,25.49,25.0,2.0,1.0,0.041667,0.86647,3.03918,6.9608,4.9491,-2.0118
36,71,Tomato,21.95,70.63,0.99,0.538,25.49,25.0,2.0,1.0,0.041667,0.80938,3.07291,6.9271,4.6405,-2.2866
36,72,Tomato,23.55,71.43,0.99,0.538,25.49,25.0,2.0,1.0,0.041667,0.90441,3.11059,6.8894,4.6261,-2.2633
36,73,Tomato,22.18,70.57,0.99,0.538,25.49,25.0,2.0,1.0,0.041667,0.8223,3.14485,6.8551,4.3431,-2.512
36,74,Tomato,20.55,73.05,0.99,0.538,25.49,25.0,2.0,1.0,0.041667,0.73443,3.17546,6.8245,4.4231,-2.4015
36,75,Tomato,23.12,78.53,0.99,0.538,25.49,25.0,2.0,1.0,0.041667,0.87767,3.21203,6.788,4.2288,-2.5591
36,76,Tomato,25.39,83.96,0.99,0.538,25.49,25.0,2.0,1.0,0.041667,1.0275,3.25484,6.7452,3.9248,-2.8203
36,77,Tomato,25.12,81.76,0.99,0.538,25.49,25.0,2.0,1.0,0.041667,1.0082,3.29685,6.7032,4.0522,-2.651
36,78,Tomato,24.43,81.58,0.99,0.538,25.49,25.0,2.0,1.0,0.041667,0.96145,3.33691,6.6631,3.9949,-2.6682
36,79,Tomato,25.39,91.62,0.99,0.538,25.49,25.0,2.0,1.0,0.041667,1.0276,3.37972,6.6203,3.0631,-3.5572
36,80,Tomato,26.72,91.32,0.99,0.538,25.49,25.0,2.0,1.0,0.041667,1.12676,3.42667,6.5733,3.1088,-3.4645
36,81,Tomato,33.98,81.01,0.99,0.538,25.49,25.0,2.0,1.0,0.041667,1.86322,3.50431,6.4957,3.8324,-2.6633
36,82,Tomato,28.0,77.33,0.99,0.538,25.49,25.0,2.0,1.0,0.041667,1.23134,3.55561,6.4444,3.881,-2.5634
36,83,Tomato,27.21,77.16,0.99,0.538,25.49,25.0,2.0,1.0,0.041667,1.16578,3.60419,6.3958,3.62,-2.7758
36,84,Tomato,29.02,80.29,0.99,0.538,25.49,25.0,2.0,1.0,0.041667,1.32127,3.65924,6.3408,3.4127,-2.928
36,85,Tomato,26.58,73.84,0.99,0.538,25.49,25.0,2.0,1.0,0.041667,1.11581,3.70573,6.2943,3.5663,-2.728
36,86,Tomato,27.62,72.69,0.99,0.538,25.49,25.0,2.0,1.0,0.041667,1.19904,3.75569,6.2443,3.4506,-2.7937
36,87,Tomato,26.93,66.22,0.99,0.538,25.49,25.0,2.0,1.0,0.041667,1.14283,3.80331,6.1967,3.4054,-2.7912
36,88,Tomato,24.55,60.45,0.99,0.538,25.49,25.0,2.0,1.0,0.041667,0.96926,3.8437,6.1563,3.565,-2.5913
36,89,Tomato,24.96,61.6,0.99,0.538,25.49,25.0,2.0,1.0,0.041667,0.99697,3.88524,6.1148,3.4218,-2.6929
36,90,Tomato,23.96,54.64,0.99,0.538,25.49,25.0,2.0,1.0,0.041667,0.93052,3.92401,6.076,3.2953,-2.7807
36,91,Tomato,24.14,59.31,0.99,0.538,25.49,25.0,2.0,1.0,0.041667,0.94241,3.96327,6.0367,3.3873,-2.6495
36,92,Tomato,23.2,65.48,0.99,0.538,25.49,25.0,2.0,1.0,0.041667,0.88244,4.00004,6.0,3.2026,-2.7974
36,93,Tomato,23.02,62.25,0.99,0.538,25.49,25.0,2.0,1.0,0.041667,0.87166,4.03636,5.9636,3.0701,-2.8935
36,94,Tomato,21.03,57.22,0.99,0.538,25.49,25.0,2.0,1.0,0.041667,0.75935,4.068,5.932,3.1883,-2.7437
36,95,Tomato,22.78,69.63,0.99,0.538,25.49,25.0,2.0,1.0,0.041667,0.85708,4.10371,5.8963,2.9418,-2.9545
37,0,Tomato,26.58,80.65,0.934,0.49,31.51,25.0,2.0,1.0,0.041667,1.11609,0.0465,9.9535,9.9521,-0.0014
37,1,Tomato,27.65,80.4,0.934,0.49,31.51,25.0,2.0,1.0,0.041667,1.20176,0.09658,9.9034,9.9951,0.0917
37,2,Tomato,28.82,82.61,0.934,0.49,31.51,25.0,2.0,1.0,0.041667,1.3033,0.15088,9.8491,9.7045,-0.1446
37,3,Tomato,27.9,75.55,0.934,0.49,31.51,25.0,2.0,1.0,0.041667,1.2229,0.20184,9.7982,9.713,-0.0851
37,4,Tomato,29.53,83.5,0.934,0.49,31.51,25.0,2.0,1.0,0.041667,1.36865,0.25886,9.7411,9.5253,-0.2159
37,5,Tomato,27.69,72.24,0.934,0.49,31.51,25.0,2.0,1.0,0.041667,1.20491,0.30907,9.6909,9.4946,-0.1963
37,6,Tomato,27.65,78.01,0.934,0.49,31.51,25.0,2.0,1.0,0.041667,1.20194,0.35915,9.6409,9.3326,-0.3082
37,7,Tomato,26.5,61.87,0.934,0.49,31.51,25.0,2.0,1.0,0.041667,1.10938,0.40537,9.5946,9.4466,-0.148
37,8,Tomato,29.24,67.39,0.934,0.49,31.51,25.0,2.0,1.0,0.041667,1.3419,0.46128,9.5387,9.3488,-0.19
37,9,Tomato,24.29,62.4,0.934,0.49,31.51,25.0,2.0,1.0,0.041667,0.95184,0.50094,9.4991,9.2458,-0.2532
37,10,Tomato,25.08,65.76,0.934,0.49,31.51,25.0,2.0,1.0,0.041667,1.00547,0.54284,9.4572,9.0786,-0.3786
37,11,Tomato,25.4,54.83,0.934,0.49,31.51,25.0,2.0,1.0,0.041667,1.02803,0.58567,9.4143,8.9815,-0.4328
37,12,Tomato,21.9,62.76,0.934,0.49,31.51,25.0,2.0,1.0,0.041667,0.80691,0.6193,9.3807,8.9106,-0.4701
37,13,Tomato,23.9,61.18,0.934,0.49,31.51,25.0,2.0,1.0,0.041667,0.92676,0.65791,9.3421,8.8949,-0.4472
37,14,Tomato,22.21,61.0,0.934,0.49,31.51,25.0,2.0,1.0,0.041667,0.82408,0.69225,9.3078,8.8566,-0.4511
37,15,Tomato,22.64,65.04,0.934,0.49,31.51,25.0,2.0,1.0,0.041667,0.84894,0.72762,9.2724,8.5653,-0.7071
37,16,Tomato,21.46,65.54,0.934,0.49,31.51,25.0,2.0,1.0,0.041667,0.78239,0.76022,9.2398,8.6467,-0.5931
37,17,Tomato,22.53,68.58,0.934,0.49,31.51,25.0,2.0,1.0,0.041667,0.84274,0.79533,9.2047,8.5773,-0.6273
37,18,Tomato,22.86,69.27,0.934,0.49,31.51,25.0,2.0,1.0,0.041667,0.86188,0.83124,9.1688,8.4445,-0.7242
37,19,Tomato,23.88,74.52,0.934,0.49,31.51,25.0,2.0,1.0,0.041667,0.92525,0.8698,9.1302,8.3959,-0.7343
37,20,Tomato,25.19,79.62,0.934,0.49,31.51,25.0,2.0,1.0,0.041667,1.01353,0.91203,9.088,8.3019,-0.786
37,21,Tomato,22.79,82.97,0.934,0.49,31.51,25.0,2.0,1.0,0.041667,0.85819,0.94778,9.0522,8.1286,-0.9236
37,22,Tomato,26.35,77.92,0.934,0.49,31.51,25.0,2.0,1.0,0.041667,1.09844,0.99355,9.0064,8.1635,-0.843
37,23,Tomato,26.18,79.19,0.934,0.49,31.51,25.0,2.0,1.0,0.041667,1.08488,1.03876,8.9612,8.1864,-0.7748
37,24,Tomato,26.31,83.55,0.934,0.49,31.51,25.0,2.0,1.0,0.041667,1.09477,1.08437,8.9156,7.8616,-1.054
37,25,Tomato,27.25,78.28,0.934,0.49,31.51,25.0,2.0,1.0,0.041667,1.16914,1.13309,8.8669,7.9158,-0.9511
37,26,Tomato,28.86,83.31,0.934,0.49,31.51,25.0,2.0,1.0,0.041667,1.30647,1.18752,8.8125,7.7892,-1.0232
37,27,Tomato,29.24,75.89,0.934,0.49,31.51,25.0,2.0,1.0,0.041667,1.34161,1.24342,8.7566,7.7208,-1.0358
37,28,Tomato,26.39,77.64,0.934,0.49,31.51,25.0,2.0,1.0,0.041667,1.1014,1.28931,8.7107,7.6567,-1.054
37,29,Tomato,27.66,85.99,0.934,0.49,31.51,25.0,2.0,1.0,0.041667,1.20227,1.33941,8.6606,7.4245,-1.2361
37,30,Tomato,26.78,70.93,0.934,0.49,31.51,25.0,2.0,1.0,0.041667,1.13142,1.38655,8.6134,7.3134,-1.3001
37,31,Tomato,27.02,72.62,0.934,0.49,31.51,25.0,2.0,1.0,0.041667,1.15005,1.43447,8.5655,7.3746,-1.1909
37,32,Tomato,27.26,63.97,0.934,0.49,31.51,25.0,2.0,1.0,0.041667,1.16974,1.48321,8.5168,7.3827,-1.1341
37,33,Tomato,24.5,60.95,0.934,0.49,31.51,25.0,2.0,1.0,0.041667,0.9659,1.52345,8.4765,7.2063,-1.2703
37,34,Tomato,25.38,61.06,0.934,0.49,31.51,25.0,2.0,1.0,0.041667,1.0267,1.56623,8.4338,7.1037,-1.3301
37,35,Tomato,23.86,64.45,0.934,0.49,31.51,25.0,2.0,1.0,0.041667,0.92414,1.60474,8.3953,7.1234,-1.2719
37,36,Tomato,23.99,55.68,0.934,0.49,31.51,25.0,2.0,1.0,0.041667,0.93218,1.64358,8.3564,6.8927,-1.4637
37,37,Tomato,22.78,65.64,0.934,0.49,31.51,25.0,2.0,1.0,0.041667,0.85738,1.6793,8.3207,6.9529,-1.3678
37,38,Tomato,25.67,62.85,0.934,0.49,31.51,25.0,2.0,1.0,0.041667,1.0473,1.72294,8.2771,6.8975,-1.3795
37,39,Tomato,21.32,61.72,0.934,0.49,31.51,25.0,2.0,1.0,0.041667,0.7749,1.75523,8.2448,6.8774,-1.3673
37,40,Tomato,27.78,67.81,0.934,0.49,31.51,25.0,2.0,1.0,0.041667,1.21216,1.80574,8.1943,6.6691,-1.5251
37,41,Tomato,22.6,72.42,0.934,0.49,31.51,25.0,2.0,1.0,0.041667,0.84673,1.84102,8.159,6.5065,-1.6525
37,42,Tomato,21.78,71.49,0.934,0.49,31.51,25.0,2.0,1.0,0.041667,0.79969,1.87434,8.1257,6.4821,-1.6436
37,43,Tomato,22.77,75.49,0.934,0.49,31.51,25.0,2.0,1.0,0.041667,0.85688,1.91004,8.09,6.4472,-1.6428
37,44,Tomato,24.71,78.14,0.934,0.49,31.51,25.0,2.0,1.0,0.041667,0.98024,1.95088,8.0491,6.243,-1.8062
37,45,Tomato,26.59,78.94,0.934,0.49,31.51,25.0,2.0,1.0,0.041667,1.11633,1.9974,8.0026,6.0806,-1.922
37,46,Tomato,25.47,77.62,0.934,0.49,31.51,25.0,2.0,1.0,0.041667,1.03279,2.04043,7.9596,6.1899,-1.7696
37,47,Tomato,29.38,81.4,0.934,0.49,31.51,25.0,2.0,1.0,0.041667,1.35454,2.09687,7.9031,6.1343,-1.7688
37,48,Tomato,27.69,78.99,0.934,0.49,31.51,25.0,2.0,1.0,0.041667,1.2047,2.14707,7.8529,5.895,-1.9579
37,49,Tomato,28.25,83.11,0.934,0.49,31.51,25.0,2.0,1.0,0.041667,1.25251,2.19925,7.8007,5.8602,-1.9406
37,50,Tomato,28.46,78.5,0.934,0.49,31.51,25.0,2.0,1.0,0.041667,1.27072,2.2522,7.7478,5.6716,-2.0762
37,51,Tomato,28.26,85.83,0.934,0.49,31.51,25.0,2.0,1.0,0.041667,1.2536,2.30443,7.6956,5.4528,-2.2427
37,52,Tomato,28.32,76.63,0.934,0.49,31.51,25.0,2.0,1.0,0.041667,1.25885,2.35689,7.6431,5.5879,-2.0553
37,53,Tomato,28.56,74.49,0.934,0.49,31.51,25.0,2.0,1.0,0.041667,1.28003,2.41022,7.5898,5.6966,-1.8932
37,54,Tomato,27.22,72.91,0.934,0.49,31.51,25.0,2.0,1.0,0.041667,1.16625,2.45881,7.5412,5.4237,-2.1175
37,55,Tomato,26.26,68.49,0.934,0.49,31.51,25.0,2.0,1.0,0.041667,1.09134,2.50429,7.4957,5.4303,-2.0654
37,56,Tomato,26.18,68.06,0.934,0.49,31.51,25.0,2.0,1.0,0.041667,1.08501,2.54949,7.4505,5.2851,-2.1654
37,57,Tomato,27.37,66.48,0.934,0.49,31.51,25.0,2.0,1.0,0.041667,1.17835,2.59859,7.4014,5.2543,-2.1471
37,58,Tomato,24.36,61.65,0.934,0.49,31.51,25.0,2.0,1.0,0.041667,0.95654,2.63845,7.3616,5.2729,-2.0887
37,59,Tomato,25.36,61.15,0.934,0.49,31.51,25.0,2.0,1.0,0.041667,1.02559,2.68118,7.3188,5.1693,-2.1495
37,60,Tomato,23.41,58.41,0.934,0.49,31.51,25.0,2.0,1.0,0.041667,0.89556,2.7185,7.2815,5.1767,-2.1048
37,61,Tomato,23.58,58.0,0.934,0.49,31.51,25.0,2.0,1.0,0.041667,0.90653,2.75627,7.2437,4.9544,-2.2893
37,62,Tomato,22.73,58.84,0.934,0.49,31.51,25.0,2.0,1.0,0.041667,0.85412,2.79186,7.2081,4.9051,-2.3031
37,63,Tomato,21.71,68.65,0.934,0.49,31.51,25.0,2.0,1.0,0.041667,0.79585,2.82502,7.175,4.6878,-2.4872
37,64,Tomato,23.0,64.69,0.934,0.49,31.51,25.0,2.0,1.0,0.041667,0.8708,2.8613,7.1387,4.7011,-2.4376
37,65,Tomato,22.73,67.39,0.934,0.49,31.51,25.0,2.0,1.0,0.041667,0.85454,2.89691,7.1031,4.6645,-2.4386
37,66,Tomato,22.54,73.25,0.934,0.49,31.51,25.0,2.0,1.0,0.041667,0.84295,2.93203,7.068,4.5352,-2.5328
37,67,Tomato,23.04,73.47,0.934,0.49,31.51,25.0,2.0,1.0,0.041667,0.87324,2.96841,7.0316,4.6111,-2.4204
37,68,Tomato,22.69,77.32,0.934,0.49,31.51,25.0,2.0,1.0,0.041667,0.85186,3.00391,6.9961,4.3312,-2.6649
37,69,Tomato,23.83,73.6,0.934,0.49,31.51,25.0,2.0,1.0,0.041667,0.92212,3.04233,6.9577,4.3704,-2.5873
37,70,Tomato,23.68,76.52,0.934,0.49,31.51,25.0,2.0,1.0,0.041667,0.91264,3.08036,6.9196,4.2453,-2.6744
37,71,Tomato,25.07,82.59,0.934,0.49,31.51,25.0,2.0,1.0,0.041667,1.00477,3.12222,6.8778,3.9373,-2.9405
37,72,Tomato,30.31,80.48,0.934,0.49,31.51,25.0,2.0,1.0,0.041667,1.44495,3.18243,6.8176,3.9155,-2.9021
37,73,Tomato,27.67,80.97,0.934,0.49,31.51,25.0,2.0,1.0,0.041667,1.20371,3.23258,6.7674,3.9628,-2.8046
37,74,Tomato,27.31,78.93,0.934,0.49,31.51,25.0,2.0,1.0,0.041667,1.17372,3.28149,6.7185,3.7004,-3.0181
37,75,Tomato,29.95,77.91,0.934,0.49,31.51,25.0,2.0,1.0,0.041667,1.40919,3.3402,6.6598,3.8003,-2.8595
37,76,Tomato,26.48,78.03,0.934,0.49,31.51,25.0,2.0,1.0,0.041667,1.10822,3.38638,6.6136,3.5047,-3.109
37,77,Tomato,27.96,80.24,0.934,0.49,31.51,25.0,2.0,1.0,0.041667,1.22773,3.43754,6.5625,3.4277,-3.1348
37,78,Tomato,26.48,74.33,0.934,0.49,31.51,25.0,2.0,1.0,0.041667,1.10827,3.48371,6.5163,3.3396,-3.1766
37,79,Tomato,27.06,64.51,0.934,0.49,31.51,25.0,2.0,1.0,0.041667,1.15366,3.53178,6.4682,3.4813,-2.9869
37,80,Tomato,27.18,68.94,0.934,0.49,31.51,25.0,2.0,1.0,0.041667,1.16323,3.58025,6.4197,3.3001,-3.1197
37,81,Tomato,25.56,63.97,0.934,0.49,31.51,25.0,2.0,1.0,0.041667,1.03986,3.62358,6.3764,3.2608,-3.1156
37,82,Tomato,30.51,68.95,0.934,0.49,31.51,25.0,2.0,1.0,0.041667,1.46469,3.68461,6.3154,3.2949,-3.0205
37,83,Tomato,25.27,60.72,0.934,0.49,31.51,25.0,2.0,1.0,0.041667,1.01877,3.72706,6.2729,3.2042,-3.0688
37,84,Tomato,23.52,58.77,0.934,0.49,31.51,25.0,2.0,1.0,0.041667,0.90246,3.76466,6.2353,3.1522,-3.0831
37,85,Tomato,24.35,69.5,0.934,0.49,31.51,25.0,2.0,1.0,0.041667,0.95614,3.8045,6.1955,2.9538,-3.2417
37,86,Tomato,22.06,58.88,0.934,0.49,31.51,25.0,2.0,1.0,0.041667,0.81567,3.83848,6.1615,3.0312,-3.1303
37,87,Tomato,22.45,64.02,0.934,0.49,31.51,25.0,2.0,1.0,0.041667,0.83803,3.8734,6.1266,2.7935,-3.3331
37,88,Tomato,22.19,67.39,0.934,0.49,31.51,25.0,2.0,1.0,0.041667,0.8228,3.90769,6.0923,2.7449,-3.3474
37,89,Tomato,21.4,68.15,0.934,0.49,31.51,25.0,2.0,1.0,0.041667,0.77899,3.94014,6.0599,2.5948,-3.465
37,90,Tomato,21.51,71.23,0.934,0.49,31.51,25.0,2.0,1.0,0.041667,0.78512,3.97286,6.0271,2.5493,-3.4778
37,91,Tomato,22.85,76.02,0.934,0.49,31.51,25.0,2.0,1.0,0.041667,0.86126,4.00874,5.9913,2.4928,-3.4985
37,92,Tomato,23.9,78.21,0.934,0.49,31.51,25.0,2.0,1.0,0.041667,0.92684,4.04736,5.9526,2.3087,-3.644
37,93,Tomato,25.34,79.98,0.934,0.49,31.51,25.0,2.0,1.0,0.041667,1.02377,4.09002,5.91,2.1722,-3.7377
37,94,Tomato,24.69,85.49,0.934,0.49,31.51,25.0,2.0,1.0,0.041667,0.9789,4.13081,5.8692,1.6415,-4.2277
37,95,Tomato,26.35,85.35,0.934,0.49,31.51,25.0,2.0,1.0,0.041667,1.09777,4.17655,5.8235,1.673,-4.1505
38,0,Banana,27.94,79.17,0.949,0.69,25.06,25.0,2.2,1.0,0.041667,1.26102,0.05254,6.9475,6.9167,-0.0307
38,1,Banana,29.66,77.41,0.949,0.69,25.06,25.0,2.2,1.0,0.041667,1.44451,0.11273,6.8873,6.9369,0.0496
38,2,Banana,32.08,69.45,0.949,0.69,25.06,25.0,2.2,1.0,0.041667,1.7474,0.18554,6.8145,6.7501,-0.0644
38,3,Banana,32.18,71.8,0.949,0.69,25.06,25.0,2.2,1.0,0.041667,1.76162,0.25894,6.7411,6.6678,-0.0733
38,4,Banana,26.07,65.97,0.949,0.69,25.06,25.0,2.2,1.0,0.041667,1.0883,0.30429,6.6957,6.4619,-0.2338
38,5,Banana,25.99,61.19,0.949,0.69,25.06,25.0,2.2,1.0,0.041667,1.08082,0.34932,6.6507,6.4451,-0.2056
38,6,Banana,25.55,63.02,0.949,0.69,25.06,25.0,2.2,1.0,0.041667,1.04414,0.39283,6.6072,6.3904,-0.2168
38,7,Banana,24.45,62.57,0.949,0.69,25.06,25.0,2.2,1.0,0.041667,0.95727,0.43271,6.5673,6.3945,-0.1727
38,8,Banana,23.93,58.59,0.949,0.69,25.06,25.0,2.2,1.0,0.041667,0.91912,0.47101,6.529,6.2878,-0.2412
38,9,Banana,22.48,60.39,0.949,0.69,25.06,25.0,2.2,1.0,0.041667,0.81965,0.50516,6.4948,6.1652,-0.3297
38,10,Banana,23.09,67.76,0.949,0.69,25.06,25.0,2.2,1.0,0.041667,0.8605,0.54101,6.459,6.1543,-0.3047
38,11,Banana,22.42,63.89,0.949,0.69,25.06,25.0,2.2,1.0,0.041667,0.81609,0.57502,6.425,6.0411,-0.3839
38,12,Banana,21.01,62.96,0.949,0.69,25.06,25.0,2.2,1.0,0.041667,0.73026,0.60545,6.3946,5.935,-0.4596
38,13,Banana,21.02,63.09,0.949,0.69,25.06,25.0,2.2,1.0,0.041667,0.73045,0.63588,6.3641,5.8247,-0.5394
38,14,Banana,22.83,72.96,0.949,0.69,25.06,25.0,2.2,1.0,0.041667,0.84284,0.671,6.329,5.8251,-0.5039
38,15,Banana,23.09,77.3,0.949,0.69,25.06,25.0,2.2,1.0,0.041667,0.86012,0.70684,6.2932,5.7729,-0.5203
38,16,Banana,24.89,81.12,0.949,0.69,25.06,25.0,2.2,1.0,0.041667,0.99126,0.74814,6.2519,5.7081,-0.5437
38,17,Banana,23.65,77.54,0.949,0.69,25.06,25.0,2.2,1.0,0.041667,0.89901,0.7856,6.2144,5.5419,-0.6725
38,18,Banana,25.46,80.53,0.949,0.69,25.06,25.0,2.2,1.0,0.041667,1.03679,0.8288,6.1712,5.4973,-0.6739
38,19,Banana,26.53,83.67,0.949,0.69,25.06,25.0,2.2,1.0,0.041667,1.12857,0.87582,6.1242,5.3043,-0.8199
38,20,Banana,30.83,85.28,0.949,0.69,25.06,25.0,2.2,1.0,0.041667,1.58332,0.94179,6.0582,5.3056,-0.7526
38,21,Banana,26.09,76.71,0.949,0.69,25.06,25.0,2.2,1.0,0.041667,1.08945,0.98719,6.0128,5.3147,-0.6981
38,22,Banana,27.79,84.5,0.949,0.69,25.06,25.0,2.2,1.0,0.041667,1.24588,1.0391,5.9609,5.049,-0.9119
38,23,Banana,27.49,77.41,0.949,0.69,25.06,25.0,2.2,1.0,0.041667,1.21728,1.08982,5.9102,5.0636,-0.8466
38,24,Banana,26.27,79.34,0.949,0.69,25.06,25.0,2.2,1.0,0.041667,1.10541,1.13588,5.8641,4.8204,-1.0438
38,25,Banana,27.4,77.13,0.949,0.69,25.06,25.0,2.2,1.0,0.041667,1.2084,1.18623,5.8138,4.9927,-0.821
38,26,Banana,28.7,72.75,0.949,0.69,25.06,25.0,2.2,1.0,0.041667,1.33884,1.24201,5.758,4.9968,-0.7612
38,27,Banana,27.85,72.14,0.949,0.69,25.06,25.0,2.2,1.0,0.041667,1.25228,1.29419,5.7058,4.8512,-0.8546
38,28,Banana,26.96,65.33,0.949,0.69,25.06,25.0,2.2,1.0,0.041667,1.167,1.34282,5.6572,4.5306,-1.1266
38,29,Banana,26.66,65.27,0.949,0.69,25.06,25.0,2.2,1.0,0.041667,1.14026,1.39033,5.6097,4.6055,-1.0042
38,30,Banana,25.29,64.55,0.949,0.69,25.06,25.0,2.2,1.0,0.041667,1.02306,1.43295,5.567,4.581,-0.9861
38,31,Banana,24.87,61.09,0.949,0.69,25.06,25.0,2.2,1.0,0.041667,0.99018,1.47421,5.5258,4.4874,-1.0384
38,32,Banana,23.88,64.01,0.949,0.69,25.06,25.0,2.2,1.0,0.041667,0.91571,1.51237,5.4876,4.3697,-1.118
38,33,Banana,23.48,66.57,0.949,0.69,25.06,25.0,2.2,1.0,0.041667,0.88671,1.54931,5.4507,4.3271,-1.1236
38,34,Banana,24.6,62.11,0.949,0.69,25.06,25.0,2.2,1.0,0.041667,0.969,1.58969,5.4103,4.167,-1.2433
38,35,Banana,21.49,66.91,0.949,0.69,25.06,25.0,2.2,1.0,0.041667,0.75829,1.62128,5.3787,4.1512,-1.2275
38,36,Banana,19.99,65.84,0.949,0.69,25.06,25.0,2.2,1.0,0.041667,0.67382,1.64936,5.3506,4.2184,-1.1322
38,37,Banana,22.29,68.67,0.949,0.69,25.06,25.0,2.2,1.0,0.041667,0.80735,1.683,5.317,3.9076,-1.4094
38,38,Banana,22.56,77.25,0.949,0.69,25.06,25.0,2.2,1.0,0.041667,0.82517,1.71738,5.2826,3.8548,-1.4278
38,39,Banana,23.74,72.61,0.949,0.69,25.06,25.0,2.2,1.0,0.041667,0.90529,1.7551,5.2449,3.8656,-1.3793
38,40,Banana,23.82,73.82,0.949,0.69,25.06,25.0,2.2,1.0,0.041667,0.91114,1.79307,5.2069,3.83,-1.3769
38,41,Banana,25.37,74.0,0.949,0.69,25.06,25.0,2.2,1.0,0.041667,1.02972,1.83597,5.164,3.715,-1.449
38,42,Banana,25.0,80.36,0.949,0.69,25.06,25.0,2.2,1.0,0.041667,1.00037,1.87765,5.1223,3.5649,-1.5574
38,43,Banana,25.87,75.51,0.949,0.69,25.06,25.0,2.2,1.0,0.041667,1.07117,1.92229,5.0777,3.5072,-1.5705
38,44,Banana,25.27,81.29,0.949,0.69,25.06,25.0,2.2,1.0,0.041667,1.02125,1.96484,5.0352,3.3211,-1.7141
38,45,Banana,27.26,82.73,0.949,0.69,25.06,25.0,2.2,1.0,0.041667,1.19477,2.01462,4.9854,3.1865,-1.7989
38,46,Banana,28.4,84.13,0.949,0.69,25.06,25.0,2.2,1.0,0.041667,1.30706,2.06908,4.9309,3.0478,-1.8831
38,47,Banana,27.55,80.99,0.949,0.69,25.06,25.0,2.2,1.0,0.041667,1.22254,2.12002,4.88,3.0711,-1.8088
38,48,Banana,26.96,81.67,0.949,0.69,25.06,25.0,2.2,1.0,0.041667,1.16672,2.16863,4.8314,2.964,-1.8673
38,49,Banana,26.91,70.75,0.949,0.69,25.06,25.0,2.2,1.0,0.041667,1.16207,2.21705,4.7829,3.0223,-1.7607
38,50,Banana,27.42,71.99,0.949,0.69,25.06,25.0,2.2,1.0,0.041667,1.21021,2.26748,4.7325,3.0154,-1.7172
38,51,Banana,32.8,66.5,0.949,0.69,25.06,25.0,2.2,1.0,0.041667,1.84911,2.34452,4.6555,2.845,-1.8105
38,52,Banana,31.0,70.66,0.949,0.69,25.06,25.0,2.2,1.0,0.041667,1.60528,2.41141,4.5886,2.7188,-1.8698
38,53,Banana,27.37,66.67,0.949,0.69,25.06,25.0,2.2,1.0,0.041667,1.20509,2.46162,4.5384,2.7455,-1.7929
38,54,Banana,26.75,65.04,0.949,0.69,25.06,25.0,2.2,1.0,0.041667,1.14811,2.50946,4.4905,2.4893,-2.0013
38,55,Banana,24.62,60.55,0.949,0.69,25.06,25.0,2.2,1.0,0.041667,0.97049,2.5499,4.4501,2.5115,-1.9386
38,56,Banana,23.18,65.11,0.949,0.69,25.06,25.0,2.2,1.0,0.041667,0.86611,2.58599,4.414,2.3912,-2.0228
38,57,Banana,22.7,66.57,0.949,0.69,25.06,25.0,2.2,1.0,0.041667,0.83419,2.62074,4.3793,2.5076,-1.8717
38,58,Banana,23.41,72.46,0.949,0.69,25.06,25.0,2.2,1.0,0.041667,0.882,2.65749,4.3425,2.1886,-2.1539
38,59,Banana,24.22,62.09,0.949,0.69,25.06,25.0,2.2,1.0,0.041667,0.94,2.69666,4.3033,2.2648,-2.0385
38,60,Banana,20.96,68.0,0.949,0.69,25.06,25.0,2.2,1.0,0.041667,0.7273,2.72696,4.273,2.1513,-2.1218
38,61,Banana,22.07,65.22,0.949,0.69,25.06,25.0,2.2,1.0,0.041667,0.79369,2.76004,4.24,2.1425,-2.0975
38,62,Banana,22.54,69.81,0.949,0.69,25.06,25.0,2.2,1.0,0.041667,0.82348,2.79435,4.2057,2.0204,-2.1852
38,63,Banana,23.47,78.24,0.949,0.69,25.06,25.0,2.2,1.0,0.041667,0.88642,2.83128,4.1687,1.8034,-2.3653
38,64,Banana,24.94,74.18,0.949,0.69,25.06,25.0,2.2,1.0,0.041667,0.99544,2.87276,4.1272,1.8074,-2.3199
38,65,Banana,24.61,85.83,0.949,0.69,25.06,25.0,2.2,1.0,0.041667,0.96962,2.91316,4.0868,1.3946,-2.6923
38,66,Banana,25.22,83.89,0.949,0.69,25.06,25.0,2.2,1.0,0.041667,1.01773,2.95556,4.0444,1.4419,-2.6026
38,67,Banana,25.93,84.3,0.949,0.69,25.06,25.0,2.2,1.0,0.041667,1.07566,3.00038,3.9996,1.3957,-2.6039
38,68,Banana,29.76,81.59,0.949,0.69,25.06,25.0,2.2,1.0,0.041667,1.45525,3.06102,3.939,1.2154,-2.7236
38,69,Banana,27.6,81.86,0.949,0.69,25.06,25.0,2.2,1.0,0.041667,1.22796,3.11218,3.8878,1.2368,-2.651
38,70,Banana,28.65,84.93,0.949,0.69,25.06,25.0,2.2,1.0,0.041667,1.33372,3.16775,3.8322,0.9969,-2.8354
38,71,Banana,33.02,77.41,0.949,0.69,25.06,25.0,2.2,1.0,0.041667,1.88206,3.24617,3.7538,1.1382,-2.6156
38,72,Banana,28.43,75.56,0.949,0.69,25.06,25.0,2.2,1.0,0.041667,1.31016,3.30076,3.6992,1.0472,-2.652
38,73,Banana,28.26,73.93,0.949,0.69,25.06,25.0,2.2,1.0,0.041667,1.29355,3.35466,3.6453,0.7896,-2.8557
38,74,Banana,28.15,78.25,0.949,0.69,25.06,25.0,2.2,1.0,0.041667,1.28231,3.40809,3.5919,0.806,-2.7859
38,75,Banana,26.36,70.28,0.949,0.69,25.06,25.0,2.2,1.0,0.041667,1.11358,3.45449,3.5455,0.8226,-2.7229
38,76,Banana,26.03,64.26,0.949,0.69,25.06,25.0,2.2,1.0,0.041667,1.08441,3.49967,3.5003,0.7421,-2.7582
38,77,Banana,26.65,62.6,0.949,0.69,25.06,25.0,2.2,1.0,0.041667,1.1393,3.54715,3.4529,0.8438,-2.6091
38,78,Banana,25.86,63.69,0.949,0.69,25.06,25.0,2.2,1.0,0.041667,1.0698,3.59172,3.4083,0.666,-2.7423
38,79,Banana,24.86,63.64,0.949,0.69,25.06,25.0,2.2,1.0,0.041667,0.98865,3.63291,3.3671,0.6281,-2.739
38,80,Banana,24.49,61.7,0.949,0.69,25.06,25.0,2.2,1.0,0.041667,0.96051,3.67294,3.3271,0.4806,-2.8465
38,81,Banana,23.44,53.24,0.949,0.69,25.06,25.0,2.2,1.0,0.041667,0.88411,3.70977,3.2902,0.4283,-2.8619
38,82,Banana,20.61,64.71,0.949,0.69,25.06,25.0,2.2,1.0,0.041667,0.70747,3.73925,3.2607,0.4076,-2.8531
38,83,Banana,19.82,65.42,0.949,0.69,25.06,25.0,2.2,1.0,0.041667,0.66476,3.76695,3.233,0.3673,-2.8658
38,84,Banana,22.44,66.54,0.949,0.69,25.06,25.0,2.2,1.0,0.041667,0.81748,3.80101,3.199,0.3331,-2.8659
38,85,Banana,20.95,66.64,0.949,0.69,25.06,25.0,2.2,1.0,0.041667,0.72656,3.83128,3.1687,0.0442,-3.1245
38,86,Banana,21.96,66.28,0.949,0.69,25.06,25.0,2.2,1.0,0.041667,0.78675,3.86407,3.1359,0.1134,-3.0225
38,87,Banana,22.34,83.51,0.949,0.69,25.06,25.0,2.2,1.0,0.041667,0.81092,3.89785,3.1021,0.0,-3.1021
38,88,Banana,23.9,76.23,0.949,0.69,25.06,25.0,2.2,1.0,0.041667,0.91697,3.93606,3.0639,0.0,-3.0639
38,89,Banana,22.69,78.31,0.949,0.69,25.06,25.0,2.2,1.0,0.041667,0.83364,3.9708,3.0292,0.0,-3.0292
38,90,Banana,24.76,80.35,0.949,0.69,25.06,25.0,2.2,1.0,0.041667,0.98151,4.01169,2.9883,0.0,-2.9883
38,91,Banana,29.94,87.8,0.949,0.69,25.06,25.0,2.2,1.0,0.041667,1.47605,4.07319,2.9268,0.0,-2.9268
38,92,Banana,25.92,87.02,0.949,0.69,25.06,25.0,2.2,1.0,0.041667,1.07507,4.11799,2.882,0.0,-2.882
38,93,Banana,26.67,80.28,0.949,0.69,25.06,25.0,2.2,1.0,0.041667,1.14065,4.16552,2.8345,0.0,-2.8345
38,94,Banana,26.96,85.88,0.949,0.69,25.06,25.0,2.2,1.0,0.041667,1.1675,4.21416,2.7858,0.0,-2.7858
38,95,Banana,27.82,76.85,0.949,0.69,25.06,25.0,2.2,1.0,0.041667,1.24898,4.2662,2.7338,0.0,-2.7338
39,0,Tomato,22.72,60.38,0.892,0.363,22.67,25.0,2.0,1.0,0.041667,0.85371,0.03557,9.9644,10.0,0.0356
39,1,Tomato,22.15,58.54,0.892,0.363,22.67,25.0,2.0,1.0,0.041667,0.82096,0.06978,9.9302,9.805,-0.1253
39,2,Tomato,23.28,59.7,0.892,0.363,22.67,25.0,2.0,1.0,0.041667,0.88789,0.10677,9.8932,9.6985,-0.1948
39,3,Tomato,21.46,68.98,0.892,0.363,22.67,25.0,2.0,1.0,0.041667,0.78254,0.13938,9.8606,9.8489,-0.0117
39,4,Tomato,21.74,68.81,0.892,0.363,22.67,25.0,2.0,1.0,0.041667,0.79757,0.17261,9.8274,9.6362,-0.1912
39,5,Tomato,23.66,65.54,0.892,0.363,22.67,25.0,2.0,1.0,0.041667,0.91143,0.21059,9.7894,9.5133,-0.2761
39,6,Tomato,23.07,70.97,0.892,0.363,22.67,25.0,2.0,1.0,0.041667,0.87496,0.24704,9.753,9.7119,-0.0411
39,7,Tomato,23.74,78.05,0.892,0.363,22.67,25.0,2.0,1.0,0.041667,0.91632,0.28522,9.7148,9.5167,-0.1981
39,8,Tomato,23.28,75.52,0.892,0.363,22.67,25.0,2.0,1.0,0.041667,0.8876,0.32221,9.6778,9.3553,-0.3225
39,9,Tomato,25.44,80.5,0.892,0.363,22.67,25.0,2.0,1.0,0.041667,1.03061,0.36515,9.6349,9.2915,-0.3434
39,10,Tomato,24.67,80.21,0.892,0.363,22.67,25.0,2.0,1.0,0.041667,0.9774,0.40587,9.5941,9.1977,-0.3964
39,11,Tomato,25.69,83.24,0.892,0.363,22.67,25.0,2.0,1.0,0.041667,1.04918,0.44959,9.5504,9.3109,-0.2396
39,12,Tomato,27.16,83.11,0.892,0.363,22.67,25.0,2.0,1.0,0.041667,1.16191,0.498,9.502,9.2033,-0.2987
39,13,Tomato,25.6,82.65,0.892,0.363,22.67,25.0,2.0,1.0,0.041667,1.04263,0.54145,9.4586,9.1464,-0.3122
39,14,Tomato,28.64,79.03,0.892,0.363,22.67,25.0,2.0,1.0,0.041667,1.28674,0.59506,9.4049,8.9035,-0.5014
39,15,Tomato,26.45,81.58,0.892,0.363,22.67,25.0,2.0,1.0,0.041667,1.10539,0.64112,9.3589,8.8739,-0.485
39,16,Tomato,29.6,78.44,0.892,0.363,22.67,25.0,2.0,1.0,0.041667,1.37538,0.69843,9.3016,8.8604,-0.4411
39,17,Tomato,28.28,74.67,0.892,0.363,22.67,25.0,2.0,1.0,0.041667,1.2552,0.75073,9.2493,8.7039,-0.5453
39,18,Tomato,34.36,67.96,0.892,0.363,22.67,25.0,2.0,1.0,0.041667,1.91299,0.83043,9.1696,8.6915,-0.4781
39,19,Tomato,28.27,73.02,0.892,0.363,22.67,25.0,2.0,1.0,0.041667,1.25415,0.88269,9.1173,8.6232,-0.4941
39,20,Tomato,26.41,66.22,0.892,0.363,22.67,25.0,2.0,1.0,0.041667,1.10283,0.92864,9.0714,8.6597,-0.4117
39,21,Tomato,27.96,68.66,0.892,0.363,22.67,25.0,2.0,1.0,0.041667,1.22791,0.9798,9.0202,8.5038,-0.5164
39,22,Tomato,26.2,60.49,0.892,0.363,22.67,25.0,2.0,1.0,0.041667,1.08702,1.0251,8.9749,8.45,-0.5249
39,23,Tomato,25.54,65.97,0.892,0.363,22.67,25.0,2.0,1.0,0.041667,1.03788,1.06834,8.9317,8.2336,-0.6981
39,24,Tomato,23.37,66.47,0.892,0.363,22.67,25.0,2.0,1.0,0.041667,0.89321,1.10556,8.8944,8.2728,-0.6217
39,25,Tomato,22.09,64.44,0.892,0.363,22.67,25.0,2.0,1.0,0.041667,0.8172,1.13961,8.8604,8.2269,-0.6335
39,26,Tomato,22.76,61.73,0.892,0.363,22.67,25.0,2.0,1.0,0.041667,0.85604,1.17528,8.8247,8.0783,-0.7464
39,27,Tomato,20.78,66.36,0.892,0.363,22.67,25.0,2.0,1.0,0.041667,0.74617,1.20637,8.7936,8.0225,-0.7711
39,28,Tomato,20.21,62.5,0.892,0.363,22.67,25.0,2.0,1.0,0.041667,0.71744,1.23626,8.7637,8.1983,-0.5654
39,29,Tomato,20.95,66.0,0.892,0.363,22.67,25.0,2.0,1.0,0.041667,0.75506,1.26772,8.7323,8.0802,-0.6521
39,30,Tomato,22.93,74.97,0.892,0.363,22.67,25.0,2.0,1.0,0.041667,0.86607,1.30381,8.6962,7.8894,-0.8068
39,31,Tomato,24.65,72.06,0.892,0.363,22.67,25.0,2.0,1.0,0.041667,0.97635,1.34449,8.6555,7.9,-0.7555
39,32,Tomato,28.94,79.89,0.892,0.363,22.67,25.0,2.0,1.0,0.041667,1.3137,1.39923,8.6008,7.7441,-0.8567
39,33,Tomato,23.5,82.67,0.892,0.363,22.67,25.0,2.0,1.0,0.041667,0.90137,1.43678,8.5632,7.5761,-0.9871
39,34,Tomato,24.47,84.18,0.892,0.363,22.67,25.0,2.0,1.0,0.041667,0.96378,1.47694,8.5231,7.5315,-0.9916
39,35,Tomato,25.62,79.38,0.892,0.363,22.67,25.0,2.0,1.0,0.041667,1.04404,1.52044,8.4796,7.5326,-0.9469
39,36,Tomato,26.48,80.78,0.892,0.363,22.67,25.0,2.0,1.0,0.041667,1.10775,1.5666,8.4334,7.3515,-1.0819
39,37,Tomato,27.66,86.05,0.892,0.363,22.67,25.0,2.0,1.0,0.041667,1.20272,1.61671,8.3833,7.1797,-1.2036
39,38,Tomato,27.85,80.71,0.892,0.363,22.67,25.0,2.0,1.0,0.041667,1.21819,1.66747,8.3325,7.1606,-1.172
39,39,Tomato,26.59,81.19,0.892,0.363,22.67,25.0,2.0,1.0,0.041667,1.11659,1.71399,8.286,7.3561,-0.9299
39,40,Tomato,26.58,74.25,0.892,0.363,22.67,25.0,2.0,1.0,0.041667,1.11574,1.76048,8.2395,7.1485,-1.091
39,41,Tomato,27.07,78.75,0.892,0.363,22.67,25.0,2.0,1.0,0.041667,1.15458,1.80859,8.1914,7.1456,-1.0458
39,42,Tomato,27.34,70.8,0.892,0.363,22.67,25.0,2.0,1.0,0.041667,1.1762,1.8576,8.1424,6.9365,-1.2059
39,43,Tomato,26.92,73.56,0.892,0.363,22.67,25.0,2.0,1.0,0.041667,1.14203,1.90518,8.0948,6.8186,-1.2762
39,44,Tomato,27.01,65.54,0.892,0.363,22.67,25.0,2.0,1.0,0.041667,1.14986,1.95309,8.0469,7.1474,-0.8995
39,45,Tomato,28.8,59.44,0.892,0.363,22.67,25.0,2.0,1.0,0.041667,1.30149,2.00732,7.9927,6.777,-1.2157
39,46,Tomato,24.8,68.85,0.892,0.363,22.67,25.0,2.0,1.0,0.041667,0.98618,2.04841,7.9516,6.9395,-1.0121
39,47,Tomato,29.05,66.18,0.892,0.363,22.67,25.0,2.0,1.0,0.041667,1.32445,2.1036,7.8964,6.7187,-1.1777
39,48,Tomato,23.94,62.21,0.892,0.363,22.67,25.0,2.0,1.0,0.041667,0.92931,2.14232,7.8577,6.643,-1.2147
39,49,Tomato,22.69,58.78,0.892,0.363,22.67,25.0,2.0,1.0,0.041667,0.85228,2.17783,7.8222,6.6534,-1.1688
39,50,Tomato,22.5,62.34,0.892,0.363,22.67,25.0,2.0,1.0,0.041667,0.84095,2.21287,7.7871,6.5908,-1.1963
39,51,Tomato,22.19,65.7,0.892,0.363,22.67,25.0,2.0,1.0,0.041667,0.82278,2.24716,7.7528,6.506,-1.2468
39,52,Tomato,21.28,61.85,0.892,0.363,22.67,25.0,2.0,1.0,0.041667,0.77273,2.27935,7.7206,6.3875,-1.3332
39,53,Tomato,22.46,64.89,0.892,0.363,22.67,25.0,2.0,1.0,0.041667,0.83842,2.31429,7.6857,6.3462,-1.3395
39,54,Tomato,21.83,70.44,0.892,0.363,22.67,25.0,2.0,1.0,0.041667,0.80292,2.34774,7.6523,6.3112,-1.3411
39,55,Tomato,23.93,74.74,0.892,0.363,22.67,25.0,2.0,1.0,0.041667,0.92833,2.38642,7.6136,6.3053,-1.3083
39,56,Tomato,22.61,81.51,0.892,0.363,22.67,25.0,2.0,1.0,0.041667,0.84753,2.42174,7.5783,6.0282,-1.5501
39,57,Tomato,23.93,74.8,0.892,0.363,22.67,25.0,2.0,1.0,0.041667,0.92876,2.46043,7.5396,5.9695,-1.5701
39,58,Tomato,24.46,79.56,0.892,0.363,22.67,25.0,2.0,1.0,0.041667,0.96329,2.50057,7.4994,5.7817,-1.7177
39,59,Tomato,29.86,84.89,0.892,0.363,22.67,25.0,2.0,1.0,0.041667,1.40058,2.55893,7.4411,5.6944,-1.7467
39,60,Tomato,26.95,83.58,0.892,0.363,22.67,25.0,2.0,1.0,0.041667,1.14458,2.60662,7.3934,5.7087,-1.6847
39,61,Tomato,25.64,76.01,0.892,0.363,22.67,25.0,2.0,1.0,0.041667,1.04533,2.65017,7.3498,5.6955,-1.6543
39,62,Tomato,26.93,78.67,0.892,0.363,22.67,25.0,2.0,1.0,0.041667,1.14311,2.6978,7.3022,5.5859,-1.7163
39,63,Tomato,27.58,77.26,0.892,0.363,22.67,25.0,2.0,1.0,0.041667,1.19548,2.74762,7.2524,5.5471,-1.7053
39,64,Tomato,28.16,79.88,0.892,0.363,22.67,25.0,2.0,1.0,0.041667,1.24462,2.79948,7.2005,5.3458,-1.8547
39,65,Tomato,26.18,75.29,0.892,0.363,22.67,25.0,2.0,1.0,0.041667,1.08507,2.84469,7.1553,5.534,-1.6213
39,66,Tomato,26.94,69.05,0.892,0.363,22.67,25.0,2.0,1.0,0.041667,1.14425,2.89236,7.1076,5.5781,-1.5295
39,67,Tomato,26.99,73.61,0.892,0.363,22.67,25.0,2.0,1.0,0.041667,1.14784,2.94019,7.0598,5.1968,-1.863
39,68,Tomato,25.75,70.72,0.892,0.363,22.67,25.0,2.0,1.0,0.041667,1.05347,2.98409,7.0159,5.3365,-1.6794
39,69,Tomato,25.55,67.45,0.892,0.363,22.67,25.0,2.0,1.0,0.041667,1.03867,3.02736,6.9726,5.3087,-1.6639
39,70,Tomato,25.67,64.59,0.892,0.363,22.67,25.0,2.0,1.0,0.041667,1.04722,3.071,6.929,5.1947,-1.7343
39,71,Tomato,25.88,65.52,0.892,0.363,22.67,25.0,2.0,1.0,0.041667,1.0626,3.11527,6.8847,5.1418,-1.743
39,72,Tomato,24.91,63.86,0.892,0.363,22.67,25.0,2.0,1.0,0.041667,0.99357,3.15667,6.8433,5.1618,-1.6816
39,73,Tomato,23.49,67.54,0.892,0.363,22.67,25.0,2.0,1.0,0.041667,0.90066,3.1942,6.8058,4.9458,-1.86
39,74,Tomato,22.39,69.33,0.892,0.363,22.67,25.0,2.0,1.0,0.041667,0.83438,3.22896,6.771,5.0115,-1.7595
39,75,Tomato,22.29,66.18,0.892,0.363,22.67,25.0,2.0,1.0,0.041667,0.82894,3.2635,6.7365,4.8629,-1.8736
39,76,Tomato,23.54,68.66,0.892,0.363,22.67,25.0,2.0,1.0,0.041667,0.90366,3.30116,6.6988,4.8159,-1.883
39,77,Tomato,22.37,69.14,0.892,0.363,22.67,25.0,2.0,1.0,0.041667,0.83341,3.33588,6.6641,4.7395,-1.9246
39,78,Tomato,23.21,70.6,0.892,0.363,22.67,25.0,2.0,1.0,0.041667,0.88315,3.37268,6.6273,4.7802,-1.8471
39,79,Tomato,23.45,76.21,0.892,0.363,22.67,25.0,2.0,1.0,0.041667,0.89791,3.41009,6.5899,4.6018,-1.9881
39,80,Tomato,22.67,73.55,0.892,0.363,22.67,25.0,2.0,1.0,0.041667,0.85068,3.44554,6.5545,4.6274,-1.9271
39,81,Tomato,24.0,78.45,0.892,0.363,22.67,25.0,2.0,1.0,0.041667,0.93315,3.48442,6.5156,4.3711,-2.1445
39,82,Tomato,23.77,82.23,0.892,0.363,22.67,25.0,2.0,1.0,0.041667,0.91846,3.52269,6.4773,4.1399,-2.3374
39,83,Tomato,24.49,82.97,0.892,0.363,22.67,25.0,2.0,1.0,0.041667,0.96502,3.5629,6.4371,4.1555,-2.2816
39,84,Tomato,25.21,87.93,0.892,0.363,22.67,25.0,2.0,1.0,0.041667,1.01486,3.60518,6.3948,3.7567,-2.6382
39,85,Tomato,26.56,83.13,0.892,0.363,22.67,25.0,2.0,1.0,0.041667,1.11419,3.65161,6.3484,3.8518,-2.4966
39,86,Tomato,26.0,83.5,0.892,0.363,22.67,25.0,2.0,1.0,0.041667,1.07177,3.69626,6.3037,3.9354,-2.3684
39,87,Tomato,26.27,78.56,0.892,0.363,22.67,25.0,2.0,1.0,0.041667,1.09191,3.74176,6.2582,3.9711,-2.2872
39,88,Tomato,28.35,74.96,0.892,0.363,22.67,25.0,2.0,1.0,0.041667,1.26118,3.79431,6.2057,3.9236,-2.2821
39,89,Tomato,28.77,70.61,0.892,0.363,22.67,25.0,2.0,1.0,0.041667,1.29844,3.84841,6.1516,3.9992,-2.1524
39,90,Tomato,28.75,70.94,0.892,0.363,22.67,25.0,2.0,1.0,0.041667,1.29717,3.90246,6.0975,3.8689,-2.2286
39,91,Tomato,26.8,70.93,0.892,0.363,22.67,25.0,2.0,1.0,0.041667,1.13302,3.94967,6.0503,3.8224,-2.228
39,92,Tomato,26.41,61.43,0.892,0.363,22.67,25.0,2.0,1.0,0.041667,1.10297,3.99563,6.0044,3.6932,-2.3111
39,93,Tomato,26.54,62.77,0.892,0.363,22.67,25.0,2.0,1.0,0.041667,1.1124,4.04198,5.958,3.4674,-2.4907
39,94,Tomato,26.58,56.23,0.892,0.363,22.67,25.0,2.0,1.0,0.041667,1.11539,4.08845,5.9115,3.6678,-2.2438
39,95,Tomato,28.17,63.9,0.892,0.363,22.67,25.0,2.0,1.0,0.041667,1.24608,4.14037,5.8596,3.5222,-2.3374
40,0,Banana,24.67,65.62,0.888,0.571,4.65,25.0,2.2,1.0,0.041667,0.97448,0.0406,6.9594,6.9826,0.0232
40,1,Banana,32.04,65.31,0.888,0.571,4.65,25.0,2.2,1.0,0.041667,1.74225,0.1132,6.8868,6.8729,-0.0139
40,2,Banana,24.48,66.53,0.888,0.571,4.65,25.0,2.2,1.0,0.041667,0.96012,0.1532,6.8468,6.9232,0.0764
40,3,Banana,29.01,64.83,0.888,0.571,4.65,25.0,2.2,1.0,0.041667,1.37134,0.21034,6.7897,6.7112,-0.0785
40,4,Banana,20.84,63.24,0.888,0.571,4.65,25.0,2.2,1.0,0.041667,0.72055,0.24036,6.7596,6.6508,-0.1088
40,5,Banana,21.53,63.98,0.888,0.571,4.65,25.0,2.2,1.0,0.041667,0.76093,0.27207,6.7279,6.5315,-0.1965
40,6,Banana,22.42,69.7,0.888,0.571,4.65,25.0,2.2,1.0,0.041667,0.81583,0.30606,6.6939,6.63,-0.064
40,7,Banana,22.74,74.32,0.888,0.571,4.65,25.0,2.2,1.0,0.041667,0.83647,0.34091,6.6591,6.5896,-0.0694
40,8,Banana,28.21,72.94,0.888,0.571,4.65,25.0,2.2,1.0,0.041667,1.28827,0.39459,6.6054,6.6026,-0.0028
40,9,Banana,22.06,77.31,0.888,0.571,4.65,25.0,2.2,1.0,0.041667,0.79282,0.42763,6.5724,6.4834,-0.089
40,10,Banana,23.44,80.86,0.888,0.571,4.65,25.0,2.2,1.0,0.041667,0.88437,0.46448,6.5355,6.3182,-0.2174
40,11,Banana,25.23,93.39,0.888,0.571,4.65,25.0,2.2,1.0,0.041667,1.01793,0.50689,6.4931,6.1407,-0.3524
40,12,Banana,25.95,81.71,0.888,0.571,4.65,25.0,2.2,1.0,0.041667,1.07796,0.5518,6.4482,6.3076,-0.1406
40,13,Banana,26.83,83.04,0.888,0.571,4.65,25.0,2.2,1.0,0.041667,1.15546,0.59995,6.4001,6.2618,-0.1383
40,14,Banana,27.55,83.14,0.888,0.571,4.65,25.0,2.2,1.0,0.041667,1.2223,0.65088,6.3491,6.0886,-0.2605
40,15,Banana,25.83,82.76,0.888,0.571,4.65,25.0,2.2,1.0,0.041667,1.068,0.69538,6.3046,6.0739,-0.2307
40,16,Banana,29.19,83.33,0.888,0.571,4.65,25.0,2.2,1.0,0.041667,1.39099,0.75334,6.2467,5.9857,-0.261
40,17,Banana,26.33,81.32,0.888,0.571,4.65,25.0,2.2,1.0,0.041667,1.11051,0.79961,6.2004,5.9799,-0.2204
40,18,Banana,27.36,78.0,0.888,0.571,4.65,25.0,2.2,1.0,0.041667,1.20446,0.84979,6.1502,5.913,-0.2372
40,19,Banana,27.24,72.87,0.888,0.571,4.65,25.0,2.2,1.0,0.041667,1.19323,0.89951,6.1005,5.9072,-0.1933
40,20,Banana,28.14,74.7,0.888,0.571,4.65,25.0,2.2,1.0,0.041667,1.28141,0.9529,6.0471,5.8795,-0.1675
40,21,Banana,26.85,72.65,0.888,0.571,4.65,25.0,2.2,1.0,0.041667,1.15737,1.00113,5.9989,5.8346,-0.1643
40,22,Banana,32.11,66.74,0.888,0.571,4.65,25.0,2.2,1.0,0.041667,1.75233,1.07414,5.9259,5.8176,-0.1082
40,23,Banana,25.15,70.12,0.888,0.571,4.65,25.0,2.2,1.0,0.041667,1.01224,1.11632,5.8837,5.6045,-0.2792
40,24,Banana,23.71,57.05,0.888,0.571,4.65,25.0,2.2,1.0,0.041667,0.90337,1.15396,5.846,5.6847,-0.1614
40,25,Banana,29.32,57.47,0.888,0.571,4.65,25.0,2.2,1.0,0.041667,1.40584,1.21253,5.7875,5.3909,-0.3966
40,26,Banana,23.99,62.44,0.888,0.571,4.65,25.0,2.2,1.0,0.041667,0.92323,1.251,5.749,5.404,-0.345
40,27,Banana,22.23,68.78,0.888,0.571,4.65,25.0,2.2,1.0,0.041667,0.80402,1.2845,5.7155,5.5054,-0.2101
40,28,Banana,21.15,60.25,0.888,0.571,4.65,25.0,2.2,1.0,0.041667,0.73822,1.31526,5.6847,5.6495,-0.0353
40,29,Banana,22.45,66.18,0.888,0.571,4.65,25.0,2.2,1.0,0.041667,0.81807,1.34935,5.6507,5.3834,-0.2673
40,30,Banana,20.95,71.65,0.888,0.571,4.65,25.0,2.2,1.0,0.041667,0.72637,1.37961,5.6204,5.3252,-0.2952
40,31,Banana,22.64,66.02,0.888,0.571,4.65,25.0,2.2,1.0,0.041667,0.83029,1.41421,5.5858,5.3135,-0.2723
40,32,Banana,23.2,75.63,0.888,0.571,4.65,25.0,2.2,1.0,0.041667,0.86799,1.45037,5.5496,5.2434,-0.3062
40,33,Banana,24.53,71.72,0.888,0.571,4.65,25.0,2.2,1.0,0.041667,0.96365,1.49053,5.5095,5.2191,-0.2904
40,34,Banana,29.33,80.22,0.888,0.571,4.65,25.0,2.2,1.0,0.041667,1.40713,1.54916,5.4508,4.9631,-0.4878
40,35,Banana,25.49,86.6,0.888,0.571,4.65,25.0,2.2,1.0,0.041667,1.03958,1.59247,5.4075,4.866,-0.5415
40,36,Banana,25.15,81.7,0.888,0.571,4.65,25.0,2.2,1.0,0.041667,1.01196,1.63464,5.3654,4.8419,-0.5235
40,37,Banana,24.74,80.69,0.888,0.571,4.65,25.0,2.2,1.0,0.041667,0.97957,1.67545,5.3245,4.834,-0.4906
40,38,Banana,28.82,86.43,0.888,0.571,4.65,25.0,2.2,1.0,0.041667,1.35198,1.73179,5.2682,4.7372,-0.531
40,39,Banana,26.42,81.15,0.888,0.571,4.65,25.0,2.2,1.0,0.041667,1.11836,1.77838,5.2216,4.7106,-0.511
40,40,Banana,28.21,82.04,0.888,0.571,4.65,25.0,2.2,1.0,0.041667,1.28815,1.83206,5.1679,4.6308,-0.5372
40,41,Banana,27.67,78.21,0.888,0.571,4.65,25.0,2.2,1.0,0.041667,1.23452,1.88349,5.1165,4.6967,-0.4198
40,42,Banana,28.73,77.28,0.888,0.571,4.65,25.0,2.2,1.0,0.041667,1.34228,1.93942,5.0606,4.6263,-0.4343
40,43,Banana,27.67,74.92,0.888,0.571,4.65,25.0,2.2,1.0,0.041667,1.2343,1.99085,5.0091,4.433,-0.5762
40,44,Banana,25.32,70.35,0.888,0.571,4.65,25.0,2.2,1.0,0.041667,1.02526,2.03357,4.9664,4.5923,-0.3741
40,45,Banana,27.02,66.62,0.888,0.571,4.65,25.0,2.2,1.0,0.041667,1.17303,2.08245,4.9176,4.5936,-0.324
40,46,Banana,25.95,68.76,0.888,0.571,4.65,25.0,2.2,1.0,0.041667,1.07817,2.12737,4.8726,4.5894,-0.2832
40,47,Banana,25.14,65.24,0.888,0.571,4.65,25.0,2.2,1.0,0.041667,1.01092,2.16949,4.8305,4.468,-0.3625
40,48,Banana,24.35,64.85,0.888,0.571,4.65,25.0,2.2,1.0,0.041667,0.95038,2.20909,4.7909,4.4798,-0.3111
40,49,Banana,24.57,60.35,0.888,0.571,4.65,25.0,2.2,1.0,0.041667,0.96642,2.24936,4.7506,4.4599,-0.2907
40,50,Banana,22.04,60.53,0.888,0.571,4.65,25.0,2.2,1.0,0.041667,0.79154,2.28234,4.7177,4.3835,-0.3342
40,51,Banana,22.65,60.27,0.888,0.571,4.65,25.0,2.2,1.0,0.041667,0.83102,2.31697,4.683,4.2021,-0.4809
40,52,Banana,23.44,58.7,0.888,0.571,4.65,25.0,2.2,1.0,0.041667,0.88412,2.35381,4.6462,4.327,-0.3192
40,53,Banana,21.12,63.85,0.888,0.571,4.65,25.0,2.2,1.0,0.041667,0.7366,2.3845,4.6155,4.1679,-0.4476
40,54,Banana,21.95,64.7,0.888,0.571,4.65,25.0,2.2,1.0,0.041667,0.78629,2.41726,4.5827,4.2048,-0.3779
40,55,Banana,26.18,71.73,0.888,0.571,4.65,25.0,2.2,1.0,0.041667,1.09712,2.46297,4.537,4.0842,-0.4528
40,56,Banana,23.66,77.96,0.888,0.571,4.65,25.0,2.2,1.0,0.041667,0.89975,2.50046,4.4995,3.8767,-0.6229
40,57,Banana,23.67,79.11,0.888,0.571,4.65,25.0,2.2,1.0,0.041667,0.90075,2.53799,4.462,3.7831,-0.6789
40,58,Banana,24.29,79.33,0.888,0.571,4.65,25.0,2.2,1.0,0.041667,0.94568,2.5774,4.4226,3.8146,-0.608
40,59,Banana,24.89,88.05,0.888,0.571,4.65,25.0,2.2,1.0,0.041667,0.99131,2.6187,4.3813,3.3838,-0.9975
40,60,Banana,24.04,74.73,0.888,0.571,4.65,25.0,2.2,1.0,0.041667,0.92687,2.65732,4.3427,3.8196,-0.5231
40,61,Banana,25.9,72.91,0.888,0.571,4.65,25.0,2.2,1.0,0.041667,1.07395,2.70207,4.2979,3.7088,-0.5891
40,62,Banana,26.01,85.57,0.888,0.571,4.65,25.0,2.2,1.0,0.041667,1.0829,2.74719,4.2528,3.3403,-0.9125
40,63,Banana,26.8,82.59,0.888,0.571,4.65,25.0,2.2,1.0,0.041667,1.15222,2.7952,4.2048,3.4589,-0.7459
40,64,Banana,27.27,84.76,0.888,0.571,4.65,25.0,2.2,1.0,0.041667,1.19621,2.84504,4.155,3.2836,-0.8713
40,65,Banana,34.17,78.42,0.888,0.571,4.65,25.0,2.2,1.0,0.041667,2.06046,2.93089,4.0691,3.485,-0.5841
40,66,Banana,28.03,78.48,0.888,0.571,4.65,25.0,2.2,1.0,0.041667,1.27029,2.98382,4.0162,3.3872,-0.629
40,67,Banana,27.15,66.03,0.888,0.571,4.65,25.0,2.2,1.0,0.041667,1.18473,3.03319,3.9668,3.2663,-0.7005
40,68,Banana,26.27,70.53,0.888,0.571,4.65,25.0,2.2,1.0,0.041667,1.10575,3.07926,3.9207,3.3415,-0.5793
40,69,Banana,25.96,66.36,0.888,0.571,4.65,25.0,2.2,1.0,0.041667,1.07826,3.12419,3.8758,3.3437,-0.5321
40,70,Banana,26.99,67.1,0.888,0.571,4.65,25.0,2.2,1.0,0.041667,1.16999,3.17294,3.8271,3.201,-0.6261
40,71,Banana,26.5,62.07,0.888,0.571,4.65,25.0,2.2,1.0,0.041667,1.12526,3.21982,3.7802,3.237,-0.5432
40,72,Banana,23.87,63.66,0.888,0.571,4.65,25.0,2.2,1.0,0.041667,0.91512,3.25795,3.742,3.2612,-0.4809
40,73,Banana,24.16,64.11,0.888,0.571,4.65,25.0,2.2,1.0,0.041667,0.93592,3.29695,3.7031,3.0865,-0.6165
40,74,Banana,24.35,62.87,0.888,0.571,4.65,25.0,2.2,1.0,0.041667,0.94979,3.33652,3.6635,2.9472,-0.7163
40,75,Banana,23.66,59.07,0.888,0.571,4.65,25.0,2.2,1.0,0.041667,0.89975,3.37401,3.626,3.0867,-0.5393
40,76,Banana,21.46,70.35,0.888,0.571,4.65,25.0,2.2,1.0,0.041667,0.75632,3.40552,3.5945,2.8579,-0.7366
40,77,Banana,21.72,67.1,0.888,0.571,4.65,25.0,2.2,1.0,0.041667,0.77218,3.4377,3.5623,3.0387,-0.5236
40,78,Banana,21.88,64.94,0.888,0.571,4.65,25.0,2.2,1.0,0.041667,0.78188,3.47028,3.5297,2.9986,-0.5311
40,79,Banana,23.1,71.42,0.888,0.571,4.65,25.0,2.2,1.0,0.041667,0.86113,3.50616,3.4938,2.7192,-0.7746
40,80,Banana,22.83,79.12,0.888,0.571,4.65,25.0,2.2,1.0,0.041667,0.84259,3.54127,3.4587,2.6399,-0.8189
40,81,Banana,24.45,78.55,0.888,0.571,4.65,25.0,2.2,1.0,0.041667,0.95755,3.58116,3.4188,2.6382,-0.7806
40,82,Banana,24.26,75.46,0.888,0.571,4.65,25.0,2.2,1.0,0.041667,0.94359,3.62048,3.3795,2.6201,-0.7594
40,83,Banana,23.73,80.83,0.888,0.571,4.65,25.0,2.2,1.0,0.041667,0.90456,3.65817,3.3418,2.3542,-0.9877
40,84,Banana,25.02,84.53,0.888,0.571,4.65,25.0,2.2,1.0,0.041667,1.00184,3.69991,3.3001,2.1804,-1.1196
40,85,Banana,25.6,80.61,0.888,0.571,4.65,25.0,2.2,1.0,0.041667,1.04811,3.74358,3.2564,2.4247,-0.8317
40,86,Banana,27.2,82.14,0.888,0.571,4.65,25.0,2.2,1.0,0.041667,1.1895,3.79315,3.2069,2.2681,-0.9387
40,87,Banana,27.93,80.72,0.888,0.571,4.65,25.0,2.2,1.0,0.041667,1.25951,3.84563,3.1544,2.1561,-0.9983
40,88,Banana,26.7,79.27,0.888,0.571,4.65,25.0,2.2,1.0,0.041667,1.14367,3.89328,3.1067,2.3273,-0.7794
40,89,Banana,27.96,80.9,0.888,0.571,4.65,25.0,2.2,1.0,0.041667,1.2625,3.94588,3.0541,2.0847,-0.9694
40,90,Banana,27.7,76.61,0.888,0.571,4.65,25.0,2.2,1.0,0.041667,1.2369,3.99742,3.0026,1.9481,-1.0545
40,91,Banana,28.38,76.31,0.888,0.571,4.65,25.0,2.2,1.0,0.041667,1.30554,4.05182,2.9482,1.9957,-0.9525
40,92,Banana,26.73,67.44,0.888,0.571,4.65,25.0,2.2,1.0,0.041667,1.14626,4.09958,2.9004,2.3005,-0.5999
40,93,Banana,27.2,67.61,0.888,0.571,4.65,25.0,2.2,1.0,0.041667,1.18918,4.14913,2.8509,1.9215,-0.9294
40,94,Banana,25.8,65.59,0.888,0.571,4.65,25.0,2.2,1.0,0.041667,1.065,4.1935,2.8065,2.0638,-0.7427
40,95,Banana,25.72,65.51,0.888,0.571,4.65,25.0,2.2,1.0,0.041667,1.05849,4.23761,2.7624,2.0993,-0.6631
41,0,Tomato,22.19,63.13,0.968,0.374,22.29,25.0,2.0,1.0,0.041667,0.82281,0.03428,9.9657,10.0,0.0343
41,1,Tomato,22.71,69.77,0.968,0.374,22.29,25.0,2.0,1.0,0.041667,0.8534,0.06984,9.9302,9.9321,0.0019
41,2,Tomato,22.85,73.12,0.968,0.374,22.29,25.0,2.0,1.0,0.041667,0.8616,0.10574,9.8943,9.8922,-0.002
41,3,Tomato,22.22,69.7,0.968,0.374,22.29,25.0,2.0,1.0,0.041667,0.82447,0.1401,9.8599,9.8971,0.0372
41,4,Tomato,23.5,70.62,0.968,0.374,22.29,25.0,2.0,1.0,0.041667,0.90135,0.17765,9.8223,9.811,-0.0114
41,5,Tomato,25.2,77.42,0.968,0.374,22.29,25.0,2.0,1.0,0.041667,1.01412,0.21991,9.7801,9.7183,-0.0618
41,6,Tomato,25.06,79.16,0.968,0.374,22.29,25.0,2.0,1.0,0.041667,1.00413,0.26174,9.7383,9.6784,-0.0598
41,7,Tomato,24.71,81.99,0.968,0.374,22.29,25.0,2.0,1.0,0.041667,0.98009,0.30258,9.6974,9.4753,-0.2221
41,8,Tomato,25.66,79.88,0.968,0.374,22.29,25.0,2.0,1.0,0.041667,1.04679,0.3462,9.6538,9.5503,-0.1035
41,9,Tomato,26.14,78.11,0.968,0.374,22.29,25.0,2.0,1.0,0.041667,1.08195,0.39128,9.6087,9.4217,-0.187
41,10,Tomato,26.78,80.81,0.968,0.374,22.29,25.0,2.0,1.0,0.041667,1.13159,0.43843,9.5616,9.2862,-0.2754
41,11,Tomato,28.38,82.67,0.968,0.374,22.29,25.0,2.0,1.0,0.041667,1.26435,0.49111,9.5089,9.3364,-0.1725
41,12,Tomato,27.09,73.12,0.968,0.374,22.29,25.0,2.0,1.0,0.041667,1.15589,0.53927,9.4607,9.2756,-0.1851
41,13,Tomato,25.73,77.87,0.968,0.374,22.29,25.0,2.0,1.0,0.041667,1.0519,0.5831,9.4169,9.1973,-0.2196
41,14,Tomato,26.52,73.4,0.968,0.374,22.29,25.0,2.0,1.0,0.041667,1.11107,0.6294,9.3706,9.024,-0.3466
41,15,Tomato,26.22,72.95,0.968,0.374,22.29,25.0,2.0,1.0,0.041667,1.08848,0.67475,9.3253,8.872,-0.4533
41,16,Tomato,27.52,67.22,0.968,0.374,22.29,25.0,2.0,1.0,0.041667,1.19055,0.72436,9.2756,8.9817,-0.2939
41,17,Tomato,26.73,64.36,0.968,0.374,22.29,25.0,2.0,1.0,0.041667,1.12754,0.77134,9.2287,8.9128,-0.3159
41,18,Tomato,27.05,72.64,0.968,0.374,22.29,25.0,2.0,1.0,0.041667,1.15282,0.81937,9.1806,8.8243,-0.3563
41,19,Tomato,26.25,67.69,0.968,0.374,22.29,25.0,2.0,1.0,0.041667,1.09074,0.86482,9.1352,8.8567,-0.2785
41,20,Tomato,22.37,58.99,0.968,0.374,22.29,25.0,2.0,1.0,0.041667,0.83338,0.89954,9.1005,8.5727,-0.5277
41,21,Tomato,29.33,62.3,0.968,0.374,22.29,25.0,2.0,1.0,0.041667,1.35011,0.9558,9.0442,8.7755,-0.2687
41,22,Tomato,22.25,68.35,0.968,0.374,22.29,25.0,2.0,1.0,0.041667,0.82667,0.99024,9.0098,8.525,-0.4848
41,23,Tomato,21.75,64.76,0.968,0.374,22.29,25.0,2.0,1.0,0.041667,0.79844,1.02351,8.9765,8.5598,-0.4167
41,24,Tomato,22.55,62.37,0.968,0.374,22.29,25.0,2.0,1.0,0.041667,0.84377,1.05867,8.9413,8.4372,-0.5041
41,25,Tomato,23.9,68.63,0.968,0.374,22.29,25.0,2.0,1.0,0.041667,0.92691,1.09729,8.9027,8.3304,-0.5723
41,26,Tomato,23.27,67.38,0.968,0.374,22.29,25.0,2.0,1.0,0.041667,0.88723,1.13426,8.8657,8.3077,-0.558
41,27,Tomato,23.23,72.88,0.968,0.374,22.29,25.0,2.0,1.0,0.041667,0.8844,1.17111,8.8289,8.2149,-0.6139
41,28,Tomato,22.7,70.72,0.968,0.374,22.29,25.0,2.0,1.0,0.041667,0.85278,1.20664,8.7934,8.2055,-0.5878
41,29,Tomato,24.41,76.4,0.968,0.374,22.29,25.0,2.0,1.0,0.041667,0.95971,1.24663,8.7534,8.1694,-0.584
41,30,Tomato,24.39,74.82,0.968,0.374,22.29,25.0,2.0,1.0,0.041667,0.95888,1.28658,8.7134,8.0657,-0.6477
41,31,Tomato,25.23,81.62,0.968,0.374,22.29,25.0,2.0,1.0,0.041667,1.01584,1.32891,8.6711,7.7197,-0.9514
41,32,Tomato,26.94,81.75,0.968,0.374,22.29,25.0,2.0,1.0,0.041667,1.14407,1.37658,8.6234,7.9374,-0.6861
41,33,Tomato,25.72,80.48,0.968,0.374,22.29,25.0,2.0,1.0,0.041667,1.05088,1.42036,8.5796,7.8379,-0.7417
41,34,Tomato,28.04,82.15,0.968,0.374,22.29,25.0,2.0,1.0,0.041667,1.23436,1.47179,8.5282,7.7354,-0.7928
41,35,Tomato,28.05,77.35,0.968,0.374,22.29,25.0,2.0,1.0,0.041667,1.23546,1.52327,8.4767,7.7212,-0.7556
41,36,Tomato,28.59,82.39,0.968,0.374,22.29,25.0,2.0,1.0,0.041667,1.2823,1.5767,8.4233,7.4316,-0.9917
41,37,Tomato,27.76,81.99,0.968,0.374,22.29,25.0,2.0,1.0,0.041667,1.21089,1.62715,8.3728,7.4252,-0.9477
41,38,Tomato,27.51,83.12,0.968,0.374,22.29,25.0,2.0,1.0,0.041667,1.18999,1.67674,8.3233,7.3827,-0.9406
41,39,Tomato,29.02,71.02,0.968,0.374,22.29,25.0,2.0,1.0,0.041667,1.32168,1.73181,8.2682,7.3514,-0.9168
41,40,Tomato,25.74,73.27,0.968,0.374,22.29,25.0,2.0,1.0,0.041667,1.05298,1.77568,8.2243,7.2391,-0.9852
41,41,Tomato,26.56,64.91,0.968,0.374,22.29,25.0,2.0,1.0,0.041667,1.11383,1.82209,8.1779,7.3862,-0.7918
41,42,Tomato,24.77,65.58,0.968,0.374,22.29,25.0,2.0,1.0,0.041667,0.98391,1.86309,8.1369,7.2229,-0.914
41,43,Tomato,24.06,64.6,0.968,0.374,22.29,25.0,2.0,1.0,0.041667,0.93714,1.90214,8.0979,7.1782,-0.9197
41,44,Tomato,22.25,71.25,0.968,0.374,22.29,25.0,2.0,1.0,0.041667,0.82655,1.93657,8.0634,7.2437,-0.8197
41,45,Tomato,21.71,59.3,0.968,0.374,22.29,25.0,2.0,1.0,0.041667,0.79619,1.96975,8.0303,7.0205,-1.0098
41,46,Tomato,22.69,62.84,0.968,0.374,22.29,25.0,2.0,1.0,0.041667,0.85222,2.00526,7.9947,6.945,-1.0497
41,47,Tomato,20.23,63.3,0.968,0.374,22.29,25.0,2.0,1.0,0.041667,0.71869,2.0352,7.9648,7.0929,-0.8719
41,48,Tomato,21.77,66.82,0.968,0.374,22.29,25.0,2.0,1.0,0.041667,0.79919,2.0685,7.9315,6.9669,-0.9646
41,49,Tomato,22.47,67.08,0.968,0.374,22.29,25.0,2.0,1.0,0.041667,0.83933,2.10348,7.8965,6.8115,-1.085
41,50,Tomato,20.96,67.17,0.968,0.374,22.29,25.0,2.0,1.0,0.041667,0.75551,2.13496,7.865,6.753,-1.112
41,51,Tomato,22.83,69.44,0.968,0.374,22.29,25.0,2.0,1.0,0.041667,0.86054,2.17081,7.8292,6.5723,-1.2569
41,52,Tomato,22.86,73.71,0.968,0.374,22.29,25.0,2.0,1.0,0.041667,0.86192,2.20672,7.7933,6.5354,-1.2579
41,53,Tomato,24.59,77.51,0.968,0.374,22.29,25.0,2.0,1.0,0.041667,0.97212,2.24723,7.7528,6.5764,-1.1764
41,54,Tomato,24.65,80.8,0.968,0.374,22.29,25.0,2.0,1.0,0.041667,0.97586,2.28789,7.7121,6.4815,-1.2307
41,55,Tomato,24.45,77.15,0.968,0.374,22.29,25.0,2.0,1.0,0.041667,0.9627,2.328,7.672,6.3519,-1.3201
41,56,Tomato,26.72,83.63,0.968,0.374,22.29,25.0,2.0,1.0,0.041667,1.12675,2.37495,7.625,6.1397,-1.4854
41,57,Tomato,26.27,83.82,0.968,0.374,22.29,25.0,2.0,1.0,0.041667,1.09228,2.42046,7.5795,6.0603,-1.5193
41,58,Tomato,27.98,80.18,0.968,0.374,22.29,25.0,2.0,1.0,0.041667,1.22948,2.47169,7.5283,6.0601,-1.4682
41,59,Tomato,26.95,86.11,0.968,0.374,22.29,25.0,2.0,1.0,0.041667,1.14498,2.5194,7.4806,5.9665,-1.5141
41,60,Tomato,27.62,77.4,0.968,0.374,22.29,25.0,2.0,1.0,0.041667,1.19894,2.56935,7.4306,5.9885,-1.4421
41,61,Tomato,28.99,80.85,0.968,0.374,22.29,25.0,2.0,1.0,0.041667,1.3188,2.6243,7.3757,5.7343,-1.6414
41,62,Tomato,29.43,72.23,0.968,0.374,22.29,25.0,2.0,1.0,0.041667,1.35975,2.68096,7.319,5.8986,-1.4204
41,63,Tomato,27.98,75.05,0.968,0.374,22.29,25.0,2.0,1.0,0.041667,1.22985,2.7322,7.2678,5.8838,-1.384
41,64,Tomato,26.21,70.85,0.968,0.374,22.29,25.0,2.0,1.0,0.041667,1.08782,2.77753,7.2225,5.7403,-1.4822
41,65,Tomato,27.47,65.93,0.968,0.374,22.29,25.0,2.0,1.0,0.041667,1.18636,2.82696,7.173,5.7389,-1.4341
41,66,Tomato,25.05,66.9,0.968,0.374,22.29,25.0,2.0,1.0,0.041667,1.0033,2.86877,7.1312,5.705,-1.4262
41,67,Tomato,23.71,61.31,0.968,0.374,22.29,25.0,2.0,1.0,0.041667,0.91428,2.90686,7.0931,5.6887,-1.4045
41,68,Tomato,22.26,60.74,0.968,0.374,22.29,25.0,2.0,1.0,0.041667,0.82677,2.94131,7.0587,5.5365,-1.5222
41,69,Tomato,23.62,71.12,0.968,0.374,22.29,25.0,2.0,1.0,0.041667,0.90868,2.97917,7.0208,5.3911,-1.6298
41,70,Tomato,22.82,64.1,0.968,0.374,22.29,25.0,2.0,1.0,0.041667,0.85981,3.015,6.985,5.3689,-1.6161
41,71,Tomato,21.58,63.61,0.968,0.374,22.29,25.0,2.0,1.0,0.041667,0.78907,3.04787,6.9521,5.447,-1.5052
41,72,Tomato,22.15,60.17,0.968,0.374,22.29,25.0,2.0,1.0,0.041667,0.82046,3.08206,6.9179,5.319,-1.5989
41,73,Tomato,22.82,64.25,0.968,0.374,22.29,25.0,2.0,1.0,0.041667,0.8596,3.11788,6.8821,5.2123,-1.6698
41,74,Tomato,20.76,65.66,0.968,0.374,22.29,25.0,2.0,1.0,0.041667,0.7454,3.14894,6.8511,5.1992,-1.6518
41,75,Tomato,25.29,75.25,0.968,0.374,22.29,25.0,2.0,1.0,0.041667,1.02028,3.19145,6.8086,5.0466,-1.7619
41,76,Tomato,21.95,77.96,0.968,0.374,22.29,25.0,2.0,1.0,0.041667,0.80948,3.22518,6.7748,4.7802,-1.9946
41,77,Tomato,24.25,76.28,0.968,0.374,22.29,25.0,2.0,1.0,0.041667,0.94944,3.26474,6.7353,4.913,-1.8223
41,78,Tomato,24.79,87.66,0.968,0.374,22.29,25.0,2.0,1.0,0.041667,0.98531,3.30579,6.6942,4.2695,-2.4247
41,79,Tomato,25.04,78.49,0.968,0.374,22.29,25.0,2.0,1.0,0.041667,1.0031,3.34759,6.6524,4.603,-2.0494
41,80,Tomato,25.99,81.66,0.968,0.374,22.29,25.0,2.0,1.0,0.041667,1.07136,3.39223,6.6078,4.6206,-1.9872
41,81,Tomato,26.52,79.96,0.968,0.374,22.29,25.0,2.0,1.0,0.041667,1.11133,3.43853,6.5615,4.4767,-2.0848
41,82,Tomato,27.06,82.36,0.968,0.374,22.29,25.0,2.0,1.0,0.041667,1.15388,3.48661,6.5134,4.4589,-2.0545
41,83,Tomato,28.78,79.54,0.968,0.374,22.29,25.0,2.0,1.0,0.041667,1.29977,3.54077,6.4592,4.464,-1.9953
41,84,Tomato,26.99,81.4,0.968,0.374,22.29,25.0,2.0,1.0,0.041667,1.1477,3.58859,6.4114,4.1909,-2.2206
41,85,Tomato,27.46,75.18,0.968,0.374,22.29,25.0,2.0,1.0,0.041667,1.18626,3.63801,6.362,4.3631,-1.9989
41,86,Tomato,27.6,80.81,0.968,0.374,22.29,25.0,2.0,1.0,0.041667,1.1976,3.68791,6.3121,4.0588,-2.2533
41,87,Tomato,25.45,73.26,0.968,0.374,22.29,25.0,2.0,1.0,0.041667,1.03203,3.73092,6.2691,4.1741,-2.095
41,88,Tomato,26.28,69.57,0.968,0.374,22.29,25.0,2.0,1.0,0.041667,1.09265,3.77644,6.2236,4.1436,-2.08
41,89,Tomato,26.19,68.05,0.968,0.374,22.29,25.0,2.0,1.0,0.041667,1.08588,3.82169,6.1783,4.2411,-1.9372
41,90,Tomato,24.9,66.93,0.968,0.374,22.29,25.0,2.0,1.0,0.041667,0.99302,3.86306,6.1369,4.1353,-2.0017
41,91,Tomato,25.09,63.18,0.968,0.374,22.29,25.0,2.0,1.0,0.041667,1.00657,3.905,6.095,4.1677,-1.9273
41,92,Tomato,24.2,64.94,0.968,0.374,22.29,25.0,2.0,1.0,0.041667,0.94574,3.94441,6.0556,4.0571,-1.9985
41,93,Tomato,23.88,67.43,0.968,0.374,22.29,25.0,2.0,1.0,0.041667,0.92522,3.98296,6.017,3.8892,-2.1278
41,94,Tomato,20.68,62.46,0.968,0.374,22.29,25.0,2.0,1.0,0.041667,0.74134,4.01385,5.9862,3.7782,-2.208
41,95,Tomato,22.77,58.97,0.968,0.374,22.29,25.0,2.0,1.0,0.041667,0.85666,4.04954,5.9505,4.0248,-1.9256
42,0,Tomato,24.35,87.68,0.893,0.481,23.79,25.0,2.0,1.0,0.041667,0.95562,0.03982,9.9602,9.9433,-0.0169
42,1,Tomato,26.55,87.24,0.893,0.481,23.79,25.0,2.0,1.0,0.041667,1.11347,0.08621,9.9138,9.6947,-0.2191
42,2,Tomato,26.5,83.03,0.893,0.481,23.79,25.0,2.0,1.0,0.041667,1.10969,0.13245,9.8676,9.6738,-0.1937
42,3,Tomato,26.78,82.18,0.893,0.481,23.79,25.0,2.0,1.0,0.041667,1.1312,0.17958,9.8204,9.854,0.0336
42,4,Tomato,26.09,76.93,0.893,0.481,23.79,25.0,2.0,1.0,0.041667,1.07853,0.22452,9.7755,9.673,-0.1025
42,5,Tomato,27.72,79.82,0.893,0.481,23.79,25.0,2.0,1.0,0.041667,1.20776,0.27484,9.7252,9.5332,-0.192
42,6,Tomato,26.95,80.39,0.893,0.481,23.79,25.0,2.0,1.0,0.041667,1.14443,0.32253,9.6775,9.4457,-0.2317
42,7,Tomato,28.23,74.33,0.893,0.481,23.79,25.0,2.0,1.0,0.041667,1.25134,0.37467,9.6253,9.4016,-0.2237
42,8,Tomato,27.83,78.97,0.893,0.481,23.79,25.0,2.0,1.0,0.041667,1.21663,0.42536,9.5746,9.2554,-0.3193
42,9,Tomato,28.51,69.71,0.893,0.481,23.79,25.0,2.0,1.0,0.041667,1.27507,0.47849,9.5215,9.1507,-0.3708
42,10,Tomato,26.2,69.48,0.893,0.481,23.79,25.0,2.0,1.0,0.041667,1.08658,0.52376,9.4762,9.1059,-0.3703
42,11,Tomato,25.57,65.04,0.893,0.481,23.79,25.0,2.0,1.0,0.041667,1.04014,0.5671,9.4329,9.0806,-0.3523
42,12,Tomato,23.32,64.61,0.893,0.481,23.79,25.0,2.0,1.0,0.041667,0.88992,0.60418,9.3958,9.0194,-0.3764
42,13,Tomato,23.13,66.76,0.893,0.481,23.79,25.0,2.0,1.0,0.041667,0.87857,0.64079,9.3592,9.0174,-0.3418
42,14,Tomato,22.71,62.86,0.893,0.481,23.79,25.0,2.0,1.0,0.041667,0.85339,0.67635,9.3237,8.8774,-0.4463
42,15,Tomato,21.57,63.67,0.893,0.481,23.79,25.0,2.0,1.0,0.041667,0.78813,0.70919,9.2908,8.8678,-0.423
42,16,Tomato,21.82,62.58,0.893,0.481,23.79,25.0,2.0,1.0,0.041667,0.80202,0.7426,9.2574,8.9404,-0.317
42,17,Tomato,21.42,64.3,0.893,0.481,23.79,25.0,2.0,1.0,0.041667,0.78035,0.77512,9.2249,8.6153,-0.6096
42,18,Tomato,21.87,68.14,0.893,0.481,23.79,25.0,2.0,1.0,0.041667,0.80515,0.80867,9.1913,8.5787,-0.6126
42,19,Tomato,21.57,67.89,0.893,0.481,23.79,25.0,2.0,1.0,0.041667,0.78856,0.84152,9.1585,8.5726,-0.5859
42,20,Tomato,22.0,72.62,0.893,0.481,23.79,25.0,2.0,1.0,0.041667,0.81218,0.87536,9.1246,8.6788,-0.4459
42,21,Tomato,21.93,72.74,0.893,0.481,23.79,25.0,2.0,1.0,0.041667,0.80827,0.90904,9.091,8.4795,-0.6115
42,22,Tomato,23.66,91.34,0.893,0.481,23.79,25.0,2.0,1.0,0.041667,0.91129,0.94701,9.053,8.0938,-0.9592
42,23,Tomato,24.54,83.68,0.893,0.481,23.79,25.0,2.0,1.0,0.041667,0.96873,0.98738,9.0126,8.2268,-0.7859
42,24,Tomato,26.4,80.37,0.893,0.481,23.79,25.0,2.0,1.0,0.041667,1.10192,1.03329,8.9667,7.959,-1.0077
42,25,Tomato,26.16,84.8,0.893,0.481,23.79,25.0,2.0,1.0,0.041667,1.084,1.07846,8.9215,8.0356,-0.8859
42,26,Tomato,25.02,84.92,0.893,0.481,23.79,25.0,2.0,1.0,0.041667,1.00157,1.12019,8.8798,7.9603,-0.9195
42,27,Tomato,26.57,79.24,0.893,0.481,23.79,25.0,2.0,1.0,0.041667,1.1149,1.16664,8.8334,8.0722,-0.7612
42,28,Tomato,28.02,80.95,0.893,0.481,23.79,25.0,2.0,1.0,0.041667,1.23251,1.218,8.782,7.923,-0.859
42,29,Tomato,28.67,80.56,0.893,0.481,23.79,25.0,2.0,1.0,0.041667,1.2901,1.27175,8.7282,7.7555,-0.9728
42,30,Tomato,27.9,77.96,0.893,0.481,23.79,25.0,2.0,1.0,0.041667,1.22267,1.3227,8.6773,7.7305,-0.9468
42,31,Tomato,27.87,80.46,0.893,0.481,23.79,25.0,2.0,1.0,0.041667,1.22019,1.37354,8.6265,7.6581,-0.9684
42,32,Tomato,26.97,74.42,0.893,0.481,23.79,25.0,2.0,1.0,0.041667,1.14632,1.4213,8.5787,7.4942,-1.0845
42,33,Tomato,27.54,68.76,0.893,0.481,23.79,25.0,2.0,1.0,0.041667,1.19216,1.47097,8.529,7.599,-0.93
42,34,Tomato,25.83,66.79,0.893,0.481,23.79,25.0,2.0,1.0,0.041667,1.0592,1.51511,8.4849,7.4564,-1.0285
42,35,Tomato,26.36,67.26,0.893,0.481,23.79,25.0,2.0,1.0,0.041667,1.09909,1.5609,8.4391,7.4642,-0.9749
42,36,Tomato,26.06,62.46,0.893,0.481,23.79,25.0,2.0,1.0,0.041667,1.07605,1.60574,8.3943,7.2658,-1.1285
42,37,Tomato,23.53,65.89,0.893,0.481,23.79,25.0,2.0,1.0,0.041667,0.90341,1.64338,8.3566,7.2979,-1.0587
42,38,Tomato,23.48,64.81,0.893,0.481,23.79,25.0,2.0,1.0,0.041667,0.89997,1.68088,8.3191,7.2006,-1.1185
42,39,Tomato,22.78,59.96,0.893,0.481,23.79,25.0,2.0,1.0,0.041667,0.85738,1.7166,8.2834,7.0899,-1.1935
42,40,Tomato,22.1,66.22,0.893,0.481,23.79,25.0,2.0,1.0,0.041667,0.81764,1.75067,8.2493,7.0326,-1.2167
42,41,Tomato,21.15,69.03,0.893,0.481,23.79,25.0,2.0,1.0,0.041667,0.76558,1.78257,8.2174,6.9074,-1.3101
42,42,Tomato,21.1,70.66,0.893,0.481,23.79,25.0,2.0,1.0,0.041667,0.76315,1.81437,8.1856,6.8347,-1.3509
42,43,Tomato,22.81,66.29,0.893,0.481,23.79,25.0,2.0,1.0,0.041667,0.85907,1.85016,8.1498,6.9571,-1.1927
42,44,Tomato,21.91,77.62,0.893,0.481,23.79,25.0,2.0,1.0,0.041667,0.80694,1.88378,8.1162,6.7109,-1.4053
42,45,Tomato,21.82,71.68,0.893,0.481,23.79,25.0,2.0,1.0,0.041667,0.80237,1.91722,8.0828,6.7711,-1.3117
42,46,Tomato,22.98,70.97,0.893,0.481,23.79,25.0,2.0,1.0,0.041667,0.86936,1.95344,8.0466,6.5897,-1.4569
42,47,Tomato,22.87,73.72,0.893,0.481,23.79,25.0,2.0,1.0,0.041667,0.86279,1.98939,8.0106,6.6484,-1.3622
42,48,Tomato,24.05,81.23,0.893,0.481,23.79,25.0,2.0,1.0,0.041667,0.93603,2.02839,7.9716,6.4526,-1.519
42,49,Tomato,23.63,79.39,0.893,0.481,23.79,25.0,2.0,1.0,0.041667,0.90929,2.06628,7.9337,6.4257,-1.508
42,50,Tomato,25.37,78.94,0.893,0.481,23.79,25.0,2.0,1.0,0.041667,1.02599,2.10903,7.891,6.4202,-1.4708
42,51,Tomato,26.53,83.27,0.893,0.481,23.79,25.0,2.0,1.0,0.041667,1.11222,2.15537,7.8446,6.2001,-1.6445
42,52,Tomato,26.97,80.48,0.893,0.481,23.79,25.0,2.0,1.0,0.041667,1.14647,2.20314,7.7969,6.1923,-1.6046
42,53,Tomato,26.42,82.14,0.893,0.481,23.79,25.0,2.0,1.0,0.041667,1.10336,2.24911,7.7509,6.0699,-1.681
42,54,Tomato,28.29,78.31,0.893,0.481,23.79,25.0,2.0,1.0,0.041667,1.25657,2.30147,7.6985,6.0759,-1.6227
42,55,Tomato,27.36,77.71,0.893,0.481,23.79,25.0,2.0,1.0,0.041667,1.17749,2.35053,7.6495,5.7908,-1.8587
42,56,Tomato,27.62,72.33,0.893,0.481,23.79,25.0,2.0,1.0,0.041667,1.19888,2.40049,7.5995,5.8669,-1.7326
42,57,Tomato,31.75,66.51,0.893,0.481,23.79,25.0,2.0,1.0,0.041667,1.59611,2.46699,7.533,5.9186,-1.6144
42,58,Tomato,25.79,66.06,0.893,0.481,23.79,25.0,2.0,1.0,0.041667,1.05644,2.51101,7.489,5.7528,-1.7362
42,59,Tomato,24.5,64.35,0.893,0.481,23.79,25.0,2.0,1.0,0.041667,0.9656,2.55124,7.4488,5.8701,-1.5787
42,60,Tomato,23.26,65.96,0.893,0.481,23.79,25.0,2.0,1.0,0.041667,0.88636,2.58817,7.4118,5.7982,-1.6136
42,61,Tomato,25.52,65.34,0.893,0.481,23.79,25.0,2.0,1.0,0.041667,1.03689,2.63138,7.3686,5.5926,-1.776
42,62,Tomato,23.17,64.4,0.893,0.481,23.79,25.0,2.0,1.0,0.041667,0.88093,2.66808,7.3319,5.6491,-1.6828
42,63,Tomato,22.44,58.56,0.893,0.481,23.79,25.0,2.0,1.0,0.041667,0.83744,2.70298,7.297,5.58,-1.717
42,64,Tomato,23.73,58.47,0.893,0.481,23.79,25.0,2.0,1.0,0.041667,0.91562,2.74113,7.2589,5.4137,-1.8452
42,65,Tomato,21.74,70.57,0.893,0.481,23.79,25.0,2.0,1.0,0.041667,0.79766,2.77436,7.2256,5.5062,-1.7194
42,66,Tomato,20.9,64.29,0.893,0.481,23.79,25.0,2.0,1.0,0.041667,0.75272,2.80573,7.1943,5.1863,-2.008
42,67,Tomato,22.38,71.76,0.893,0.481,23.79,25.0,2.0,1.0,0.041667,0.83376,2.84047,7.1595,5.1328,-2.0267
42,68,Tomato,21.29,69.33,0.893,0.481,23.79,25.0,2.0,1.0,0.041667,0.77328,2.87269,7.1273,5.1196,-2.0077
42,69,Tomato,22.88,74.15,0.893,0.481,23.79,25.0,2.0,1.0,0.041667,0.86359,2.90867,7.0913,4.9849,-2.1064
42,70,Tomato,22.09,74.71,0.893,0.481,23.79,25.0,2.0,1.0,0.041667,0.81749,2.94273,7.0573,4.9165,-2.1408
42,71,Tomato,27.49,79.77,0.893,0.481,23.79,25.0,2.0,1.0,0.041667,1.1881,2.99224,7.0078,4.8925,-2.1153
42,72,Tomato,25.55,81.31,0.893,0.481,23.79,25.0,2.0,1.0,0.041667,1.03879,3.03552,6.9645,4.5081,-2.4564
42,73,Tomato,25.59,88.94,0.893,0.481,23.79,25.0,2.0,1.0,0.041667,1.0417,3.07892,6.9211,4.1082,-2.8129
42,74,Tomato,26.02,88.14,0.893,0.481,23.79,25.0,2.0,1.0,0.041667,1.07325,3.12364,6.8764,3.9872,-2.8892
42,75,Tomato,26.86,77.11,0.893,0.481,23.79,25.0,2.0,1.0,0.041667,1.13778,3.17105,6.829,4.4997,-2.3292
42,76,Tomato,26.65,82.82,0.893,0.481,23.79,25.0,2.0,1.0,0.041667,1.12101,3.21776,6.7822,4.3777,-2.4045
42,77,Tomato,26.75,77.64,0.893,0.481,23.79,25.0,2.0,1.0,0.041667,1.12923,3.26481,6.7352,4.4164,-2.3187
42,78,Tomato,28.99,78.3,0.893,0.481,23.79,25.0,2.0,1.0,0.041667,1.31823,3.31974,6.6803,4.3123,-2.368
42,79,Tomato,29.02,70.97,0.893,0.481,23.79,25.0,2.0,1.0,0.041667,1.32154,3.3748,6.6252,4.214,-2.4112
42,80,Tomato,26.4,69.15,0.893,0.481,23.79,25.0,2.0,1.0,0.041667,1.10216,3.42072,6.5793,4.0771,-2.5022
42,81,Tomato,26.07,74.01,0.893,0.481,23.79,25.0,2.0,1.0,0.041667,1.0771,3.4656,6.5344,4.1621,-2.3723
42,82,Tomato,26.42,68.33,0.893,0.481,23.79,25.0,2.0,1.0,0.041667,1.10356,3.51158,6.4884,4.0541,-2.4343
42,83,Tomato,25.53,68.1,0.893,0.481,23.79,25.0,2.0,1.0,0.041667,1.03765,3.55482,6.4452,4.0461,-2.3991
42,84,Tomato,25.46,61.59,0.893,0.481,23.79,25.0,2.0,1.0,0.041667,1.03229,3.59783,6.4022,3.8983,-2.5039
42,85,Tomato,22.75,58.35,0.893,0.481,23.79,25.0,2.0,1.0,0.041667,0.85585,3.63349,6.3665,4.0837,-2.2828
42,86,Tomato,28.21,58.7,0.893,0.481,23.79,25.0,2.0,1.0,0.041667,1.24922,3.68554,6.3145,3.8648,-2.4497
42,87,Tomato,22.22,56.57,0.893,0.481,23.79,25.0,2.0,1.0,0.041667,0.82477,3.71991,6.2801,3.7269,-2.5532
42,88,Tomato,20.35,64.91,0.893,0.481,23.79,25.0,2.0,1.0,0.041667,0.72456,3.7501,6.2499,3.5197,-2.7302
42,89,Tomato,22.6,63.23,0.893,0.481,23.79,25.0,2.0,1.0,0.041667,0.84683,3.78538,6.2146,3.6125,-2.6021
42,90,Tomato,22.06,68.65,0.893,0.481,23.79,25.0,2.0,1.0,0.041667,0.81542,3.81936,6.1806,3.5576,-2.623
42,91,Tomato,22.04,72.95,0.893,0.481,23.79,25.0,2.0,1.0,0.041667,0.81477,3.85331,6.1467,3.4796,-2.6671
42,92,Tomato,21.82,72.91,0.893,0.481,23.79,25.0,2.0,1.0,0.041667,0.80223,3.88673,6.1133,3.3918,-2.7215
42,93,Tomato,22.91,72.08,0.893,0.481,23.79,25.0,2.0,1.0,0.041667,0.86511,3.92278,6.0772,3.2973,-2.78
42,94,Tomato,24.32,74.17,0.893,0.481,23.79,25.0,2.0,1.0,0.041667,0.95375,3.96252,6.0375,3.2126,-2.8249
42,95,Tomato,24.21,79.61,0.893,0.481,23.79,25.0,2.0,1.0,0.041667,0.94665,4.00196,5.998,2.9845,-3.0136
43,0,Banana,20.76,70.0,0.913,0.456,17.35,25.0,2.2,1.0,0.041667,0.71568,0.02982,6.9702,6.9707,0.0005
43,1,Banana,22.76,65.98,0.913,0.456,17.35,25.0,2.2,1.0,0.041667,0.83811,0.06474,6.9353,6.7868,-0.1485
43,2,Banana,23.83,82.87,0.913,0.456,17.35,25.0,2.2,1.0,0.041667,0.91209,0.10275,6.8973,6.9531,0.0559
43,3,Banana,22.4,77.77,0.913,0.456,17.35,25.0,2.2,1.0,0.041667,0.81434,0.13668,6.8633,6.714,-0.1493
43,4,Banana,23.17,79.47,0.913,0.456,17.35,25.0,2.2,1.0,0.041667,0.86562,0.17274,6.8273,6.7401,-0.0872
43,5,Banana,25.46,75.37,0.913,0.456,17.35,25.0,2.2,1.0,0.041667,1.03716,0.21596,6.784,6.7056,-0.0784
43,6,Banana,24.42,81.09,0.913,0.456,17.35,25.0,2.2,1.0,0.041667,0.95567,0.25578,6.7442,6.5732,-0.1711
43,7,Banana,26.37,81.55,0.913,0.456,17.35,25.0,2.2,1.0,0.041667,1.11414,0.3022,6.6978,6.5051,-0.1927
43,8,Banana,26.28,86.16,0.913,0.456,17.35,25.0,2.2,1.0,0.041667,1.10635,0.3483,6.6517,6.4718,-0.1799
43,9,Banana,28.08,81.99,0.913,0.456,17.35,25.0,2.2,1.0,0.041667,1.27473,0.40141,6.5986,6.3581,-0.2405
43,10,Banana,26.74,80.86,0.913,0.456,17.35,25.0,2.2,1.0,0.041667,1.14697,0.4492,6.5508,6.246,-0.3048
43,11,Banana,28.26,75.04,0.913,0.456,17.35,25.0,2.2,1.0,0.041667,1.29329,0.50309,6.4969,6.1863,-0.3106
43,12,Banana,28.13,76.46,0.913,0.456,17.35,25.0,2.2,1.0,0.041667,1.28012,0.55643,6.4436,6.1472,-0.2963
43,13,Banana,27.94,74.57,0.913,0.456,17.35,25.0,2.2,1.0,0.041667,1.26046,0.60895,6.3911,6.2841,-0.107
43,14,Banana,29.71,77.89,0.913,0.456,17.35,25.0,2.2,1.0,0.041667,1.44914,0.66933,6.3307,5.9761,-0.3546
43,15,Banana,27.81,69.57,0.913,0.456,17.35,25.0,2.2,1.0,0.041667,1.24773,0.72132,6.2787,6.0708,-0.2078
43,16,Banana,24.93,65.76,0.913,0.456,17.35,25.0,2.2,1.0,0.041667,0.99452,0.76276,6.2372,5.8635,-0.3737
43,17,Banana,25.51,63.76,0.913,0.456,17.35,25.0,2.2,1.0,0.041667,1.04124,0.80614,6.1939,5.9978,-0.1961
43,18,Banana,25.16,68.63,0.913,0.456,17.35,25.0,2.2,1.0,0.041667,1.01285,0.84834,6.1517,5.7229,-0.4288
43,19,Banana,23.47,63.33,0.913,0.456,17.35,25.0,2.2,1.0,0.041667,0.88614,0.88527,6.1147,5.93,-0.1847
43,20,Banana,22.67,59.73,0.913,0.456,17.35,25.0,2.2,1.0,0.041667,0.83238,0.91995,6.0801,5.696,-0.384
43,21,Banana,23.58,63.0,0.913,0.456,17.35,25.0,2.2,1.0,0.041667,0.89423,0.95721,6.0428,5.6449,-0.3979
43,22,Banana,23.1,64.43,0.913,0.456,17.35,25.0,2.2,1.0,0.041667,0.86078,0.99307,6.0069,5.5577,-0.4492
43,23,Banana,22.73,64.19,0.913,0.456,17.35,25.0,2.2,1.0,0.041667,0.83587,1.0279,5.9721,5.6189,-0.3532
43,24,Banana,23.03,64.17,0.913,0.456,17.35,25.0,2.2,1.0,0.041667,0.85647,1.06359,5.9364,5.4375,-0.4989
43,25,Banana,22.62,69.81,0.913,0.456,17.35,25.0,2.2,1.0,0.041667,0.82876,1.09812,5.9019,5.3975,-0.5044
43,26,Banana,22.99,65.43,0.913,0.456,17.35,25.0,2.2,1.0,0.041667,0.85358,1.13368,5.8663,5.2847,-0.5817
43,27,Banana,23.67,68.26,0.913,0.456,17.35,25.0,2.2,1.0,0.041667,0.9002,1.17119,5.8288,5.3896,-0.4393
43,28,Banana,23.02,77.29,0.913,0.456,17.35,25.0,2.2,1.0,0.041667,0.85576,1.20685,5.7932,5.2069,-0.5862
43,29,Banana,25.0,82.87,0.913,0.456,17.35,25.0,2.2,1.0,0.041667,1.00015,1.24852,5.7515,4.9083,-0.8431
43,30,Banana,25.99,83.36,0.913,0.456,17.35,25.0,2.2,1.0,0.041667,1.0813,1.29358,5.7064,4.9985,-0.7079
43,31,Banana,26.15,82.32,0.913,0.456,17.35,25.0,2.2,1.0,0.041667,1.09457,1.33918,5.6608,4.9238,-0.737
43,32,Banana,26.84,81.33,0.913,0.456,17.35,25.0,2.2,1.0,0.041667,1.15592,1.38735,5.6127,4.7825,-0.8301
43,33,Banana,26.25,80.99,0.913,0.456,17.35,25.0,2.2,1.0,0.041667,1.10327,1.43332,5.5667,4.8195,-0.7471
43,34,Banana,27.12,79.84,0.913,0.456,17.35,25.0,2.2,1.0,0.041667,1.18191,1.48256,5.5174,4.6951,-0.8223
43,35,Banana,28.57,72.75,0.913,0.456,17.35,25.0,2.2,1.0,0.041667,1.32547,1.53779,5.4622,4.681,-0.7812
43,36,Banana,28.36,70.54,0.913,0.456,17.35,25.0,2.2,1.0,0.041667,1.30371,1.59211,5.4079,4.6652,-0.7427
43,37,Banana,26.71,82.0,0.913,0.456,17.35,25.0,2.2,1.0,0.041667,1.14404,1.63978,5.3602,4.5015,-0.8587
43,38,Banana,27.65,71.28,0.913,0.456,17.35,25.0,2.2,1.0,0.041667,1.23198,1.69111,5.3089,4.5115,-0.7973
43,39,Banana,26.92,66.0,0.913,0.456,17.35,25.0,2.2,1.0,0.041667,1.1631,1.73957,5.2604,4.4774,-0.783
43,40,Banana,28.04,63.88,0.913,0.456,17.35,25.0,2.2,1.0,0.041667,1.27108,1.79254,5.2075,4.3034,-0.904
43,41,Banana,24.68,65.38,0.913,0.456,17.35,25.0,2.2,1.0,0.041667,0.97498,1.83316,5.1668,4.1813,-0.9856
43,42,Banana,25.97,67.06,0.913,0.456,17.35,25.0,2.2,1.0,0.041667,1.07955,1.87814,5.1219,4.2472,-0.8747
43,43,Banana,23.59,62.62,0.913,0.456,17.35,25.0,2.2,1.0,0.041667,0.89491,1.91543,5.0846,4.1615,-0.9231
43,44,Banana,22.65,65.61,0.913,0.456,17.35,25.0,2.2,1.0,0.041667,0.83118,1.95006,5.0499,4.3086,-0.7413
43,45,Banana,22.35,57.93,0.913,0.456,17.35,25.0,2.2,1.0,0.041667,0.81134,1.98387,5.0161,4.0798,-0.9363
43,46,Banana,23.07,69.44,0.913,0.456,17.35,25.0,2.2,1.0,0.041667,0.85885,2.01965,4.9803,3.9829,-0.9974
43,47,Banana,22.74,70.85,0.913,0.456,17.35,25.0,2.2,1.0,0.041667,0.83663,2.05451,4.9455,3.9305,-1.015
43,48,Banana,22.39,69.28,0.913,0.456,17.35,25.0,2.2,1.0,0.041667,0.81376,2.08842,4.9116,3.8088,-1.1028
43,49,Banana,22.65,72.29,0.913,0.456,17.35,25.0,2.2,1.0,0.041667,0.83085,2.12304,4.877,3.8127,-1.0642
43,50,Banana,22.7,76.22,0.913,0.456,17.35,25.0,2.2,1.0,0.041667,0.83444,2.15781,4.8422,3.7691,-1.0731
43,51,Banana,23.31,76.33,0.913,0.456,17.35,25.0,2.2,1.0,0.041667,0.87495,2.19426,4.8057,3.7303,-1.0754
43,52,Banana,23.46,82.49,0.913,0.456,17.35,25.0,2.2,1.0,0.041667,0.88589,2.23118,4.7688,3.5583,-1.2105
43,53,Banana,25.06,80.1,0.913,0.456,17.35,25.0,2.2,1.0,0.041667,1.00501,2.27305,4.7269,3.5687,-1.1583
43,54,Banana,26.14,86.07,0.913,0.456,17.35,25.0,2.2,1.0,0.041667,1.09409,2.31864,4.6814,3.2198,-1.4616
43,55,Banana,25.1,81.24,0.913,0.456,17.35,25.0,2.2,1.0,0.041667,1.00753,2.36062,4.6394,3.3669,-1.2725
43,56,Banana,26.67,77.48,0.913,0.456,17.35,25.0,2.2,1.0,0.041667,1.14082,2.40815,4.5918,3.3084,-1.2835
43,57,Banana,28.2,79.61,0.913,0.456,17.35,25.0,2.2,1.0,0.041667,1.28698,2.46178,4.5382,3.2562,-1.282
43,58,Banana,26.15,82.86,0.913,0.456,17.35,25.0,2.2,1.0,0.041667,1.09476,2.50739,4.4926,3.1693,-1.3233
43,59,Banana,27.32,76.76,0.913,0.456,17.35,25.0,2.2,1.0,0.041667,1.20096,2.55743,4.4426,3.186,-1.2566
43,60,Banana,26.82,76.7,0.913,0.456,17.35,25.0,2.2,1.0,0.041667,1.15427,2.60553,4.3945,2.9774,-1.417
43,61,Banana,27.72,71.14,0.913,0.456,17.35,25.0,2.2,1.0,0.041667,1.23887,2.65715,4.3429,2.9513,-1.3916
43,62,Banana,30.23,70.48,0.913,0.456,17.35,25.0,2.2,1.0,0.041667,1.51083,2.7201,4.2799,2.9712,-1.3087
43,63,Banana,25.83,68.13,0.913,0.456,17.35,25.0,2.2,1.0,0.041667,1.06738,2.76457,4.2354,2.917,-1.3184
43,64,Banana,27.24,79.46,0.913,0.456,17.35,25.0,2.2,1.0,0.041667,1.19359,2.8143,4.1857,2.5728,-1.6129
43,65,Banana,26.5,67.38,0.913,0.456,17.35,25.0,2.2,1.0,0.041667,1.12577,2.86121,4.1388,2.6463,-1.4925
43,66,Banana,25.19,60.65,0.913,0.456,17.35,25.0,2.2,1.0,0.041667,1.01525,2.90351,4.0965,2.815,-1.2815
43,67,Banana,22.97,66.56,0.913,0.456,17.35,25.0,2.2,1.0,0.041667,0.85241,2.93903,4.061,2.862,-1.199
43,68,Banana,22.8,54.45,0.913,0.456,17.35,25.0,2.2,1.0,0.041667,0.8405,2.97405,4.0259,2.703,-1.3229
43,69,Banana,21.96,60.03,0.913,0.456,17.35,25.0,2.2,1.0,0.041667,0.78664,3.00683,3.9932,2.6079,-1.3853
43,70,Banana,22.79,65.45,0.913,0.456,17.35,25.0,2.2,1.0,0.041667,0.8402,3.04184,3.9582,2.5257,-1.4324
43,71,Banana,22.11,66.34,0.913,0.456,17.35,25.0,2.2,1.0,0.041667,0.79602,3.075,3.925,2.5387,-1.3863
43,72,Banana,22.68,68.36,0.913,0.456,17.35,25.0,2.2,1.0,0.041667,0.83276,3.1097,3.8903,2.5131,-1.3772
43,73,Banana,21.03,73.23,0.913,0.456,17.35,25.0,2.2,1.0,0.041667,0.7311,3.14016,3.8598,2.3,-1.5599
43,74,Banana,21.25,71.12,0.913,0.456,17.35,25.0,2.2,1.0,0.041667,0.74403,3.17117,3.8288,2.3763,-1.4525
43,75,Banana,25.65,77.27,0.913,0.456,17.35,25.0,2.2,1.0,0.041667,1.05278,3.21503,3.785,2.2205,-1.5644
43,76,Banana,23.71,76.41,0.913,0.456,17.35,25.0,2.2,1.0,0.041667,0.90335,3.25267,3.7473,1.9556,-1.7917
43,77,Banana,25.04,77.64,0.913,0.456,17.35,25.0,2.2,1.0,0.041667,1.0033,3.29448,3.7055,2.0221,-1.6834
43,78,Banana,24.77,79.7,0.913,0.456,17.35,25.0,2.2,1.0,0.041667,0.98231,3.3354,3.6646,2.0078,-1.6568
43,79,Banana,24.91,84.68,0.913,0.456,17.35,25.0,2.2,1.0,0.041667,0.99267,3.37677,3.6232,1.6219,-2.0013
43,80,Banana,25.62,89.65,0.913,0.456,17.35,25.0,2.2,1.0,0.041667,1.05,3.42052,3.5795,1.0805,-2.499
43,81,Banana,28.36,78.27,0.913,0.456,17.35,25.0,2.2,1.0,0.041667,1.30344,3.47483,3.5252,1.7093,-1.8159
43,82,Banana,27.54,86.46,0.913,0.456,17.35,25.0,2.2,1.0,0.041667,1.22142,3.52572,3.4743,1.2066,-2.2677
43,83,Banana,28.78,77.23,0.913,0.456,17.35,25.0,2.2,1.0,0.041667,1.34739,3.58186,3.4181,1.5286,-1.8895
43,84,Banana,27.98,75.59,0.913,0.456,17.35,25.0,2.2,1.0,0.041667,1.26529,3.63458,3.3654,1.5699,-1.7955
43,85,Banana,27.64,73.67,0.913,0.456,17.35,25.0,2.2,1.0,0.041667,1.23127,3.68588,3.3141,1.6384,-1.6757
43,86,Banana,26.19,69.47,0.913,0.456,17.35,25.0,2.2,1.0,0.041667,1.0981,3.73164,3.2684,1.5502,-1.7182
43,87,Banana,28.37,68.76,0.913,0.456,17.35,25.0,2.2,1.0,0.041667,1.30417,3.78598,3.214,1.4174,-1.7966
43,88,Banana,28.68,60.45,0.913,0.456,17.35,25.0,2.2,1.0,0.041667,1.33696,3.84168,3.1583,1.2673,-1.891
43,89,Banana,26.0,64.52,0.913,0.456,17.35,25.0,2.2,1.0,0.041667,1.08227,3.88678,3.1132,1.5483,-1.5649
43,90,Banana,25.14,66.67,0.913,0.456,17.35,25.0,2.2,1.0,0.041667,1.01126,3.92891,3.0711,1.3025,-1.7686
43,91,Banana,23.27,61.84,0.913,0.456,17.35,25.0,2.2,1.0,0.041667,0.87256,3.96527,3.0347,1.2487,-1.786
43,92,Banana,22.58,64.21,0.913,0.456,17.35,25.0,2.2,1.0,0.041667,0.82606,3.99969,3.0003,1.185,-1.8153
43,93,Banana,22.39,60.84,0.913,0.456,17.35,25.0,2.2,1.0,0.041667,0.81407,4.03361,2.9664,1.243,-1.7234
43,94,Banana,22.13,65.7,0.913,0.456,17.35,25.0,2.2,1.0,0.041667,0.79747,4.06684,2.9332,0.9523,-1.9809
43,95,Banana,22.47,67.77,0.913,0.456,17.35,25.0,2.2,1.0,0.041667,0.81892,4.10096,2.899,0.9583,-1.9408
44,0,Tomato,23.05,61.64,0.9,0.419,22.96,25.0,2.0,1.0,0.041667,0.87343,0.03639,9.9636,9.9425,-0.0211
44,1,Tomato,23.47,56.02,0.9,0.419,22.96,25.0,2.0,1.0,0.041667,0.89961,0.07388,9.9261,9.7357,-0.1904
44,2,Tomato,21.74,74.99,0.9,0.419,22.96,25.0,2.0,1.0,0.041667,0.7979,0.10712,9.8929,10.0,0.1071
44,3,Tomato,22.45,62.1,0.9,0.419,22.96,25.0,2.0,1.0,0.041667,0.83789,0.14203,9.858,9.5406,-0.3174
44,4,Tomato,22.69,68.17,0.9,0.419,22.96,25.0,2.0,1.0,0.041667,0.85221,0.17754,9.8225,9.6558,-0.1667
44,5,Tomato,22.63,66.35,0.9,0.419,22.96,25.0,2.0,1.0,0.041667,0.84872,0.21291,9.7871,9.4821,-0.305
44,6,Tomato,22.7,71.53,0.9,0.419,22.96,25.0,2.0,1.0,0.041667,0.85282,0.24844,9.7516,9.5186,-0.233
44,7,Tomato,22.34,74.15,0.9,0.419,22.96,25.0,2.0,1.0,0.041667,0.83166,0.28309,9.7169,9.4294,-0.2875
44,8,Tomato,22.88,76.33,0.9,0.419,22.96,25.0,2.0,1.0,0.041667,0.86364,0.31908,9.6809,9.4686,-0.2124
44,9,Tomato,24.43,82.58,0.9,0.419,22.96,25.0,2.0,1.0,0.041667,0.96128,0.35913,9.6409,9.3049,-0.336
44,10,Tomato,25.71,81.28,0.9,0.419,22.96,25.0,2.0,1.0,0.041667,1.0506,0.40291,9.5971,9.1498,-0.4473
44,11,Tomato,25.79,80.96,0.9,0.419,22.96,25.0,2.0,1.0,0.041667,1.05598,0.44691,9.5531,9.1978,-0.3553
44,12,Tomato,25.94,81.92,0.9,0.419,22.96,25.0,2.0,1.0,0.041667,1.06735,0.49138,9.5086,8.9339,-0.5747
44,13,Tomato,26.32,82.2,0.9,0.419,22.96,25.0,2.0,1.0,0.041667,1.09549,0.53702,9.463,9.0404,-0.4226
44,14,Tomato,26.86,81.51,0.9,0.419,22.96,25.0,2.0,1.0,0.041667,1.1374,0.58442,9.4156,9.219,-0.1966
44,15,Tomato,29.44,76.29,0.9,0.419,22.96,25.0,2.0,1.0,0.041667,1.36044,0.6411,9.3589,8.9939,-0.365
44,16,Tomato,28.3,76.83,0.9,0.419,22.96,25.0,2.0,1.0,0.041667,1.25727,0.69349,9.3065,8.863,-0.4435
44,17,Tomato,28.06,73.45,0.9,0.419,22.96,25.0,2.0,1.0,0.041667,1.23654,0.74501,9.255,8.6484,-0.6066
44,18,Tomato,28.63,76.79,0.9,0.419,22.96,25.0,2.0,1.0,0.041667,1.28585,0.79859,9.2014,8.6202,-0.5812
44,19,Tomato,26.29,75.99,0.9,0.419,22.96,25.0,2.0,1.0,0.041667,1.09348,0.84415,9.1559,8.5535,-0.6024
44,20,Tomato,27.31,65.68,0.9,0.419,22.96,25.0,2.0,1.0,0.041667,1.17399,0.89307,9.1069,8.4774,-0.6295
44,21,Tomato,31.27,65.37,0.9,0.419,22.96,25.0,2.0,1.0,0.041667,1.54454,0.95742,9.0426,8.6215,-0.4211
44,22,Tomato,27.34,66.26,0.9,0.419,22.96,25.0,2.0,1.0,0.041667,1.17649,1.00644,8.9936,8.3548,-0.6388
44,23,Tomato,23.84,67.41,0.9,0.419,22.96,25.0,2.0,1.0,0.041667,0.92258,1.04488,8.9551,8.3131,-0.642
44,24,Tomato,23.38,60.12,0.9,0.419,22.96,25.0,2.0,1.0,0.041667,0.89406,1.08213,8.9179,8.4329,-0.485
44,25,Tomato,22.92,64.59,0.9,0.419,22.96,25.0,2.0,1.0,0.041667,0.86584,1.11821,8.8818,8.256,-0.6258
44,26,Tomato,22.81,67.1,0.9,0.419,22.96,25.0,2.0,1.0,0.041667,0.85938,1.15402,8.846,8.0119,-0.8341
44,27,Tomato,23.35,59.22,0.9,0.419,22.96,25.0,2.0,1.0,0.041667,0.89192,1.19118,8.8088,8.1543,-0.6546
44,28,Tomato,20.45,62.31,0.9,0.419,22.96,25.0,2.0,1.0,0.041667,0.72953,1.22158,8.7784,8.1277,-0.6507
44,29,Tomato,20.88,65.94,0.9,0.419,22.96,25.0,2.0,1.0,0.041667,0.7517,1.2529,8.7471,7.9752,-0.7719
44,30,Tomato,21.84,70.32,0.9,0.419,22.96,25.0,2.0,1.0,0.041667,0.80306,1.28636,8.7136,7.956,-0.7576
44,31,Tomato,23.54,76.48,0.9,0.419,22.96,25.0,2.0,1.0,0.041667,0.90358,1.32401,8.676,7.8498,-0.8262
44,32,Tomato,22.91,77.12,0.9,0.419,22.96,25.0,2.0,1.0,0.041667,0.86495,1.36005,8.64,7.8005,-0.8395
44,33,Tomato,26.53,79.12,0.9,0.419,22.96,25.0,2.0,1.0,0.041667,1.11224,1.40639,8.5936,7.6186,-0.975
44,34,Tomato,27.14,82.63,0.9,0.419,22.96,25.0,2.0,1.0,0.041667,1.15961,1.45471,8.5453,7.7036,-0.8417
44,35,Tomato,25.22,88.95,0.9,0.419,22.96,25.0,2.0,1.0,0.041667,1.01531,1.49702,8.503,7.2886,-1.2144
44,36,Tomato,25.47,78.87,0.9,0.419,22.96,25.0,2.0,1.0,0.041667,1.03312,1.54006,8.4599,7.4882,-0.9717
44,37,Tomato,27.34,81.01,0.9,0.419,22.96,25.0,2.0,1.0,0.041667,1.17569,1.58905,8.411,7.3144,-1.0965
44,38,Tomato,27.28,81.43,0.9,0.419,22.96,25.0,2.0,1.0,0.041667,1.17085,1.63783,8.3622,7.213,-1.1492
44,39,Tomato,27.02,91.22,0.9,0.419,22.96,25.0,2.0,1.0,0.041667,1.15044,1.68577,8.3142,6.7424,-1.5719
44,40,Tomato,29.41,80.4,0.9,0.419,22.96,25.0,2.0,1.0,0.041667,1.35713,1.74232,8.2577,7.0133,-1.2444
44,41,Tomato,28.21,81.29,0.9,0.419,22.96,25.0,2.0,1.0,0.041667,1.24886,1.79435,8.2056,7.1613,-1.0444
44,42,Tomato,27.41,74.35,0.9,0.419,22.96,25.0,2.0,1.0,0.041667,1.18158,1.84358,8.1564,6.982,-1.1744
44,43,Tomato,25.85,68.45,0.9,0.419,22.96,25.0,2.0,1.0,0.041667,1.06103,1.88779,8.1122,6.9917,-1.1205
44,44,Tomato,26.99,67.18,0.9,0.419,22.96,25.0,2.0,1.0,0.041667,1.14828,1.93564,8.0644,6.9348,-1.1295
44,45,Tomato,26.63,66.15,0.9,0.419,22.96,25.0,2.0,1.0,0.041667,1.11941,1.98228,8.0177,6.8705,-1.1473
44,46,Tomato,23.69,65.78,0.9,0.419,22.96,25.0,2.0,1.0,0.041667,0.9133,2.02033,7.9797,6.811,-1.1687
44,47,Tomato,23.19,60.76,0.9,0.419,22.96,25.0,2.0,1.0,0.041667,0.88216,2.05709,7.9429,6.6137,-1.3292
44,48,Tomato,24.34,64.57,0.9,0.419,22.96,25.0,2.0,1.0,0.041667,0.95554,2.09691,7.9031,6.6736,-1.2295
44,49,Tomato,22.05,74.68,0.9,0.419,22.96,25.0,2.0,1.0,0.041667,0.81491,2.13086,7.8691,6.4984,-1.3708
44,50,Tomato,22.04,59.72,0.9,0.419,22.96,25.0,2.0,1.0,0.041667,0.81426,2.16479,7.8352,6.6671,-1.1681
44,51,Tomato,22.88,61.5,0.9,0.419,22.96,25.0,2.0,1.0,0.041667,0.86319,2.20075,7.7992,6.656,-1.1432
44,52,Tomato,23.44,62.65,0.9,0.419,22.96,25.0,2.0,1.0,0.041667,0.89754,2.23815,7.7618,6.303,-1.4588
44,53,Tomato,21.19,68.14,0.9,0.419,22.96,25.0,2.0,1.0,0.041667,0.76765,2.27014,7.7299,6.5605,-1.1694
44,54,Tomato,20.72,72.06,0.9,0.419,22.96,25.0,2.0,1.0,0.041667,0.74333,2.30111,7.6989,6.3101,-1.3888
44,55,Tomato,22.18,76.14,0.9,0.419,22.96,25.0,2.0,1.0,0.041667,0.82237,2.33537,7.6646,6.0973,-1.5674
44,56,Tomato,21.86,76.02,0.9,0.419,22.96,25.0,2.0,1.0,0.041667,0.80452,2.3689,7.6311,6.0535,-1.5776
44,57,Tomato,23.56,78.4,0.9,0.419,22.96,25.0,2.0,1.0,0.041667,0.90515,2.40661,7.5934,6.0233,-1.5701
44,58,Tomato,25.0,79.96,0.9,0.419,22.96,25.0,2.0,1.0,0.041667,1.00035,2.44829,7.5517,5.826,-1.7257
44,59,Tomato,24.71,87.26,0.9,0.419,22.96,25.0,2.0,1.0,0.041667,0.98009,2.48913,7.5109,5.5394,-1.9715
44,60,Tomato,26.27,80.03,0.9,0.419,22.96,25.0,2.0,1.0,0.041667,1.09228,2.53464,7.4654,5.7544,-1.711
44,61,Tomato,27.05,83.72,0.9,0.419,22.96,25.0,2.0,1.0,0.041667,1.15242,2.58266,7.4173,5.4737,-1.9437
44,62,Tomato,26.81,76.38,0.9,0.419,22.96,25.0,2.0,1.0,0.041667,1.1336,2.62989,7.3701,5.6093,-1.7608
44,63,Tomato,27.29,83.02,0.9,0.419,22.96,25.0,2.0,1.0,0.041667,1.1719,2.67872,7.3213,5.5501,-1.7712
44,64,Tomato,28.22,82.6,0.9,0.419,22.96,25.0,2.0,1.0,0.041667,1.25006,2.73081,7.2692,5.4381,-1.8311
44,65,Tomato,28.42,83.53,0.9,0.419,22.96,25.0,2.0,1.0,0.041667,1.26739,2.78361,7.2164,5.4415,-1.7749
44,66,Tomato,26.25,70.65,0.9,0.419,22.96,25.0,2.0,1.0,0.041667,1.09082,2.82907,7.1709,5.3441,-1.8268
44,67,Tomato,29.56,70.59,0.9,0.419,22.96,25.0,2.0,1.0,0.041667,1.37168,2.88622,7.1138,5.3496,-1.7642
44,68,Tomato,28.24,67.16,0.9,0.419,22.96,25.0,2.0,1.0,0.041667,1.2519,2.93838,7.0616,5.2267,-1.8349
44,69,Tomato,24.78,66.39,0.9,0.419,22.96,25.0,2.0,1.0,0.041667,0.98498,2.97942,7.0206,5.324,-1.6966
44,70,Tomato,25.88,62.68,0.9,0.419,22.96,25.0,2.0,1.0,0.041667,1.06297,3.02371,6.9763,5.0659,-1.9104
44,71,Tomato,23.44,65.94,0.9,0.419,22.96,25.0,2.0,1.0,0.041667,0.89747,3.06111,6.9389,5.1701,-1.7688
44,72,Tomato,24.35,63.37,0.9,0.419,22.96,25.0,2.0,1.0,0.041667,0.95598,3.10094,6.8991,5.2438,-1.6553
44,73,Tomato,24.44,58.52,0.9,0.419,22.96,25.0,2.0,1.0,0.041667,0.96184,3.14102,6.859,4.9412,-1.9178
44,74,Tomato,22.6,58.21,0.9,0.419,22.96,25.0,2.0,1.0,0.041667,0.84675,3.1763,6.8237,4.9098,-1.9139
44,75,Tomato,22.43,62.62,0.9,0.419,22.96,25.0,2.0,1.0,0.041667,0.83673,3.21116,6.7888,4.874,-1.9149
44,76,Tomato,27.63,66.07,0.9,0.419,22.96,25.0,2.0,1.0,0.041667,1.20037,3.26118,6.7388,4.8734,-1.8654
44,77,Tomato,20.7,67.92,0.9,0.419,22.96,25.0,2.0,1.0,0.041667,0.74236,3.29211,6.7079,4.5338,-2.1741
44,78,Tomato,23.04,68.74,0.9,0.419,22.96,25.0,2.0,1.0,0.041667,0.873,3.32848,6.6715,4.6965,-1.975
44,79,Tomato,22.69,68.09,0.9,0.419,22.96,25.0,2.0,1.0,0.041667,0.85183,3.36398,6.636,4.5097,-2.1263
44,80,Tomato,23.79,75.36,0.9,0.419,22.96,25.0,2.0,1.0,0.041667,0.91977,3.4023,6.5977,4.4319,-2.1658
44,81,Tomato,23.83,82.0,0.9,0.419,22.96,25.0,2.0,1.0,0.041667,0.92189,3.44071,6.5593,4.3173,-2.242
44,82,Tomato,26.41,86.86,0.9,0.419,22.96,25.0,2.0,1.0,0.041667,1.10292,3.48667,6.5133,3.8628,-2.6506
44,83,Tomato,25.47,81.87,0.9,0.419,22.96,25.0,2.0,1.0,0.041667,1.03339,3.52972,6.4703,4.0324,-2.4378
44,84,Tomato,27.72,79.38,0.9,0.419,22.96,25.0,2.0,1.0,0.041667,1.20782,3.58005,6.4199,4.0917,-2.3282
44,85,Tomato,27.34,87.11,0.9,0.419,22.96,25.0,2.0,1.0,0.041667,1.17627,3.62906,6.3709,3.4321,-2.9389
44,86,Tomato,28.98,80.64,0.9,0.419,22.96,25.0,2.0,1.0,0.041667,1.31783,3.68397,6.316,3.8342,-2.4818
44,87,Tomato,29.12,86.21,0.9,0.419,22.96,25.0,2.0,1.0,0.041667,1.33091,3.73943,6.2606,3.4689,-2.7917
44,88,Tomato,28.83,72.67,0.9,0.419,22.96,25.0,2.0,1.0,0.041667,1.30434,3.79377,6.2062,3.7661,-2.4401
44,89,Tomato,27.44,75.11,0.9,0.419,22.96,25.0,2.0,1.0,0.041667,1.18441,3.84312,6.1569,3.6938,-2.463
44,90,Tomato,28.26,75.41,0.9,0.419,22.96,25.0,2.0,1.0,0.041667,1.25357,3.89536,6.1046,3.501,-2.6037
44,91,Tomato,27.73,71.05,0.9,0.419,22.96,25.0,2.0,1.0,0.041667,1.20812,3.94569,6.0543,3.5933,-2.461
44,92,Tomato,27.81,79.54,0.9,0.419,22.96,25.0,2.0,1.0,0.041667,1.21532,3.99633,6.0037,3.3308,-2.6729
44,93,Tomato,26.31,70.01,0.9,0.419,22.96,25.0,2.0,1.0,0.041667,1.09478,4.04195,5.9581,3.5447,-2.4134
44,94,Tomato,25.98,64.27,0.9,0.419,22.96,25.0,2.0,1.0,0.041667,1.07031,4.08654,5.9135,3.5417,-2.3717
44,95,Tomato,25.72,67.54,0.9,0.419,22.96,25.0,2.0,1.0,0.041667,1.05138,4.13035,5.8696,3.3833,-2.4864
45,0,Tomato,24.69,82.08,0.894,0.399,16.46,25.0,2.0,1.0,0.041667,0.97891,0.04079,9.9592,10.0,0.0408
45,1,Tomato,26.11,77.43,0.894,0.399,16.46,25.0,2.0,1.0,0.041667,1.07984,0.08578,9.9142,9.7984,-0.1159
45,2,Tomato,25.34,83.39,0.894,0.399,16.46,25.0,2.0,1.0,0.041667,1.02368,0.12843,9.8716,9.6216,-0.25
45,3,Tomato,26.9,79.8,0.894,0.399,16.46,25.0,2.0,1.0,0.041667,1.14056,0.17596,9.824,9.6466,-0.1774
45,4,Tomato,27.69,85.05,0.894,0.399,16.46,25.0,2.0,1.0,0.041667,1.20494,0.22616,9.7738,9.6992,-0.0746
45,5,Tomato,28.06,88.55,0.894,0.399,16.46,25.0,2.0,1.0,0.041667,1.23633,0.27768,9.7223,9.6896,-0.0327
45,6,Tomato,33.1,79.29,0.894,0.399,16.46,25.0,2.0,1.0,0.041667,1.75358,0.35074,9.6493,9.4843,-0.1649
45,7,Tomato,27.47,72.65,0.894,0.399,16.46,25.0,2.0,1.0,0.041667,1.18678,0.40019,9.5998,9.4861,-0.1137
45,8,Tomato,27.93,73.27,0.894,0.399,16.46,25.0,2.0,1.0,0.041667,1.22481,0.45123,9.5488,9.4416,-0.1071
45,9,Tomato,25.98,75.18,0.894,0.399,16.46,25.0,2.0,1.0,0.041667,1.07034,0.49582,9.5042,9.3861,-0.1181
45,10,Tomato,27.98,69.36,0.894,0.399,16.46,25.0,2.0,1.0,0.041667,1.22944,0.54705,9.4529,9.2403,-0.2127
45,11,Tomato,27.19,72.28,0.894,0.399,16.46,25.0,2.0,1.0,0.041667,1.16407,0.59555,9.4044,9.1325,-0.2719
45,12,Tomato,26.55,68.12,0.894,0.399,16.46,25.0,2.0,1.0,0.041667,1.1138,0.64196,9.358,9.274,-0.084
45,13,Tomato,25.12,64.88,0.894,0.399,16.46,25.0,2.0,1.0,0.041667,1.00815,0.68397,9.316,9.1465,-0.1695
45,14,Tomato,24.76,65.23,0.894,0.399,16.46,25.0,2.0,1.0,0.041667,0.98377,0.72496,9.275,9.0566,-0.2184
45,15,Tomato,24.16,62.78,0.894,0.399,16.46,25.0,2.0,1.0,0.041667,0.94373,0.76428,9.2357,8.9256,-0.3101
45,16,Tomato,22.56,59.75,0.894,0.399,16.46,25.0,2.0,1.0,0.041667,0.84443,0.79947,9.2005,8.9054,-0.2951
45,17,Tomato,21.53,54.88,0.894,0.399,16.46,25.0,2.0,1.0,0.041667,0.78619,0.83222,9.1678,8.8445,-0.3233
45,18,Tomato,26.82,55.39,0.894,0.399,16.46,25.0,2.0,1.0,0.041667,1.13477,0.87951,9.1205,8.7313,-0.3892
45,19,Tomato,22.71,70.45,0.894,0.399,16.46,25.0,2.0,1.0,0.041667,0.85316,0.91505,9.0849,8.6781,-0.4068
45,20,Tomato,23.12,65.45,0.894,0.399,16.46,25.0,2.0,1.0,0.041667,0.87785,0.95163,9.0484,8.6013,-0.4471
45,21,Tomato,21.67,68.49,0.894,0.399,16.46,25.0,2.0,1.0,0.041667,0.79414,0.98472,9.0153,8.6443,-0.3709
45,22,Tomato,23.35,70.96,0.894,0.399,16.46,25.0,2.0,1.0,0.041667,0.89167,1.02187,8.9781,8.5582,-0.4199
45,23,Tomato,21.53,77.57,0.894,0.399,16.46,25.0,2.0,1.0,0.041667,0.78647,1.05464,8.9454,8.3831,-0.5623
45,24,Tomato,25.37,80.69,0.894,0.399,16.46,25.0,2.0,1.0,0.041667,1.02585,1.09739,8.9026,8.4632,-0.4394
45,25,Tomato,25.59,75.81,0.894,0.399,16.46,25.0,2.0,1.0,0.041667,1.04148,1.14078,8.8592,8.3215,-0.5377
45,26,Tomato,26.73,82.25,0.894,0.399,16.46,25.0,2.0,1.0,0.041667,1.12756,1.18776,8.8122,8.2668,-0.5455
45,27,Tomato,25.99,84.94,0.894,0.399,16.46,25.0,2.0,1.0,0.041667,1.0714,1.2324,8.7676,8.276,-0.4916
45,28,Tomato,26.05,84.33,0.894,0.399,16.46,25.0,2.0,1.0,0.041667,1.07583,1.27723,8.7228,8.1116,-0.6112
45,29,Tomato,26.82,75.61,0.894,0.399,16.46,25.0,2.0,1.0,0.041667,1.13445,1.3245,8.6755,8.2179,-0.4576
45,30,Tomato,26.74,86.63,0.894,0.399,16.46,25.0,2.0,1.0,0.041667,1.1283,1.37151,8.6285,7.8898,-0.7387
45,31,Tomato,28.97,81.25,0.894,0.399,16.46,25.0,2.0,1.0,0.041667,1.3166,1.42637,8.5736,7.9042,-0.6694
45,32,Tomato,28.69,75.66,0.894,0.399,16.46,25.0,2.0,1.0,0.041667,1.29142,1.48018,8.5198,7.8458,-0.6741
45,33,Tomato,29.05,68.57,0.894,0.399,16.46,25.0,2.0,1.0,0.041667,1.3242,1.53535,8.4646,7.865,-0.5996
45,34,Tomato,27.98,74.43,0.894,0.399,16.46,25.0,2.0,1.0,0.041667,1.22977,1.58659,8.4134,7.6241,-0.7894
45,35,Tomato,26.71,66.9,0.894,0.399,16.46,25.0,2.0,1.0,0.041667,1.12608,1.63351,8.3665,7.6615,-0.705
45,36,Tomato,25.4,68.43,0.894,0.399,16.46,25.0,2.0,1.0,0.041667,1.0282,1.67636,8.3236,7.5334,-0.7902
45,37,Tomato,24.24,59.64,0.894,0.399,16.46,25.0,2.0,1.0,0.041667,0.94881,1.71589,8.2841,7.6846,-0.5995
45,38,Tomato,24.0,65.16,0.894,0.399,16.46,25.0,2.0,1.0,0.041667,0.93274,1.75475,8.2452,7.6635,-0.5818
45,39,Tomato,27.8,63.18,0.894,0.399,16.46,25.0,2.0,1.0,0.041667,1.2145,1.80536,8.1946,7.5445,-0.6501
45,40,Tomato,22.61,61.16,0.894,0.399,16.46,25.0,2.0,1.0,0.041667,0.84714,1.84066,8.1593,7.3564,-0.8029
45,41,Tomato,23.12,64.19,0.894,0.399,16.46,25.0,2.0,1.0,0.041667,0.87792,1.87724,8.1228,7.4623,-0.6605
45,42,Tomato,22.8,67.47,0.894,0.399,16.46,25.0,2.0,1.0,0.041667,0.85847,1.91301,8.087,7.3355,-0.7515
45,43,Tomato,23.21,64.86,0.894,0.399,16.46,25.0,2.0,1.0,0.041667,0.88315,1.9498,8.0502,7.2764,-0.7738
45,44,Tomato,21.9,65.06,0.894,0.399,16.46,25.0,2.0,1.0,0.041667,0.8065,1.98341,8.0166,7.2998,-0.7168
45,45,Tomato,19.67,74.19,0.894,0.399,16.46,25.0,2.0,1.0,0.041667,0.69111,2.0122,7.9878,7.0303,-0.9575
45,46,Tomato,22.57,70.96,0.894,0.399,16.46,25.0,2.0,1.0,0.041667,0.84491,2.04741,7.9526,7.0819,-0.8707
45,47,Tomato,22.08,78.34,0.894,0.399,16.46,25.0,2.0,1.0,0.041667,0.81678,2.08144,7.9186,6.8916,-1.027
45,48,Tomato,25.61,79.7,0.894,0.399,16.46,25.0,2.0,1.0,0.041667,1.04349,2.12492,7.8751,6.7626,-1.1125
45,49,Tomato,23.0,77.51,0.894,0.399,16.46,25.0,2.0,1.0,0.041667,0.87083,2.1612,7.8388,6.8147,-1.0241
45,50,Tomato,25.04,75.99,0.894,0.399,16.46,25.0,2.0,1.0,0.041667,1.0027,2.20298,7.797,6.9263,-0.8707
45,51,Tomato,24.8,82.37,0.894,0.399,16.46,25.0,2.0,1.0,0.041667,0.98646,2.24409,7.7559,6.6912,-1.0647
45,52,Tomato,26.72,78.2,0.894,0.399,16.46,25.0,2.0,1.0,0.041667,1.12699,2.29104,7.709,6.7079,-1.0011
45,53,Tomato,26.7,80.54,0.894,0.399,16.46,25.0,2.0,1.0,0.041667,1.12534,2.33793,7.6621,6.6564,-1.0057
45,54,Tomato,29.09,86.74,0.894,0.399,16.46,25.0,2.0,1.0,0.041667,1.32769,2.39325,7.6067,6.2935,-1.3132
45,55,Tomato,28.88,83.48,0.894,0.399,16.46,25.0,2.0,1.0,0.041667,1.30891,2.44779,7.5522,6.3707,-1.1815
45,56,Tomato,27.79,71.07,0.894,0.399,16.46,25.0,2.0,1.0,0.041667,1.21357,2.49836,7.5016,6.4862,-1.0154
45,57,Tomato,27.88,72.71,0.894,0.399,16.46,25.0,2.0,1.0,0.041667,1.22114,2.54924,7.4508,6.4257,-1.025
45,58,Tomato,28.6,70.13,0.894,0.399,16.46,25.0,2.0,1.0,0.041667,1.28358,2.60272,7.3973,6.2883,-1.109
45,59,Tomato,26.76,62.03,0.894,0.399,16.46,25.0,2.0,1.0,0.041667,1.12979,2.64979,7.3502,6.4353,-0.9149
45,60,Tomato,25.35,62.54,0.894,0.399,16.46,25.0,2.0,1.0,0.041667,1.02442,2.69248,7.3075,6.3149,-0.9926
45,61,Tomato,25.1,63.81,0.894,0.399,16.46,25.0,2.0,1.0,0.041667,1.00713,2.73444,7.2656,6.235,-1.0306
45,62,Tomato,23.8,61.0,0.894,0.399,16.46,25.0,2.0,1.0,0.041667,0.91989,2.77277,7.2272,6.1304,-1.0968
45,63,Tomato,23.8,62.35,0.894,0.399,16.46,25.0,2.0,1.0,0.041667,0.9201,2.81111,7.1889,6.0862,-1.1027
45,64,Tomato,23.99,60.55,0.894,0.399,16.46,25.0,2.0,1.0,0.041667,0.93223,2.84995,7.15,6.1032,-1.0469
45,65,Tomato,22.8,59.85,0.894,0.399,16.46,25.0,2.0,1.0,0.041667,0.85875,2.88573,7.1143,6.0602,-1.0541
45,66,Tomato,22.86,68.22,0.894,0.399,16.46,25.0,2.0,1.0,0.041667,0.86198,2.92165,7.0784,5.9264,-1.1519
45,67,Tomato,21.24,69.63,0.894,0.399,16.46,25.0,2.0,1.0,0.041667,0.77053,2.95375,7.0462,5.745,-1.3012
45,68,Tomato,21.98,73.26,0.894,0.399,16.46,25.0,2.0,1.0,0.041667,0.81136,2.98756,7.0124,5.6999,-1.3126
45,69,Tomato,20.98,78.51,0.894,0.399,16.46,25.0,2.0,1.0,0.041667,0.75694,3.0191,6.9809,5.6282,-1.3527
45,70,Tomato,22.28,75.24,0.894,0.399,16.46,25.0,2.0,1.0,0.041667,0.82834,3.05361,6.9464,5.6671,-1.2793
45,71,Tomato,20.66,77.35,0.894,0.399,16.46,25.0,2.0,1.0,0.041667,0.74007,3.08445,6.9156,5.478,-1.4376
45,72,Tomato,22.48,80.8,0.894,0.399,16.46,25.0,2.0,1.0,0.041667,0.83961,3.11943,6.8806,5.4026,-1.4779
45,73,Tomato,24.93,79.22,0.894,0.399,16.46,25.0,2.0,1.0,0.041667,0.99513,3.1609,6.8391,5.3567,-1.4824
45,74,Tomato,25.59,83.6,0.894,0.399,16.46,25.0,2.0,1.0,0.041667,1.04172,3.2043,6.7957,5.2053,-1.5904
45,75,Tomato,25.44,82.02,0.894,0.399,16.46,25.0,2.0,1.0,0.041667,1.03089,3.24726,6.7527,5.1092,-1.6435
45,76,Tomato,27.4,79.76,0.894,0.399,16.46,25.0,2.0,1.0,0.041667,1.18127,3.29648,6.7035,4.9083,-1.7952
45,77,Tomato,28.77,81.08,0.894,0.399,16.46,25.0,2.0,1.0,0.041667,1.29869,3.35059,6.6494,5.0703,-1.5791
45,78,Tomato,27.65,75.06,0.894,0.399,16.46,25.0,2.0,1.0,0.041667,1.20185,3.40067,6.5993,5.0654,-1.5339
45,79,Tomato,27.11,74.53,0.894,0.399,16.46,25.0,2.0,1.0,0.041667,1.15728,3.44889,6.5511,5.1157,-1.4354
45,80,Tomato,27.64,75.92,0.894,0.399,16.46,25.0,2.0,1.0,0.041667,1.20054,3.49891,6.5011,4.9877,-1.5133
45,81,Tomato,28.27,70.53,0.894,0.399,16.46,25.0,2.0,1.0,0.041667,1.25445,3.55118,6.4488,5.0273,-1.4216
45,82,Tomato,33.55,63.78,0.894,0.399,16.46,25.0,2.0,1.0,0.041667,1.80878,3.62654,6.3735,5.0163,-1.3571
45,83,Tomato,25.78,69.27,0.894,0.399,16.46,25.0,2.0,1.0,0.041667,1.0559,3.67054,6.3295,4.7713,-1.5581
45,84,Tomato,25.81,64.78,0.894,0.399,16.46,25.0,2.0,1.0,0.041667,1.05774,3.71461,6.2854,4.7526,-1.5328
45,85,Tomato,24.93,60.07,0.894,0.399,16.46,25.0,2.0,1.0,0.041667,0.9952,3.75608,6.2439,4.6927,-1.5512
45,86,Tomato,24.69,62.73,0.894,0.399,16.46,25.0,2.0,1.0,0.041667,0.97847,3.79685,6.2032,4.8374,-1.3658
45,87,Tomato,24.3,56.27,0.894,0.399,16.46,25.0,2.0,1.0,0.041667,0.95278,3.83655,6.1635,4.589,-1.5744
45,88,Tomato,23.46,65.59,0.894,0.399,16.46,25.0,2.0,1.0,0.041667,0.89859,3.87399,6.126,4.4726,-1.6534
45,89,Tomato,22.67,65.55,0.894,0.399,16.46,25.0,2.0,1.0,0.041667,0.85104,3.90945,6.0906,4.5763,-1.5143
45,90,Tomato,22.87,65.51,0.894,0.399,16.46,25.0,2.0,1.0,0.041667,0.86251,3.94538,6.0546,4.4575,-1.5971
45,91,Tomato,21.28,59.74,0.894,0.399,16.46,25.0,2.0,1.0,0.041667,0.77252,3.97757,6.0224,4.33,-1.6925
45,92,Tomato,20.98,67.54,0.894,0.399,16.46,25.0,2.0,1.0,0.041667,0.757,4.00912,5.9909,4.3816,-1.6093
45,93,Tomato,21.98,74.19,0.894,0.399,16.46,25.0,2.0,1.0,0.041667,0.81125,4.04292,5.9571,4.0992,-1.8578
45,94,Tomato,29.3,72.1,0.894,0.399,16.46,25.0,2.0,1.0,0.041667,1.34722,4.09905,5.9009,4.0579,-1.843
45,95,Tomato,23.62,74.8,0.894,0.399,16.46,25.0,2.0,1.0,0.041667,0.90878,4.13692,5.8631,3.9422,-1.9209
46,0,Tomato,28.34,81.32,0.971,0.643,12.53,25.0,2.0,1.0,0.041667,1.26022,0.05251,9.9475,10.0,0.0525
46,1,Tomato,29.74,80.6,0.971,0.643,12.53,25.0,2.0,1.0,0.041667,1.38849,0.11036,9.8896,9.9695,0.0799
46,2,Tomato,27.62,77.88,0.971,0.643,12.53,25.0,2.0,1.0,0.041667,1.19946,0.16034,9.8397,10.0,0.1603
46,3,Tomato,26.96,73.86,0.971,0.643,12.53,25.0,2.0,1.0,0.041667,1.14561,0.20807,9.7919,9.9418,0.1499
46,4,Tomato,33.87,70.18,0.971,0.643,12.53,25.0,2.0,1.0,0.041667,1.84913,0.28512,9.7149,9.7777,0.0628
46,5,Tomato,25.91,67.16,0.971,0.643,12.53,25.0,2.0,1.0,0.041667,1.06531,0.32951,9.6705,9.518,-0.1524
46,6,Tomato,25.32,65.15,0.971,0.643,12.53,25.0,2.0,1.0,0.041667,1.0222,0.3721,9.6279,9.5194,-0.1085
46,7,Tomato,26.21,65.89,0.971,0.643,12.53,25.0,2.0,1.0,0.041667,1.08711,0.4174,9.5826,9.5393,-0.0433
46,8,Tomato,25.79,74.69,0.971,0.643,12.53,25.0,2.0,1.0,0.041667,1.05602,0.4614,9.5386,9.3732,-0.1654
46,9,Tomato,22.88,66.7,0.971,0.643,12.53,25.0,2.0,1.0,0.041667,0.8631,0.49736,9.5026,9.4346,-0.068
46,10,Tomato,24.25,54.86,0.971,0.643,12.53,25.0,2.0,1.0,0.041667,0.94962,0.53693,9.4631,9.3478,-0.1153
46,11,Tomato,29.23,61.86,0.971,0.643,12.53,25.0,2.0,1.0,0.041667,1.34048,0.59278,9.4072,9.2439,-0.1633
46,12,Tomato,22.58,62.74,0.971,0.643,12.53,25.0,2.0,1.0,0.041667,0.84567,0.62802,9.372,9.2238,-0.1482
46,13,Tomato,20.59,67.84,0.971,0.643,12.53,25.0,2.0,1.0,0.041667,0.73652,0.65871,9.3413,9.2352,-0.106
46,14,Tomato,21.45,72.13,0.971,0.643,12.53,25.0,2.0,1.0,0.041667,0.78213,0.6913,9.3087,9.2272,-0.0815
46,15,Tomato,22.98,70.83,0.971,0.643,12.53,25.0,2.0,1.0,0.041667,0.86948,0.72752,9.2725,8.9952,-0.2773
46,16,Tomato,21.84,70.26,0.971,0.643,12.53,25.0,2.0,1.0,0.041667,0.80357,0.76101,9.239,9.1374,-0.1016
46,17,Tomato,29.27,85.09,0.971,0.643,12.53,25.0,2.0,1.0,0.041667,1.34484,0.81704,9.183,8.8201,-0.3628
46,18,Tomato,23.06,83.93,0.971,0.643,12.53,25.0,2.0,1.0,0.041667,0.87422,0.85347,9.1465,8.8148,-0.3317
46,19,Tomato,24.67,75.68,0.971,0.643,12.53,25.0,2.0,1.0,0.041667,0.97726,0.89419,9.1058,8.7882,-0.3176
46,20,Tomato,25.3,80.13,0.971,0.643,12.53,25.0,2.0,1.0,0.041667,1.02123,0.93674,9.0633,8.7231,-0.3402
46,21,Tomato,27.19,84.46,0.971,0.643,12.53,25.0,2.0,1.0,0.041667,1.16416,0.98524,9.0148,8.5751,-0.4396
46,22,Tomato,27.25,79.55,0.971,0.643,12.53,25.0,2.0,1.0,0.041667,1.16868,1.03394,8.9661,8.6778,-0.2883
46,23,Tomato,25.52,79.38,0.971,0.643,12.53,25.0,2.0,1.0,0.041667,1.03688,1.07714,8.9229,8.4001,-0.5227
46,24,Tomato,29.21,81.83,0.971,0.643,12.53,25.0,2.0,1.0,0.041667,1.33843,1.13291,8.8671,8.4651,-0.4019
46,25,Tomato,30.0,73.67,0.971,0.643,12.53,25.0,2.0,1.0,0.041667,1.41429,1.19184,8.8082,8.2138,-0.5944
46,26,Tomato,28.35,77.56,0.971,0.643,12.53,25.0,2.0,1.0,0.041667,1.26123,1.24439,8.7556,8.4104,-0.3452
46,27,Tomato,27.4,71.44,0.971,0.643,12.53,25.0,2.0,1.0,0.041667,1.18135,1.29361,8.7064,8.1614,-0.545
46,28,Tomato,26.48,66.58,0.971,0.643,12.53,25.0,2.0,1.0,0.041667,1.10801,1.33978,8.6602,8.2612,-0.399
46,29,Tomato,27.08,62.45,0.971,0.643,12.53,25.0,2.0,1.0,0.041667,1.15516,1.38791,8.6121,8.0683,-0.5437
46,30,Tomato,25.28,69.83,0.971,0.643,12.53,25.0,2.0,1.0,0.041667,1.01932,1.43038,8.5696,8.0087,-0.5609
46,31,Tomato,25.9,66.06,0.971,0.643,12.53,25.0,2.0,1.0,0.041667,1.06472,1.47475,8.5253,8.0173,-0.5079
46,32,Tomato,24.09,66.78,0.971,0.643,12.53,25.0,2.0,1.0,0.041667,0.93902,1.51387,8.4861,7.8838,-0.6023
46,33,Tomato,24.55,60.78,0.971,0.643,12.53,25.0,2.0,1.0,0.041667,0.96942,1.55427,8.4457,7.984,-0.4617
46,34,Tomato,23.37,61.72,0.971,0.643,12.53,25.0,2.0,1.0,0.041667,0.89317,1.59148,8.4085,7.8444,-0.5641
46,35,Tomato,21.18,76.68,0.971,0.643,12.53,25.0,2.0,1.0,0.041667,0.76723,1.62345,8.3766,7.6776,-0.6989
46,36,Tomato,23.17,63.37,0.971,0.643,12.53,25.0,2.0,1.0,0.041667,0.88073,1.66015,8.3399,7.6531,-0.6867
46,37,Tomato,22.66,66.28,0.971,0.643,12.53,25.0,2.0,1.0,0.041667,0.85006,1.69556,8.3044,7.7474,-0.5571
46,38,Tomato,26.47,73.74,0.971,0.643,12.53,25.0,2.0,1.0,0.041667,1.10741,1.74171,8.2583,7.5206,-0.7377
46,39,Tomato,21.78,73.58,0.971,0.643,12.53,25.0,2.0,1.0,0.041667,0.79986,1.77503,8.225,7.4783,-0.7467
46,40,Tomato,22.85,76.84,0.971,0.643,12.53,25.0,2.0,1.0,0.041667,0.86148,1.81093,8.1891,7.379,-0.8101
46,41,Tomato,23.83,73.05,0.971,0.643,12.53,25.0,2.0,1.0,0.041667,0.92194,1.84934,8.1507,7.2618,-0.8888
46,42,Tomato,23.73,76.63,0.971,0.643,12.53,25.0,2.0,1.0,0.041667,0.9157,1.8875,8.1125,7.3474,-0.7651
46,43,Tomato,26.83,88.59,0.971,0.643,12.53,25.0,2.0,1.0,0.041667,1.13528,1.9348,8.0652,6.7856,-1.2796
46,44,Tomato,24.49,82.24,0.971,0.643,12.53,25.0,2.0,1.0,0.041667,0.96534,1.97502,8.025,7.0877,-0.9373
46,45,Tomato,25.86,80.25,0.971,0.643,12.53,25.0,2.0,1.0,0.041667,1.06124,2.01924,7.9808,6.9012,-1.0796
46,46,Tomato,27.41,82.3,0.971,0.643,12.53,25.0,2.0,1.0,0.041667,1.18222,2.0685,7.9315,7.0342,-0.8973
46,47,Tomato,27.76,82.26,0.971,0.643,12.53,25.0,2.0,1.0,0.041667,1.21114,2.11897,7.881,6.8873,-0.9938
46,48,Tomato,28.22,85.44,0.971,0.643,12.53,25.0,2.0,1.0,0.041667,1.25003,2.17105,7.8289,6.7336,-1.0954
46,49,Tomato,28.5,77.13,0.971,0.643,12.53,25.0,2.0,1.0,0.041667,1.27461,2.22416,7.7758,6.8224,-0.9534
46,50,Tomato,28.05,80.02,0.971,0.643,12.53,25.0,2.0,1.0,0.041667,1.23583,2.27565,7.7243,6.7145,-1.0098
46,51,Tomato,29.5,68.78,0.971,0.643,12.53,25.0,2.0,1.0,0.041667,1.36573,2.33256,7.6674,6.7018,-0.9656
46,52,Tomato,27.21,73.88,0.971,0.643,12.53,25.0,2.0,1.0,0.041667,1.16582,2.38113,7.6189,6.6797,-0.9392
46,53,Tomato,25.24,72.45,0.971,0.643,12.53,25.0,2.0,1.0,0.041667,1.01702,2.42351,7.5765,6.5283,-1.0482
46,54,Tomato,24.62,64.86,0.971,0.643,12.53,25.0,2.0,1.0,0.041667,0.97392,2.46409,7.5359,6.6596,-0.8763
46,55,Tomato,23.33,67.59,0.971,0.643,12.53,25.0,2.0,1.0,0.041667,0.89042,2.50119,7.4988,6.5489,-0.9499
46,56,Tomato,25.43,61.36,0.971,0.643,12.53,25.0,2.0,1.0,0.041667,1.03039,2.54412,7.4559,6.6534,-0.8025
46,57,Tomato,23.64,61.37,0.971,0.643,12.53,25.0,2.0,1.0,0.041667,0.91006,2.58204,7.418,6.4277,-0.9902
46,58,Tomato,23.68,59.78,0.971,0.643,12.53,25.0,2.0,1.0,0.041667,0.91276,2.62007,7.3799,6.3426,-1.0373
46,59,Tomato,22.12,64.18,0.971,0.643,12.53,25.0,2.0,1.0,0.041667,0.81907,2.6542,7.3458,6.1513,-1.1945
46,60,Tomato,20.92,62.83,0.971,0.643,12.53,25.0,2.0,1.0,0.041667,0.75376,2.68561,7.3144,6.3062,-1.0082
46,61,Tomato,21.37,66.22,0.971,0.643,12.53,25.0,2.0,1.0,0.041667,0.77762,2.71801,7.282,6.2019,-1.08
46,62,Tomato,23.31,65.41,0.971,0.643,12.53,25.0,2.0,1.0,0.041667,0.88954,2.75507,7.2449,6.169,-1.0759
46,63,Tomato,22.19,65.2,0.971,0.643,12.53,25.0,2.0,1.0,0.041667,0.8229,2.78936,7.2106,6.0284,-1.1823
46,64,Tomato,22.33,72.16,0.971,0.643,12.53,25.0,2.0,1.0,0.041667,0.83131,2.824,7.176,6.0072,-1.1688
46,65,Tomato,24.24,80.98,0.971,0.643,12.53,25.0,2.0,1.0,0.041667,0.9486,2.86352,7.1365,5.8033,-1.3332
46,66,Tomato,25.43,80.24,0.971,0.643,12.53,25.0,2.0,1.0,0.041667,1.03036,2.90646,7.0935,5.7601,-1.3335
46,67,Tomato,23.38,79.93,0.971,0.643,12.53,25.0,2.0,1.0,0.041667,0.89382,2.9437,7.0563,5.7631,-1.2932
46,68,Tomato,25.81,81.81,0.971,0.643,12.53,25.0,2.0,1.0,0.041667,1.05798,2.98778,7.0122,5.5847,-1.4276
46,69,Tomato,27.3,81.53,0.971,0.643,12.53,25.0,2.0,1.0,0.041667,1.17247,3.03663,6.9634,5.5128,-1.4506
46,70,Tomato,28.51,82.12,0.971,0.643,12.53,25.0,2.0,1.0,0.041667,1.2754,3.08977,6.9102,5.5754,-1.3348
46,71,Tomato,26.67,82.78,0.971,0.643,12.53,25.0,2.0,1.0,0.041667,1.12309,3.13657,6.8634,5.2327,-1.6307
46,72,Tomato,31.53,77.99,0.971,0.643,12.53,25.0,2.0,1.0,0.041667,1.57212,3.20208,6.7979,5.2132,-1.5847
46,73,Tomato,26.92,80.8,0.971,0.643,12.53,25.0,2.0,1.0,0.041667,1.14221,3.24967,6.7503,5.2692,-1.4811
46,74,Tomato,29.05,78.25,0.971,0.643,12.53,25.0,2.0,1.0,0.041667,1.32433,3.30485,6.6952,5.1983,-1.4968
46,75,Tomato,28.29,76.41,0.971,0.643,12.53,25.0,2.0,1.0,0.041667,1.25626,3.35719,6.6428,5.1449,-1.4979
46,76,Tomato,33.21,65.82,0.971,0.643,12.53,25.0,2.0,1.0,0.041667,1.7669,3.43081,6.5692,5.2949,-1.2743
46,77,Tomato,26.31,68.15,0.971,0.643,12.53,25.0,2.0,1.0,0.041667,1.09484,3.47643,6.5236,5.0729,-1.4507
46,78,Tomato,24.85,67.62,0.971,0.643,12.53,25.0,2.0,1.0,0.041667,0.9898,3.51767,6.4823,5.068,-1.4143
46,79,Tomato,23.82,65.34,0.971,0.643,12.53,25.0,2.0,1.0,0.041667,0.9212,3.55606,6.4439,5.0493,-1.3947
46,80,Tomato,24.91,68.63,0.971,0.643,12.53,25.0,2.0,1.0,0.041667,0.99393,3.59747,6.4025,4.8108,-1.5917
46,81,Tomato,23.75,59.62,0.971,0.643,12.53,25.0,2.0,1.0,0.041667,0.9167,3.63567,6.3643,4.8813,-1.483
46,82,Tomato,24.37,60.04,0.971,0.643,12.53,25.0,2.0,1.0,0.041667,0.95748,3.67556,6.3244,4.8033,-1.5211
46,83,Tomato,20.33,64.57,0.971,0.643,12.53,25.0,2.0,1.0,0.041667,0.72336,3.7057,6.2943,4.7751,-1.5192
46,84,Tomato,20.8,65.65,0.971,0.643,12.53,25.0,2.0,1.0,0.041667,0.74723,3.73684,6.2632,4.8215,-1.4417
46,85,Tomato,20.96,72.32,0.971,0.643,12.53,25.0,2.0,1.0,0.041667,0.75564,3.76832,6.2317,4.6745,-1.5571
46,86,Tomato,22.29,66.73,0.971,0.643,12.53,25.0,2.0,1.0,0.041667,0.82849,3.80284,6.1972,4.5733,-1.6239
46,87,Tomato,25.85,68.68,0.971,0.643,12.53,25.0,2.0,1.0,0.041667,1.06069,3.84704,6.153,4.5447,-1.6083
46,88,Tomato,21.26,76.02,0.971,0.643,12.53,25.0,2.0,1.0,0.041667,0.77167,3.87919,6.1208,4.3203,-1.8005
46,89,Tomato,22.24,78.29,0.971,0.643,12.53,25.0,2.0,1.0,0.041667,0.8258,3.9136,6.0864,4.2041,-1.8823
46,90,Tomato,25.04,73.43,0.971,0.643,12.53,25.0,2.0,1.0,0.041667,1.00286,3.95538,6.0446,4.0609,-1.9837
46,91,Tomato,25.37,80.24,0.971,0.643,12.53,25.0,2.0,1.0,0.041667,1.02577,3.99812,6.0019,4.0204,-1.9815
46,92,Tomato,25.25,83.09,0.971,0.643,12.53,25.0,2.0,1.0,0.041667,1.0175,4.04052,5.9595,3.9555,-2.004
46,93,Tomato,26.24,79.94,0.971,0.643,12.53,25.0,2.0,1.0,0.041667,1.09005,4.08594,5.9141,3.8831,-2.031
46,94,Tomato,28.26,87.88,0.971,0.643,12.53,25.0,2.0,1.0,0.041667,1.25338,4.13816,5.8618,3.2314,-2.6305
46,95,Tomato,26.45,85.98,0.971,0.643,12.53,25.0,2.0,1.0,0.041667,1.10591,4.18424,5.8158,3.4721,-2.3437
47,0,Tomato,22.58,69.3,0.932,0.443,12.7,25.0,2.0,1.0,0.041667,0.84581,0.03524,9.9648,9.8442,-0.1206
47,1,Tomato,22.51,69.84,0.932,0.443,12.7,25.0,2.0,1.0,0.041667,0.84123,0.07029,9.9297,10.0,0.0703
47,2,Tomato,22.68,72.92,0.932,0.443,12.7,25.0,2.0,1.0,0.041667,0.85126,0.10576,9.8942,9.8468,-0.0474
47,3,Tomato,22.94,77.51,0.932,0.443,12.7,25.0,2.0,1.0,0.041667,0.86716,0.14189,9.8581,9.968,0.1099
47,4,Tomato,24.39,78.22,0.932,0.443,12.7,25.0,2.0,1.0,0.041667,0.95862,0.18184,9.8182,9.6946,-0.1235
47,5,Tomato,26.22,87.74,0.932,0.443,12.7,25.0,2.0,1.0,0.041667,1.08839,0.22719,9.7728,9.461,-0.3118
47,6,Tomato,26.3,82.82,0.932,0.443,12.7,25.0,2.0,1.0,0.041667,1.094,0.27277,9.7272,9.7189,-0.0084
47,7,Tomato,28.54,97.35,0.932,0.443,12.7,25.0,2.0,1.0,0.041667,1.27818,0.32603,9.674,9.3998,-0.2741
47,8,Tomato,27.14,81.3,0.932,0.443,12.7,25.0,2.0,1.0,0.041667,1.1603,0.37437,9.6256,9.514,-0.1116
47,9,Tomato,27.28,82.28,0.932,0.443,12.7,25.0,2.0,1.0,0.041667,1.17108,0.42317,9.5768,9.5455,-0.0313
47,10,Tomato,28.39,78.71,0.932,0.443,12.7,25.0,2.0,1.0,0.041667,1.26479,0.47587,9.5241,9.3862,-0.138
47,11,Tomato,25.62,74.4,0.932,0.443,12.7,25.0,2.0,1.0,0.041667,1.04393,0.51936,9.4806,9.4391,-0.0415
47,12,Tomato,28.04,77.8,0.932,0.443,12.7,25.0,2.0,1.0,0.041667,1.23489,0.57082,9.4292,9.3304,-0.0988
47,13,Tomato,26.99,68.43,0.932,0.443,12.7,25.0,2.0,1.0,0.041667,1.14757,0.61863,9.3814,9.2102,-0.1712
47,14,Tomato,26.46,63.86,0.932,0.443,12.7,25.0,2.0,1.0,0.041667,1.10664,0.66474,9.3353,9.1556,-0.1796
47,15,Tomato,26.2,64.11,0.932,0.443,12.7,25.0,2.0,1.0,0.041667,1.08636,0.71001,9.29,9.0458,-0.2442
47,16,Tomato,24.77,63.36,0.932,0.443,12.7,25.0,2.0,1.0,0.041667,0.98423,0.75102,9.249,9.0646,-0.1843
47,17,Tomato,23.23,60.27,0.932,0.443,12.7,25.0,2.0,1.0,0.041667,0.88438,0.78787,9.2121,9.0948,-0.1174
47,18,Tomato,23.41,64.44,0.932,0.443,12.7,25.0,2.0,1.0,0.041667,0.89547,0.82518,9.1748,8.9428,-0.232
47,19,Tomato,23.58,58.44,0.932,0.443,12.7,25.0,2.0,1.0,0.041667,0.90606,0.86293,9.1371,8.8612,-0.2759
47,20,Tomato,22.76,58.21,0.932,0.443,12.7,25.0,2.0,1.0,0.041667,0.85612,0.8986,9.1014,8.916,-0.1854
47,21,Tomato,21.22,57.41,0.932,0.443,12.7,25.0,2.0,1.0,0.041667,0.76934,0.93066,9.0693,8.762,-0.3073
47,22,Tomato,21.83,67.36,0.932,0.443,12.7,25.0,2.0,1.0,0.041667,0.80277,0.96411,9.0359,8.8223,-0.2136
47,23,Tomato,22.24,67.77,0.932,0.443,12.7,25.0,2.0,1.0,0.041667,0.82608,0.99853,9.0015,8.6599,-0.3416
47,24,Tomato,23.74,66.57,0.932,0.443,12.7,25.0,2.0,1.0,0.041667,0.91652,1.03672,8.9633,8.6752,-0.2881
47,25,Tomato,22.59,73.81,0.932,0.443,12.7,25.0,2.0,1.0,0.041667,0.84606,1.07197,8.928,8.506,-0.422
47,26,Tomato,23.74,76.79,0.932,0.443,12.7,25.0,2.0,1.0,0.041667,0.91628,1.11015,8.8899,8.5115,-0.3783
47,27,Tomato,28.43,83.31,0.932,0.443,12.7,25.0,2.0,1.0,0.041667,1.26843,1.163,8.837,8.3531,-0.4839
47,28,Tomato,28.3,82.44,0.932,0.443,12.7,25.0,2.0,1.0,0.041667,1.2573,1.21539,8.7846,8.3788,-0.4058
47,29,Tomato,25.42,78.97,0.932,0.443,12.7,25.0,2.0,1.0,0.041667,1.02925,1.25827,8.7417,8.3875,-0.3543
47,30,Tomato,25.62,81.33,0.932,0.443,12.7,25.0,2.0,1.0,0.041667,1.04385,1.30176,8.6982,8.2801,-0.4182
47,31,Tomato,27.71,81.69,0.932,0.443,12.7,25.0,2.0,1.0,0.041667,1.20676,1.35205,8.648,8.1722,-0.4758
47,32,Tomato,27.16,77.93,0.932,0.443,12.7,25.0,2.0,1.0,0.041667,1.16149,1.40044,8.5996,8.2301,-0.3694
47,33,Tomato,26.97,81.52,0.932,0.443,12.7,25.0,2.0,1.0,0.041667,1.14647,1.44821,8.5518,8.0087,-0.5431
47,34,Tomato,28.95,76.57,0.932,0.443,12.7,25.0,2.0,1.0,0.041667,1.31526,1.50301,8.497,8.0977,-0.3993
47,35,Tomato,28.17,76.65,0.932,0.443,12.7,25.0,2.0,1.0,0.041667,1.2454,1.55491,8.4451,8.0083,-0.4368
47,36,Tomato,27.0,70.89,0.932,0.443,12.7,25.0,2.0,1.0,0.041667,1.14839,1.60275,8.3972,7.9355,-0.4617
47,37,Tomato,28.17,67.09,0.932,0.443,12.7,25.0,2.0,1.0,0.041667,1.24571,1.65466,8.3453,7.9098,-0.4356
47,38,Tomato,25.91,59.81,0.932,0.443,12.7,25.0,2.0,1.0,0.041667,1.06476,1.69902,8.301,7.7953,-0.5057
47,39,Tomato,26.43,65.12,0.932,0.443,12.7,25.0,2.0,1.0,0.041667,1.10394,1.74502,8.255,7.8157,-0.4393
47,40,Tomato,25.64,60.64,0.932,0.443,12.7,25.0,2.0,1.0,0.041667,1.04501,1.78856,8.2114,7.721,-0.4904
47,41,Tomato,30.25,64.98,0.932,0.443,12.7,25.0,2.0,1.0,0.041667,1.43921,1.84853,8.1515,7.6267,-0.5247
47,42,Tomato,22.89,65.65,0.932,0.443,12.7,25.0,2.0,1.0,0.041667,0.86397,1.88453,8.1155,7.5934,-0.5221
47,43,Tomato,21.83,60.89,0.932,0.443,12.7,25.0,2.0,1.0,0.041667,0.80261,1.91797,8.082,7.4696,-0.6124
47,44,Tomato,22.09,64.26,0.932,0.443,12.7,25.0,2.0,1.0,0.041667,0.81711,1.95202,8.048,7.4957,-0.5523
47,45,Tomato,22.33,57.56,0.932,0.443,12.7,25.0,2.0,1.0,0.041667,0.83126,1.98665,8.0133,7.4089,-0.6044
47,46,Tomato,21.53,64.51,0.932,0.443,12.7,25.0,2.0,1.0,0.041667,0.78643,2.01942,7.9806,7.4515,-0.529
47,47,Tomato,21.78,74.56,0.932,0.443,12.7,25.0,2.0,1.0,0.041667,0.80022,2.05277,7.9472,7.1734,-0.7739
47,48,Tomato,22.78,72.56,0.932,0.443,12.7,25.0,2.0,1.0,0.041667,0.85757,2.0885,7.9115,7.2428,-0.6687
47,49,Tomato,24.28,76.84,0.932,0.443,12.7,25.0,2.0,1.0,0.041667,0.95109,2.12813,7.8719,7.1433,-0.7286
47,50,Tomato,24.09,76.26,0.932,0.443,12.7,25.0,2.0,1.0,0.041667,0.93865,2.16724,7.8328,7.0609,-0.7718
47,51,Tomato,23.58,82.21,0.932,0.443,12.7,25.0,2.0,1.0,0.041667,0.90656,2.20501,7.795,7.0118,-0.7832
47,52,Tomato,23.71,78.02,0.932,0.443,12.7,25.0,2.0,1.0,0.041667,0.9143,2.24311,7.7569,6.7604,-0.9965
47,53,Tomato,25.18,81.61,0.932,0.443,12.7,25.0,2.0,1.0,0.041667,1.01251,2.28529,7.7147,6.831,-0.8837
47,54,Tomato,25.78,83.02,0.932,0.443,12.7,25.0,2.0,1.0,0.041667,1.05529,2.32926,7.6707,6.6708,-1.0
47,55,Tomato,26.96,80.94,0.932,0.443,12.7,25.0,2.0,1.0,0.041667,1.14567,2.377,7.623,6.8803,-0.7427
47,56,Tomato,26.95,81.2,0.932,0.443,12.7,25.0,2.0,1.0,0.041667,1.14494,2.42471,7.5753,6.7142,-0.8611
47,57,Tomato,28.47,77.43,0.932,0.443,12.7,25.0,2.0,1.0,0.041667,1.27187,2.4777,7.5223,6.781,-0.7413
47,58,Tomato,27.18,80.18,0.932,0.443,12.7,25.0,2.0,1.0,0.041667,1.16305,2.52616,7.4738,6.4899,-0.9839
47,59,Tomato,29.54,74.33,0.932,0.443,12.7,25.0,2.0,1.0,0.041667,1.37025,2.58326,7.4167,6.4558,-0.961
47,60,Tomato,29.85,74.32,0.932,0.443,12.7,25.0,2.0,1.0,0.041667,1.39981,2.64158,7.3584,6.558,-0.8004
47,61,Tomato,27.3,71.36,0.932,0.443,12.7,25.0,2.0,1.0,0.041667,1.17297,2.69045,7.3095,6.5669,-0.7427
47,62,Tomato,26.43,67.1,0.932,0.443,12.7,25.0,2.0,1.0,0.041667,1.10416,2.73646,7.2635,6.5443,-0.7193
47,63,Tomato,25.45,64.85,0.932,0.443,12.7,25.0,2.0,1.0,0.041667,1.03142,2.77944,7.2206,6.2964,-0.9242
47,64,Tomato,24.5,68.31,0.932,0.443,12.7,25.0,2.0,1.0,0.041667,0.96606,2.81969,7.1803,6.1881,-0.9922
47,65,Tomato,23.8,66.65,0.932,0.443,12.7,25.0,2.0,1.0,0.041667,0.92019,2.85803,7.142,6.2131,-0.9289
47,66,Tomato,23.4,64.93,0.932,0.443,12.7,25.0,2.0,1.0,0.041667,0.89504,2.89532,7.1047,6.0796,-1.0251
47,67,Tomato,24.08,58.46,0.932,0.443,12.7,25.0,2.0,1.0,0.041667,0.93854,2.93443,7.0656,6.2076,-0.858
47,68,Tomato,21.44,61.83,0.932,0.443,12.7,25.0,2.0,1.0,0.041667,0.78124,2.96698,7.033,6.2099,-0.8231
47,69,Tomato,22.69,71.62,0.932,0.443,12.7,25.0,2.0,1.0,0.041667,0.85217,3.00249,6.9975,5.9167,-1.0808
47,70,Tomato,22.16,63.31,0.932,0.443,12.7,25.0,2.0,1.0,0.041667,0.82116,3.0367,6.9633,6.0787,-0.8846
47,71,Tomato,22.95,72.45,0.932,0.443,12.7,25.0,2.0,1.0,0.041667,0.86767,3.07286,6.9271,5.8503,-1.0769
47,72,Tomato,21.76,72.43,0.932,0.443,12.7,25.0,2.0,1.0,0.041667,0.79888,3.10614,6.8939,5.7927,-1.1012
47,73,Tomato,22.76,73.79,0.932,0.443,12.7,25.0,2.0,1.0,0.041667,0.85646,3.14183,6.8582,5.76,-1.0982
47,74,Tomato,22.2,79.85,0.932,0.443,12.7,25.0,2.0,1.0,0.041667,0.82362,3.17615,6.8239,5.7733,-1.0505
47,75,Tomato,23.52,79.02,0.932,0.443,12.7,25.0,2.0,1.0,0.041667,0.90278,3.21376,6.7862,5.5917,-1.1946
47,76,Tomato,23.22,83.9,0.932,0.443,12.7,25.0,2.0,1.0,0.041667,0.88367,3.25058,6.7494,5.4282,-1.3212
47,77,Tomato,25.41,77.76,0.932,0.443,12.7,25.0,2.0,1.0,0.041667,1.02917,3.29346,6.7065,5.4407,-1.2659
47,78,Tomato,25.89,81.11,0.932,0.443,12.7,25.0,2.0,1.0,0.041667,1.06374,3.33779,6.6622,5.4166,-1.2457
47,79,Tomato,25.31,81.32,0.932,0.443,12.7,25.0,2.0,1.0,0.041667,1.02139,3.38035,6.6197,5.2595,-1.3602
47,80,Tomato,26.45,76.99,0.932,0.443,12.7,25.0,2.0,1.0,0.041667,1.10588,3.42642,6.5736,5.4134,-1.1602
47,81,Tomato,28.3,94.66,0.932,0.443,12.7,25.0,2.0,1.0,0.041667,1.25733,3.47881,6.5212,3.8811,-2.6401
47,82,Tomato,28.81,81.54,0.932,0.443,12.7,25.0,2.0,1.0,0.041667,1.30193,3.53306,6.4669,5.1218,-1.3452
47,83,Tomato,28.28,71.6,0.932,0.443,12.7,25.0,2.0,1.0,0.041667,1.25489,3.58535,6.4147,5.3423,-1.0724
47,84,Tomato,28.71,76.78,0.932,0.443,12.7,25.0,2.0,1.0,0.041667,1.29343,3.63924,6.3608,5.1644,-1.1964
47,85,Tomato,32.68,66.34,0.932,0.443,12.7,25.0,2.0,1.0,0.041667,1.70236,3.71017,6.2898,5.1845,-1.1053
47,86,Tomato,25.34,67.1,0.932,0.443,12.7,25.0,2.0,1.0,0.041667,1.02413,3.75284,6.2472,4.9371,-1.31
47,87,Tomato,30.88,62.41,0.932,0.443,12.7,25.0,2.0,1.0,0.041667,1.50335,3.81548,6.1845,4.9806,-1.2039
47,88,Tomato,26.23,61.77,0.932,0.443,12.7,25.0,2.0,1.0,0.041667,1.08889,3.86085,6.1391,5.0151,-1.1241
47,89,Tomato,22.7,60.36,0.932,0.443,12.7,25.0,2.0,1.0,0.041667,0.85266,3.89638,6.1036,5.0048,-1.0988
47,90,Tomato,23.37,62.67,0.932,0.443,12.7,25.0,2.0,1.0,0.041667,0.89299,3.93359,6.0664,4.8878,-1.1786
47,91,Tomato,23.7,68.15,0.932,0.443,12.7,25.0,2.0,1.0,0.041667,0.9136,3.97166,6.0283,4.7709,-1.2574
47,92,Tomato,22.38,61.47,0.932,0.443,12.7,25.0,2.0,1.0,0.041667,0.83366,4.00639,5.9936,4.8119,-1.1817
47,93,Tomato,22.21,58.6,0.932,0.443,12.7,25.0,2.0,1.0,0.041667,0.82436,4.04074,5.9593,4.6787,-1.2805
47,94,Tomato,21.3,64.66,0.932,0.443,12.7,25.0,2.0,1.0,0.041667,0.77395,4.07299,5.927,4.6847,-1.2423
47,95,Tomato,23.0,71.17,0.932,0.443,12.7,25.0,2.0,1.0,0.041667,0.87038,4.10925,5.8907,4.4953,-1.3954
48,0,Tomato,28.31,75.32,0.928,0.404,29.12,25.0,2.0,1.0,0.041667,1.25803,0.05242,9.9476,10.0,0.0524
48,1,Tomato,29.59,78.32,0.928,0.404,29.12,25.0,2.0,1.0,0.041667,1.37451,0.10969,9.8903,9.8163,-0.074
48,2,Tomato,27.38,79.33,0.928,0.404,29.12,25.0,2.0,1.0,0.041667,1.17941,0.15883,9.8412,9.6936,-0.1476
48,3,Tomato,27.55,67.91,0.928,0.404,29.12,25.0,2.0,1.0,0.041667,1.19374,0.20857,9.7914,9.6501,-0.1413
48,4,Tomato,26.64,69.45,0.928,0.404,29.12,25.0,2.0,1.0,0.041667,1.12051,0.25526,9.7447,9.655,-0.0897
48,5,Tomato,24.95,70.24,0.928,0.404,29.12,25.0,2.0,1.0,0.041667,0.99664,0.29679,9.7032,9.6237,-0.0795
48,6,Tomato,25.32,72.23,0.928,0.404,29.12,25.0,2.0,1.0,0.041667,1.02232,0.33938,9.6606,9.4783,-0.1823
48,7,Tomato,24.24,74.22,0.928,0.404,29.12,25.0,2.0,1.0,0.041667,0.94862,0.37891,9.6211,9.4695,-0.1516
48,8,Tomato,29.79,64.81,0.928,0.404,29.12,25.0,2.0,1.0,0.041667,1.3935,0.43697,9.563,9.1936,-0.3695
48,9,Tomato,22.21,60.86,0.928,0.404,29.12,25.0,2.0,1.0,0.041667,0.82424,0.47131,9.5287,9.2946,-0.234
48,10,Tomato,22.39,64.25,0.928,0.404,29.12,25.0,2.0,1.0,0.041667,0.83441,0.50608,9.4939,9.2012,-0.2927
48,11,Tomato,22.59,60.86,0.928,0.404,29.12,25.0,2.0,1.0,0.041667,0.84607,0.54133,9.4587,9.1592,-0.2995
48,12,Tomato,24.24,64.62,0.928,0.404,29.12,25.0,2.0,1.0,0.041667,0.94857,0.58086,9.4191,9.1699,-0.2492
48,13,Tomato,21.53,70.88,0.928,0.404,29.12,25.0,2.0,1.0,0.041667,0.78646,0.61363,9.3864,8.9858,-0.4005
48,14,Tomato,23.66,67.08,0.928,0.404,29.12,25.0,2.0,1.0,0.041667,0.91121,0.65159,9.3484,8.7849,-0.5635
48,15,Tomato,22.35,73.36,0.928,0.404,29.12,25.0,2.0,1.0,0.041667,0.83227,0.68627,9.3137,8.6957,-0.618
48,16,Tomato,28.19,77.83,0.928,0.404,29.12,25.0,2.0,1.0,0.041667,1.24712,0.73824,9.2618,8.7289,-0.5329
48,17,Tomato,24.58,75.56,0.928,0.404,29.12,25.0,2.0,1.0,0.041667,0.97159,0.77872,9.2213,8.6314,-0.5899
48,18,Tomato,23.64,72.48,0.928,0.404,29.12,25.0,2.0,1.0,0.041667,0.90976,0.81663,9.1834,8.515,-0.6684
48,19,Tomato,26.66,78.01,0.928,0.404,29.12,25.0,2.0,1.0,0.041667,1.12191,0.86337,9.1366,8.3736,-0.763
48,20,Tomato,27.75,81.61,0.928,0.404,29.12,25.0,2.0,1.0,0.041667,1.21036,0.9138,9.0862,8.3412,-0.745
48,21,Tomato,24.2,80.35,0.928,0.404,29.12,25.0,2.0,1.0,0.041667,0.9462,0.95323,9.0468,8.2065,-0.8403
48,22,Tomato,27.32,80.08,0.928,0.404,29.12,25.0,2.0,1.0,0.041667,1.17452,1.00217,8.9978,8.1993,-0.7985
48,23,Tomato,28.34,78.95,0.928,0.404,29.12,25.0,2.0,1.0,0.041667,1.26079,1.0547,8.9453,8.1716,-0.7737
48,24,Tomato,28.38,79.53,0.928,0.404,29.12,25.0,2.0,1.0,0.041667,1.26401,1.10737,8.8926,7.8312,-1.0615
48,25,Tomato,28.73,75.88,0.928,0.404,29.12,25.0,2.0,1.0,0.041667,1.2948,1.16132,8.8387,8.0863,-0.7524
48,26,Tomato,26.96,71.54,0.928,0.404,29.12,25.0,2.0,1.0,0.041667,1.14521,1.20903,8.791,7.9527,-0.8382
48,27,Tomato,29.98,72.21,0.928,0.404,29.12,25.0,2.0,1.0,0.041667,1.41259,1.26789,8.7321,7.9575,-0.7746
48,28,Tomato,27.29,69.24,0.928,0.404,29.12,25.0,2.0,1.0,0.041667,1.17184,1.31672,8.6833,7.7393,-0.944
48,29,Tomato,27.22,69.79,0.928,0.404,29.12,25.0,2.0,1.0,0.041667,1.1661,1.36531,8.6347,7.6234,-1.0113
48,30,Tomato,27.81,61.72,0.928,0.404,29.12,25.0,2.0,1.0,0.041667,1.21465,1.41592,8.5841,7.717,-0.8671
48,31,Tomato,25.19,61.41,0.928,0.404,29.12,25.0,2.0,1.0,0.041667,1.01328,1.45814,8.5419,7.6109,-0.931
48,32,Tomato,24.05,63.56,0.928,0.404,29.12,25.0,2.0,1.0,0.041667,0.93636,1.49715,8.5028,7.5563,-0.9465
48,33,Tomato,21.31,55.98,0.928,0.404,29.12,25.0,2.0,1.0,0.041667,0.77408,1.5294,8.4706,7.2529,-1.2177
48,34,Tomato,23.0,62.95,0.928,0.404,29.12,25.0,2.0,1.0,0.041667,0.8707,1.56568,8.4343,7.5135,-0.9208
48,35,Tomato,23.06,64.45,0.928,0.404,29.12,25.0,2.0,1.0,0.041667,0.87406,1.6021,8.3979,7.1956,-1.2023
48,36,Tomato,22.21,69.74,0.928,0.404,29.12,25.0,2.0,1.0,0.041667,0.82415,1.63644,8.3636,7.1523,-1.2113
48,37,Tomato,21.07,64.46,0.928,0.404,29.12,25.0,2.0,1.0,0.041667,0.76146,1.66817,8.3318,7.0763,-1.2555
48,38,Tomato,19.82,73.5,0.928,0.404,29.12,25.0,2.0,1.0,0.041667,0.69842,1.69727,8.3027,6.9055,-1.3972
48,39,Tomato,22.63,75.19,0.928,0.404,29.12,25.0,2.0,1.0,0.041667,0.84833,1.73262,8.2674,7.0278,-1.2396
48,40,Tomato,22.78,74.69,0.928,0.404,29.12,25.0,2.0,1.0,0.041667,0.85712,1.76833,8.2317,6.8203,-1.4114
48,41,Tomato,23.95,77.9,0.928,0.404,29.12,25.0,2.0,1.0,0.041667,0.92966,1.80707,8.1929,6.7098,-1.4832
48,42,Tomato,24.51,82.14,0.928,0.404,29.12,25.0,2.0,1.0,0.041667,0.96664,1.84734,8.1527,6.6925,-1.4602
48,43,Tomato,25.26,75.44,0.928,0.404,29.12,25.0,2.0,1.0,0.041667,1.01799,1.88976,8.1102,6.7468,-1.3634
48,44,Tomato,25.98,78.68,0.928,0.404,29.12,25.0,2.0,1.0,0.041667,1.07021,1.93435,8.0656,6.5448,-1.5209
48,45,Tomato,26.55,86.66,0.928,0.404,29.12,25.0,2.0,1.0,0.041667,1.11356,1.98075,8.0193,6.2978,-1.7215
48,46,Tomato,27.35,80.17,0.928,0.404,29.12,25.0,2.0,1.0,0.041667,1.17661,2.02978,7.9702,6.3911,-1.5792
48,47,Tomato,28.66,81.82,0.928,0.404,29.12,25.0,2.0,1.0,0.041667,1.28865,2.08347,7.9165,6.2407,-1.6758
48,48,Tomato,30.1,78.45,0.928,0.404,29.12,25.0,2.0,1.0,0.041667,1.42361,2.14279,7.8572,6.1548,-1.7024
48,49,Tomato,27.92,73.38,0.928,0.404,29.12,25.0,2.0,1.0,0.041667,1.22461,2.19381,7.8062,6.0234,-1.7828
48,50,Tomato,27.69,77.59,0.928,0.404,29.12,25.0,2.0,1.0,0.041667,1.20536,2.24403,7.756,6.0478,-1.7082
48,51,Tomato,26.5,70.52,0.928,0.404,29.12,25.0,2.0,1.0,0.041667,1.10919,2.29025,7.7097,5.9318,-1.778
48,52,Tomato,26.74,68.16,0.928,0.404,29.12,25.0,2.0,1.0,0.041667,1.12838,2.33727,7.6627,5.8208,-1.8419
48,53,Tomato,27.06,67.33,0.928,0.404,29.12,25.0,2.0,1.0,0.041667,1.15384,2.38534,7.6147,5.8492,-1.7655
48,54,Tomato,24.43,63.04,0.928,0.404,29.12,25.0,2.0,1.0,0.041667,0.96118,2.42539,7.5746,5.8971,-1.6776
48,55,Tomato,23.67,62.44,0.928,0.404,29.12,25.0,2.0,1.0,0.041667,0.91203,2.46339,7.5366,5.7396,-1.797
48,56,Tomato,23.4,66.23,0.928,0.404,29.12,25.0,2.0,1.0,0.041667,0.89509,2.50069,7.4993,5.7039,-1.7954
48,57,Tomato,22.49,62.34,0.928,0.404,29.12,25.0,2.0,1.0,0.041667,0.84048,2.53571,7.4643,5.5717,-1.8926
48,58,Tomato,23.49,59.38,0.928,0.404,29.12,25.0,2.0,1.0,0.041667,0.9007,2.57324,7.4268,5.5897,-1.837
48,59,Tomato,21.51,65.46,0.928,0.404,29.12,25.0,2.0,1.0,0.041667,0.78489,2.60594,7.3941,5.4928,-1.9013
48,60,Tomato,22.24,67.32,0.928,0.404,29.12,25.0,2.0,1.0,0.041667,0.82576,2.64035,7.3597,5.3142,-2.0455
48,61,Tomato,21.99,71.53,0.928,0.404,29.12,25.0,2.0,1.0,0.041667,0.81173,2.67417,7.3258,5.2055,-2.1203
48,62,Tomato,23.44,70.2,0.928,0.404,29.12,25.0,2.0,1.0,0.041667,0.8977,2.71158,7.2884,5.2386,-2.0499
48,63,Tomato,21.92,74.13,0.928,0.404,29.12,25.0,2.0,1.0,0.041667,0.80796,2.74524,7.2548,5.0602,-2.1946
48,64,Tomato,24.47,75.14,0.928,0.404,29.12,25.0,2.0,1.0,0.041667,0.9636,2.78539,7.2146,5.0952,-2.1194
48,65,Tomato,23.82,74.93,0.928,0.404,29.12,25.0,2.0,1.0,0.041667,0.9215,2.82379,7.1762,5.0586,-2.1176
48,66,Tomato,24.8,74.62,0.928,0.404,29.12,25.0,2.0,1.0,0.041667,0.98643,2.86489,7.1351,4.9699,-2.1652
48,67,Tomato,26.2,88.85,0.928,0.404,29.12,25.0,2.0,1.0,0.041667,1.08665,2.91016,7.0898,4.3672,-2.7226
48,68,Tomato,25.03,86.5,0.928,0.404,29.12,25.0,2.0,1.0,0.041667,1.00194,2.95191,7.0481,4.3995,-2.6486
48,69,Tomato,28.4,86.32,0.928,0.404,29.12,25.0,2.0,1.0,0.041667,1.26548,3.00464,6.9954,4.3643,-2.6311
48,70,Tomato,26.41,88.74,0.928,0.404,29.12,25.0,2.0,1.0,0.041667,1.1023,3.05057,6.9494,4.0032,-2.9462
48,71,Tomato,27.14,83.55,0.928,0.404,29.12,25.0,2.0,1.0,0.041667,1.16023,3.09891,6.9011,4.2641,-2.637
48,72,Tomato,26.53,78.65,0.928,0.404,29.12,25.0,2.0,1.0,0.041667,1.11207,3.14525,6.8548,4.4211,-2.4337
48,73,Tomato,29.33,75.07,0.928,0.404,29.12,25.0,2.0,1.0,0.041667,1.35015,3.20151,6.7985,4.1838,-2.6147
48,74,Tomato,32.78,69.15,0.928,0.404,29.12,25.0,2.0,1.0,0.041667,1.7153,3.27298,6.727,4.3541,-2.3729
48,75,Tomato,27.21,67.41,0.928,0.404,29.12,25.0,2.0,1.0,0.041667,1.16574,3.32155,6.6785,4.254,-2.4245
48,76,Tomato,26.94,78.44,0.928,0.404,29.12,25.0,2.0,1.0,0.041667,1.14365,3.3692,6.6308,3.9394,-2.6914
48,77,Tomato,26.23,81.28,0.928,0.404,29.12,25.0,2.0,1.0,0.041667,1.08935,3.41459,6.5854,3.8604,-2.7251
48,78,Tomato,23.34,65.49,0.928,0.404,29.12,25.0,2.0,1.0,0.041667,0.89162,3.45174,6.5483,3.8794,-2.6688
48,79,Tomato,25.02,60.38,0.928,0.404,29.12,25.0,2.0,1.0,0.041667,1.00158,3.49347,6.5065,3.9779,-2.5286
48,80,Tomato,25.01,64.07,0.928,0.404,29.12,25.0,2.0,1.0,0.041667,1.0005,3.53516,6.4648,3.8227,-2.6422
48,81,Tomato,23.52,61.52,0.928,0.404,29.12,25.0,2.0,1.0,0.041667,0.90239,3.57276,6.4272,3.7886,-2.6386
48,82,Tomato,23.21,66.25,0.928,0.404,29.12,25.0,2.0,1.0,0.041667,0.88308,3.60956,6.3904,3.7678,-2.6226
48,83,Tomato,22.25,59.2,0.928,0.404,29.12,25.0,2.0,1.0,0.041667,0.82625,3.64398,6.356,3.8253,-2.5307
48,84,Tomato,21.88,65.13,0.928,0.404,29.12,25.0,2.0,1.0,0.041667,0.80531,3.67754,6.3225,3.5397,-2.7828
48,85,Tomato,22.45,78.55,0.928,0.404,29.12,25.0,2.0,1.0,0.041667,0.83778,3.71245,6.2876,3.4196,-2.868
48,86,Tomato,21.86,72.63,0.928,0.404,29.12,25.0,2.0,1.0,0.041667,0.80449,3.74597,6.254,3.433,-2.821
48,87,Tomato,23.77,73.76,0.928,0.404,29.12,25.0,2.0,1.0,0.041667,0.91798,3.78422,6.2158,3.2046,-3.0112
48,88,Tomato,24.09,74.15,0.928,0.404,29.12,25.0,2.0,1.0,0.041667,0.93917,3.82335,6.1767,3.1335,-3.0431
48,89,Tomato,25.32,79.88,0.928,0.404,29.12,25.0,2.0,1.0,0.041667,1.02217,3.86594,6.1341,3.054,-3.0801
48,90,Tomato,24.5,78.74,0.928,0.404,29.12,25.0,2.0,1.0,0.041667,0.96621,3.9062,6.0938,3.1319,-2.9619
48,91,Tomato,26.54,88.08,0.928,0.404,29.12,25.0,2.0,1.0,0.041667,1.11259,3.95256,6.0474,2.3629,-3.6845
48,92,Tomato,25.86,83.2,0.928,0.404,29.12,25.0,2.0,1.0,0.041667,1.06113,3.99677,6.0032,2.6201,-3.3831
48,93,Tomato,27.93,88.75,0.928,0.404,29.12,25.0,2.0,1.0,0.041667,1.22532,4.04782,5.9522,2.1142,-3.8379
48,94,Tomato,26.49,81.49,0.928,0.404,29.12,25.0,2.0,1.0,0.041667,1.10851,4.09401,5.906,2.4376,-3.4684
48,95,Tomato,26.64,75.25,0.928,0.404,29.12,25.0,2.0,1.0,0.041667,1.12052,4.1407,5.8593,2.5782,-3.2811
49,0,Tomato,21.19,62.9,0.852,0.705,9.33,25.0,2.0,1.0,0.041667,0.76767,0.03199,9.968,9.9229,-0.0451
49,1,Tomato,20.52,61.35,0.852,0.705,9.33,25.0,2.0,1.0,0.041667,0.73287,0.06252,9.9375,9.8217,-0.1158
49,2,Tomato,22.41,61.82,0.852,0.705,9.33,25.0,2.0,1.0,0.041667,0.83578,0.09735,9.9027,9.6584,-0.2442
49,3,Tomato,22.91,70.62,0.852,0.705,9.33,25.0,2.0,1.0,0.041667,0.86498,0.13339,9.8666,9.783,-0.0836
49,4,Tomato,20.45,73.23,0.852,0.705,9.33,25.0,2.0,1.0,0.041667,0.7295,0.16378,9.8362,9.7509,-0.0853
49,5,Tomato,22.11,73.68,0.852,0.705,9.33,25.0,2.0,1.0,0.041667,0.81855,0.19789,9.8021,9.7639,-0.0382
49,6,Tomato,26.29,78.51,0.852,0.705,9.33,25.0,2.0,1.0,0.041667,1.09373,0.24346,9.7565,9.576,-0.1805
49,7,Tomato,23.95,72.56,0.852,0.705,9.33,25.0,2.0,1.0,0.041667,0.93009,0.28222,9.7178,9.504,-0.2137
49,8,Tomato,29.21,85.11,0.852,0.705,9.33,25.0,2.0,1.0,0.041667,1.33911,0.33801,9.662,9.3502,-0.3118
49,9,Tomato,25.03,81.1,0.852,0.705,9.33,25.0,2.0,1.0,0.041667,1.00218,0.37977,9.6202,9.4382,-0.182
49,10,Tomato,25.14,82.82,0.852,0.705,9.33,25.0,2.0,1.0,0.041667,1.00995,0.42185,9.5781,9.2909,-0.2873
49,11,Tomato,27.7,77.73,0.852,0.705,9.33,25.0,2.0,1.0,0.041667,1.20577,0.47209,9.5279,9.2147,-0.3132
49,12,Tomato,27.8,83.04,0.852,0.705,9.33,25.0,2.0,1.0,0.041667,1.21457,0.5227,9.4773,9.1519,-0.3254
49,13,Tomato,29.42,81.74,0.852,0.705,9.33,25.0,2.0,1.0,0.041667,1.35804,0.57928,9.4207,9.1261,-0.2946
49,14,Tomato,28.43,75.97,0.852,0.705,9.33,25.0,2.0,1.0,0.041667,1.26819,0.63212,9.3679,9.0937,-0.2742
49,15,Tomato,31.37,72.96,0.852,0.705,9.33,25.0,2.0,1.0,0.041667,1.55521,0.69692,9.3031,8.8868,-0.4163
49,16,Tomato,27.97,68.38,0.852,0.705,9.33,25.0,2.0,1.0,0.041667,1.22833,0.74811,9.2519,8.9367,-0.3152
49,17,Tomato,26.76,69.91,0.852,0.705,9.33,25.0,2.0,1.0,0.041667,1.12985,0.79518,9.2048,8.851,-0.3538
49,18,Tomato,24.78,69.26,0.852,0.705,9.33,25.0,2.0,1.0,0.041667,0.98476,0.83621,9.1638,8.7687,-0.3951
49,19,Tomato,27.37,64.38,0.852,0.705,9.33,25.0,2.0,1.0,0.041667,1.17893,0.88534,9.1147,8.6511,-0.4636
49,20,Tomato,24.12,69.51,0.852,0.705,9.33,25.0,2.0,1.0,0.041667,0.94066,0.92453,9.0755,8.6173,-0.4582
49,21,Tomato,24.53,60.71,0.852,0.705,9.33,25.0,2.0,1.0,0.041667,0.96801,0.96486,9.0351,8.5778,-0.4573
49,22,Tomato,23.36,62.56,0.852,0.705,9.33,25.0,2.0,1.0,0.041667,0.89266,1.00206,8.9979,8.592,-0.406
49,23,Tomato,22.38,66.42,0.852,0.705,9.33,25.0,2.0,1.0,0.041667,0.83415,1.03681,8.9632,8.4407,-0.5225
49,24,Tomato,22.77,60.75,0.852,0.705,9.33,25.0,2.0,1.0,0.041667,0.85654,1.0725,8.9275,8.3851,-0.5423
49,25,Tomato,22.73,66.24,0.852,0.705,9.33,25.0,2.0,1.0,0.041667,0.85433,1.1081,8.8919,8.2293,-0.6626
49,26,Tomato,20.94,64.12,0.852,0.705,9.33,25.0,2.0,1.0,0.041667,0.75463,1.13954,8.8605,8.3009,-0.5596
49,27,Tomato,26.99,69.74,0.852,0.705,9.33,25.0,2.0,1.0,0.041667,1.14762,1.18736,8.8126,8.1775,-0.6352
49,28,Tomato,21.2,71.2,0.852,0.705,9.33,25.0,2.0,1.0,0.041667,0.76821,1.21937,8.7806,8.2811,-0.4995
49,29,Tomato,21.94,71.65,0.852,0.705,9.33,25.0,2.0,1.0,0.041667,0.80898,1.25308,8.7469,8.163,-0.5839
49,30,Tomato,23.11,76.95,0.852,0.705,9.33,25.0,2.0,1.0,0.041667,0.87751,1.28964,8.7104,7.9754,-0.735
49,31,Tomato,24.36,84.41,0.852,0.705,9.33,25.0,2.0,1.0,0.041667,0.95683,1.32951,8.6705,7.8147,-0.8558
49,32,Tomato,24.92,76.41,0.852,0.705,9.33,25.0,2.0,1.0,0.041667,0.99476,1.37096,8.629,7.9434,-0.6856
49,33,Tomato,25.44,77.96,0.852,0.705,9.33,25.0,2.0,1.0,0.041667,1.03106,1.41392,8.5861,7.9215,-0.6646
49,34,Tomato,25.59,79.96,0.852,0.705,9.33,25.0,2.0,1.0,0.041667,1.04146,1.45731,8.5427,7.7079,-0.8348
49,35,Tomato,27.23,80.3,0.852,0.705,9.33,25.0,2.0,1.0,0.041667,1.16715,1.50594,8.4941,7.532,-0.9621
49,36,Tomato,28.98,81.87,0.852,0.705,9.33,25.0,2.0,1.0,0.041667,1.31729,1.56083,8.4392,7.6767,-0.7625
49,37,Tomato,27.36,79.14,0.852,0.705,9.33,25.0,2.0,1.0,0.041667,1.17801,1.60991,8.3901,7.4907,-0.8994
49,38,Tomato,28.03,78.25,0.852,0.705,9.33,25.0,2.0,1.0,0.041667,1.23396,1.66133,8.3387,7.5008,-0.8379
49,39,Tomato,29.99,75.91,0.852,0.705,9.33,25.0,2.0,1.0,0.041667,1.41342,1.72022,8.2798,7.4997,-0.7801
49,40,Tomato,27.13,75.06,0.852,0.705,9.33,25.0,2.0,1.0,0.041667,1.15895,1.76851,8.2315,7.2955,-0.9359
49,41,Tomato,27.64,78.26,0.852,0.705,9.33,25.0,2.0,1.0,0.041667,1.20087,1.81855,8.1815,7.0936,-1.0878
49,42,Tomato,26.91,69.56,0.852,0.705,9.33,25.0,2.0,1.0,0.041667,1.14185,1.86612,8.1339,7.3952,-0.7387
49,43,Tomato,25.32,71.96,0.852,0.705,9.33,25.0,2.0,1.0,0.041667,1.02217,1.90871,8.0913,7.3346,-0.7567
49,44,Tomato,26.0,69.09,0.852,0.705,9.33,25.0,2.0,1.0,0.041667,1.07186,1.95338,8.0466,7.2055,-0.8411
49,45,Tomato,25.41,63.59,0.852,0.705,9.33,25.0,2.0,1.0,0.041667,1.02867,1.99624,8.0038,7.227,-0.7768
49,46,Tomato,24.36,65.31,0.852,0.705,9.33,25.0,2.0,1.0,0.041667,0.95657,2.03609,7.9639,7.1289,-0.835
49,47,Tomato,23.33,61.27,0.852,0.705,9.33,25.0,2.0,1.0,0.041667,0.89088,2.07321,7.9268,6.9138,-1.013
49,48,Tomato,21.81,69.3,0.852,0.705,9.33,25.0,2.0,1.0,0.041667,0.80163,2.10661,7.8934,6.8819,-1.0114
49,49,Tomato,22.7,64.9,0.852,0.705,9.33,25.0,2.0,1.0,0.041667,0.85262,2.14214,7.8579,6.8653,-0.9926
49,50,Tomato,22.93,68.91,0.852,0.705,9.33,25.0,2.0,1.0,0.041667,0.86657,2.17825,7.8218,6.954,-0.8678
49,51,Tomato,21.06,68.78,0.852,0.705,9.33,25.0,2.0,1.0,0.041667,0.76077,2.20995,7.7901,6.8452,-0.9449
49,52,Tomato,22.81,69.54,0.852,0.705,9.33,25.0,2.0,1.0,0.041667,0.85933,2.24575,7.7542,6.7103,-1.044
49,53,Tomato,23.77,69.42,0.852,0.705,9.33,25.0,2.0,1.0,0.041667,0.9181,2.28401,7.716,6.6629,-1.0531
49,54,Tomato,23.77,82.74,0.852,0.705,9.33,25.0,2.0,1.0,0.041667,0.91824,2.32227,7.6777,6.3867,-1.291
49,55,Tomato,24.75,80.69,0.852,0.705,9.33,25.0,2.0,1.0,0.041667,0.98315,2.36323,7.6368,6.5277,-1.1091
49,56,Tomato,25.23,80.17,0.852,0.705,9.33,25.0,2.0,1.0,0.041667,1.01587,2.40556,7.5944,6.4045,-1.19
49,57,Tomato,24.48,81.61,0.852,0.705,9.33,25.0,2.0,1.0,0.041667,0.96446,2.44574,7.5543,6.3352,-1.2191
49,58,Tomato,27.24,80.41,0.852,0.705,9.33,25.0,2.0,1.0,0.041667,1.16799,2.49441,7.5056,6.0395,-1.4661
49,59,Tomato,26.86,79.01,0.852,0.705,9.33,25.0,2.0,1.0,0.041667,1.13721,2.54179,7.4582,6.1873,-1.2709
49,60,Tomato,28.36,77.61,0.852,0.705,9.33,25.0,2.0,1.0,0.041667,1.26192,2.59437,7.4056,6.1512,-1.2544
49,61,Tomato,28.33,76.48,0.852,0.705,9.33,25.0,2.0,1.0,0.041667,1.25939,2.64685,7.3532,6.0138,-1.3393
49,62,Tomato,27.03,76.97,0.852,0.705,9.33,25.0,2.0,1.0,0.041667,1.1509,2.6948,7.3052,5.9942,-1.311
49,63,Tomato,28.88,78.81,0.852,0.705,9.33,25.0,2.0,1.0,0.041667,1.30872,2.74933,7.2507,5.8718,-1.3788
49,64,Tomato,27.5,76.68,0.852,0.705,9.33,25.0,2.0,1.0,0.041667,1.18914,2.79888,7.2011,5.7633,-1.4378
49,65,Tomato,28.86,70.33,0.852,0.705,9.33,25.0,2.0,1.0,0.041667,1.30691,2.85334,7.1467,5.8579,-1.2888
49,66,Tomato,26.47,70.2,0.852,0.705,9.33,25.0,2.0,1.0,0.041667,1.10751,2.89948,7.1005,5.6756,-1.4249
49,67,Tomato,25.71,70.1,0.852,0.705,9.33,25.0,2.0,1.0,0.041667,1.05011,2.94324,7.0568,5.8087,-1.2481
49,68,Tomato,26.09,67.95,0.852,0.705,9.33,25.0,2.0,1.0,0.041667,1.07883,2.98819,7.0118,5.7958,-1.216
49,69,Tomato,25.19,59.99,0.852,0.705,9.33,25.0,2.0,1.0,0.041667,1.01323,3.03041,6.9696,5.5664,-1.4032
49,70,Tomato,22.74,61.43,0.852,0.705,9.33,25.0,2.0,1.0,0.041667,0.85518,3.06604,6.934,5.5147,-1.4193
49,71,Tomato,24.23,62.24,0.852,0.705,9.33,25.0,2.0,1.0,0.041667,0.94777,3.10553,6.8945,5.5385,-1.356
49,72,Tomato,23.39,67.33,0.852,0.705,9.33,25.0,2.0,1.0,0.041667,0.8947,3.14281,6.8572,5.5774,-1.2798
49,73,Tomato,21.4,73.93,0.852,0.705,9.33,25.0,2.0,1.0,0.041667,0.77933,3.17528,6.8247,5.532,-1.2927
49,74,Tomato,24.45,63.33,0.852,0.705,9.33,25.0,2.0,1.0,0.041667,0.96263,3.21539,6.7846,5.5223,-1.2623
49,75,Tomato,21.54,62.81,0.852,0.705,9.33,25.0,2.0,1.0,0.041667,0.78698,3.24818,6.7518,5.3699,-1.3819
49,76,Tomato,26.6,71.18,0.852,0.705,9.33,25.0,2.0,1.0,0.041667,1.11693,3.29472,6.7053,5.1338,-1.5714
49,77,Tomato,22.97,73.19,0.852,0.705,9.33,25.0,2.0,1.0,0.041667,0.86876,3.33092,6.6691,5.166,-1.503
49,78,Tomato,23.28,70.55,0.852,0.705,9.33,25.0,2.0,1.0,0.041667,0.88751,3.3679,6.6321,5.0612,-1.5709
49,79,Tomato,22.58,82.15,0.852,0.705,9.33,25.0,2.0,1.0,0.041667,0.84529,3.40312,6.5969,4.886,-1.7108
49,80,Tomato,23.43,79.09,0.852,0.705,9.33,25.0,2.0,1.0,0.041667,0.89669,3.44048,6.5595,4.9903,-1.5692
49,81,Tomato,26.01,75.74,0.852,0.705,9.33,25.0,2.0,1.0,0.041667,1.07234,3.48516,6.5148,4.8482,-1.6667
49,82,Tomato,26.56,82.74,0.852,0.705,9.33,25.0,2.0,1.0,0.041667,1.11391,3.53157,6.4684,4.6179,-1.8505
49,83,Tomato,27.99,85.01,0.852,0.705,9.33,25.0,2.0,1.0,0.041667,1.23038,3.58284,6.4172,4.4981,-1.9191
49,84,Tomato,27.26,80.0,0.852,0.705,9.33,25.0,2.0,1.0,0.041667,1.16931,3.63156,6.3684,4.512,-1.8564
49,85,Tomato,28.19,80.9,0.852,0.705,9.33,25.0,2.0,1.0,0.041667,1.24715,3.68352,6.3165,4.6407,-1.6757
49,86,Tomato,27.71,76.5,0.852,0.705,9.33,25.0,2.0,1.0,0.041667,1.20628,3.73379,6.2662,4.3644,-1.9018
49,87,Tomato,27.7,69.66,0.852,0.705,9.33,25.0,2.0,1.0,0.041667,1.20595,3.78403,6.216,4.5094,-1.7065
49,88,Tomato,26.75,83.45,0.852,0.705,9.33,25.0,2.0,1.0,0.041667,1.1292,3.83108,6.1689,4.3174,-1.8515
49,89,Tomato,28.82,67.27,0.852,0.705,9.33,25.0,2.0,1.0,0.041667,1.30282,3.88537,6.1146,4.4225,-1.6921
49,90,Tomato,28.3,66.06,0.852,0.705,9.33,25.0,2.0,1.0,0.041667,1.25684,3.93774,6.0623,4.3818,-1.6804
49,91,Tomato,25.34,68.74,0.852,0.705,9.33,25.0,2.0,1.0,0.041667,1.02419,3.98041,6.0196,4.4515,-1.5681
49,92,Tomato,25.94,67.94,0.852,0.705,9.33,25.0,2.0,1.0,0.041667,1.06764,4.0249,5.9751,4.3033,-1.6718
49,93,Tomato,23.73,66.53,0.852,0.705,9.33,25.0,2.0,1.0,0.041667,0.91582,4.06305,5.9369,4.2944,-1.6426
49,94,Tomato,26.68,69.78,0.852,0.705,9.33,25.0,2.0,1.0,0.041667,1.12382,4.10988,5.8901,4.1663,-1.7238
49,95,Tomato,23.81,60.57,0.852,0.705,9.33,25.0,2.0,1.0,0.041667,0.92085,4.14825,5.8518,4.1662,-1.6856
50,0,Tomato,25.36,76.22,0.984,0.48,4.97,25.0,2.0,1.0,0.041667,1.02536,0.04272,9.9573,10.0,0.0427
50,1,Tomato,24.99,79.87,0.984,0.48,4.97,25.0,2.0,1.0,0.041667,0.99922,0.08436,9.9156,10.0,0.0844
50,2,Tomato,26.45,78.33,0.984,0.48,4.97,25.0,2.0,1.0,0.041667,1.10596,0.13044,9.8696,9.8198,-0.0498
50,3,Tomato,27.98,75.01,0.984,0.48,4.97,25.0,2.0,1.0,0.041667,1.22967,0.18168,9.8183,9.9714,0.1531
50,4,Tomato,27.71,78.71,0.984,0.48,4.97,25.0,2.0,1.0,0.041667,1.20686,0.23196,9.768,9.8175,0.0494
50,5,Tomato,28.64,80.12,0.984,0.48,4.97,25.0,2.0,1.0,0.041667,1.28743,0.2856,9.7144,9.84,0.1256
50,6,Tomato,28.19,77.62,0.984,0.48,4.97,25.0,2.0,1.0,0.041667,1.24781,0.3376,9.6624,9.8253,0.1629
50,7,Tomato,27.72,77.85,0.984,0.48,4.97,25.0,2.0,1.0,0.041667,1.20769,0.38792,9.6121,9.5492,-0.0629
50,8,Tomato,27.72,69.99,0.984,0.48,4.97,25.0,2.0,1.0,0.041667,1.20762,0.43823,9.5618,9.6413,0.0796
50,9,Tomato,27.26,71.83,0.984,0.48,4.97,25.0,2.0,1.0,0.041667,1.16947,0.48696,9.513,9.4768,-0.0363
50,10,Tomato,26.63,66.91,0.984,0.48,4.97,25.0,2.0,1.0,0.041667,1.1195,0.53361,9.4664,9.4955,0.0291
50,11,Tomato,26.26,64.62,0.984,0.48,4.97,25.0,2.0,1.0,0.041667,1.09148,0.57909,9.4209,9.4878,0.0669
50,12,Tomato,24.77,58.4,0.984,0.48,4.97,25.0,2.0,1.0,0.041667,0.98441,0.6201,9.3799,9.347,-0.0329
50,13,Tomato,24.39,59.95,0.984,0.48,4.97,25.0,2.0,1.0,0.041667,0.95853,0.66004,9.34,9.4533,0.1133
50,14,Tomato,24.96,62.06,0.984,0.48,4.97,25.0,2.0,1.0,0.041667,0.99723,0.70159,9.2984,9.3231,0.0247
50,15,Tomato,23.25,61.57,0.984,0.48,4.97,25.0,2.0,1.0,0.041667,0.88552,0.73849,9.2615,9.2665,0.005
50,16,Tomato,23.17,59.38,0.984,0.48,4.97,25.0,2.0,1.0,0.041667,0.88108,0.7752,9.2248,9.3288,0.104
50,17,Tomato,21.99,63.31,0.984,0.48,4.97,25.0,2.0,1.0,0.041667,0.81168,0.80902,9.191,9.1913,0.0004
50,18,Tomato,22.48,69.98,0.984,0.48,4.97,25.0,2.0,1.0,0.041667,0.83975,0.84401,9.156,9.1561,0.0001
50,19,Tomato,21.23,68.42,0.984,0.48,4.97,25.0,2.0,1.0,0.041667,0.76989,0.87609,9.1239,9.0576,-0.0663
50,20,Tomato,24.42,74.64,0.984,0.48,4.97,25.0,2.0,1.0,0.041667,0.96052,0.91611,9.0839,9.0844,0.0005
50,21,Tomato,25.92,75.73,0.984,0.48,4.97,25.0,2.0,1.0,0.041667,1.06607,0.96053,9.0395,8.9527,-0.0867
50,22,Tomato,23.28,75.9,0.984,0.48,4.97,25.0,2.0,1.0,0.041667,0.88788,0.99753,9.0025,8.8621,-0.1404
50,23,Tomato,24.08,76.27,0.984,0.48,4.97,25.0,2.0,1.0,0.041667,0.93813,1.03662,8.9634,8.9167,-0.0466
50,24,Tomato,23.85,77.64,0.984,0.48,4.97,25.0,2.0,1.0,0.041667,0.92366,1.0751,8.9249,8.7685,-0.1564
50,25,Tomato,25.93,81.9,0.984,0.48,4.97,25.0,2.0,1.0,0.041667,1.06681,1.11955,8.8804,8.6559,-0.2245
50,26,Tomato,27.3,79.98,0.984,0.48,4.97,25.0,2.0,1.0,0.041667,1.17311,1.16843,8.8316,8.7532,-0.0784
50,27,Tomato,26.61,77.41,0.984,0.48,4.97,25.0,2.0,1.0,0.041667,1.11791,1.21501,8.785,8.5987,-0.1863
50,28,Tomato,28.03,87.81,0.984,0.48,4.97,25.0,2.0,1.0,0.041667,1.23375,1.26642,8.7336,8.4548,-0.2787
50,29,Tomato,28.07,77.75,0.984,0.48,4.97,25.0,2.0,1.0,0.041667,1.23719,1.31797,8.682,8.5001,-0.182
50,30,Tomato,27.5,71.97,0.984,0.48,4.97,25.0,2.0,1.0,0.041667,1.18921,1.36752,8.6325,8.5974,-0.035
50,31,Tomato,27.28,70.16,0.984,0.48,4.97,25.0,2.0,1.0,0.041667,1.17147,1.41633,8.5837,8.4852,-0.0985
50,32,Tomato,27.26,75.5,0.984,0.48,4.97,25.0,2.0,1.0,0.041667,1.16975,1.46507,8.5349,8.455,-0.08
50,33,Tomato,26.23,71.35,0.984,0.48,4.97,25.0,2.0,1.0,0.041667,1.08903,1.51045,8.4896,8.5776,0.0881
50,34,Tomato,26.03,74.1,0.984,0.48,4.97,25.0,2.0,1.0,0.041667,1.07375,1.55518,8.4448,8.2455,-0.1993
50,35,Tomato,25.96,63.66,0.984,0.48,4.97,25.0,2.0,1.0,0.041667,1.0689,1.59972,8.4003,8.355,-0.0453
50,36,Tomato,26.03,58.97,0.984,0.48,4.97,25.0,2.0,1.0,0.041667,1.07399,1.64447,8.3555,8.3132,-0.0424
50,37,Tomato,25.98,60.7,0.984,0.48,4.97,25.0,2.0,1.0,0.041667,1.07005,1.68906,8.3109,8.1185,-0.1924
50,38,Tomato,24.82,58.73,0.984,0.48,4.97,25.0,2.0,1.0,0.041667,0.98787,1.73022,8.2698,8.2344,-0.0354
50,39,Tomato,22.58,60.96,0.984,0.48,4.97,25.0,2.0,1.0,0.041667,0.8457,1.76546,8.2345,8.138,-0.0966
50,40,Tomato,23.94,67.92,0.984,0.48,4.97,25.0,2.0,1.0,0.041667,0.92894,1.80416,8.1958,8.2212,0.0254
50,41,Tomato,21.5,65.97,0.984,0.48,4.97,25.0,2.0,1.0,0.041667,0.7845,1.83685,8.1632,7.9388,-0.2243
50,42,Tomato,21.94,66.9,0.984,0.48,4.97,25.0,2.0,1.0,0.041667,0.80894,1.87055,8.1294,8.0487,-0.0808
50,43,Tomato,22.19,65.68,0.984,0.48,4.97,25.0,2.0,1.0,0.041667,0.8229,1.90484,8.0952,7.9466,-0.1486
50,44,Tomato,22.31,73.97,0.984,0.48,4.97,25.0,2.0,1.0,0.041667,0.82971,1.93941,8.0606,7.8772,-0.1834
50,45,Tomato,25.1,80.26,0.984,0.48,4.97,25.0,2.0,1.0,0.041667,1.00689,1.98137,8.0186,7.6244,-0.3943
50,46,Tomato,24.03,75.52,0.984,0.48,4.97,25.0,2.0,1.0,0.041667,0.93478,2.02032,7.9797,7.7869,-0.1928
50,47,Tomato,27.78,78.69,0.984,0.48,4.97,25.0,2.0,1.0,0.041667,1.21211,2.07082,7.9292,7.7015,-0.2276
50,48,Tomato,25.24,78.67,0.984,0.48,4.97,25.0,2.0,1.0,0.041667,1.01711,2.1132,7.8868,7.5791,-0.3077
50,49,Tomato,25.23,86.28,0.984,0.48,4.97,25.0,2.0,1.0,0.041667,1.01574,2.15552,7.8445,7.459,-0.3855
50,50,Tomato,26.5,89.54,0.984,0.48,4.97,25.0,2.0,1.0,0.041667,1.10926,2.20174,7.7983,6.9578,-0.8405
50,51,Tomato,26.62,79.86,0.984,0.48,4.97,25.0,2.0,1.0,0.041667,1.1191,2.24837,7.7516,7.3511,-0.4005
50,52,Tomato,27.6,83.32,0.984,0.48,4.97,25.0,2.0,1.0,0.041667,1.19724,2.29826,7.7017,7.2473,-0.4544
50,53,Tomato,26.01,75.93,0.984,0.48,4.97,25.0,2.0,1.0,0.041667,1.07263,2.34295,7.6571,7.4119,-0.2451
50,54,Tomato,27.45,74.65,0.984,0.48,4.97,25.0,2.0,1.0,0.041667,1.18488,2.39232,7.6077,7.2887,-0.319
50,55,Tomato,27.72,76.23,0.984,0.48,4.97,25.0,2.0,1.0,0.041667,1.20737,2.44263,7.5574,7.2557,-0.3017
50,56,Tomato,27.57,70.45,0.984,0.48,4.97,25.0,2.0,1.0,0.041667,1.19505,2.49242,7.5076,7.2095,-0.2981
50,57,Tomato,25.7,72.62,0.984,0.48,4.97,25.0,2.0,1.0,0.041667,1.05004,2.53617,7.4638,7.1397,-0.3241
50,58,Tomato,25.69,70.84,0.984,0.48,4.97,25.0,2.0,1.0,0.041667,1.04919,2.57989,7.4201,7.1204,-0.2997
50,59,Tomato,25.28,64.44,0.984,0.48,4.97,25.0,2.0,1.0,0.041667,1.01945,2.62236,7.3776,7.2654,-0.1123
50,60,Tomato,27.15,62.55,0.984,0.48,4.97,25.0,2.0,1.0,0.041667,1.16056,2.67072,7.3293,6.9825,-0.3468
50,61,Tomato,25.68,61.18,0.984,0.48,4.97,25.0,2.0,1.0,0.041667,1.04798,2.71439,7.2856,7.0193,-0.2663
50,62,Tomato,23.85,64.91,0.984,0.48,4.97,25.0,2.0,1.0,0.041667,0.92311,2.75285,7.2471,6.8438,-0.4033
50,63,Tomato,21.99,63.34,0.984,0.48,4.97,25.0,2.0,1.0,0.041667,0.81179,2.78667,7.2133,7.0226,-0.1908
50,64,Tomato,22.93,63.26,0.984,0.48,4.97,25.0,2.0,1.0,0.041667,0.86658,2.82278,7.1772,6.9496,-0.2276
50,65,Tomato,22.91,60.95,0.984,0.48,4.97,25.0,2.0,1.0,0.041667,0.86494,2.85882,7.1412,6.8787,-0.2625
50,66,Tomato,21.83,61.87,0.984,0.48,4.97,25.0,2.0,1.0,0.041667,0.80291,2.89228,7.1077,6.8774,-0.2303
50,67,Tomato,21.71,62.97,0.984,0.48,4.97,25.0,2.0,1.0,0.041667,0.79632,2.92546,7.0745,6.7083,-0.3663
50,68,Tomato,21.97,66.57,0.984,0.48,4.97,25.0,2.0,1.0,0.041667,0.81049,2.95923,7.0408,6.7728,-0.268
50,69,Tomato,21.85,76.55,0.984,0.48,4.97,25.0,2.0,1.0,0.041667,0.80378,2.99272,7.0073,6.6552,-0.3521
50,70,Tomato,23.2,72.05,0.984,0.48,4.97,25.0,2.0,1.0,0.041667,0.88242,3.02949,6.9705,6.6911,-0.2794
50,71,Tomato,23.34,77.79,0.984,0.48,4.97,25.0,2.0,1.0,0.041667,0.89104,3.06661,6.9334,6.3787,-0.5546
50,72,Tomato,25.53,79.74,0.984,0.48,4.97,25.0,2.0,1.0,0.041667,1.03736,3.10984,6.8902,6.3853,-0.5048
50,73,Tomato,24.76,82.67,0.984,0.48,4.97,25.0,2.0,1.0,0.041667,0.98377,3.15083,6.8492,6.1665,-0.6827
50,74,Tomato,26.37,79.07,0.984,0.48,4.97,25.0,2.0,1.0,0.041667,1.09925,3.19663,6.8034,6.3098,-0.4936
50,75,Tomato,27.0,80.37,0.984,0.48,4.97,25.0,2.0,1.0,0.041667,1.1489,3.2445,6.7555,6.1986,-0.5569
50,76,Tomato,27.47,85.5,0.984,0.48,4.97,25.0,2.0,1.0,0.041667,1.18654,3.29394,6.7061,5.8632,-0.8429
50,77,Tomato,27.46,79.83,0.984,0.48,4.97,25.0,2.0,1.0,0.041667,1.18586,3.34335,6.6567,5.9996,-0.6571
50,78,Tomato,29.85,78.57,0.984,0.48,4.97,25.0,2.0,1.0,0.041667,1.39994,3.40168,6.5983,6.0588,-0.5395
50,79,Tomato,27.75,69.63,0.984,0.48,4.97,25.0,2.0,1.0,0.041667,1.20975,3.45209,6.5479,6.1915,-0.3564
50,80,Tomato,30.26,74.38,0.984,0.48,4.97,25.0,2.0,1.0,0.041667,1.43984,3.51208,6.4879,5.8403,-0.6476
50,81,Tomato,27.01,70.12,0.984,0.48,4.97,25.0,2.0,1.0,0.041667,1.14923,3.55996,6.44,6.0659,-0.3742
50,82,Tomato,26.88,67.41,0.984,0.48,4.97,25.0,2.0,1.0,0.041667,1.13928,3.60743,6.3926,6.0673,-0.3253
50,83,Tomato,26.39,64.85,0.984,0.48,4.97,25.0,2.0,1.0,0.041667,1.10137,3.65332,6.3467,5.9941,-0.3526
50,84,Tomato,26.01,57.87,0.984,0.48,4.97,25.0,2.0,1.0,0.041667,1.07228,3.698,6.302,5.8988,-0.4032
50,85,Tomato,24.98,63.78,0.984,0.48,4.97,25.0,2.0,1.0,0.041667,0.99887,3.73962,6.2604,5.923,-0.3374
50,86,Tomato,25.29,58.08,0.984,0.48,4.97,25.0,2.0,1.0,0.041667,1.02023,3.78213,6.2179,5.9316,-0.2862
50,87,Tomato,24.31,63.53,0.984,0.48,4.97,25.0,2.0,1.0,0.041667,0.953,3.82184,6.1782,5.7867,-0.3915
50,88,Tomato,22.88,66.34,0.984,0.48,4.97,25.0,2.0,1.0,0.041667,0.86343,3.85782,6.1422,5.7934,-0.3488
50,89,Tomato,21.92,60.84,0.984,0.48,4.97,25.0,2.0,1.0,0.041667,0.80774,3.89147,6.1085,5.9428,-0.1657
50,90,Tomato,23.94,64.52,0.984,0.48,4.97,25.0,2.0,1.0,0.041667,0.92917,3.93019,6.0698,5.6202,-0.4496
50,91,Tomato,23.16,64.37,0.984,0.48,4.97,25.0,2.0,1.0,0.041667,0.87999,3.96685,6.0331,5.6564,-0.3768
50,92,Tomato,22.98,72.07,0.984,0.48,4.97,25.0,2.0,1.0,0.041667,0.86937,4.00308,5.9969,5.5615,-0.4354
50,93,Tomato,22.37,75.8,0.984,0.48,4.97,25.0,2.0,1.0,0.041667,0.83345,4.0378,5.9622,5.3134,-0.6488
50,94,Tomato,23.36,74.47,0.984,0.48,4.97,25.0,2.0,1.0,0.041667,0.89273,4.075,5.925,5.3368,-0.5882
50,95,Tomato,24.35,79.08,0.984,0.48,4.97,25.0,2.0,1.0,0.041667,0.95589,4.11483,5.8852,5.1968,-0.6883
